:1000000098090120094301004D850300F5420100D4
:10001000F5420100F5420100F5420100F542010000
:100020000000000000000000000000007944010012
:10003000F54201000000000011440100F5420100FA
:100040000146010001460100014601000146010090
:100050000146010001460100014601000146010080
:100060000146010001460100014601000146010070
:100070000146010001460100014601000146010060
:100080000146010001460100014601000146010050
:100090000146010001460100014601000146010040
:1000A0000146010001460100014601000146010030
:1000B0000146010001460100014601000146010020
:1000C0000146010001460100014601000146010010
:1000D0000146010001460100014601000146010000
:1000E00001460100014601000146010001460100F0
:1000F00001460100014601000146010001460100E0
:1001000001460100014601000146010001460100CF
:1001100001460100014601000146010001460100BF
:1001200001460100014601000146010001460100AF
:10013000014601000146010001460100014601009F
:10014000014601000146010001460100014601008F
:10015000014601000146010001460100014601007F
:10016000014601000146010001460100014601006F
:10017000014601000146010001460100014601005F
:10018000014601000146010001460100014601004F
:10019000014601000146010001460100014601003F
:1001A000014601000146010001460100014601002F
:1001B000014601000146010001460100014601001F
:1001C000014601000146010001460100014601000F
:1001D00001460100014601000146010001460100FF
:1001E00001460100014601000146010001460100EF
:1001F00001460100014601000146010001460100DF
:1002000001460100014601000146010001460100CE
:1002100001460100014601000146010001460100BE
:1002200001460100014601000146010001460100AE
:10023000014601000146010001460100014601009E
:10024000014601000146010001460100014601008E
:1002500001460100EBC30300014601000146010015
:100260000146010001460100D5C30300014601001B
:10027000014601000146010001460100014601005E
:10028000014601000146010001460100014601004E
:10029000014601000146010001460100014601003E
:1002A000014601000146010001460100014601002E
:1002B000014601000146010001460100014601001E
:1002C000014601000146010001460100014601000E
:1002D00001460100014601000146010001460100FE
:1002E00001460100014601000146010001460100EE
:1002F00001460100014601000146010001460100DE
:1003000001460100014601000146010001460100CD
:1003100001460100014601000146010001460100BD
:1003200001460100014601000146010001460100AD
:10033000014601000146010001460100014601009D
:10034000014601000146010001460100014601008D
:10035000014601000146010001460100014601007D
:10036000014601000146010001460100014601006D
:10037000014601000146010001460100014601005D
:10038000014601000146010001460100014601004D
:10039000014601000146010001460100014601003D
:1003A000014601000146010001460100014601002D
:1003B000014601000146010001460100014601001D
:1003C000014601000146010001460100014601000D
:1003D00001460100BFC303000146010001460100C0
:1003E00001460100014601000146010001460100ED
:1003F00001460100014601000146010001460100DD
:1004000001460100014601000146010001460100CC
:1004100001460100014601000146010001460100BC
:1004200001460100014601000146010001460100AC
:10043000014601000146010001460100014601009C
:10044000014601000146010001460100014601008C
:10045000014601000146010001460100014601007C
:10046000014601000146010001460100014601006C
:0C047000014601000146010001460100A8
:10048000064A074B02604FF41A725B78828008229A
:10049000C371002382710372704700BF17DC000034
:1004A000D0130020064A074B02604FF490725B7A2B
:1004B00082800822C371FF2382710372704700BFDC
:1004C0003FD70000D0130020F8B5C41D0028054612
:1004D00024F007040CBF0020204600F0E5FA071EB8
:1004E00002DA6FF00B00F8BD254EB1887088033139
:1004F000F3790330B27989B280B20AF06AFF00283A
:10050000EFDB3C4473783178002D04F10304194487
:1005100024F0030400FB01F10CBF0020204600F092
:1005200047FC23180DB9002BDBDB717A184679B133
:100530000333002D728923F003040CBF00202046F2
:1005400000F0A8FC0028CCDB20440DB90028C8DB53
:10055000317A91B1737A83B1C41D002D24F0070460
:100560000CBF0020204603F0B3FB0028B9DB0DB11F
:100570000020B8E72018B6D5B3E7002DF8D1B2E7D0
:10058000D01300201FB572B6194BDC68ECB9BFF36D
:100590004F8F1849184BCA6802F4E0621343CB60CE
:1005A000BFF34F8F00BFFDE7B2FBF6F22B465D1C99
:1005B000002AF9D1DBB203F110056D4405F80C2CCB
:1005C0000A2233B901A8A047E1E7024600230A2620
:1005D000EDE7013BDBB203F110050DEB0506B0FBC7
:1005E000F2F502FB1500303006F80C0C2846E8E75F
:1005F000D013002000ED00E00400FA050A4B07B517
:10060000DA886846ADF800209A885B88ADF8042047
:10061000ADF8023001F05AFE18B1FC219C20FFF722
:10062000B1FF03B05DF804FBD013002038B50546D8
:1006300040B309F0AFFF10B94FF0FF3038BD09F0FB
:1006400087FBB0F5FA7FF7D8104C1148E56000F051
:10065000A7F9002323744FF4807323801B23638046
:10066000A38040F20323E3804FF4847323811F238C
:100670006381EFF3108472B600F0E2FC04B962B655
:100680000020DBE76FF01500D8E700BFD013002093
:10069000FD05000010B5002840D1234C237C032B1E
:1006A00039D059B1002A3CD00239052936D8DFE8C3
:1006B00001F0031227352A2D137863700020FFF70D
:1006C00003FF0028B7BF012302236FF00B00237440
:1006D000A8BF237410BD13791BB353790BB31188D2
:1006E000FB291ED853881B3B9BB2E02B19D81A2933
:1006F00017D913689288C4F802300C4B9A80DDE752
:1007000013786372DAE713886381D7E71388FF2BC6
:1007100007D82372D2E74FF0FF30DBE76FF02C00F1
:10072000D8E76FF01500D5E7D0130020D2130020D2
:10073000F8B50D46064620B319B311F0070420D1D1
:10074000114F3B7C012B02D16FF00B00F8BD032B46
:1007500002D14FF0FF30F9E700F060F80028F8D040
:100760002846FFF7B1FE0028EEDB0DF0B9FA30465F
:10077000214601F03FFEFFF741FF032320463B7473
:10078000E4E76FF01500E1E7D013002010B5064C48
:10079000237C032B03D101F045FE02F0A7FD0AF0F4
:1007A00011FF0020207410BDD013002050B1074B62
:1007B00003F1140253F8041B934240F8041BF9D1CF
:1007C000002070476FF01500704700BF4A1E0500FB
:1007D00008B501F0D9FD03490120BDE8084000F04B
:1007E0005BB900BFA504000008B501F0E1FD0349B5
:1007F0000020BDE8084000F04FB900BF81040000B0
:1008000002680020014B1A60704700BFE41300200B
:10081000014B1B68184700BFE4130020024B186807
:10082000003818BF01207047E41300202DE9F7437A
:100830000446264E071D2548376002F06FFD02284A
:10084000054607D1214920460AF086F9284603B01B
:10085000BDE8F0830428F9D13378072B18D13E2066
:1008600000F04AF878B9F37801A93279684643EA8A
:100870000223ADF800300AF086FB0028DBD05321BC
:100880000820FFF77FFE052000F076F80028EAD068
:10089000314620460AF098F9B0F5817F01D37221E4
:1008A000EEE70028C7D094F8008094F80290404604
:1008B00000F022F80028BED0B8F13E0FC6D148465D
:1008C00000F05AF80028C1D1B5E700BFE8130020B6
:1008D000074B4FF0FF3141F6FF72C3E900120549A3
:1008E0000022C1E900221F21C3E90212704700BFA4
:1008F000400000202C1400203F280CD801380B4B5E
:10090000C0F3421200F01F0053F8223023FA00F027
:1009100000F001007047FF2806D04038044BC0F3B8
:10092000421200F01F00EFE7012070474000002056
:100930002C140020074B0146006849681A4603C280
:1009400040F48C221A6041F0107242F4FF625A6047
:10095000704700BF400000200246024B006851680B
:1009600003C370472C1400200246024B00685168F4
:1009700003C3704748000020431E3828DBB21FBF66
:10098000064A590903F01F0302EB81021DBF90685C
:10099000D84000F001000020704700BF4000002058
:1009A000014B1860704700BF3414002010B5FFF7EA
:1009B0008FFF0AF0C8FF034B04461B6803B198473A
:1009C000204610BD341400200A8870B595B2C67C4C
:1009D000C2F30E020488023602F118033444C35AEB
:1009E000A4B233442344013BB3FBF4F303FB0422DE
:1009F000438892B29342044B8BBF2B40AB431343CB
:100A00009BB20B8070BD00BF0080FFFF4A1E062A0C
:100A100008B50346084604D84FF4D1711520FFF7F6
:100A2000B1FD094A914202D940F2A311F6E711B98A
:100A300003B1196008BD2BB11B680022C3E9012175
:100A40001A1D1A600430F5E7FAFFFF7F10B5114B4D
:100A500000EB41041A786389B3FBF2F303FB022332
:100A6000013A1A44B2F5706F0279807828BF0023EA
:100A70001A440B18B2FBF0F100FB11215B1AB3FB17
:100A8000F0F100FB113313446FEA43436FEA534321
:100A9000638110BD38140020024B03EB80035960C2
:100AA000704700BF381400202DE9F04F10F0070AFE
:100AB00085B0054604D040F261111720FFF762FDB2
:100AC000524F044607F10C06B146B04657F8043BB6
:100AD0008DF80BA03BB101A898479DF80A30082B70
:100AE00001D9E821E9E79DF80B1041BB05B1316060
:100AF0004F4506F10406E9D1002D6ED00022DFF843
:100B000010910227964689F8002058F827A0013F47
:100B1000BAF1000F54D09AF804609AF802C0FF2E80
:100B20005FD039460023481C37D19C44BCF1FF0FED
:100B30003ED90AB189F800E040F22711BDE79DF8DF
:100B40000AC04B1D60465A0004EB4303022838BF1D
:100B50000220441E40422344BDF808406444CCF1C6
:100B6000000C0340013C04EA0C04B4F5803F01D3BF
:100B7000F821A2E775B19A1A0120326091701480B1
:100B8000D0709DF80C00107101984FEA104C108144
:100B9000A2F806C004FB0134AAE758F8210028B1E6
:100BA00090F804B0B34504BF80781B180139BAE748
:100BB000DBB2E6458AF804303CBF5FFA8CFE0122C6
:100BC0007B1CA2D10AB189F800E0022640F6FF6A38
:100BD00058F82670B7B9013EFAD2601B05B0BDE8DF
:100BE000F08F0023E5E707EB410309F101093846DF
:100BF000A3F80AA0FFF72AFF5FFA89F1BB788B42BE
:100C0000F1D8E8E74FF00009F6E700BF3C140020F8
:100C10003814002038B54FF6FF7302460380184B96
:100C200003EB81031869A8B184780379B3FBF4F16D
:100C300004FB1133DBB2194600EB4105B5F90A504C
:100C4000002D0EDB0131B1FBF4F504FB1511C9B227
:100C50008B42F1D1002038BD6381BDE838400AF0F5
:100C600094BB00EB41046389C3F30E031380C27885
:100C7000002AF1D14FF4D5711720FFF783FC00BF94
:100C8000381400201C4B03EB810370B51C6905462A
:100C900044B3030404D54FF4DC711720FFF772FC52
:100CA000014620460AF054FBFF28014604D02046A6
:100CB000BDE870400AF069BBA078B5FBF0F300FB1B
:100CC0001353DBB219460A1D04EB4206B6F9026063
:100CD000002E09DB0131B1FBF0F200FB1211C9B2A9
:100CE0008B42F0D1002070BD8B4201D00023E37015
:100CF00004EB42025580DAE738140020094B03EB7D
:100D00008103014610B51C6920460AF021FBFF282B
:100D1000014604D02046BDE810400AF036BB002052
:100D200010BD00BF38140020F8B5104B074603EB88
:100D3000810301461C6920460AF00AFBFF2805468C
:100D400011D0E288238953EA024606D001462046A4
:100D50000AF01BFB01463846B04720462946FFF7FC
:100D600075FE0020F8BD0520FCE700BF3814002008
:100D700038B50E4B0446827903EB8203186908B933
:100D8000052038BD8278E1799142F9D24B1CE3719C
:100D900000EB41035D89B3F90A30002BF3DBA5803A
:100DA0000AF0F3FA20600020EBE700BF38140020BF
:100DB00070B5044610F003000E4603D04E211820F3
:100DC000FFF7E0FBFFF722FE054624B1034831465A
:100DD0000460FFF71BFE284670BD00BF54140020BE
:100DE0002DE9F14FDFF870B01E4607460D46DBF8DF
:100DF000003090469DF828A09DF82C901BB96021EA
:100E00001820FFF7BFFB5246092140460AF020F99F
:100E10004A4684B2092130460AF01AF981B2DBF859
:100E2000000021440AF068FA386018B9286001B05F
:100E3000BDE8F08F04445346414609222C603868CF
:100E40000AF0C9F84B4609223146286801B0BDE8CE
:100E5000F04F0AF0C0B800BF5414002070B50E4621
:100E600004460AF008F9054630460AF004F9044B36
:100E70002A1821461868BDE870400AF062BA00BF1F
:100E800054140020024B186808B10AF029BA7047C0
:100E9000541400201F2AF8B5044613460ED89200B9
:100EA000033222F00303B3F5803F2DD2184DACB1CD
:100EB000A00710D05F210920FFF764FBFF2B4FEA4A
:100EC000420204D9FF339A42A8BF1A46E8E77C2AB7
:100ED000B8BF7C22E4E729706C602B8122F003020A
:100EE00028230127120403FB01F06B680025120C74
:100EF000EEB2B14200D8F8BD14B126181F705E6082
:100F0000104401352833F3E74FF0FF30F3E700BF1B
:100F100058140020154A002170B553681578C8B2DE
:100F2000854203D8AB210920FFF72CFB1C4618464D
:100F3000013114F8286B0EB92346F0E700219970AF
:100F400001241289996103F126055C709208D96128
:100F500003F11E04596824F8022FA54243F8041F28
:100F60001144F8D100234361037070BD5814002070
:100F70004B782DE9F04106460C4602F0040702F0DA
:100F8000FB05E3B1A5BBFF23A3707B0804EB570768
:100F90003A7D032A02D1022D18BF0133E218012144
:100FA000117503F10C01002204EB830324F81120D6
:100FB0005B68A27030463360B280BDE8F081002DDE
:100FC000E1D1012301F11E028D6120464B7004F135
:100FD000260C1A4BCD611B8949689B0822F8023FF9
:100FE000944540F8041F1944F8D100236361CAE70F
:100FF000D1F8048014220021A01861700DF011F9BD
:101000000E4B1B89B3F5FF7F0FD25A089B1A9BB278
:1010100008EB0301C4F804802384A1606284C4F84F
:101020000C80A3842161E284ADE7B3F5EE6F4FF04D
:10103000FF02EBD940F27263EAE700BF58140020C8
:101040001F4B4FF0FF3000211A6801235360C2F894
:101050000803C2F80015C2F804351A4A1268536032
:10106000C2F80803C2F8001540F6FE71164A174888
:10107000C2F80815B0F90020002A0CDB510902F073
:101080001F02934001F12002114941F82230BFF3C1
:101090004F8FBFF36F8FB0F90030002B09DB5A0977
:1010A000012103F01F03994002F16003084A42F84E
:1010B0002310054B40F6FE72C3F80825704700BFA9
:1010C000381C0020341C0020002008504C1C00203C
:1010D00000E100E00A460648192302F8033BC36812
:1010E000C1F803300369536043699360704700BFE0
:1010F00068140020024B5A8C02435A845B6A1847DA
:1011000068140020014B00215B6A18476814002016
:1011100010B5154C05F092FE05F062FA208DFFF730
:10112000F1FF237E63B12246104904F1190052F801
:101130000C3BE36063685360A36893600BF06EFC44
:101140000B4B228D93E8030002F0F2FD236B18880D
:1011500002F074FDA36B94F8341094F835009847AE
:10116000002384F83C3010BD68140020D510000026
:1011700094140020034B93F83C300BB1FFF7C8BF29
:10118000704700BF6814002070B51D4C0646256BE3
:10119000636C95F88C20236494F8483095F86910B6
:1011A00003EB82002EB9FF2803D195F868308B42FB
:1011B00001D005F0F7FC95F88C30D3B1E06C05F068
:1011C000F5FE0123E16C84F87030206CD5E93A23F8
:1011D000C4E9182305F088F916B9304605F034FF44
:1011E00095F86810002005F077FF022384F83C3062
:1011F00070BD206C05F0DAFE05F0F2F9ECE700BFF7
:101200006814002008B5094B93F83C20022A04D04A
:1012100040F24F212720FFF7B5F9DA7A42F00102B8
:10122000DA72BDE80840FFF773BF00BF6814002002
:1012300003280B4B10B5044605D19A6FD278022AC9
:1012400001D1002010BDD86F09F094FF0028F9D11A
:10125000032CF6D001F0A8FA80F00100C0B2F1E74B
:10126000681400202DE9F043474C85B005468846B8
:1012700094F83C30012BDFB204D040F20451272017
:10128000FFF780F9266B02A8A16F0AF09DF996F886
:101290007C309DF808903BB10021042086F87C103A
:1012A000FFF728FF86F87E70B9F1030F25D0BDF84F
:1012B0000C30002B18BF022796F88C3086F882700D
:1012C000ABB10123216B94F8487084F8703091F829
:1012D0006900D6E93A23C4E918230AF092F90022FA
:1012E00003462A49009202203A4605F03DF86DB1C6
:1012F00005B0BDE8F043FFF70BBF96F882301BB98D
:10130000A16F0220FFF7F6FE0327D5E7B8F1000F23
:10131000EED0D4F88030284698470028E8D094F8DA
:101320003430002BE4D194F8843023B194F8850054
:10133000FFF77EFF0546606C0BF0E5FAD4F88830C5
:10134000B3B9B4F88C30B3FA83F35B09628C9107BC
:1013500010D5A26F137803F00303032BC8D1D37801
:10136000022BC5D1002005B0BDE8F043FFF70CBF4C
:101370000123EBE7002ABBD1012814BF002303F0AF
:1013800001032B43EED1B3E768140020B81400200A
:1013900010B5094CD4F8883023B940F2F641272023
:1013A000FFF7F0F8B4F88C201846216C033209F0EE
:1013B000BBFA206410BD00BF68140020064B10B5B6
:1013C00093F83C2002F0FF0422B91C7602F0A8FC3E
:1013D000204610BD0C24FBE7681400200A4B0B4A82
:1013E00070B506460D461A60FFF7E8FF18B1F42104
:1013F0002720FFF7C7F8064C012104F18E000BF0FF
:1014000072FA6664E56470BD880000201C1C000050
:1014100068140020024B012283F89120704700BF1E
:1014200068140020F0B585B0754C02AE0A9F86E8BE
:10143000030094F83C1001F0FF0511B90AB103B1A3
:1014400027B940F283112720FFF79CF896E80300A4
:1014500004F12C0C84F8915084F8345084F89250A4
:1014600084F8355084F8935084F894506584258529
:10147000C4F880306262A7638CE80300256B05F036
:10148000C3FB05F0ADF895F9700005F5807705F020
:1014900017FC6E6AE86905F019FC304605F078FD26
:1014A00095F89C0005F01CFC04F150060BF06AFE58
:1014B00095F8692000F17601012005F0ABFC514B55
:1014C000186805F06BFD2B69E3676B69C4F8983009
:1014D00005F1F0031868083353F8041C3246BB4288
:1014E00003C21646F6D15968474A236BD5F8000166
:1014F00093F8686003C293F88620A2F125010129C0
:1015000003D993F8871025295DD193F83E322BB18A
:10151000012E03D0012B0CBF0126022605F1300756
:10152000314638460BF00AFB31460BF030F8AB8FF2
:1015300095F86910834228BF0346384684F89C30EA
:101540000BF0E5FA95F8691095F88C700429B5F858
:10155000446008BF03210BF01AF80FB9043080B2C1
:10156000864295F88C3028BF0646F6B284F89D6016
:1015700084F8486093B10123D5E93A0184F87030CA
:10158000C4E9180195F869000AF03BF80022034607
:101590001E4900920220324604F0E6FE0120FFF7C9
:1015A000F3FD002323606360A360B5F8803063809F
:1015B0002B88238095F89C302371EB6E0BB10122B0
:1015C0001A6005B0F0BD203A012A0DD823290DD0AC
:1015D00093F8263113F0010202D19B079ED5022217
:1015E000012E18BF164699E7232905D193F8262125
:1015F00093F861301340EDE7032E08BF04268DE712
:101600006814002088000020D0140020B8140020A6
:1016100008B50C4B93F83C201AB9BDE80840FFF719
:1016200077BD93F83C20022A04D040F231212720D4
:10163000FEF7A8FF1B6BD3F8B001BDE8084005F02A
:10164000D1BC00BF68140020014B1876704700BF62
:1016500068140020014B93F8930070476814002031
:10166000024B93F82900C0F3C000704768140020B3
:10167000014B93F892007047681400202DE9F04365
:10168000314D85B004460F4602A8296C2E6B09F037
:101690009BFF14F00109BDF80C8004F0020428D06F
:1016A000002385F89E3094B1FFF772FE0DF102021F
:1016B00001A9D5F8980009F009FE019809F0ECFDA0
:1016C000012238604146D5F8980009F094FDB9F13F
:1016D000000F0BD0D6E93A32013342F10002C6E9DD
:1016E0003A3296F88430013386F8843005B0BDE88C
:1016F000F08395F89E30032B20D801A252F823F0F6
:10170000A7160000111700002B1700002B17000070
:10171000002CEBD0FFF73CFE00224146D5F89800A4
:1017200005B0BDE8F04309F066BD002CDED0D5F869
:10173000980005B0BDE8F04309F0C4BD40F2A241F5
:101740002720FEF71FFF00BF681400202DE9F04F8F
:101750000023A94C89B080468946276BCDE9043324
:1017600094F83C30022B04D040F28B512720FEF736
:1017700009FF216C06A809F027FF97F88C30B8F113
:10178000000F00F027819DF819B0BDF81C60002BF8
:1017900039D004F033FFB0BB6EB197F8843003F05A
:1017A00001035B450BD1012384F83530FFF7B0FC12
:1017B00009B0BDE8F08FA4F88C60002006E0A4F822
:1017C0008C603146D4F8980009F0F5FC238D9DF823
:1017D0001A2043F40073C4F88800238597F88330F7
:1017E00003F001039A4263D0256B95F88230002BF9
:1017F0003DD0022B13D104A9E06F09F085FC38B964
:1018000040F23B41B2E7A4F88C60002ED5D0D8E777
:10181000D5E93832013342F10002C5E938320021FE
:1018200095F87E3085F8821023B1102085F87E105F
:10183000FFF760FC95F87D30A3B14FF0000A85F802
:101840007DA000F09BFF10B940F252418EE7514657
:101850000820FFF74FFCD5E93832013342F100028E
:10186000C5E9383295F88330013385F88330238D0C
:101870004FF0000A43F40063238597F8843003F0A7
:1018800001035B4544D19DF81830256B022B11D81C
:10189000EBB995F88430013385F88430002E37D0C9
:1018A000D5E93A32013342F10002C5E93A322FE07C
:1018B000C246E2E7032BECD1238D0120216C43F4D7
:1018C000805385F87C002385FFF714FCE1E7002EA8
:1018D000DFD0238D95F88C5043F48053238505F099
:1018E00013F9042894F89D3006D1002D0CBF1F2257
:1018F0001B22934228BF1346B34261D3D4F88830E9
:1019000033B194F89130002B73D02020FFF7FAFB0D
:10191000002697F88B308BB1002597F86800D7E93F
:10192000382384F87050C4E9182309F06AFEFB22BA
:10193000034632490420009504F016FDB9F1000F6A
:101940005ED1638C94F89210180708D5A26F1378B3
:1019500003F00303032B02D1D378022B50D00129CB
:101960004ED8D4F8803001209847002848D094F809
:101970003430002B44D11EB105A90120FFF77EFEB3
:10198000256B002395F88C208DF80D3094F84830A5
:1019900095F8681003EB8203FF2B03D195F86930AB
:1019A0008B4202D0FF2005F0FDF895F88230032B22
:1019B00000F21B81DFE813F07B00A600000111019B
:1019C00094F83430012043F0100384F8343007F0E9
:1019D000A1F99DE70BB104F025FE94F892300026A2
:1019E0000133B24684F89230238D43F4806323851B
:1019F0008FE746468DE700BF68140020B81400202A
:101A000005F076FB002E4DD14FF00109238D5A06CB
:101A100006D44020FFF776FB238D43F04003238557
:101A2000BAF1000F0DD0B4F80720B4F80530134315
:101A3000B7F8802013431EBFB4F809300133A4F86F
:101A40000930B8F1000F00F0DC80B4F80530013344
:101A5000A4F80530002384F892306D4802F0DCF8D9
:101A6000049830B109F018FC216B0022027201F0D9
:101A700099FC059B33B1216B00221A720C22059848
:101A800001F05EFCB9F1000F7FF490AE238D1B06D0
:101A90003FF58EAE8020FFF735FB238D43F08003AA
:101AA000238585E605A90320FFF7E8FDACE794F858
:101AB0009C305848ADF80E30A5F8583000F04EFE76
:101AC00028B1012385F87D3084F894301CE00DF1B5
:101AD0000D020DF10E01E06F09F0F4FAA06788B174
:101AE00095F8C73073B99DF80D302BB903800121EB
:101AF0008370A06F0AF0F7FEA36FBDF80E205A7036
:101B00000123E1E7444BA367D4F878B095F883202C
:101B10009BF80000D20000F0F30300F0030002F095
:101B20000802134395F88420920002F00402134344
:101B30008BF80030FFF77CFB9BF8003023F010039C
:101B400043EA00138BF8003095F88B30A06F002B20
:101B50004ED04378002B4BD0E06C05F027FA0022E2
:101B6000D5E9380184F87020C4E91801E16CA06F50
:101B700005F0FCFB18B9A16FE06C04F049FC95F886
:101B800069100120012505F0A7FAA06F84F8935091
:101B90000AF0B9FEA36F84F884001B7884F83C50E7
:101BA00003F0030384F88530002E3FF42FAF05A91E
:101BB0000220FFF763FD29E7B5F858300DF10D025B
:101BC0000DF10E01E06FADF80E3009F07BFAA06761
:101BD000002895D140F2F121C8E50E4800F0BEFD85
:101BE00000288DD140F2FB21C0E540F20931BDE56E
:101BF00005F0DCF904F0F4FC0021A06F0CF097F87C
:101C0000BDE7B4F807300133A4F8073025E700BF7B
:101C100094140020E0140020F614002005120000A7
:101C20004D1700006512000075110000304BF0B533
:101C30005A8885B0B0F85C700C46B0F85A6097428C
:101C40009D8828BF1746964228BF16461B2E2ED0C9
:101C5000B5F5A47F2DD040F6480301A99D4228BFC9
:101C60001D4609F033FDBDF80A30BB4228BF3B4694
:101C7000E380BDF80C30AB4228BF2B462381BDF872
:101C80000630B34228BF33466380BDF80830AB420C
:101C900028BF2B46A380FF232370E3881B3B9BB206
:101CA000E02B08D940F2EE613920FEF76BFC1B2FC8
:101CB000CED105B0F0BD63881B3B9BB2E02B02D9AF
:101CC0004FF4DE61F0E72389A3F5A4739BB2B3F56B
:101CD000E06F02D940F2F261E6E7A388A3F5A473AE
:101CE0009BB2B3F5E06FE4D940F2F461DCE700BFEA
:101CF0000815002010B501210020FEF7FFFF044663
:101D000070B90121FEF7BEFF044620B940F29131BF
:101D10003920FEF737FC034B93F906100BF0E1FC7A
:101D2000204610BD0815002008B50AF04CFB00F055
:101D3000DFFE00F0A5FB0AF049FE01F0DBFF01F039
:101D4000DDF80022084B1B214FF4A4701A60074BEA
:101D500098801A8059800648064B186099805A74FA
:101D60005A829A829A7508BD8C00002008150020BE
:101D700003021B0034190020044B41F64C52C3E906
:101D800002221B221A74FFF7CFBF00BF34190020B4
:101D900073B5234D0446AB680363224B83610BF09C
:101DA0005BFB064600F05CFB8306297C53BF1B23CC
:101DB0006B88AA881A46A4F85A301B4BA4F85C20FA
:101DC0001B6884F8381066871BB194F9701020885E
:101DD0009847164E204631460AF0FAFB01236A88DE
:101DE00004F110006978E3850332AB88019192B267
:101DF00016F8121C033300919BB204F11401FEF794
:101E0000EFFF236923B940F2C5613920FEF7BAFB21
:101E1000636913B940F2C661F7E7002002B070BDF4
:101E20003419002000093D009000002046190020D0
:101E3000F7B504460D460BF087FC00286DD0204610
:101E40000BF05EFD38B1B5F80130013B7F2B02D9B4
:101E5000122003B0F0BD20460BF056FD08B90C204F
:101E6000F7E720460BF0EEFB0028F8D120460BF0F8
:101E700029FC06460028F2D1204603F05BF8002832
:101E8000E6D042F21073B5F80170E97820465F435E
:101E90000BF022FD20460BF02BFD014648B93A46D7
:101EA000204602F055FAB0B341F69D413920FEF7C5
:101EB00069FB31460DF10600FEF7ACFE054608B998
:101EC0000D20C6E731460AF0DAFABDF806302046A2
:101ED00029462B800BF022FD20460BF01BFD88B914
:101EE000216A20460BF018FD01462846FFF750FFF7
:101EF0003A462946204602F02BFA024620B14FF41A
:101F0000E651D3E70121F0E7054B9B681BB105F5CE
:101F10008D712846984700209BE7422099E700BF33
:101F200008150020024B1B6803B118470C207047AE
:101F30008C000020034B5A8802801B78837000209D
:101F4000704700BF3419002037B5837805461A2B37
:101F500008D8042B04D9144A22FA03F3DB0705D46A
:101F600012241AE0292B01D03B2BF9D12888B0F597
:101F7000706FF5D269460AF075FA88B9019B93F83B
:101F8000182102F0FF046AB9AA7883F81921FF2208
:101F900083F8182168460AF0F4FC204603B030BDEF
:101FA0000224FAE70C24F8E7200038040188A1F1A4
:101FB0001B039BB2E02B0CD8428844F24810A2F5D8
:101FC000A4739BB2834204D8034B002059809A80AB
:101FD00070471220704700BF08150020034B5A8835
:101FE0009B88028043800020704700BF08150020B6
:101FF00038B50278447802F0010302F0020254EA94
:10200000030101D1112038BDBAB98578002DF9D06E
:10201000002B18BF002400E01D46204609F001FBFC
:102020000028EFD0284609F0FCFA0028EAD0054B3A
:1020300000209C74DD749882E5E7002BECD000242E
:102040002546EAE73419002013B5008869460AF0EE
:1020500009FA18B10224204602B010BD019A92F884
:10206000DC31DBB292F8A820002AF3D113F0FB0F89
:10207000F0D0019890F82A310BB13A24EBE790F8B0
:10208000D23003F0FF04002BF7D190F8C9309B0742
:1020900006D1FF2380F82A3168460AF072FCDAE79D
:1020A0000249CA300AF0BAFCD5E700BFF7D00000F9
:1020B000F7B5077805460C46EF2F0FD890F90120A9
:1020C0004378002A0ADB8278900707D113F01000CA
:1020D0001DD1990603F0030202D51AB1122442E081
:1020E000032AFBD01E07F9D42979EA78EE7942EA6F
:1020F0000122697942EA0142A97941EA06212E7A50
:1021000041EA06418A42E9D81F2A0FD8E6E713F0D0
:10211000600FE3D103F00702052A05D003F00F0199
:102120000D22CA40D107D9D51A07DDD56A7A013AFE
:10213000062AD3D8AA7A032AD0D813F0040102D1F0
:10214000023A012A03D8EA7A012AC7D811B9AA7C2F
:10215000032AC3D82A7D48B1012ABFD12A7E012A89
:10216000BCD830B91124204603B0F0BD022AF5D105
:10217000B4E7DB0712D46B782A7D03F01803082B31
:1021800011D1022AEED101213846FEF7B7FD0646ED
:1021900078B10BF057FAB8B10C24E4E700F024F959
:1021A0000028E8D1DEE7022AEDD02B7F002BEAD011
:1021B000D8E701213846FEF765FD064640B3154BCA
:1021C00093F906100BF08DFA30460BF08EFB294682
:1021D0002070E87430460BF0D3FAEB7E0446002BF7
:1021E000C1D00028BFD10246316B6846FEF7C0FE61
:1021F0002246306B012109F033F9316B6846042225
:10220000FEF7B6FE22462146306B09F029F9AAE70F
:102210000724A8E70815002030B502798BB00346E3
:10222000042A4FD84088B0F5804F4BD82649002467
:102230008D5C1144ADF800404A798DF8084042F0B9
:1022400010028DF8244042EA45028D7AC97B42EAA9
:10225000850242EAC102694602F01F028DF80020A1
:10226000BDF80020ADF809201A888DF80E00000A8C
:102270008DF80B20120A8DF80D408DF80C208DF88A
:102280000F008DF810405A7BD3F807008DF811200D
:102290005A79059002A88DF812209A798DF81320AA
:1022A000B3F80B209B7BADF818208DF81A307F23F4
:1022B0008DF81B304FF00113CDE90734FFF7F8FE1E
:1022C0000BB030BD1220FBE78062040002780346A9
:1022D00072B1427862B142881A2A09D982881A2AD0
:1022E00006D90068034A106000209B8893807047DD
:1022F000122070473419002002680020014B9A60B8
:10230000704700BF341900200378A3F10A02112A94
:102310009BBF024A0020122013747047341900201A
:1023200008B5052000F090F803F014FF014B024AB5
:102330009A6008BD081500202D1C000008B502F0A9
:10234000E1FD02F0F1F80248BDE8084002F0C4BD2A
:10235000141500200B4A012310B5144682F80231EF
:1023600002F0D8FD0BF07AFC0AF02BF804F203110E
:102370002046FFF733F8002009F00FF8BDE81040C1
:1023800000F0C4BF1415002010B5064C064904F532
:10239000027009F0D6FE04F503700449BDE8104050
:1023A00009F0CFBE14150020940000209C000020EE
:1023B00010B5094C094904F5027009F0C2FE04F594
:1023C0000370074909F0BDFE04F504700549BDE836
:1023D000104009F0B6BE00BF14150020A400002074
:1023E000AC000020B4000020014B93F802017047BC
:1023F0001415002010B5074C00F064FFD4F8080253
:1024000009F097FEFFF7B8FC01F092F8012384F879
:10241000143210BD14150020014B93F814027047BC
:102420001415002010B5074CD4F80C0209F081FEF9
:10243000D4F8100209F07DFEFFF776FC002384F843
:10244000143210BD14150020C208044900F0070022
:1024500001238340885C03438B5470475000002065
:10246000014BD3E90001704750000020034B18686E
:10247000C0F30020400040F00100704750000020F1
:1024800008B507F065FC0023074A32F823108142A3
:1024900005D302EB83029378044A137008BD01331D
:1024A0000C2BF2D10023F7E79462040029170020D7
:1024B00010B54468238884F86711A4F8683194F84B
:1024C0006830012B06D0022B04D04FF46171062036
:1024D000FEF758F884F86A3194F86930012B01D07E
:1024E000022BF2D184F86B3104F5AF7003490AF086
:1024F00095FA002384F8243110BD00BFBDC100004F
:1025000040680749038800F25110A0F8093010F81C
:10251000F13CC37210F8F03C03730AF079BA00BFC3
:10252000D3C100002DE9F04389460979456885B09B
:1025300099F8058001F00701044695F8866008F0D7
:1025400007084B1E08F1FF320B4002EA0802134352
:1025500095F88720232A3BD105F18707FBB9404630
:1025600009F078FE00283DD095F86830984239D0BF
:1025700095F8262118EA020F11D0212E32D095F8B5
:10258000612018EA020F2DD1013B01384D4ADBB220
:10259000C0B2032B105C20D8D35C834222D995F8BB
:1025A0002431012B53D11E212046FFF781FF212E1C
:1025B00051D16368182283F80921092283F8862003
:1025C00093F8C230002B3ED14FF43171AE2007E0BA
:1025D000212E75D105F18607C0E74FF40F71062053
:1025E000FDF7D0FF084609F035FE38B195F869309F
:1025F000834203D095F827311942D0D0B9F806604C
:1026000003AB284642460093334609F030FE636828
:10261000054678BB93F82421012A28D1014620469B
:10262000FFF746FF3D70636803F18702974202D1CE
:10263000002283F88720636803F1870297423BD129
:1026400020460AF007FB002005B0BDE8F083002318
:1026500085F82431ABE7002320463B700AF0FAFAF4
:102660001821204605B0BDE8F0430AF01BBB83F8F3
:102670002401D8E7B3F88020A3F83C62013EB61AE3
:1026800047F6FD72B6B2964206D92822204683F854
:10269000A92001F0C5F8CEE793F887200D2A02D0D3
:1026A0000A3A012A01D82A22F0E7BDF80C20A3F843
:1026B0003E2225233B70BEE7002283F8C220C2E7FA
:1026C0000220C1E7C4620400044B002283F82220E8
:1026D0004FF6FF729A84DA841A8570472A17002011
:1026E000054B9A8C824201BF002283F822204FF6CC
:1026F000FF729A84704700BF2A170020014BD884CC
:10270000704700BF2A170020084B4FF6FF72998CC4
:10271000914206D193F82220012A04D003600120BF
:102720007047002303600020704700BF2A17002075
:10273000064B93F82220012A1BBF0120DA8C0020CF
:1027400083F8220018BF9A84704700BF2A17002020
:10275000014B1885704700BF2A170020064B024620
:10276000198D988C884205D193F8220018B1012068
:1027700013607047002070472A170020094B998C7E
:102780001A8D914201D0002070474FF6FF729A8453
:1027900093F82220002AF6D00022012083F822207C
:1027A000704700BF2A170020054B998C1A8D914263
:1027B00003BF93F82200B0FA80F04009012070476F
:1027C0002A17002050B90A4A0120134603F8010BCA
:1027D0000868C2F801008A889A807047012805D1EC
:1027E000034B0A68D8719A608A889A81704700BF43
:1027F0005417002050B90B4B187888B1D3F801203A
:10280000B3F805300A6001208B807047012806D19B
:10281000044BD87920B19A689B890A60F3E70020BD
:10282000704700BF5417002010B9044B1878704748
:10283000012806BF014BD8790020704754170020AB
:10284000F7B58A8800238DF80600ADF804200868E3
:102850000B4A8DF807300146147802F5A872019DE5
:10286000D8B2844201D8082007E052F8087F01332B
:102870005668AE4208BF8F42F2D103B0F0BD00BF30
:1028800068170020084B0146002230B55C7803F23F
:102890000113D0B2844201D8082004E013F8015F8C
:1028A00001328D42F5D130BD68170020F8B52D4CAE
:1028B00063782218013B92F80251DBB283426370C5
:1028C00030D01A010101961C8F1C2644274406F1C2
:1028D000100C56F804EB664547F804EBF9D1823248
:1028E00082312244214402F1100652F8047BB242A4
:1028F00041F8047BF9D1E118221891F8026182F8BD
:10290000026106267343704303F5857300F58570F5
:10291000E618E35827182350B388BB8091F83A3162
:1029200082F83A312846FFF7ADFF082818D12378FE
:10293000013BDBB29D42237012D02B3305F12B02F9
:1029400004EBC30304EBC20293E8030082E8030034
:102950002078FFF797FF08281CBF241884F802513D
:10296000F8BD00BF68170020F0B5254D89B095F877
:10297000984105F299116846224607F0D5FF214695
:10298000684609F03FFD0446B8B300EB400102A8D9
:10299000C9B2FDF73DFF631E95F8A1610124DBB2CA
:1029A00095F8981105E0721CB2FBF1F001FB1022C2
:1029B000D6B206F120020DEB020010F8202C002AFE
:1029C000F1D103EB430100F8204C06EB4602203125
:1029D0002A44694411F8187C82F8A27111F8177C16
:1029E00011F8161C82F8A37182F8A411013BAA19F0
:1029F000DBB282F89941FF2BD2D109B0F0BD00BF04
:102A00006817002070B5064688B00C46002A4ED0E4
:102A1000294A92F8A131D01890F8991119B9FF21DB
:102A20002820FDF7AFFD03EB43010133114491F87A
:102A3000A251E57091F8A35191F8A411257161712B
:102A4000002180F8991192F89811B3FBF1F001FB85
:102A5000103382F8A13192F8C23123B9174902F537
:102A6000DD7009F0D8FF65790D220021684605F078
:102A70003F0545F0400565710BF0D3FBE37804AAF0
:102A800069468DF80F30304623798DF80D508DF85A
:102A90000E3004230BF02FFB9DF81F3023709DF8A0
:102AA0001E3063709DF81D30A37008B070BD032107
:102AB0006018FDF7ADFED6E7681700206929000011
:102AC000044B5A78824286BF1B1893F84A010020B3
:102AD000704700BF68170020044B5A78824286BFB7
:102AE0001B1893F842010020704700BF68170020B0
:102AF000064B00224FF461711A8083F8C32183F8DA
:102B0000C421A3F8C61183F8C221704768170020BA
:102B10002DE9F0478246894617469846FFF790FE12
:102B200008280546064603D0FFF7ACFE082860D10A
:102B3000324C6378072B5ED8082D15D12678731C8C
:102B4000072E237003D96C212820FDF71BFD06F109
:102B50002B02D9F8000004EBC20344F83200B9F8A4
:102B6000042083F806A09A80657807F110026B1C98
:102B7000290163704B1C234412F8010DBA4203F87B
:102B8000010FF9D1813108F11003214413F8012D0F
:102B9000984501F8012FF9D125441021404609F04C
:102BA000BAFC102185F84201384609F0B4FC85F8DA
:102BB00002616678002385F84A013146104885F89D
:102BC0003A3109F01FFC0128054607D831460D4867
:102BD00009F018FC002818BF0135EDB284F89851AF
:102BE0000025284684F8A151FFF7BEFE2846BDE81F
:102BF000F0871220FBE70720F9E700BF68170020E5
:102C0000AA180020B2180020064B10B558780138D9
:102C100040B2002800DA10BDC4B22046FFF746FEDD
:102C2000601EF5E768170020014B83F8C301704769
:102C300068170020014B93F8C30170476817002004
:102C4000431E4AF2B7129BB293429DBF024BA3F8B8
:102C5000C60101200020704768170020014BB3F81F
:102C6000C6017047681700200A4B30B55C78844273
:102C70000ED9184490F802012B3003EBC004A5795B
:102C80000D7053F8300010600120A388938030BD90
:102C90000020FCE7681700200246074810B590F8AE
:102CA000C34124B1417821B1023003F079FA2046C2
:102CB00010BD0C46FBE700BF681700202DE9F74F59
:102CC0002F4C9A46804689466378834256D923180A
:102CD00093F8425185F00105F9B193F84A31E3B90F
:102CE00045F002070135BAF1000F18D1FA070AD5ED
:102CF000062104EB0810524601FB0841823001F521
:102D00008571FFF77FFEBB0734D504EB08105246F0
:102D100049460230FFF776FE2CE02F46E3E794F8B1
:102D2000A1614FF0010B002DE0D0A31993F8991188
:102D3000019399B90092DAB100F0CAFB019B06EB4E
:102D40004601009A4FEA102C83F899B1214481F88A
:102D5000A201000C81F8A3C181F8A401013694F806
:102D60009831013DB6FBF3F103FB1166F6B2DAE7E9
:102D700047F00407384603B0BDE8F08F0027F9E7B5
:102D800068170020074B5A78824209D91A1892F81E
:102D900042212AB9062202FB003000F585707047F7
:102DA0000020704768170020064B5A78824281BF86
:102DB0001B1893F83A01B0FA80F0400998BF002040
:102DC000704700BF68170020F8B50E460746062179
:102DD0001546304609F09FFB044670B10C4B0022AB
:102DE000587803F23913D1B2884202D80124204620
:102DF000F8BD013203F8015FF5E73146384609F0C6
:102E00001DFB0828F3D0024B034483F83A51EDE749
:102E10006817002030B5002442F21075A0F8404039
:102E2000B0F844404C43B4FBF2F4A0F84440541EC4
:102E300005FB0343B3FBF2F3A0F84230084BB3FBAE
:102E4000F2F30133A0F84830838F05FB0344436B52
:102E50005943B4FBF2F4B1FBF2F18463416330BD3A
:102E6000005A6202034B80F870101B680BB1008897
:102E700018477047BC0000200B2808B504D940F261
:102E8000C7112920FDF77EFB014B33F8100008BD68
:102E9000C8620400074B93F900301844142804DC7E
:102EA00010F17F0F03DB40B27047142070476FF0C2
:102EB0007E007047301900207F2307B50DF1070011
:102EC0008DF8073004F0FCF803469DF9070053B174
:102ED000094B5B785B425BB21844142806DC10F1A6
:102EE0007F0F05DB40B203B05DF804FB1420FAE766
:102EF0006FF07E00F7E700BF30190020024B002280
:102F00001A705A70704700BF30190020034640788D
:102F1000B0B1DB783F2B0BD80A4AD35C03F07F02B9
:102F200090420CD08CBF0120002000EAD3107047E3
:102F300003F10A02D2B2022A01D8B63BECE7012023
:102F4000704700BFE06204003F2908B5C17005D892
:102F50000C4B5B5C03F07F03437008BD01F10A0377
:102F6000DBB2022B04D8074B0B4413F8B63CF1E755
:102F7000FF2904D040F243412A20FDF703FB01233F
:102F8000EAE700BFE06204002DE9F347894669469D
:102F90001546984609F066FA044620B9019E35B9EF
:102FA000012386F88D30012002B0BDE8F087376933
:102FB0002946384608F030F801460028F4D0164B70
:102FC0005B88AB4225D3384608F062F996F88D301D
:102FD00082460480002B84700CBF4946022109F010
:102FE00082FC41462A460AF1030007F09DFC29466F
:102FF000384608F04CF818B97E212B20FDF7C2FAAC
:10300000684609F0BEFC019BA3F8A24186F88D40FA
:10301000C9E72046C8E700BF34190020024B987D5D
:10302000C04300F00100704734190020044B987D24
:10303000C0F3400080F0010000F00100704700BFC5
:103040003419002083230B70014B1B78CB70704721
:103050004C1900202DE9F84FD0F804800D46D8F81F
:103060001460304608F006F9044618B9FF21102014
:10307000FDF788FA0146304608F00AF9B4F800B0C6
:1030800082461FFA8BF9B9F1000F02D140F2031109
:10309000EDE71E4BC71C1B688BB9B8F80030A5F8CC
:1030A00006B0AB8000236B729AF8003003F0030384
:1030B000012B0FD0022B0DD040F21D11D7E74A464D
:1030C0003946B8F80000984704460028E5D1204664
:1030D000BDE8F88F30462B7208F0E0F8044610B9CE
:1030E0004FF49371C3E7B9F1FB0F02D940F23511E8
:1030F000BDE7286810B94FF49B71B8E74A463946D6
:1031000007F012FC304608F024F8E0E7C000002089
:103110002DE9F3478246894605270026DFF84881D6
:10312000D9F8103053B11B7A1BB980211020FDF75C
:1031300029FAD9F81040B4B9002071E0D9F8044058
:10314000237A012BF8D0EFF3108372B6D9F804205C
:103150001268C9F8042003B962B6C9F81040237A8E
:103160000BB9A621E2E7257AEDB227726B1E0B2B75
:103170006AD8DFE803F066061C3463693D69696953
:103180006958636813B94FF4D771CFE720465146A9
:1031900098470420EFF3108272B6237A052BD9B238
:1031A0005CD12672C9F81060B2B962B614E06368E7
:1031B00013B940F2B711B9E7514620469847034684
:1031C000ADF80400C0B2C3F30723012B3FD0022B9C
:1031D000E0D10023C9F810300028A1D020E06368B6
:1031E00013B940F2BF11A1E7204698470020D1E76C
:1031F00063680BB9B52199E70B2200248AF80020F7
:103200000122198818698AF80220AAF803108AF89E
:1032100005208AF8064007F09CFF0420C9F81040FA
:1032200002B0BDE8F087D8F80030514620469847F4
:10323000034660B10220C9F81060F1E74FF4FB715A
:1032400074E740F2F91171E74FF4FE716EE72572F1
:103250000028E5D1002B7FF463AF6DE711B940F290
:103260001D2163E700209FE7C400002038B5134C00
:1032700014220021201D0AF0D4FF0125257404F139
:1032800008031422002104F11800C4E901330AF0F4
:10329000C8FF84F8245004F11C03094AC4E906332A
:1032A0000023E362236384F83430C4F83530C4F873
:1032B000393084F83D30136038BD00BF4C19002010
:1032C000C000002010B5084C2378FF2B04D04FF429
:1032D000A0711020FDF756F907F056FA2070BDE8EE
:1032E0001040FFF7C3BF00BF5D00002010B5034CC6
:1032F000207807F063FAFF23237010BD5D000020E3
:10330000014B187807F06ABA5D000020014B024AB1
:103310001A607047C40000205530000010B50649FF
:103320000446FFF7F5FE28B920460449BDE81040E1
:10333000FFF7EEBE10BD00BF641900205019002039
:10334000134610B5027A22B140F299211020FDF700
:1033500019F90A4601460248BDE8104009F038BB99
:1033600050190020044890F834301BB903492C3020
:1033700009F04BBB704700BF4C190020C3C90000C7
:103380000346064890F83E203AB190F83D2022B915
:10339000034900F8353B09F038BB70474C19002051
:1033A000453000000A4610B5037A23B140F2A1214E
:1033B0001020FDF7E7F8014607230248BDE810405A
:1033C00009F006BB641900201346027A0AB10372A1
:1033D00070470A460146014809F0FABA5019002020
:1033E0001B234FF01B128384038482618382C2609B
:1033F000038539B94FF4A473034AC3844384C2617B
:10340000C3820261704700BF480148010346084675
:10341000F0B4B3F85420B3F84840B3F856109442CF
:10342000B3F84460DF8F28BF1446B3F84C20B3F8DC
:1034300042508A42DC8728BF0A46B3F846109142C0
:10344000A3F8422038BF1146A64238BF2646A742FD
:10345000A3F84610A3F844601FD1AA1A18BF01228E
:10346000B3F84A50B3F85040B3F85270A5429E8F5B
:10347000B3F8401028BF2546B3F84E40BC429D87A4
:1034800028BF3C46AE42A3F8404002D1A14200D141
:103490002AB10449F0BC09F0C1BA0122E0E7F0BC4E
:1034A000704700BF23CA00000B8BA2F8090010462A
:1034B000A2F80B304B8BA2F80D308B8BA2F80F309B
:1034C000CB8B0249A2F8113009F0A2BA73CA0000EE
:1034D000094AD2E90003434083EAB01181EA43215B
:1034E0004FEAF34311605360044B58434FEAF060D6
:1034F00000EB8000704700BF8C190020BB79379E1D
:10350000094AD2E90003434083EAB01181EA43212A
:103510004FEAF34311605360044B58434FEAF060A5
:1035200000EB8000704700BF60000020BB79379E31
:1035300010B50A4C08210948FDF76AF9D4E90032B0
:103540001343F7D0064CFFF7DBFF2060FFF7D8FFEF
:10355000236860601843F6D010BD00BF60000020F3
:103560008C190020174B184A9A60184A5A60184A5A
:103570001A60184A9A62184ADA62184ADA60184AD7
:103580009A61184A1A63184A1A62184ADA64184A81
:103590009A64184A5A62184B184A9A60184A5A6232
:1035A000184ADA62184A1A61184A5A61184A9A6126
:1035B000184A1A63184A9A64184ADA64184A9A63CD
:1035C000704700BFC800002039CD000069CD000061
:1035D000D5CD00003BCF00008FCF0000493900005F
:1035E000A5CF0000813B00002D3A000073D0000001
:1035F0008FD00000753A0000D401002055CD0000A6
:1036000045D00000C7CF00006BCF0000EBCF00001B
:10361000CD39000015D10000BDD00000AFD00000B2
:103620002BD00000044B054A5A65054B054A1A6524
:10363000054A5A65704700BFC800002089CE0000C7
:10364000D40100206FCE0000E7CE0000054B064AF3
:103650009A65064A1A66064B064A9A65064ADA656C
:10366000704700BFC8000020F1C2000025250000FF
:10367000D40100203BC20000A3C30000252A03465A
:10368000084610B518D8012A19D9023A232A16D8A3
:10369000DFE802F01A1525242431153315243944A6
:1036A0004815154C24245F5F7575151515151515EE
:1036B00015151515157C878FFF2A00F0828040F2C2
:1036C000DD415120FCF75EFF1A785B68012A02D1C8
:1036D00093F8103101E093F81931037110BD596866
:1036E000D1F8BE214260D1F8C22182605B68D3F874
:1036F0000431C360F2E75B68EAE701461846BDE8BB
:10370000104000F007BA10230371592343710023BE
:1037100083716A23C37130230372DFE75B6893F818
:103720000A31DAE7BDE8104000F0E4B95A681B78C6
:103730004BB992F8103133B192F80D31037192F810
:103740000C314371CAE792F80B31037192F80A31D8
:10375000F7E75B68B3F854200271120A4271B3F8BC
:1037600012218271120AC271B3F850200272120A39
:103770004272B3F8103183721B0AC372AEE75B6802
:1037800093F82621027193F82731DAE7114A146879
:10379000002CA3D001461A4623202346BDE8104042
:1037A00018470C4A1468002C98D001461A46242069
:1037B000F3E7084A1468002C90D001461A462520E9
:1037C000EBE75B68BDE8104093F83722D3F8381276
:1037D00009F09DB8E00200203F2803D8064B53F8BB
:1037E0002000704700F10A03DBB2022B01D8B63883
:1037F000F4E70020704700BFC80000203F2803D82E
:10380000064B53F82000704700F10A03DBB2022B8D
:1038100001D8B638F4E70020704700BFD40100207B
:10382000F7B5456804464FF6FF772E690DF10201A2
:103830000DF101023046ADF8027007F043FC01A91A
:10384000304607F061FC40B1019807F025FD616842
:1038500000220272FFF7A6FDE8E7044905F1A00087
:1038600003B0BDE8F04009F0D3B800BFC7CC0000FA
:10387000F0B5044685B00D46FF2600F8856C10F8BB
:10388000863CF3B1184F3B781BB148211F20FCF751
:1038900079FE0C21381DFCF7BBFF3E70002304F8B5
:1038A000853C07232A4602F8033BD4F80930C5F8C3
:1038B0000330D4F80D305360D4F81130936005B064
:1038C000F0BD01A80C21FCF7A3FFA4F51373039A24
:1038D000C3F8042101AB03CB44F88E0C44F88A1CD6
:1038E00004F8866CDAE700BF9419002010B5054C87
:1038F00023782BB90C21201DFCF78AFFFF232370AE
:1039000010BD00BF94190020024690F8C631BBB923
:1039100090F8C73103F0FF010BB100207047094B4D
:1039200018780028F9D01970D9680433C2F8041146
:1039300003CBC2F8BE01C2F8C211FF2382F8C63120
:103940000120704794190020426838B592F88730FA
:1039500004460D463BB1132B05D0113B0B2B8CBFFE
:103960000120082038BD92F8C83013B9204609F06C
:1039700067F96268D5F80E30C2F8B631D5F8123062
:10398000C2F8BA316368D5F81620C3F800211A8846
:10399000A3F855226A68C3F85722AA68C3F85B22C5
:1039A0006368AA89A3F85F226368002583F8C6517B
:1039B0006068054900F5137009F027F8636815225F
:1039C000284683F88720CDE77138000038B5436872
:1039D000044693F887201C2A04D04FF4DE711F2080
:1039E000FCF7D0FD002293F8C8101D8803F5C970BC
:1039F00083F8C72069B10B4983F8C820A3F89C510C
:103A000083F89B2109F001F86368002283F887207E
:103A100038BD012283F89B11A3F89C51024983F819
:103A20009E21EFE727CF000019CF000038B5456889
:103A3000AB6F13F0010417D14A680C4B896813402F
:103A40000B4AC5F8D830C3F307630A4043F00803B4
:103A5000C5F8DC2085F8DB3009F0F2F8AB6F2046C2
:103A600043F00103AB6738BD0120FCE72FC904F721
:103A70006FDB0080406808B590F88630042B24D1B5
:103A80004B688A68C0F8D830C3F30763C0F8DC20FD
:103A900043F0080380F8DB30002380F8C23080F860
:103AA000863090F8743103F0FF020BB1002008BD9E
:103AB000038800F5B670427243814B68C3608B681F
:103AC0000349036108F0A1FFF0E70120EFE700BF21
:103AD00009D00000406890F8743143B9038800F5BC
:103AE000B670034943811A23437208F08EBF7047B2
:103AF00009D0000010B50446FEF7B2FC034A044B9F
:103B000002400B406260A36010BD00BF2FC904F7E4
:103B10006FDB008037B50C464568FEF7A1FC084B0B
:103B2000084A03400A4095F8D81000930B400192D0
:103B30008DF800306B4603CB6060A16003B030BDF0
:103B40002FC904F76FDB008038B5DB04154604D5B8
:103B5000037D13B10023436338BD446B01344463D8
:103B600009F0B9FA836B9C42F6D3002303494363FF
:103B70002846BDE8384008F051BF00BF65D00000BE
:103B800038B54468054694F88630012B02D0A36FFF
:103B900098073CD494F8C9309A0715D40A79D80705
:103BA00084F8D320B1F80520A4F8D420B1F8072078
:103BB000A4F8D62043F0020284F8C9200FD5154995
:103BC00004F1CA0008F02AFF94F8C930D90711D4CB
:103BD000A36F9A0708D555214020FCF7D3FC94F831
:103BE0002A31002BEBD1EFE743F002032846A3670D
:103BF00009F026F894F88630012B4FF0000301D02D
:103C0000002038BD84F8863084F8C230F8E70120FF
:103C1000F7E700BFF7D0000070B545680446FFF72E
:103C20004BF9054B014685F885001B681BB1204602
:103C3000BDE87040184770BDE8020020024B1B68C9
:103C400003B11847704700BFE4020020F0B51F4DD4
:103C500000242B7814709BB1013B6D68DBB21E1BF6
:103C6000012E0FDC05EBC40655F8347076688E42E1
:103C700008BF874227D0B84271EB060612D21470F3
:103C80000020F0BD1E197710C6F3470655F837C05F
:103C900005EBC70E8445DEF804708F412CBF334618
:103CA0003446DCE705EBC30455F8335064688C42B6
:103CB00008BF854206D0A84271EB040428BF013337
:103CC0001370DDE71C4601201470DAE7B4190020F8
:103CD00010F0070208B503D063214820FCF752FC1E
:103CE00018B1034B197258601A70C80008BD00BFA4
:103CF000B4190020014B00221A707047B41900203B
:103D00000A460648822302F8033B0368C1F80330E1
:103D10004368536083689360704700BFBD190020FB
:103D20001622002101480AF07CBA00BFBD1900200C
:103D300082B002AB03E903000D48437DB3B15306E3
:103D400014D50A880C30B1F8803020F80C2CD1F84A
:103D5000182220F80A3C40F8082CD1F81C2205490A
:103D600040F8042C022202B0FFF72EBB02B07047CD
:103D7000BD190020013D0000094B53F8203003F528
:103D8000224370B5B13316464FF47A720C46B3FB3A
:103D9000F2F5344403F0DAFA2C44204470BD00BF3D
:103DA0001C6404002DE9F04F8BB0044698460F4682
:103DB000039290F8699008F0FFF9824694F8730036
:103DC000FFF75AF8824409F0DDF994F8873000F1E2
:103DD0004D061FFA8AFA0293039B83BB94F8DC31E9
:103DE000032B2CD1029B0D2B29D1B4F83C32BB42C2
:103DF00025D1D4F8E4312046B4F8B421C4F8D03148
:103E0000A369C4F8D431B4F82A321344C4F8D831C1
:103E100002F070F9D4E99023A262B4F83E22A361C3
:103E2000A285D4F84822226241F64B5293428CBFBD
:103E30000023012384F87230022384F8DC31B4F8C3
:103E4000285204F5FC73B4F880E07D1B0493A7EBC3
:103E50000E0E2DB20FFA8EFE002D10DA7546D4E943
:103E60008423C4E98823012294F8DC31032B00F277
:103E70006C81DFE813F00600FB0055001D0142468F
:103E8000F2E70121002008F0B8FB8146A06A514604
:103E9000484405F011FF5146C4F8E001A06905F05F
:103EA0000BFF07A9C4F8E40108A803F031F9079B48
:103EB0000093DDE90823D4E9880104F02CFF834650
:103EC000204609F077F9A26AD4F82C3294F86900F8
:103ED000D51803F043FAD4F8E01100F52240203D54
:103EE0004FF47A73B13032466D1A3031AD1BB0FBEE
:103EF000F3F04D44A38DA5EB0B0503EB41012D1A07
:103F000094F86900FFF738FFD4F82C32C4F8E801C0
:103F1000EB1ACC2B59D840F2FC413020FCF732FB95
:103F2000A36A5146D4F8D401184405F0C5FE5146A1
:103F3000C4F8E001A06905F0BFFEC4F8E401204622
:103F400009F038F9A36AD4F8D4511D44B4F8B43157
:103F5000002B40F08780B8F1000F00F0838094F8C8
:103F6000690003F0FBF9D4F8E011D4F8183200F539
:103F700022406D1A94F86920B130203D1D448D4BCC
:103F800053F822204FF47A7302F2E732D4E9849A8C
:103F9000B2FBF3F2A5EB0905B0FBF3F01544AD1B42
:103FA0002D1AD4F8D821D4F8D03194F8690002FB46
:103FB0000313A18D3246303301EB4301FFF7DCFEE2
:103FC0000123C4F8E80184F8DC31A369D4F8E421C2
:103FD000A93B9B1A9E1B0023864284F8F831D4E942
:103FE000883228BF064604F130005B19C4F8B0617E
:103FF00042F10002C4E9823208F087FD3044A4F89F
:104000002872C4F8FC01D4E98223C4E98823B4F8F7
:10401000A031DB1B1BB2002BD4BF002201225200B7
:1040200084F80022029A0D2A00F09280B8F1000F65
:1040300040F0918094F8DC31002B00F0A880A16959
:1040400004F5FC70D4F8E431C91A08F070FA80B2B3
:10405000002800F09C80149B03B1188001200BB055
:10406000BDE8F08FD4F8E0116D1A9AE7D4F8E42196
:10407000A369B4F8B4C19B1AD4F8D811F444D4F8A5
:10408000D0015D43D4F8E031ACEB010C30330CF1DE
:10409000FF3C00FB0133A18D94F8690002FB0C3357
:1040A000324601EB4301FFF767FEC4F8E8018CE7F5
:1040B000D4F8E4A1A369A3EB0A035D4394F8863026
:1040C000252B03D094F88730252B09D1B4F83C3246
:1040D000FB1A1B0404D494F83F32002B18BF9946F6
:1040E000B4F8B4C142B3BCF1000F25D1D4E98623A2
:1040F000D4E98401904271EB030302D34FF4AA6127
:104100000BE794F869104FF47A7B2A4B203A53F866
:104110002130D4E98401CDE9040103F2E73103F54C
:1041200022430498B133121AB1FBFBF1B3FBFBF34A
:104130000A44D21A921B15440CEB0E013246484633
:104140000AFB01F130314900ADE74FF4AD61E4E61F
:10415000B8F1000F1BD0B4F8C80110B3B4F8CA11FD
:1041600094F8CC214D1CA4F8CA1101FB0222904204
:104170000DDD002B0BDD0023A4F8CA5184F80032BA
:10418000FFF7A6F900F00700013084F8CC0104F530
:10419000FC7194F8F70104F05DFC20B940F2B151D4
:1041A000BBE60146DCE7039B83F0010384F8F431AE
:1041B000002054E71C640400F7B5044618B9E22156
:1041C0003020FCF7DFF9072900F2BC80DFE801F0BE
:1041D0000484464641BA33B704F032FDC4E94001D5
:1041E000204600F0CFFFD4F8F400A43804F07EFDA0
:1041F00010B940F27B21E3E7204609F081FB054638
:10420000F8B90146204609F0A4FA00F1AE06D4F848
:10421000F400B04209D2301A0321192838BF1920FE
:1042200004F07FFC051E18BF0125C4F8F460204689
:1042300009F080FB3DB1204603B0BDE8F04009F035
:104240007ABB0025F3E7D4E94023C4E93A2303B05D
:10425000F0BD03B0BDE8F04002F066BF09F084FA9B
:10426000002307460E4684F8F93004F04DFB072280
:10427000A7FB023502FB0655D4F8EC200192D4F8D6
:10428000E8209B18019A45EB0205D4F8CC2032B106
:1042900057EA060203D0984271EB050216D20222B9
:1042A00084F8F820D4F80821D4F80CC1121A6CEB69
:1042B000010C94F818E1BEF1000F09D1012A7CF13C
:1042C000000E11DA204600F065FF05E00122E7E765
:1042D000012A7CF1000CF5DB94F8C80004F02CFBFB
:1042E000002384F81031B2E7984271EB050E0ED22C
:1042F0003E430CD01B1A65EB01019A427CEB010096
:1043000005DB012B71F10000A4BF1A468C460F4952
:10431000012394F8C800914284F811314FF0000352
:1043200084F8F03073EB0C03B8BF0A4604F1F001D7
:1043300004F0FCFC00288AD140F2EF6140E74FF422
:1043400080713DE74FF482713AE700BF0040420FB1
:104350002DE9F04104460E46154690F8103103F061
:10436000FF071BB10C273846BDE8F08101464748DE
:1043700004F0F2FA20288046F4D05722394604F19E
:10438000C90009F04EFF84F8C880C4F8CC60FF2350
:1043900084F8103136B1FFF7B3F800F007000130B0
:1043A00086F8CC0102234FF00008A4F8F83084F816
:1043B000F08005F0D7FC00F14906204609F0A0FA8C
:1043C0000146B6B2002839D007F0F6FE00F5CD61FF
:1043D000284689B205F070FC2844AE3DC4F8F400CC
:1043E00004F092FA3018A4F8268041F10001C4E9E3
:1043F0004001012084F8D00009F039FB2D1AC4F8DF
:10440000D4504FF0FF356FF0004194F8C800D4E964
:104410004023C4E94251002504F1F001C4E93823E6
:10442000C4E93A2384F8115142F2107204F07EFC80
:1044300038BB40F2EB113020FCF7A4F82046DFF83F
:10444000508009F086F9AE30C4F8F400B8F80000E6
:1044500048B1E08C38B1FFF753F8B8F80030B0FB42
:10446000F3F202FB1300064404F04EFA361841F151
:104470000001C4E94061002DC3D0AD1941F1000134
:10448000C3E72946204609F058FA6CE7B941000015
:10449000E0190020F0B5002385B0CDE900330123F9
:1044A0008DF806306846FCF763FC70B11D4E0123A1
:1044B0000027B370CDE9027702A8FCF759FC054646
:1044C000C8B10023B37005B0F0BD009808F08DFFAF
:1044D000E8E790F8F70104F0EFFA94F8F70104F038
:1044E00095FB94F8F70184F8DC5104F025FA2023B9
:1044F00084F8F731DEE7029B002BDDD093F8F7213B
:10450000202AD9D018884FF6FF739842D9D029466F
:10451000FCF7F4FB04460028DBD140F237113020D1
:10452000FCF730F8E0190020044B0022DA709A7092
:1045300042F210721A80FFF7ADBF00BFE0190020F1
:10454000014BD870704700BFE019002008B502F099
:10455000E1FA044B5A6882422ABF9878002080F022
:10456000010008BDE0190020F7B5044606297AD8F5
:10457000DFE801F0042715252B3074003B4B9B78B6
:1045800003F0FF025BB900920123B0F8A411FFF71A
:1045900009FC38B140F21E713020FBF7F3FF042311
:1045A00084F8DC3102F0A0FC04F0B1F90023B4F887
:1045B0008020A4F82A32A4F8F22184F8F53103B05F
:1045C000F0BD032380F8DC31F9E709F0A6FBC4E96C
:1045D0008601F4E790F8690008F0DCFD7730D4F844
:1045E000E4319528A569214F8CBF0020C0F19600C9
:1045F000C218954288BFED1AFB7894BF00252D1A8A
:104600001BB9236B9D4228BF1D46D4F8B06104F14D
:10461000300008F07AFA0644022004F0EDFA022194
:10462000AD1B25EAE575854228BF0546284604F0FE
:1046300078FA00B92E4401234FF4807231462046A7
:1046400008F0C0FAD4F8B0317860A069184404F0DA
:104650004DFB0028B3D140F2A3319DE703B0BDE884
:10466000F04008F0A7BD40F2ED7195E7E019002099
:104670002DE970430C4615466ABB0246174994F86B
:10468000C80004F08BF920B940F2FD713020FBF72F
:1046900079FF02F03FFA84F8D0500646D4E9408909
:1046A00084F810510121D4F8CC0007F0E8FED4F8CA
:1046B000CC00C0E9848994F8C830C0F82C6280F836
:1046C000F731C0E9888908F065FE02F00DFCBDE80D
:1046D000704304F01CB940F61801D7E7CFD10000B1
:1046E000014B1880704700BFE01900200346074ABD
:1046F0001068D3F85120C0F80320B3F85520A0F873
:10470000072093F8501008F073B800BFE819002094
:1047100070B504460E461346407F6588324615F054
:10472000040118BF04F15F01FEF7C8FA410705460E
:1047300021D4C2070BD50123607F84F85030FEF7E7
:1047400021FB0368C4F851308388A4F85530AB07C7
:1047500001D4012070BD094B01211868D4F85F30E5
:1047600084F85E10C0F80930B4F86330A0F80D305A
:1047700008F047F8EDE70020ECE700BFE81900205B
:1047800038B5C38D04460F4D0133C3F30E03C38503
:10479000AB7C2BB102F086FC01F060FD0023AB7412
:1047A00000232B7194F871302BB101212046BDE814
:1047B000384008F0C5BE637C13B1E28D9A42F4D252
:1047C0000021F3E7E819002010B5094C2379012BEB
:1047D00002D02379022B05D1A37C1BB102F062FC2D
:1047E00001F03CFDE069BDE81040FFF7C9BF00BF24
:1047F000E819002070B5294C2379012B07D02379C3
:10480000022B04D040F65C412D20FBF7BBFEA0B983
:104810000125A37C1BB102F045FC01F01FFD002D1A
:104820003AD0E06908F006FE002830D002F006FB1E
:10483000236ABDE870409B6818472168E26911F857
:10484000095B02F1510392F85020E80907F0BCFD22
:104850000028DDD00021206807F0F8FF0028D7D01D
:104860002379E069012B05D02379022B02D040F691
:104870003541C9E7237905F00F01226A03F180432E
:104880005269013B52F8233098470546C1E7E06979
:10489000BDE87040FFF774BF70BD00BFE81900208D
:1048A0000346074AD06903B909B9FFF769BF13790D
:1048B000126A03F180431269033B52F82330184710
:1048C000E819002003292DE9F043054685B0174675
:1048D00007D14388980723D40024204605B0BDE8BB
:1048E000F083428890F87030D107DBB2F4D5002B0A
:1048F000F2D14FF00108DFF8D49099F81260C6B1F8
:1049000007F0A6FD0828387016D002AA0DF107019D
:10491000FEF7AAF938B940F6D4612D20FBF732FE34
:104920004FF00208E7E702A99DF8070008F020FC15
:1049300006463B78082B08D1D9F8001011F8030B74
:10494000C0F3801008F014FC0646D9F8001005F1F9
:10495000580395F8572011F8030BC0F3801007F0A7
:1049600033FDD9F80010044611F8030BC0F3801092
:1049700007F064FD8146FEF717FA40B1B9F1080F60
:104980001BD04846FEF79CF880F00103D8B23A7875
:10499000082A14D01CB96C7FA21A544254416A8868
:1049A00053079AD4002897D176B9EC7C444518BFB8
:1049B000002C0CBF012400248FE70020E7E780F0E3
:1049C00001022240D4B2EAE7344686E7E819002023
:1049D0002DE9F04F85B00823052104460DF10702AB
:1049E0008DF80730FFF76EFF064620B900263046E7
:1049F00005B0BDE8F08F744F396807F11403FA7CF5
:104A000011F8030BC0F3801007F0DEFC804600288D
:104A1000ECD13B6840F2E249216A184691F88E20B9
:104A200010F8035B02EA55121D4602F0010281F8FC
:104A30008E20D3F80320C1F803208288A1F8072034
:104A400015F81F1B226AC1F38011917002A9D3F8D7
:104A50001F00029028790871D3F80F00D061587DAB
:104A60001D7D000440EA0520DD7C28435062B3F838
:104A7000190082F8728009FB00F090619D7DC5EB02
:104A8000451005EB800505EB85056D009585B3F8B0
:104A9000170009FB00F09062B3F81B001084B3F814
:104AA0001D00508493F8243003F01F005B0982F846
:104AB0009A0082F87330256A94F912A005F18E00ED
:104AC00007F0F1FD40F20113A5F868304FF0FF0B3D
:104AD00085F86AB0414605F13000FEF781FC514689
:104AE0002846FEF7BFF9236A84F87B8004F186012B
:104AF0001A8884F899B0A4F87C204FF6FF729DF8CC
:104B00000700A4F89A209A69B2FBF9F2A4F892205F
:104B10001A8CA4F894205A8CA4F8962093F8732049
:104B200084F89820227F5AB394F85020012A27D184
:104B300094F8562002F0C002402A21D1D4F8512026
:104B4000C4F88620B4F855208A8008289A7803F1A2
:104B5000030504F18C0184F87F2004F18002D3F86E
:104B6000033027D0C4F88C30AB888B8004F17F01F0
:104B7000FEF77AF840B940F6BB312D20FBF702FD75
:104B80000022C4F88620DFE794F87F3043F0020368
:104B900084F87F3004F172000C4907F036FF0C4BAB
:104BA0000022206A1B683A71002B3FF420AF214697
:104BB00098471CE7C4F88030AB8893800023C4F882
:104BC0008C308B80E6E700BFE819002069D6000032
:104BD000F0020020032973B5044604D0052956D0FD
:104BE000012002B070BD08230DF107028DF80730D7
:104BF000FFF768FE0028F3D0237C294D03B39DF80E
:104C0000070094F8BE30DBB92378082804F1C1020C
:104C100084F8BF302CD004F1C001FEF725F820B98C
:104C200040F64A712D20FBF7ADFC94F8C03043F0FC
:104C3000020384F8C0301B4904F1B60007F0E5FE1A
:104C40002B680622042620465A701E70FFF74EFD80
:104C5000E16B94F84020286807F0E9FD28682E7180
:104C600002F0A4F90021286809F061F80020B8E7F3
:104C70002868034613F8031BC1F3801184F8C010A1
:104C8000D0F80310C4F8C1109B889380D3E7064B7B
:104C90001B68002BEAD0984780F00100C0B2A0E763
:104CA000E819002051D60000EC020020F8B50446B7
:104CB0000F4619B300F12805284608F0B5FEA0B943
:104CC00063881A072ED5284608F0C3FE06462846F4
:104CD00008F0AAFE301AC0B208F0C9FE494A93682B
:104CE00003442846936008F07EFE284608F080FEC4
:104CF00001F0F6FF2179252001F054FF414E0023F9
:104D000094F85E203068037043706388103B0D2B6D
:104D100068D8DFE803F063675F0C6744676767671D
:104D2000676767442046BDE8F840FFF729BD0623C2
:104D30004370202303702046FFF7D8FC638823F0DC
:104D400008039BB2152B05D094F83820616B3068AE
:104D500007F05EFD306802F029F90021306808F0A4
:104D6000E6FF032321790020337101F0E3FF0546BC
:104D700007B9F06063881B0704D508F075FE054489
:104D8000C4F8D8506388103B0D2B36D8DFE803F009
:104D900038352F2F352F353535353535352F0C2313
:104DA00021214370034603F8091B52B1D4F85F2058
:104DB0000121C0F80920B4F863209A8007F021FD92
:104DC000B9E7A26DC0F80920B4F85C209A8094F885
:104DD0005710F3E7062303704370ACE70223037018
:104DE0000623F9E740F236612D20FBF7CBFB217952
:104DF0000120BDE8F84002F06FB940F6CF41F3E77B
:104E0000F8BD00BFE819002038B543880446102BD0
:104E100004D10121BDE83840FFF748BF0B4DAB7C02
:104E200023B101F0EFF9402002F030F9286802F0D8
:104E3000BDF8608810F0040002D1217902F04CF92D
:104E4000002002F001F901232B7138BDE819002080
:104E5000024B0121D869FFF729BF00BFE8190020E4
:104E600010B5134CA37C1BB102F01CF901F0F6F94C
:104E7000E06908F0DFFA70B12379012B10D12379B2
:104E8000226A03F18043E069D268013BBDE810402B
:104E900052F823301847E069BDE81040FFF770BCB6
:104EA0002379022BEBD040F65E312D20FBF76AFB15
:104EB000E8190020074810B5037903F0FF0433B95F
:104EC00018222146043009F0ACF9204610BD0C240C
:104ED000FBE700BFE819002010B50023084C237140
:104EE0002060FFF7E7FF20B140F2EF212D20FBF714
:104EF00049FB236A13B940F2F221F7E710BD00BF66
:104F0000E8190020014B024A1A627047E819002094
:104F1000D8510000034B044A1A60044B044A1A603B
:104F2000704700BFEC020020D1490000F0020020D1
:104F300071460000F8B5057D0446AF1EFFB2002D96
:104F40003AD0012F2DD800F1580190F8570007F002
:104F500075FA0828064624D0FDF7BEFD10BB023DB9
:104F600018BF0125012F84F8505066778CBF0027A9
:104F700001272777FDF772FE054603F0C5FC0022E6
:104F8000164B84F85E20E5FB0301C4E912011146CB
:104F90002046FFF7BDFB70B940F27A412D20FBF7A8
:104FA000F1FA0826022D09D104F151010020FDF784
:104FB00021FC80B90020F8BD0826F5E7E37E002B30
:104FC000F8D0D4F815300125C4F85130B4F81930B0
:104FD000A4F85530C6E70025C4E700BF40420F00E3
:104FE000F0B5464E85B00446327902F0FF0312B99F
:104FF0000278FF2A04D140F6B9112D20FBF7C2FA3E
:105000003382B3607371B37180F871303C4B684682
:1050100004F1280500933B4B01933B4B0293336A09
:105020005B68039301F0BAFF01F0EEFD02F03AF87D
:1050300001F014F9354801F049FE354801F0A8FFA8
:10504000284608F0D0FC284608F0D2FC01F048FEC3
:105050002179252001F0A6FD94F9120001F030FE1F
:1050600004F13401206B06F019FA074604F13C0103
:10507000206B06F03AFA0546E7B194F82430CBB13C
:10508000B4F92E50ED43ED0F237F13B963885B070E
:1050900009D56FF00043D4E912129A4208BFB1F16A
:1050A000FF3F0ED1A5B930680330FDF7F5FDB074B0
:1050B00005B0F0BD002DE7D094F82550002DDFD1CC
:1050C000E2E703F021FCD4E9122390429941E9D3AD
:1050D000012229462046FFF71BFB50B1FDF7BEFD1C
:1050E000054603F011FC0B4BE5FB0301C4E912017B
:1050F000D9E7002DD7D040F6F6117EE7E819002059
:10510000614E0000F5470000A1480000D6BE898E20
:105110005555550040420F0073B50446FFF760FF38
:1051200000212046FFF7C2FDA36E0BB101221A60D9
:105130006388DB0720D50023104E256ACDE90033B4
:10514000FF23F3746846FBF713FEA8B9009CA54241
:10515000F8D005F10A036A7A04F10A01607A07F0CF
:1051600033F90028EED0A378F374D4F80300044B8D
:105170007061B4F807209A8002B070BDE819002071
:10518000FC190020024BD8611B6A1B68184700BF3E
:10519000E819002043881B0710B504460ED5036AA2
:1051A0003C220849723042721B884381FF2380F8F9
:1051B00027304FF6FF73038507F027FCFF2384F8A1
:1051C000713010BD69D60000BBD60000094E00004A
:1051D000C1D60000D54B000019510000C94700009E
:1051E000514E0000C8510000CC510000D4510000C5
:1051F0000138022808B503D9C3212F20FBF7C2F9D3
:1052000013290A4B05D811290CD8102907D0D12110
:10521000F3E71529FBD103EB4003D88801E033F80D
:10522000100008BD03EB40039889FAE764630400AB
:105230000C4A0346117889B9906833B9B0F8581010
:10524000828F91420AD8FFF781B993891B0707D54E
:1052500090F88800073818BF012070470020704779
:10526000012070470C1A00202D4AF8B50346948996
:1052700090681C43402B948104D10421BDE8F84080
:10528000FFF772B9802B01D10521F7E703F0030482
:10529000032C04D140F6C3213120FBF773F913F03E
:1052A000020418BF1161DD0705D55161C9780629CF
:1052B0000DD00B2917D02CB11169C97805291DD043
:1052C0000B2927D09B0644BF08231370F8BD90F824
:1052D00087101829EFD1002600270121C0E938677F
:1052E00080F88B10E7E790F88710122901BF0021A2
:1052F00080F88B10012180F8C810DCE790F8871047
:105300001629DFD1002400250121C0E93A4580F8A3
:105310008C10D7E790F887101129D3D10021F6E738
:105320000C1A002073B5044640680D46836F13F0D5
:10533000300F47D109891A2903D96B89B3F5A47FA6
:1053400006D2E978204602B0BDE8704007F0AABC5A
:10535000AA881A2AF5D9EE88B6F5A47FF1D33030A1
:10536000009607F0E4FB184B9A8992070ED51B694B
:10537000DB78142B0AD16268936F43F010039367B4
:10538000204607F05DFC002002B070BD636893F812
:1053900086201D2AEFD093F81B31002BEBD16368D8
:1053A00093F81A31002BE6D16268936F114602F52B
:1053B0009F7243F0200331F8300B42F8C63CFEF7F1
:1053C00073F8DDE70120DFE70C1A002037B504464B
:1053D00001A8FDF799F920B940F6A3013120FBF7A8
:1053E000D1F822220021019808F01BFF019D032122
:1053F000284607F078FA2B78214623F010032B700B
:105400000198FDF7A1FD224601990548FEF736F9FE
:10541000FDF78EF910B940F6AD01DFE703B030BDFE
:10542000101A0020264B70B59C6894F83E5294F8F0
:105430003F62002D3DD194F86810002E3BD194F8C6
:10544000693084F8681084F86930FF2384F86A3082
:105450001C4B1B680BB12046984794F82431012B54
:1054600001D0354303D000211748FDF721F804F19E
:105470003006304607F049FB04F235110546204658
:10548000FDF7C4FF20460621FFF76EF8304607F00F
:105490003CFB8542044610D203F0A4FB0146601B8E
:1054A000192838BF192003F03CFBB0FA80F04009FE
:1054B00070BD2946C1E73346C3E70120F8E700BFC6
:1054C0000C1A002000030020101A0020154B1B6945
:1054D00010B51979436893F88620092A09D193F801
:1054E00009218A4205D1002283F8862083F8C22050
:1054F00010BD9A6F12F0080406D022F00802BDE831
:1055000010409A6707F0A6BBFF2905D1332283F824
:10551000344283F88620EBE740F24C513120FBF710
:1055200031F800BF0C1A0020F8B50D790446A5F13A
:105530000E03DBB2152B0DD8012640F2512206FADC
:1055400003F7174208D14268152B92F8862028D01D
:10555000082B08D00020F8BD024631462846BDE899
:10556000F84008F088BA212A01D02E2AF2D120462C
:1055700007F05DFB636893F88720222AEAD093F84E
:10558000D9201A21204622F0010283F8D92062682E
:1055900092F8D93023F0080382F8D930FCF788FF5D
:1055A000D8E7282AD6D1034B1B68002BD2D09847C6
:1055B000D0E700BFFC0200202DE9F041A0F10E046D
:1055C00000291346E4B208BF1F21172C0AD8012670
:1055D00040F25127A6403E4207D116F4600F23D176
:1055E000082C07D00020BDE8F0810021BDE8F04183
:1055F00008F041BA546894F88620212A08D1184648
:10560000FCF756FF002384F8863084F8C230E9E7BF
:105610002E2AE7D194F88720A2F120010629F1D99A
:105620002E2AEFD02A21EAE7054A1468002CD9D0A7
:105630000A46014618462346BDE8F041184700BF18
:10564000F80200202DE9F7437F4D0646AC6800289C
:1056500040F0A480AB891A0724D594F80E31FE2BB4
:1056600004D140F2CF513120FAF78CFFFE2384F8A9
:105670000E3194F887301A2B06D184F8C700281D04
:1056800007F0E8FA84F8876094F88630202B33D04E
:10569000332B3FD094F88830072B02BF02232B76A0
:1056A00084F80E31AB89DB073DD4AB895F0700F18D
:1056B000AB80990740F1B280AB68012283F80F21DB
:1056C0002B69DF780D2F00F0A680112F00F0B1803C
:1056D000072F00F0B0803846FEF790F80346002808
:1056E00040F09A80FF2F40F0A880AA68332182F80A
:1056F000340282F8861091E094F88730A3F12002FA
:10570000062A05D92E2B03D0212384F88630C1E741
:105710002E23FAE7012384F83532002384F88630FB
:1057200084F8C230B6E7D5F80890D5F8148099F817
:105730008730113B0B2B0BD898F80330023BDBB2C0
:10574000092B7DD840F2333222FA03F3D80777D5FC
:105750004046FDF7DBFB98F8037020B939463B481B
:1057600007F0A0FA49E0012F01D9162F30D199F89E
:10577000860007F084FA40B199F88630202B04D0D7
:10578000212B07D12E2389F886303846FEF724F8DE
:1057900003462AE0162F14BF022620262B781B076B
:1057A00012D594F88730113B0B2B4BD9002501A95A
:1057B00003200195FBF762FF019B2BB11D720C22A8
:1057C00021460198FDF7BCFD304603B0BDE8F083EB
:1057D000112F0ED005D8072F14D00D2FD5D11C4B6B
:1057E00008E0142FD1D11B4B1B681BB998F803108C
:1057F000B5E7194B69691548984700283FF455AF3C
:105800000646CBE7154BF5E794F88820062A04BF37
:1058100001222A764DE7124B0C489847AB89DA06ED
:10582000BCD594F887300A2BB8D10B2384F8873085
:10583000B4E70C4BF0E70C4BEEE740F2C25112E735
:105840000826ABE70820C0E70C1A0020101A002039
:10585000B5DB0000F4020020FDDB0000295500004C
:1058600045DB000063DB0000CD5400002DE9F74F5D
:10587000B64F0E468046B989BC688D0504F1780A9A
:1058800054BFB4F8B8200023504653BF0132A4F8E7
:10589000B83084F8AF31A4F8B82008F07AF930B104
:1058A0000B4604F5967221465046FEF74DF9BB892A
:1058B00003F4C0632BB194F88A30002B47D0032B3C
:1058C0004CD094F88A20BB89012A04D1180544BF22
:1058D000022284F88A20B8F1000F40F09580590622
:1058E00057BFB4F8C8214246013292B2A4F8C82189
:1058F00003F00A020A2A0DD13A69D278022A09D1A4
:1059000023F008033046BB81FFF79CFE3043082399
:10591000C6B2BB813046FFF795FEBD68304395F8AF
:105920000E31C6B2FE2B3CD1DEBB95F88830063B6B
:10593000012B36D995F81831ABB195F81931012200
:105940000221A5F8BC6085F8103128462BE1012121
:1059500084F88A102046FEF707FEB2E702230121F1
:1059600084F88A30F6E795F88790A9F110095FFA74
:1059700089F9B9F10C0F40F2ED80AB6FDA0702D56F
:1059800032460921E1E7980740F1938032460C2125
:10599000284608F0BEF895F8C93043F0010385F8B1
:1059A000C930B4F8A83194F8AC510133A4F8A83147
:1059B000002D00F0FD81FBF753FE10B10023A4F889
:1059C000A83194F88A10012940F2278294F888308F
:1059D000072B40F00582B4F8B830022B40F21D824C
:1059E000B4F8BA500135ADB2B4F880302B44A4F805
:1059F000A03194F8AD31002B00F013820123B4F8EC
:105A000080201344A4F8A431BB89BD685B0657BF4E
:105A1000B5F8B4310023B5F8A6219B1858BF9BB246
:105A2000A5F8B43195F8183123B995F88830063BBC
:105A3000012B06D8B5F8BC30B5F8A6211344A5F85B
:105A4000BC3095F8C21031B1B5F8BE30B5F8A6211A
:105A50001344A5F8BE3095F9C620002AC1BFB5F899
:105A6000C430B5F8A6011B18A5F8C43095F8A930C4
:105A700063B9B8F1000F40F065823B7E022B40F025
:105A8000178295F81031062B18BF162395F8A82019
:105A900022B92F4885F8A930FDF7C2FE284608F044
:105AA000E6F8002384F8AB3103B0BDE8F04FFCF713
:105AB00065BE590702D53246132146E71A0706D5B7
:105AC00095F80831324685F8103107213DE713F08B
:105AD000300F35D095F81B31002B4AD195F81A318B
:105AE000CBB195F8873005F58D7105F23E22252B57
:105AF00024D095F88630A3F125004342434128463F
:105B000007F007F8AB6F23F0200343F01003AB67F7
:105B1000002385F81A31AB6FDA062AD505F2351164
:105B20002846FDF773FCB5F8523000221521A5F880
:105B30001031B5F85630A5F8123106E70123DEE73B
:105B40005B0616D500222421FFE600BF0C1A0020B8
:105B5000101A0020D7F808B09BF88730113B0B2BA8
:105B60000ED8DFE803F01D0D0D0D232C0D0D0D0DCE
:105B70000D55B86890F88730222B4FD0312B4AD082
:105B800095F88630002B59D195F88730103B0C2BB7
:105B90005CD995F8B630002B58D001221221D4E6FA
:105BA00000220B21584607F0B4FFFAE65846FDF7ED
:105BB000ABFE00283FF4F5AE00220421F2E79BF88B
:105BC0003032012B08D100220521584607F0A1FFF1
:105BD00000238BF83032E4E69BF83032022BD9B246
:105BE0007FF4DFAE9BF8C85025B1062300228BF866
:105BF0001031EAE703210622B34807F03AF89BF890
:105C0000D8302A4613F0040F0CBF0D211121DCE718
:105C100000220621C6E700221121C4E790F82431B2
:105C2000022B02D100221721BDE790F82431012B6D
:105C3000A6D190F82531002BF4D0A1E7092B05D18E
:105C400095F80931012285F810313EE7B9F10C0FC2
:105C50007FF6A7AED7F8089099F886B0BBF1000F91
:105C600040F08C8099F82B313BB101220E2148463F
:105C700007F04FFF89F82BB1ADE799F82A3193B1BE
:105C800099F8C9B01BF003030DD14BF0010B0122B1
:105C90000C214846019307F03CFF89F8C9B0019BED
:105CA00089F82A3197E799F81A3133B399F81B31FB
:105CB0001BBB99F8873009F58D7109F23E22252B1F
:105CC00019D099F88630A3F1250043424341484654
:105CD00006F01FFF002389F81A31012214214846DB
:105CE00007F017FFB9F85230A9F81031B9F856305B
:105CF000A9F8123155E60123E9E799F82431012B7F
:105D00004BD199F82531002B47D199F88730A3F171
:105D10002002062A41D92E2B3FD099F8680001288D
:105D200006D0022804D04FF461710620FAF72AFC4D
:105D300099F86910012901D00229F4D1022899F8B3
:105D400026210BD0012A14BF0022012242B90A3BAE
:105D5000042B13D901221621484624E7022AF2E730
:105D6000022999F8272116D0012A14BF0022012206
:105D7000002AECD000215448FCF79AFB95F88630B5
:105D8000002B7FF40EAE95F83432002B3FF409AEB1
:105D90000122FF21D9E5022AE7E74C4B1B68002BC3
:105DA000ECD049489847FE280146E7D00122D3E7C6
:105DB000FBF750FC08B1A4F8A851FBF759FC0028E8
:105DC0003FF4FFAD94F8AF310133DBB2022B84F81E
:105DD000AF3182BF0023A4F8A83184F8AF31F0E5D9
:105DE00094F8B6301BB194F886300F2B15D1B4F867
:105DF000BA505046B4F8B830ED1A033D07F0C9FE6A
:105E000068B1D4F8B030D4F8AC20033B9B1A9D4263
:105E1000A8BF1D46012D3FF7E6AD0125E4E52B4661
:105E2000F5E7012D7FF6EAAD94F8873013B10B2B1F
:105E30007FF4E4AD94F88630002B7FF4DFAD94F866
:105E40008830002B7FF4DAAD02297FF4D7AD94F8C7
:105E5000AF31002B7FF4D2AD2069B4F82E9005F05D
:105E600082F900283FF4CAAD94F80E31FE2B7FF47E
:105E7000C5ADB4F8A231012B7FF6C0ADB4F8A821AE
:105E8000238C9A42BFF4BAAD013D9B1AADB29BB2CE
:105E9000B5FBF9F59D4228BF1D4605FB09F3003D02
:105EA00003F1010318BF01259BB284F8AA51A6E5AE
:105EB000012B0DD195F88930002B7FF4E7AD00213F
:105EC0002846FEF751FBECE5101A002004030020E1
:105ED0005EB1F00634D4310734D4B20634D4B307FB
:105EE00034D140F64421312020E739B1B5F8BE1055
:105EF000B5F8C030994201D32223C7E5002A05DD59
:105F0000B5F8C420B5F8C0309A42F5D2B5F8BC2037
:105F1000B5F8BA309A420AD295F88A20B5F8B83066
:105F200052B1B5F8BA209A42C9D80823AEE595F81F
:105F30001831002BE0D1EFE7052BC0D93E23A5E5B2
:105F40001E23A3E53D23A1E523239FE52A239DE509
:105F500073B5634B00250126044698601E719D8130
:105F60001D701D76FF2380F8AB310088FCF7C6FB5F
:105F70002088FCF7EDFBB4F8A231E3B194F80E31C0
:105F8000FE2B18D194F81831ABB194F88830063B49
:105F9000B34210D994F81931204632460221A4F8B0
:105FA000BC5084F8103107F0B4FD022084F8AA51E7
:105FB000FFF70CFA03E094F80E01FE28F8D1B4F8CC
:105FC000A61104F17806E38D0139B4F8A821304612
:105FD00089B2B1FBF3F31344A4F8A831B4F8B83094
:105FE0000B44A4F8B83007F0D4FD20B1D4F8AC309D
:105FF0000B44C4F8AC30B4F8A2310025012B9CBF8F
:106000000133A4F8A23109B184F8AF5194F8873074
:1060100084F8AA51A3F10A02012A1DD8B4F88030ED
:10602000B4F83C229B1A19042FD404F23E2104F147
:106030008E0006F038FB84F88750FF2384F8C330C5
:10604000B4F8A6212146304606F074FB98B340F61A
:10605000C8113120FAF796FA252B16D1B4F83C2254
:10606000B4F880309B1A1A040FD484F88750FFF7D5
:10607000D9F9014630B984F8240102B0BDE8704076
:10608000FFF7F4BB84F82451DAE794F8863003F084
:10609000FD03252BD4D1B4F88030B4F83C229B1AF0
:1060A0001B04CDD4002384F88630FFF7BBF90146EA
:1060B0000028C5D1E1E70B4B0B4900930B4A0C4B71
:1060C00003C9FBF7AFF994F88730113B0B2B04D8C9
:1060D00002B0BDE87040FBF79DB902B070BD00BFD3
:1060E0000C1A00206D580000101A002069520000A0
:1060F00031520000D0F844328269934210B5044610
:1061000004D1D0F84812026A914215D0228804F5D1
:10611000C0700F49A4F88A2140F2E242B3FBF2F3C7
:10612000A4F88C31B4F84832A4F88E31B4F84A326D
:10613000A4F8903106F072FC0221204606F09FF987
:10614000002384F88730032384F88A3010BD00BF11
:10615000B5CD000008B5FDF765FA024B024A1A609A
:1061600008BD00BFF402002025530000064B1B6849
:10617000D3F8000138B1D3F8040120B1D3F80801F5
:10618000B0FA80F040097047341C0020034B002215
:106190001A705A7010229A70704700BF281A002097
:1061A000F8B50646022014460D4600F077FA114B6A
:1061B000114A0127191D5C609A6002F18072033454
:1061C0002D011F70DC601D83C3E9042600222433E7
:1061D00003F80A2C0D2203F8092C084A1268C2F8A9
:1061E00030150749C2F80875C2F8383503C983E885
:1061F0000300F8BD281A00200300000B341C002007
:106200008463040008B5022000F048FA0D4B012217
:106210001A7000220C4B1B68C3F80021C3F804213C
:10622000C3F80821094AC3F88020094BC3F88C2021
:10623000084B1B68C3F88C210822074BC3F80425C0
:1062400008BD00BF281A0020341C00200300008075
:1062500000300850401C002000200450154A08B5AA
:106260001378FBB1144B19680023C1F8803013492F
:10627000C1F88C3012490968C1F88C310821114BE2
:10628000C3F80815FFF772FF88B101235370938E8E
:10629000FF2B03D9BA213B20FAF774F9DBB29370D4
:1062A000002313700020BDE8084000F0F7B9102368
:1062B0005070F4E7281A0020341C002000300850E9
:1062C000401C0020002004500A4B1A786AB10A4B87
:1062D0001B68D3F8002152B1D3F8040140B1D3F8C0
:1062E0000801B0FA80F040097047587870470220E2
:1062F000704700BF281A0020341C0020064A08B549
:1063000013782BB1FFF732FF20B192F8340008BDAB
:106310009078FCE71020FAE7281A00200A4B0221A7
:106320001A680023C2F88030084AC2F88430084A4C
:106330001268C2F88431074AC2F8081502F58022B3
:10634000C2F80835704700BF381C002000300850E4
:10635000401C002000200450024B00221A809A703A
:10636000704700BF601A00202DE9F0410646012069
:106370000C461F46904600F091F906F00301224BAF
:1063800022481D6841EA0743077143F08073C5F84E
:106390000435FFF7C3FFE368A0F806801FBAA368BF
:1063A000C67019BA63681ABA2368C5F810751BBAA3
:1063B000C5F81415C5F81825E769A169C5F81C3595
:1063C0003FBA09BAD4E9042C94F82040130AC5F85E
:1063D0002075003C4FEA026243EA0C63C5F82415BD
:1063E00018BF012412BA23F00043022E43EAC473FB
:1063F0001BBAC5F828354FF00103C5F82C254370AA
:1064000098BF0370BDE8F081381C0020601A00209E
:10641000304B5A782DE9F04704460D4622B94FF427
:1064200007713C20FAF7AEF82B4A03F10C0E4F78B7
:1064300003F1140603F13C0CDFF8A0904FF00E08B6
:106440001F811F8503F14C0A0437DD61C3F82090DA
:1064500083F82B80A3F8607092E80300C3E9154924
:106460008EE80300D2E9020186E80300E91C002659
:10647000596283F82A60D2E90401C3E90B668CE80B
:106480000300611C596416499964D2E90601E21CB3
:106490008AE80300DA65012183F8626083F863808B
:1064A000D8789970C3E91966AA78A2700D4A126863
:1064B000C2F830E5C2F838C540B91B780BB9E32102
:1064C000AFE7C2F804011160BDE8F0871970C2F8A7
:1064D0000461F8E7601A00208C6304000100000DDD
:1064E0000100000C381C0020334B5A782DE9F04194
:1064F00004460D4622B94FF412713C20FAF742F8D7
:106500002E4A03F13C0C03F14C0603F10C07DFF8B3
:10651000B080DFF8B0E0C3F848805D65C3F858E0AC
:1065200092E80300C3E9094E8CE80300691C596432
:10653000D2E9080186E80300E91C0026D965224952
:106540009E6683F83260C3E91816D2E9040187E831
:106550000300611CC3E90518D2E90601E21C03F13E
:106560001C08DA62DA881A860E2288E8030083F8AB
:1065700033200121C3E90D66AA789970A270134AED
:106580001B781268C2F830C5C2F8387513B940F2EA
:106590000F11B2E70E4BC2F80461C2F880300D4A09
:1065A000C2F884300C4A1268C2F8843102220B4BC4
:1065B000C3F80425BDE8F081601A00208C63040054
:1065C0000100000C0100000DE803000E381C002043
:1065D0000100008000300850401C002000200450C2
:1065E000054808B503781BB1FFF798FE0023037038
:1065F00000234370837008BD601A002008B5084B63
:106600001B68D3F8042122B94FF422713C20F9F71A
:10661000B9FFD3F80004003818BF012008BD00BF3F
:10662000381C0020024B01221B685A60704700BFD3
:10663000381C002038B50A4D00242B68D3F80025FB
:10664000032A04BF01225A60064A1268C2F80045B4
:10665000C3F80045FFF7C4FF2B68C3F8804038BD7E
:10666000341C0020381C00200A4BB3F90030002BEA
:106670000DDB5A09012103F01F03994002F12003A9
:10668000054A42F82310BFF34F8FBFF36F8FFFF718
:10669000D1BF00BF4C1C002000E100E010B5044653
:1066A000FFF7C8FF012C06D0022C0AD044B18C2180
:1066B0003D20F9F767FF084B02221B68C3F800254D
:1066C00010BD064B03221B68C3F8002502F10042EF
:1066D000C3F88020F4E700BF381C0020341C0020E1
:1066E000024BD3F8A00300F00100704700C0FF0088
:1066F000084BD3F8A423D3F8A833511C9BB203D181
:106700004FF6FF718B4203D00260838001207047F7
:106710000020704700C0FF000B4B30B5D3F89053FA
:10672000D3F89443D3F89813D3F89C2305EA0403D1
:106730000B401340013317BF0560002044608160A7
:106740001CBFC260012030BD00C0FF000B4B30B544
:10675000D3F88053D3F88443D3F88813D3F88C2329
:1067600005EA04030B401340013317BF0560002006
:10677000446081601CBFC260012030BD00C0FF00CA
:10678000064B0022C3F80022C3F81822C3F82022C7
:10679000C3F80C22C3F81422704700BF00A00850B1
:1067A000024B00221A809A701A717047D01A00208A
:1067B00038B5144D0346084695F83D2022B940F6F9
:1067C000B2113E20F9F7DEFE6BB9012AAC6B95F8E9
:1067D0003C1005D100F058FE20442B6BC01A38BD88
:1067E00007F0ABFAF8E7012B0AD1012AAC6B95F858
:1067F0003C1002D100F03AFEEEE707F0A9FAEBE711
:106800000020EAE7D01A002008B50128084B83F8D9
:106810002400084B06D0022808D040F6EC613E2048
:10682000F9F7B0FE0322C3F8002508BD0422FAE7F9
:10683000D01A002000A0085008B5144B93F84A3035
:10684000D90720D59A070ED5114BD3F8002442F072
:106850000102C3F80024D3F8200500F0F600023846
:1068600018BF012008BD5B070DD5094B094AC3F8C5
:106870000821A3F5A043D3F8403123B140F28A7137
:106880003E20F9F77FFE0120ECE700BFD01A002080
:1068900000A008500B00008008B570B9104B2831DB
:1068A0001846D9600F4900F097FE0130012816D92B
:1068B00040F66D013E20F9F765FE01280CD1084B2A
:1068C00029311846D960074900F08CFE01300128B3
:1068D00005D940F67701EDE740F67B01EAE708BD10
:1068E0006C000020B463040008B50C4B9B78012BAE
:1068F00009D100F07DFE013001280ED940F60421B7
:106900003E20F9F73FFE022B07D100F077FE013061
:10691000012802D940F60A21F2E708BDD01A00206A
:106920000A4B40F409000A4A1B8D40F04000B3F5C1
:10693000166F36BFA3F63813A3F5166343F48073BE
:10694000C2F80837C2F84005704700BFD01A0020CF
:1069500000A0085037B50C460546FFF755FF204606
:106960002146FFF7DDFF104A01AB284692F92520AA
:1069700000F0CCFD9DF8050000F046FE20B140F28D
:1069800055713E20F9F7FEFD9DF9040000F00AFD67
:10699000064B40F20312C3F8442E40F25B62C3F888
:1069A000482E03B030BD00BFD01A002000A0085010
:1069B0002DE9F8430C4617468046434D00283FD149
:1069C0000123AB702B78012B23D1404B33F81230CD
:1069D0004FF47A7203F5FA73B3FBF2F3CC1A2B6B14
:1069E0003B4E1C443B4BC6F84045C6F8C0312B78A3
:1069F000002B57D195F84A3043F0020385F84A300E
:106A0000FFF71AFF0546002853D100252846BDE8A8
:106A1000F883104695F82610FFF79CFF2E4B4FF495
:106A20007A7253F8273003F5FA73B3FBF2F3E41AE2
:106A30002B78002BD3D1294B264AC3F80021CEE76F
:106A400001282AD10223254EAB702B78012B06D1C9
:106A5000D6F8003443F01003C6F80034BFE795F8C9
:106A600026901046FFF7D0FE293C4846FFF758FF16
:106A7000D6F8003443F01003C6F8003440F2031394
:106A8000C6F8443E40F25B63C6F8483E2B78002BC4
:106A9000A5D1104BC6F80431A1E74FF413613E2095
:106AA000F9F770FD012BABD195F84A3043F00403A0
:106AB000A4E70123F364D6F84C35A342A5DA2146B6
:106AC0004046FFF7E9FEA1E7D01A00203464040035
:106AD000005008500B0000802864040000A00850FB
:106AE00008B560220021034807F09BFBBDE8084081
:106AF000FFF756BED01A0020024B0344187D00F564
:106B000016607047B4630400014B93F83C00704773
:106B1000D01A0020024B986B1B6BC01A704700BF45
:106B2000D01A00200A4B93F83C20D3E90C30C01A4D
:106B3000084B03EB8203DB6BC01A074B53F8223080
:106B40004FF47A7203F2F313B3FBF2F3C01A7047F7
:106B5000D01A0020B46304001C6404000F4A08B576
:106B600092F83C10012906D0022914D040F2C62127
:106B70003E20F9F707FD40F61C40D2E90C239B1A92
:106B8000074A02EB8102D26B9B1A4FF47A72B0FB78
:106B9000F2F0184408BD4FF4AF60EEE7D01A0020C1
:106BA000B4630400FF2808B504D940F2E5213E2073
:106BB000F9F7E8FC124B0129A3F8480004D0022998
:106BC00019D040F24131F2E7002343F4801340F042
:106BD00000700C4A43F4847340F44030C2F8203E05
:106BE000C2F8280ED2F8203503F0F703032B05D1A5
:106BF0004FF45671DBE74FF08073E6E708BD00BF46
:106C0000D01A002000A00850F8B5244E4FF4806739
:106C1000C6F89070BFF34F8FBFF36F8F204C0121E8
:106C2000204DC4F8A410FFF7ABFD0323C4F8401EA9
:106C300085F82410C4F800354FF40023C4F800345C
:106C4000194B187C00F0F2FC03F044FE174B184A75
:106C5000C4F83833174BC3F8C820013AC3F8C4202E
:106C600040F6FE72144BC4F81433144BC3F80425D9
:106C70000023AB87AB6385F84A3002F042F84FF44B
:106C800080732863C6F89071C4F888342B6E37611E
:106C900003B19847BDE8F84000F092BC00E100E085
:106CA00000A00850D01A00206C00002003000080D3
:106CB00006000080005008500100008000200850AD
:106CC000014B83F825007047D01A0020020E034BB9
:106CD0000002C3F8342EC3F82C0E704700A00850F1
:106CE000044B054A034482F826001B7D03F5166316
:106CF00013857047B4630400D01A002010B5044611
:106D00000068FFF7E3FF094B6268C3F84C2E207A56
:106D1000FFF7E6FF617A6089FFF744FF607AFFF7CB
:106D200073FD227B024B83F8252010BD00A0085084
:106D3000D01A00202DE9F041324C06460F4694F857
:106D40004A30DA0704D440F6BE013E20F9F71AFCB7
:106D50002D4D43F00203D5F8002442F00102C5F89E
:106D6000002484F84A3028BB012394F826103846C2
:106D7000A370FFF7EFFDA378012B02D040F6CA0104
:106D8000E3E7224AD3642B60204B3046D3F84C55BE
:106D90002946FFF781FD236BED1A7EBB1C4B4FF498
:106DA0007A7253F8273003F5FA73B3FBF2F35819EC
:106DB000BDE8F0810128E7D1022394F82680084637
:106DC000A370FFF721FD4046FFF7AAFDD5F8003478
:106DD00043F01003C5F8003440F20313C5F8443EF5
:106DE00040F25B63C5F8483EA378022B02D040F620
:106DF000D201AAE7054BDE646E60C5E705F1290004
:106E0000D6E700BFD01A002000A00850005008505C
:106E10002864040008B5FFF7CBFD58B9064B0122E2
:106E2000C3F8400503F5A04302201A61BDE80840FD
:106E3000FCF7A6BA08BD00BF0050085013B5264B9A
:106E40004FF48061254A4FF0FF30D3F88844C3F8EF
:106E50009004C2F890114FF40022214904F4807488
:106E6000C3F80024002281F84A201E49C1F84025B9
:106E7000C3F80821C3F80021C3F80421D3F8201572
:106E8000C9B2D1B18DF80700C3F8202201221A61DE
:106E90009DF8072012B1D3F820223AB19DF80730AF
:106EA0005BB940F6F2113E20F9F76CFB9DF8072024
:106EB000013AD2B28DF80720EAE7FFF715FD06493F
:106EC0000023C1F82032FFF76BFC1CB14FF4807334
:106ED000C1F8883402B010BD00A0085000E100E005
:106EE000D01A00200050085070B50024234D244EC5
:106EF000C5F84845C5F84445C5F84045C5F84C4572
:106F0000FFF79CFF00F062FBC5F8C441C6F80841DA
:106F1000C6F80041C6F80441C5F8C840C5F8C440E9
:106F200003F0F0FC174B40F6FE72C6F83843C6F883
:106F30001443C5F8C041C3F808254FF48062124BD2
:106F40001C77C3E90D44114BC5F84845C5F84445C5
:106F5000C5F84045C5F84C45C5F84841C5F8444119
:106F6000C5F84041C5F84C41C3F89020BFF34F8F9E
:106F7000BFF36F8FC3F8902170BD00BF0050085061
:106F800000A0085000200850D01A002000E100E0C6
:106F9000014BC3F84C0E704700A0085010B50FC845
:106FA000014C84E80F0010BD341B002008B50B4BCA
:106FB000C3F8D00E0A4B93F84A20586442F00102FD
:106FC00083F84A20FFF738FC30B9FFF737FF03207A
:106FD000BDE80840FCF7D4B908BD00BF00A00850C8
:106FE000D01A0020144B1A6B10449A6B824210B5D1
:106FF000124C09D30220FCF7C3F900230122C4F884
:1070000040350F4B1A610DE0012218621A77626455
:10701000D4F844350533834205D3094BD3F80C1219
:107020000029EFD010BD0023C4F84431054BC4F84B
:107030004405C4F8C431F5E7D01A002000500850C8
:1070400000A008500900008010B50E4C0346022233
:1070500094F83D002277012894F83C1094F82420FD
:107060004FF096000BD100F01BFA074A0023206274
:10707000C2F84431A36B0344C2F8443510BD00F09C
:1070800029FAF2E7D01A002000500850044BC3F848
:10709000940ED3F8002442F04002C3F80024704755
:1070A00000A00850054BD3F8002422F04002C3F89A
:1070B00000240022C3F8942E704700BF00A008509F
:1070C000044BD3F8183703F07F035B4203700120B1
:1070D000704700BF00A008500022044B90421A7075
:1070E000D97014BF022201225A707047D01A0020B2
:1070F000054B0022C3F84025044AD2F82035DBB204
:107100000BB10123136170470050085000A00850D4
:10711000044B30B5D3E914459B6DC0E900450B60C5
:1071200030BD00BFD01A00202DE9F0470123824C6A
:10713000824DB4F84870EB64D5F84C25236BA2EB74
:10714000030801F0E1FBC4F85880C4E91401FFF71B
:10715000CBFB7B4A0023C2F80831C2F80031C2F8E9
:107160000431D2F8001421F01D01C2F8001484F893
:107170004A30237F23B1D5F84431003B18BF0123A7
:10718000A17801290AD1D2F81852002D43D16C4BB5
:10719000D3F82032ABB145F0100512E0022938D106
:1071A000674AD2F81852D2F80C2E003D18BF0125BC
:1071B000D6074FEA450558BF45F004052BB345F007
:1071C0000105FFF7DDFAE806A37803D5012B08BF18
:1071D00045F02005594A94F80190D2F84815A1636A
:1071E000D2F8442584F83D3094F82430626384F862
:1071F0003C30B9F1000F10D1FFF7D2FA84F81C909F
:10720000E9077DD5636E984744E015F00B0FD8D1A0
:10721000BDE70025BBE70825D3E715F0110F0ED118
:10722000B9F1010A2379267818BF4FF0010A012B22
:1072300043D0022B56D02BB14FF4456145E0FFF708
:10724000FDFDDDE796215046FFF7B2FA0146FFF754
:10725000A7FA012E50D1B9F1010F14BF2723332310
:107260009844884543D90220FCF78AF8344B3046CD
:107270001E61AA0746D5636C01465B78BB42A36ECC
:1072800088BF45F00405C5F3800585F0010505F0CC
:1072900001009847A378022B0DD1237F5BB1022B0D
:1072A000264A3DD1A36B216A0B44C2F84435234BD7
:1072B000244AC3F8C421BDE8F0872348FFF71EFD28
:1072C00094F83D3023B940F6B5013E20F9F75AF95C
:1072D000012B04D1FFF742FCA369C118B7E7FFF700
:1072E00021FCF9E71848FFF709FDA169AFE7134B47
:1072F00000222670C3F84021E2785046FFF78AFD4D
:107300000020B6E715F0280F05F0200104D0B1FAEF
:1073100081F1E36E4909BCE7EB06BBD5236F72E749
:10732000012B02D040F6AF51CFE7236AA16B8B420D
:10733000BBD84FF45B61C8E7D01A0020005008505A
:1073400000A0085009000080D81A0020024B03EB6F
:107350008003D86B704700BFB4630400024B03EB9B
:107360008003986C704700BFB4630400F8B5012334
:107370000D46477801464370044628461646FFF7F7
:1073800047F8074B1A68D2F80431002BFBD067701E
:1073900016B9EB78A370AB707B1E58425841F8BD0C
:1073A000381C00202E3008B5362854D8DFE800F00D
:1073B0005053535353534D535353535353535353A6
:1073C00053534B53535353535853585349534753A1
:1073D00045534353413F3D3B39373533312F2D2BF7
:1073E00029272523215A1C003F231F4AC2F81037A2
:1073F00008BD3323F9E72D23F7E72823F5E72323F7
:10740000F3E71F23F1E71B23EFE71823EDE715232D
:10741000EBE71323E9E71123E7E70F23E5E70D2364
:10742000E3E70B23E1E70A23DFE70923DDE708238E
:10743000DBE70723D9E70623D7E70523D5E70423AE
:10744000D3E70323D1E70123CFE74FF49873CCE7C9
:107450004FF48873C9E74FF486713F20F9F792F82B
:107460000223C2E73923C0E700A00850054B4FF4C0
:107470007A72023833F8113003F2E733B3FBF2F3D8
:107480001844704714640400044B4FF47A7233F8C4
:107490001130B3FBF2F30133184470471464040055
:1074A00038B51D460A4B33F8114003EB820305350E
:1074B0009B681C444FF47A7304F6B73403FB004412
:1074C0001046B4FBF3F42544FFF740FF284438BDD1
:1074D0001464040070B5064608461546FFF73EFFE3
:1074E000094B03EB85039C684FF47A7304F6B734B9
:1074F00003FB0644241A2846B4FBF3F4FFF726FFE7
:107500000530204470BD00BF146404002DE9F04F25
:10751000264C87B0074698460D46164601F0BAFE3F
:1075200023788146BB4211D16378AB420ED194F9E6
:107530000230B3420AD1E378834207D1A388A8F886
:10754000003094F9060007B0BDE8F08F7B1EDBB277
:10755000032B0DD8164A294612F803A00DF1170384
:107560003246504601F09CFE38B14121A92002E08C
:1075700040F2FE410620F9F705F8039028469DF9F0
:1075800017B0FFF7B9FA039A0346414658460092EE
:10759000524600F03FF8B8F80030A071A380277081
:1075A0006570A67084F80390CBE700BF80000020D0
:1075B0003A640400014B1B681B681847080300204D
:1075C000014B1B685B68184708030020014B1B68D0
:1075D0009B68184708030020014B1B681B6918476C
:1075E00008030020014B1B685B6918470803002053
:1075F000014B1B689B69184708030020014B1B685F
:10760000DB69184708030020014B1B689B6A184779
:107610000803002030B4044C9DF8085024680295FB
:10762000E468A44630BC60470803002000220D49EE
:10763000134610B540FA02F4E40744BFCA545C1C78
:1076400002F1010248BFE3B2042AF3D1054AFF2444
:10765000D118032B01D9107110BD013301F8014B72
:10766000DBB2F6E7A022002008B5074801F05AF87F
:10767000054800F03FF801F009FD01F003FC00F0BF
:10768000A7FB012008BD00BF9C1C002008B501F02D
:1076900025F801F0D1FC01F019FCBDE8084000F02C
:1076A000B3BB01F035BD01F06FB810B5EFF3108436
:1076B00072B601F069F804B962B610BD01F076B88F
:1076C00001F08EBD01F044BD01F054BD01F054BD88
:1076D00001F058BD01F07ABD08B5054B1A781AB112
:1076E0002721032002F0B4FE5860197008BD00BFC6
:1076F000A41C0020024B986000221A705A60704748
:10770000A41C0020F7B51E4C2378012BDAB204D05C
:10771000022A2ED0012003B0F0BD0DF107016068F0
:1077200000F07EFB65686B7DDB071CD5AB7F042B0F
:1077300019D001F083F80646A8B101F085F82B694D
:10774000D5E900279A18B36847F100070A332CBF20
:10775000012500251B1845EB01059342BD4102D3CD
:10776000606800F02DFC0023636023709DF8070023
:10777000D1E70DF10701606800F05CFBF3E700BFA3
:10778000A41C002010B5837F8BB9034601F11802B9
:1077900051F8044B914243F8044BF9D1012484770A
:1077A0002146FFF799FF00F0E1FF204610BD0020C1
:1077B000FCE773B505460C4601F040F80646AB7F82
:1077C000012B1AD021462B4604F1180251F8040B64
:1077D000914243F8040BF9D101230DF1070128462A
:1077E000AB7700F01DFB16B1012002B070BD044B59
:1077F0000421986806F0EBFBF6E70020F5E700BFF0
:10780000A41C002010B5FFF7D4FF044620B1034BA1
:107810000621986806F0DBFB204610BDA41C002062
:10782000024B0621986806F0D2BB00BFA41C0020C2
:1078300010B5EFF3108472B601F000F818B9C92141
:10784000032002F005FEFFF7EBFF04B962B610BD9E
:1078500010B504460221FFF73FFF00F087FFA07F2D
:10786000B0FA80F0400910BD38B50446A37F03B9D3
:1078700038BDA37F032B02D0A37F042B0FD1EFF3DE
:10788000108572B6204600F0F0FA05B962B6A37F03
:10789000002BEDD040F20D11032002F0D9FDA37FA3
:1078A000012B02D14FF48971F6E706F02EFCDDE7DB
:1078B00010B50446FFF7CCFF20B92046BDE81040C4
:1078C000FFF7D2BF10BD13B50DF1070100F0B2FAFA
:1078D000044600F0B3FF20B940F22F11032002F05C
:1078E000B7FD204602B010BDF8B504460F4600F0C3
:1078F000ABFF0025A4682418384641F10006224653
:10790000334600F001FBA04271EB060309D3001BD4
:107910006FF0010361EB0601834275EB010102D3B5
:10792000F8BD2846FCE74FF0FF30F9E710B5EFF35C
:10793000108472B6FFF7D8FF04B962B610BD2DE906
:10794000F04185681746002306464A190C465B41FC
:1079500013B10020BDE8F08100F076FF2A18384608
:1079600041F1000314EB020843F1000500F0CCFAEA
:107970004045A941EDD301F0CBFB00F075FAB368A7
:10798000012037752344B360E4E710B5EFF31084AA
:1079900072B6FFF7D4FF04B962B610BD837F012B26
:1079A00001D100F08DBB00207047D0E90001704785
:1079B0000069704700F048BF10B5EFF3108472B64D
:1079C00000F042FF04B962B610BD80687047007DC8
:1079D0007047F8B50369044623B140F2D51103207E
:1079E00002F036FD01F094FB05460E4602F09AF9CE
:1079F00070B36435D4E9003246F10001AB4272EB5A
:107A0000010001D22B460A46C4E90032EFF310858B
:107A100072B600F013FF064698B100F015FFB36888
:107A20000B332CBF012200221B18D4E9006042EB6B
:107A30000101B34271EB00023CBF33460146C4E989
:107A4000003105B962B62046BDE8F84000F0D2BA70
:107A500002F088F9074600F00DFFB84238BF3846FB
:107A6000963546F100024319D4E9000142F10002C3
:107A7000834272EB0105C7D20346C4E7042300F139
:107A8000180283770023037643768376C376044B0C
:107A9000196811B91A605A60704759680A60FAE7A4
:107AA000B01C00202DE9F843DFF86C800024064666
:107AB0000F46D8F80830204633B950B3174B187822
:107AC000BDE8F84302F08ABE53E90612D3F80090ED
:107AD000B14272EB07051AD253F8085C6D1842F1F7
:107AE0000002B542BA4112D24CB12268126822603B
:107AF000A3F11800FFF7C2FF01204B46DCE7D8F8DE
:107B00000820002AF4D01268C8F80820F0E71C46C4
:107B1000F3E7BDE8F88300BFB01C0020510300204C
:107B20002DE9F047304B4FF0000E05469446C2F861
:107B300000E09868002855D018380746BA69002A2E
:107B400050D0D0E9009352E906684E4578EB030423
:107B500003D2BF219F2002F07BFCA94573EB0104F7
:107B60000BD2046914EB090443F10003A542A146BA
:107B700071EB03043CBFA9460B46AE4278EB01040F
:107B80000BD252F8084CA41948F10008A542264629
:107B900071EB08043CBF2E46884684680A344EF1D7
:107BA000000A14EB090443EB0A03A64278EB030333
:107BB00018D2047D12F8043C9C420DD08CBF0123E6
:107BC00000232BB107F11803A2F11800CCF8003004
:107BD000BF693FB1183FB1E79388848B1B1BC3F388
:107BE000C033EEE7BDE8F087B01C00202DE9F04F70
:107BF00085B082834E4A04460091D2F808C094F8BA
:107C00001580D0E90030BCF1000F40D0ACF1180174
:107C1000002708F00109D1E90026934270EB060520
:107C20006DD3B9F1000F2CD0277D0D7DAF4228D345
:107C30008D68AD1846F1000615F10A0A46F1000EEE
:107C4000534570EB0E0219D22269D21840F1000799
:107C500092457EEB070B01D252467746AA42B741C6
:107C60000FD220460024FFF709FF324B187802F0AC
:107C7000B5FD009B1C7005B0BDE8F08F1A460746A5
:107C8000ECE78A690F4622B1A2F11801C3E7624608
:107C9000674618F0010F37D0A168C91840F1000BF2
:107CA00001918AB3019DD2E9001615F10A0E4BF13C
:107CB00000058E45B54127D394F814E0157DAE45F7
:107CC00019D395686D1846F1000615F10A0946F1B9
:107CD00000084B4570EB080113D22169C91840F127
:107CE000000E894578EB0E0A01D24946C646A942E4
:107CF0007EEB060EB5D3926932B1183AD2E70A4646
:107D0000C7E719468646F2E704F118035FB1BA697E
:107D1000A261BB6103AA00200021FFF701FF231A23
:107D20005C425C41A5E7024AC4F818C09360F1E7E1
:107D3000B01C002051030020F8B5244C0023E36060
:107D4000EFF3108272B621686360E160236002B9CC
:107D500062B60026E36803B9F8BD9A79A3F118006A
:107D6000032A07D11A6801219E7153F80C3CE26086
:107D70009847EFE7196851B1A1F1180307460022AF
:107D80009D7F042D09D09B7F032B02D1B2B9E16006
:107D900017E063219F2002F05BFBB0F81CC09D8BB5
:107DA000A5EB0C052D049D6944BF07F11802184688
:107DB000002DEBD01F46A5F11803E1E713681B68FF
:107DC0001360C36802218677D2E700BFB01C002091
:107DD00010B50A4C2378FF2B04D04FF484719F20F8
:107DE00002F036FB064802F0CFFC064B0022207062
:107DF0009A601A605A601A8210BD00BF51030020B9
:107E0000397D0000B01C002010B5044C2078FF28FC
:107E100003D002F0D3FCFF23237010BD51030020D8
:107E2000034B1A8A10B4541C1C8210BCDEE600BF3F
:107E3000B01C002037B504460D4601AA00210020E1
:107E4000FFF76EFE231A04F11801584258412870BA
:107E5000044806F0E2F810B100230120A37703B034
:107E600030BD00BFB81C00201CE638B5114B0446DD
:107E700000F118011A68B2B11A6800209AB1914253
:107E80000ED108B1A56905601D68A94204BF12683A
:107E90001A605A68914200D158600023A37707E026
:107EA00010461268EAE7044806F0B7F80028F4D153
:107EB00038BD00BFB01C0020BC1C002037B50546F3
:107EC0000C46FFF7EFFD01AA28462146FFF728FEE2
:107ED00028B100F11803034A536103B030BD0346D3
:107EE000F9E700BFB01C002010B5064C616904F131
:107EF000080006F092F818B1606900231838636131
:107F000010BD00BFB01C00209C46144BF0B59D680E
:107F1000FDB115F8043C183D834218D812F10A044B
:107F2000D5E900364CF10001A34276EB01070BD2F4
:107F30002F69FF1846F10006A7428E4107D3B4F11E
:107F40000A0041F1FF31F0BD1C463146F7E7AD694B
:107F5000DEE74FF0FF300146F5E700BFB01C002020
:107F600008B5837F022B1CD1437D13F0020302D09E
:107F70000023837708BD0322037643768376C37696
:107F80000D4B827700F11802196839B91A605A60EE
:107F90000A4B1878BDE8084002F020BC59680A6016
:107FA000F5E7837F012BE5D0837F042BE2D04FF4EC
:107FB000FB719F2002F04CFAB01C002051030020FE
:107FC00010B500F118010446084806F026F820B95B
:107FD0004FF400719F2002F03BFA2046FFF74EFD60
:107FE000034BBDE81040187802F0F8BBB81C002025
:107FF000510300202DE9F74FD0F810E0BEF1000F3B
:1080000004D040F21F219F2002F022FA836890F8EA
:1080100014800193D0E90014EFF3108972B6274B56
:10802000B3F810C09B686BB1019D183B0A35D3E9CA
:1080300000264EF1000A6D1844EB0A0A95427AEBCD
:10804000060707D2B9F1000F35D0C0E9001403B01C
:10805000BDE8F08F8A4276EB04070CD31F69BF1886
:1080600046F1000BAF427BEB0A0B34BF0125002524
:1080700075B99B69D7E712F10A0A9D6846F10007B6
:1080800015EB0A0547F10007A94274EB0707ECE777
:108090001D7DA84509D0ECD912F10A019D6846F171
:1080A0000004691844F10004E3E79D8BA5EB0C057F
:1080B0002D04DED5F0E762B6C7E700BFB01C002094
:1080C000F7B50C460DF107010646878BFFF7B2FEA8
:1080D00020B940F24A219F2002F0BAF90FCC354670
:1080E0000FC594E803003A4685E8030030460DF1D9
:1080F0000701FFF77BFD012003B0F0BD034B1878AB
:1081000000F0FD00431E584258417047C81C002033
:1081100038B5FFF7E9FE002580B1094CC4E9010537
:10812000E56000F0E7FE6068022329468377C368B4
:108130009847D4E90401FFF797FE012038BD00BF3E
:10814000C81C0020024B0521986905F040BF00BF04
:10815000C81C0020042938B5054613D005D80239BB
:10816000012915D940F2C91109E00529FAD1FFF713
:10817000C5FF10B1114C607F60B140F2BF11B0205B
:1081800002F066F9FFF7BEFA10B10C4B01221A7724
:10819000002012E0236A98470123206B6377084A86
:1081A000D4E90A31323B41F1FF31181841F10001A5
:1081B00000F07EFF034B02202B6038BDC81C00205E
:1081C00045810000FD840000064B586810B520B9B9
:1081D00040F28D21B02002F03BF9C3680621BDE8D2
:1081E00010401847C81C00202DE9F84F2B4D814640
:1081F0006B7F2E6B002B3AD1FFF780FF074618B13B
:10820000AB8E9E4238BF1E4600F082FF04468019A6
:108210008B4641F10001FFF751FE68B3D0E9008AB7
:10822000B0457AF1000324D3B8EB06006AF10001EF
:10823000844223465A467BEB01043CBF03460A4670
:108240009B1942F10002C5E90432154A00F030FFE3
:108250004046514600F08EFEEFB1A98E114B124AF6
:108260008E4218BF1346C9F80030BDE8F88F0027CA
:10827000CAE700200146DBE76B7F33B12B78023B76
:10828000012B02D82B6A0120984700236B7700F05E
:1082900072FE064BE7E7044BE5E700BFC81C002071
:1082A0004581000077830000B1820000498300000F
:1082B000042938B5044624D007D80239012938D911
:1082C00040F26B11B02002F0C3F80529F8D100F09C
:1082D00053FE194D01F01AFDFFF710FFD8B16B7F67
:1082E000CBB900F015FFAA8E2B6B9B1A134AC5E978
:1082F0000A01181841F1000100F0DAFE104B23606A
:1083000007E0FFF7FFF9A0B100F0F2FE2046FFF70B
:108310006BFF022038BD00F0FBFE2B6B074A323B9F
:1083200065EB0505181845EB010100F0C1FE054B92
:10833000E5E70020EEE700BFC81C002045810000F3
:1083400055810000FD840000032910B5044606D8BD
:1083500001290ED840F21711B02002F079F8042953
:10836000F8D1FFF7CFF920B12046FFF73DFF0220FB
:1083700010BD0020FCE7042938B5054613D005D808
:108380000239012929D940F23B1109E00529FAD126
:10839000FFF7B4FE10B1124C607F70B140F23311A0
:1083A000B02002F055F8FFF7ADF9B0B100F0A0FE33
:1083B0002846FFF719FF022038BD236A984701239A
:1083C000084A6377236BD4E90401C01A61F1000104
:1083D00000F06EFE044B2B60EDE70020ECE700BFE1
:1083E000C81C002045810000B18200002DE9F04743
:1083F00080468A4691463A4C002B5ED0D3E900561F
:10840000854276EB01033CBF0E46054631462846C1
:10841000C4E9045600F0AEFDA38EB5EB080803F1E5
:10842000640366EB0A0A43454FF0000373EB0A034B
:1084300021DA637F43B12378023B012B02D8236A00
:108440000120984700236377FFF758FE0746236B08
:1084500003F5E17398457AF1000A15DA6FB1A08E41
:10846000204A281A66F1000100F022FE1E4BC9F8CE
:108470000030BDE8F0870027E9E71A4A2846314670
:1084800000F016FE194BF2E700F077FD01F044FC16
:10849000A38E206B4FB1834207D9E81A114A66F1C7
:1084A000000100F005FE124BE1E7281A0D4A66F1C3
:1084B000000100F0FDFD0F4BD9E7637F33B1237856
:1084C000023B012B02D8236A0120984700236377DF
:1084D00000F053FD01F020FC00F04DFD064BC6E717
:1084E000C81C0020458100008D8500000D8600001D
:1084F00077830000B182000049830000023970B523
:108500000446032938D8DFE801F00502070E1D4BA9
:1085100000221A77002012E0FFF7F4F80028F9D0C3
:10852000184B0122F5E700F029FDB0B1154B1B7F78
:1085300033B9FFF7EDFD18B1134B2360022070BD76
:1085400000F0E6FD06460D46FFF7B8FC224603465E
:1085500029463046FFF74AFFF0E700200021FFF7E9
:10856000ADFC08B1FFF72CFD00F007FD01F0D4FBD6
:108570002046FFF739FEE1E740F2A511B02001F0F7
:1085800067FF00BFC81C002065860000042970B585
:10859000044613D005D8023901292ED94FF40F71A2
:1085A00009E00529FAD1FFF7A9FD10B1144D687F44
:1085B000B8B14FF40D71B02001F04AFFFFF7A2F8F7
:1085C000D8B100F095FD00F0A3FD06460D46FFF77B
:1085D00075FC2246034629463046FFF707FF022076
:1085E00070BD2B6A98470123064A6B77D5E90401D1
:1085F00000F05EFD044B2360F1E70020F0E700BFD0
:10860000C81C0020458100000D860000042970B5BB
:10861000044611D007D8023901291FD940F2172189
:10862000B02001F015FF0529F8D1FFF771FD40B129
:108630000B4B2360022070BDFFF764F870B100F0AF
:1086400057FD00F065FD06460D46FFF737FC224654
:10865000034629463046FFF7C9FEEBE70020EAE76C
:108660006586000002392DE9F041064604292ED81E
:10867000DFE801F003090B2D0E00174A1378003BC9
:1086800018BF0123537700201FE0FFF73BF8FAE7FC
:10869000DFF8448000F044FC00F03AFD0C4605464B
:1086A000FFF70CFC0746D8F80400FFF759FC00233D
:1086B00000222846C8F8043000232146C8E90423D4
:1086C0003B463246FFF792FE0220BDE8F08140F2C1
:1086D000EF11B02001F0BCFEC81C002010B5EFF374
:1086E000108472B60B4B0C4A9B691B6893420DD0E9
:1086F0000A4A93420AD00A4A934207D000F03DFC4E
:1087000001F00AFB00F037FC00F0F2FC04B962B69D
:1087100010BD00BFC81C0020498300007783000003
:10872000B1820000054B10B5054C03600023A06129
:10873000237001F017FB3230206310BD4983000025
:10874000C81C002008B5074B9A691168064A914277
:1087500004D040F27221B02001F07AFE323018636A
:1087600008BD00BFC81C00204983000010B5EFF30E
:10877000108472B6034B0421986905F028FC04B9F3
:1087800062B610BDC81C002008B5064B5B6823B953
:1087900040F29321B02001F05BFE034ABDE808409F
:1087A00000F086BCC81C0020C981000008B5064B3B
:1087B0005B6823B940F29921B02001F049FEBDE881
:1087C000084000F095BC00BFC81C002008B5054B50
:1087D0005A6822B940F29F21B02001F039FE98601A
:1087E00008BD00BFC81C002008B5054B5A6822B957
:1087F00040F2A521B02001F02BFED86008BD00BFDB
:10880000C81C0020054BDB6810B523B940F2AB2132
:10881000B02001F01DFEBDE810401847C81C002024
:10882000054B9B6810B523B940F2B121B02001F08F
:108830000FFEBDE810401847C81C0020014B5868C7
:10884000704700BFC81C002008B5054B5A6822B904
:108850004FF42F71B02001F0FBFDD3E9040108BDF6
:10886000C81C0020024B323118701A62998670477A
:10887000C81C002008B5FFF741FC08B1014B988ED9
:1088800008BD00BFC81C00200028ADBF00F160403B
:1088900000F00F00044B00F56140B4BF185C90F885
:1088A00000034009704700BF14ED00E0064B1B6851
:1088B00010B51BB97621452001F0CAFD1A6A0521C1
:1088C000586ABDE810401047001D0020064B1B6889
:1088D00010B51BB97021452001F0BAFD1A6A0421B8
:1088E000586ABDE810401047001D0020FFF76EBF1A
:1088F000FFF77ABF034800214022C0E90011083089
:1089000005F08FBC001D0020FEF7CBBE704708B5F8
:10891000074B1A681AB9C121452001F099FD054994
:10892000D1600022C3E90022BDE80840FEF778BF0D
:10893000001D0020658C00001F2801D90020704711
:10894000044B03EB4000037A002BF7D000230372A3
:1089500001207047001D0020F8B50E4A0C46002388
:1089600002EB4306357A05F0FF0175B9DDB2FF274A
:108970003772282673431A44C2E91A040648202293
:10898000184405F04EFC2846F8BD0133202BE7D1F2
:108990001D46F8E7001D0020481D00201F2810B5C7
:1089A00001D9002010BD064B03EB4004247A002CB3
:1089B000F7D0282404FB0030C0E91A120120F1E7A7
:1089C000001D002030B587B00C4605461822002156
:1089D000684605F026FC237853BBD4E904310A3BF2
:1089E0006268207A41F1FF310A328DF81400029258
:1089F0009DF81520154822F003020390CDE90031BF
:108A0000637A6946C3F340035B0043F001031343F9
:108A10008DF815300E4B5868C0F3080088B1103837
:108A2000FFF732FF68B92846FEF7C3FE07B030BD36
:108A3000FEF737FE226910F10A03049241F10001AA
:108A4000CDE72846FEF79EFEF0E700BF658C0000EC
:108A500000ED00E01F2830B411D80A4A02EB4004B0
:108A6000257A65B14B7A4832C3F3800383F0010362
:108A70006372282330BC03FB0020FFF7A3BF002054
:108A800030BC7047001D002008B50A4B02465868EC
:108A9000C0F3080040B11038FFF7F6FE20B91046C9
:108AA000BDE80840FEF70FBF1046BDE80840FEF7DE
:108AB000CFBE00BF00ED00E0024B282202FB0030D9
:108AC000FFF7E2BF481D002010B5037886B00446CA
:108AD00023B14FF4AA71452001F0BAFC0593416817
:108AE000CDE90333D0E90432007A0A310A3B8DF82C
:108AF0001400684642F1FF320291CDE90032FEF7E0
:108B000068FF009B019A01200A3342F10002C4E988
:108B1000043206B010BD4FF4BA71452008B501F01B
:108B200097FC08B5094B0A46596821B940F27911FA
:108B3000452001F08DFC01461868FEF700FF18B1D2
:108B4000FEF7BCFD002008BD0220FCE7001D002050
:108B5000194B70B50446586886B0C0F3080010B9C8
:108B6000002006B070BD1038FFF78EFE03460028C7
:108B7000F6D1C3F307230E7A4D6823F003030A35B9
:108B8000CDE90400D1E904208DF814600A3A0B4EB7
:108B9000029540F1FF300396CDE900204A7A204645
:108BA0006946C2F34002520042F0010213438DF8BD
:108BB0001530FEF7F3FED4E700ED00E0658C000011
:108BC0001F280AD8064B03EB4002127A2AB1483319
:108BD000282202FB0030FFF7BBBF0020704700BF18
:108BE000001D0020034B5A6812B11868FEF7EFBE53
:108BF00002207047001D0020024B01461868FEF756
:108C000073BE00BF001D0020FEF72EBE1F2808B552
:108C100004D940F2E511452001F01AFC074B03EBA3
:108C20004002127A12B94FF4F371F4E74833282264
:108C300002FB0030BDE80840FEF716BE001D002014
:108C400008B5074B5B6823B94FF4F671452001F076
:108C5000FFFBFEF7AFFE0A3041F1000108BD00BF87
:108C6000001D00202DE9F0411C4F05461C4B0E460F
:108C700007F14804041BE4105C43E4B2620007EB14
:108C80004404237A19BB3B681BB18E21452001F0B7
:108C9000DFFB7B680BB18F21F8E707F10803134472
:108CA000C7E900030F48FFF791FD0F48FFF79CFD50
:108CB000FFF7C6FF637A80464BB1FEF701FDA8EBD4
:108CC0000000C7F8480500F035FA0028FBD02B6AF1
:108CD0003146686ABDE8F041184700BF001D00201A
:108CE000CDCCCCCCCD880000AD88000010B50446BA
:108CF000FFF7A6FF201841F10001FEF7D4FC012088
:108D000010BD024BD3F84805704700BF001D00207E
:108D1000FEF7DABC7047FEF7D5BCFEF7D7BCFEF70E
:108D2000D7BC08B5FFF79EFD002008BD70B50B78D5
:108D300086B023B140F23121452001F089FB059333
:108D40000E7A4D68049228228DF814600A35124E6E
:108D500002950396D1E904340A3B44F1FF34CDE98E
:108D600000344B7A4FF00001C3F34004C3F3800397
:108D700064F3410183F001038DF81510074901EBFD
:108D80004004637201F14803694602FB0030FEF7BC
:108D9000F9FC06B070BD00BF658C0000001D00200E
:108DA0007FB5FEF77EFC002305930B4B039340F247
:108DB0001E2302934FF0FF33CDE9000169460748B7
:108DC0000493FEF7F6FC18B9CB21432001F040FBD9
:108DD00007B05DF804FB00BFE18D000050220020C9
:108DE00038B5062937D8DFE801F00438333636368F
:108DF000170005F00AF8FEF7DDFD044617480D469A
:108E0000FEF7E3FD1E3C45F1FF312018BDE8384078
:108E100041F10001FEF747BC00F084FF38B10F4B71
:108E2000002283F82020BDE83840FEF7F9BC04F0AA
:108E3000EEFF08B904F0E9FF00224FF40071074883
:108E4000FEF77DFD0028D6D1EA21432001F000FB8A
:108E5000BDE83840A4E7F921F7E738BD50220020EB
:108E600010B5074C94F8203043B900F05BFF28B9E7
:108E7000012384F82030BDE8104091E710BD00BF09
:108E8000502200204FF000430D4A0E480021C2F846
:108E90008030A2F58022C2F88031012302F57832B9
:108EA000C2F80435A2F58022C2F804352022064B10
:108EB00080F820101B68D3F81835436205F0B1B96B
:108EC00000400C5050220020441C00200023084A7F
:108ED000C2F88030A2F58022C2F88031012302F569
:108EE0007832C2F80835A2F58022C2F808357047FA
:108EF00000400C5008B533F083FA074AD2F85837CF
:108F000043F00103C2F858370122044B1B68C3F831
:108F10001825BDE80840A3E700200E50441C00209F
:108F200008B533F06FFA0E4AD2F8583723F0010330
:108F3000C2F858370B4B0C4A1B68526AC3F8182505
:108F400001220A4B5A604FF0FF32C3F80823202257
:108F5000074BC3F89021BDE8084000F0C9B800BF36
:108F600000200E50441C00205022002000500850C9
:108F700000E100E0704770477047704708B500F0A7
:108F8000D1FEB0B90D4BD3F800314BB90C4A936AFE
:108F90000133312B93620BD99C21432001F058FA05
:108FA00004F035FF08B1A021F7E704F02CFF012001
:108FB00008BD034B00229A62F9E700BF00E01050A1
:108FC000502200204CE700BF1848202208B5C0F806
:108FD0009020BFF34F8FBFF36F8F154BC0F89021D8
:108FE000D3F8041521F00301C3F80415D3F80815CC
:108FF00041F00301C3F8081592FAA2F1B1FA81F128
:10900000092904DD4FF473710A4801F017FAC3F817
:10901000101501215960D9604FF00041C3F880104C
:109020004FF0FF31C3F80813026108BD00E100E012
:1090300000500850651E0500124B4FF4E062C3F863
:1090400038230022C3F8AC25C3F8BC25C3F8CC25CF
:10905000C3F82021C3F82421C3F8282120220A4B79
:10906000C3F89C21C3F89C20BFF34F8FBFF36F8FD1
:10907000C3F89020BFF34F8FBFF36F8FC3F89021D9
:10908000704700BF00200E5000E100E008B5FFF778
:10909000D3FF054B4FF4A062C3F834232022034BC7
:1090A000C3F89C21DA6108BD00200E5000E100E009
:1090B0000C4B10B51C681CB14B21042001F0C8F901
:1090C000B1F5801F1A6004D340F2E141064801F077
:1090D000B5F9064B0122C3F8A005C3F8A415C3F8DF
:1090E000AC2510BD80220020651E050000200E501A
:1090F000054A136833B100230449C1F8AC35C1F8FF
:1091000020311360704700BF8022002000200E50E5
:1091100030B54FF0FF30064C6FF04041D4E90023EA
:10912000904271EB0305F9D31046C3F3130130BD30
:1091300040270E5008B5FFF7EBFF044BD3E902239D
:10914000904299412CBF0120002008BD80220020C0
:1091500010B5029C241841F10001A01A61EB030133
:10916000B0F1004F71F1000103DB7721042001F021
:109170006FF910BDFFF7CCBF014B1861704700BFFE
:109180008022002008B50E4B1B691BB987210420E3
:1091900001F05EF9EFF3108272B6B1F5801F04D3CF
:1091A00040F2E141074801F049F9074BC3F8C00517
:1091B000C3F8C4150121C3F8CC1502B962B608BDC5
:1091C00080220020651E050000200E5008B5FFF724
:1091D000FBFE024B01221A6008BD00BF0050085080
:1091E00010B5FFF7F1FE114C0023C4F8BC35C4F8EC
:1091F0002431FFF78DFF0A3041F10001B1F5801FE6
:1092000004D140F2E1410A4801F018F94FF000435F
:10921000C4F8B005C4F8B415C4F8A4310123C4F8E7
:10922000BC35044BC3E9020110BD00BF00200E5045
:10923000651E050080220020144BD3F8342312F45D
:10924000A06F10B503D1C821042001F001F9D3F8B3
:1092500020215AB100220E49C3F8AC25C3F82021C1
:109260000B680BB9D021EFE70A609847074BD3F89A
:1092700028214AB10022C3F8CC25C3F82821044B89
:10928000BDE810401B69184710BD00BF00200E50FC
:1092900080220020014B187D704700BF481B002032
:1092A000042810B511D883B104280CBF1024282439
:1092B000A1420AD2064C54F8200018B141568A4205
:1092C000A8BF0A4600201A7010BD6FF01500FBE71A
:1092D000481B00200728034611DC10F12D0F10DB7E
:1092E000094A101890F82E0002EBC00292F93C20B7
:1092F0009A4207D0002918BF0130C0B270471B2026
:1093000070470020704700BF40640400072808B57C
:1093100007DCFFF7DFFF044B03EBC00393F93C00CE
:1093200008BD0820FCE700BF4064040010F0FF0007
:1093300008B5094B05D0012807D05121B52001F00F
:1093400087F801229A601A6008BD044A1268292A27
:10935000F3D15862F8E700BF00E010502C1C002049
:1093600010F0FF0008B5174B05D0012820D084214C
:10937000B52001F06DF801225A60DA60C3F80001EF
:10938000114B18700F4BD3F80824D2070FD40F4A93
:109390001268292A03D1D3F86834DB0707D4094BB4
:1093A0000022C3F81021C3F81821C3F8142108BD06
:1093B000064A1268292ADAD100229862C3F81C21D1
:1093C000E0E700BF00E010505D1B00202C1C0020D7
:1093D000014B01221A7070475D1B002008B50D4B30
:1093E00028B101280BD0D021B52001F031F8D3F8F5
:1093F000103113B9084B187808BD0120FCE7074A63
:109400001268292AEFD1D3F81C01003818BF0120B7
:10941000F2E700BF00E010505D1B00202C1C002074
:10942000024BD3F8080400F00100704700E0105030
:10943000024BD3F8480400F00100704700E01050E0
:10944000024BD3F84004C0B2704700BF00E0105098
:1094500007490246D1F84C04D1F84C1410F480307E
:1094600005D0D0B201F003031B1A5842584170478F
:1094700000E0105038B51A4BD3F80C34DA0304D49A
:1094800040F27F116D2000F0E3FF164A0124164BD5
:10949000106A536620F03F0094645464136CDB033D
:1094A000FCD4136A116C03F03F03C1F30A01C1F548
:1094B000806181EAE1750B29A5EBE17509DD3F2BA0
:1094C00004D0013303431362172DE6DC00239364B9
:1094D00038BD0B31F8DA002BF8D0013BF2E700BFC2
:1094E00000E01050000812500100008038B50B4C0D
:1094F00023781BB100232370FFF7BCFFEFF3108527
:1095000072B6637803F0FF000BB9FFF729FF05B9C6
:1095100062B6034B00225A6638BD00BF601B0020B4
:1095200000081250002808DB4309012200F01F0048
:1095300002496033824041F82320704700E100E097
:1095400070B5174D012204460E462B18DA7004F050
:109550004DFCA0B934B1012C0FD04FF494716D20A3
:1095600000F076FF11232A19012105EB84045171C3
:109570000C4AA660C2F8043370BD8023F3E7002EC6
:10958000FAD034B90220B047002305EB8405AB6064
:10959000F2E7012C01D12046F5E740F24311DEE766
:1095A000601B002000E01050044B0022191803EB50
:1095B00080034A719A60CA70704700BF601B002028
:1095C000014B1882704700BF601B0020014B988A36
:1095D000704700BF601B0020014B188A704700BF16
:1095E000601B002010B5EFF3108472B6064B0344E5
:1095F0005A780132D2B25A705B78012B01D1FFF751
:1096000095FE04B962B610BD601B0020034610B57C
:10961000EFF3108472B611490B445A7822B940F224
:1096200067216D2000F014FF5A78013AD2B25A70C7
:109630005B7883B98B7D43B1094BD3F80C34DB03E2
:1096400006D44B7803F0FF002BB9FFF789FE02E048
:10965000C87D01F0C3F804B962B610BD601B0020DC
:1096600000E0105010B504F0C4FB0C4C04F0BEFB3D
:1096700060B1237E3BB90A4B01229A6104236376D1
:109680000023A37610BD04F0B7FBF9E70323012202
:109690006376034BC3F80423F2E700BF601B00208E
:1096A00000E01050014B01221A62704700E0105098
:1096B000044BD87E28B1044BD3F81001B0FA80F0E7
:1096C00040097047601B002000E0105038B50C4B7B
:1096D000DD7E5DB90124DC7604F08BFB094B1022A2
:1096E000C3F81051C3F80423DC6138BDFFF7E0FF75
:1096F0000028FAD040F2A3216D2000F0A9FE00BF9F
:10970000601B002000E01050024B587E003818BF4C
:1097100001207047601B002038B5174CA37D23B98A
:1097200040F216316D2000F093FE01232370237E5A
:10973000C3B9237FB3B1A27E013B9A4212DA04F08F
:1097400055FB054600F0E4FF237F012B82BFA37E7B
:109750000133A37655B1236AC31A0133022B09D909
:1097600035B12062BDE83840FFF77CBF636AF3E79C
:109770006062F7E738BD00BF601B002037B5184CAA
:10978000237E63B9A06A00F00300FFF761FE30B1E9
:10979000EFF3108372B6627E1AB103B962B603B0FA
:1097A00030BD0122627603B962B608230D4DC5F8BB
:1097B00008334FF42073ADF80630BDF806309BB285
:1097C0005A1E92B2ADF80620002BF6D1C5F80C3126
:1097D00084F82C30FFF746FF0823C5F80433DEE792
:1097E000601B002000E010502DE9F74F544CA37D82
:1097F000002B00F0A1800323524AADF80430524BF5
:109800001268D3F80051003D18BF0125292A07D15D
:10981000D3F81C2122B1012245F080058DF80520E6
:10982000D3F80881D3F8142112B9D3F8183173B1E1
:10983000454B0026C3F81461C3F81861C3F81061E2
:10984000E37E0BB104F0D8FAE676FFF7BBFB3E4BA4
:10985000D3F810316BB3E37E1BB104F0CDFA0023D3
:10986000E376637913B102238DF8043045F01005D7
:10987000364E0DF1040A344B4FF00009F71EC3F8C1
:1098800008531AF8010B03280AD03B7843B14FF074
:10989000000B336887F800B013B19847C6F800B0E2
:1098A00009F10103043601374FF00109022BE8D119
:1098B00001E0002DDCD1B8F1000F08D0224B0022CE
:1098C000C3F808210422C3F80823FFF757FF94F8D0
:1098D0002C60EA071C4BF6B2D3F80C7108D5627EF7
:1098E000032A05D1227E82B90422627601229A617E
:1098F000A7B1154B0022C3F80C21637E042B09D0BD
:1099000040F279316D2000F0A3FD04F075FA0223D6
:109910006376EDE70223637604F06EFA66B1002306
:1099200084F82C30637E022B01D1FFF79BFE03B03D
:10993000BDE8F04F04F060BA03B0BDE8F08F00BF9F
:10994000601B00202C1C002000E01050681B002031
:1099500010B5054CA06A00F00300FFF779FD002860
:10996000F8D0002010BD00BF601B00202DE9F041A1
:10997000054650B10278022A07D8437842B9013B24
:109980001F2B02D88378212B07D96FF01500A0E098
:10999000002BFAD18378002BF7D1754EB6F9003041
:1099A000002B0DDB5A09012103F01F03994002F13E
:1099B0002003704A42F82310BFF34F8FBFF36F8F1D
:1099C000B6F90000FFF7AEFD6B4AFD236B4CC2F801
:1099D00008336B4B1B68292B4FF0000308BFC2F8FC
:1099E0001C31C2F80031C2F80831C2F80C31637082
:1099F000A370AB88A382FFF713FD10B10123E370BE
:109A000063705D4F40F25633D7F80C04238210F494
:109A100080301BD0FFF7DCFC5A4800F0B5FE564FF3
:109A20006023E0750022C7F804332B78A978012B56
:109A3000E276A26223762177A2761FD0022B16D07F
:109A4000EBB140F22E516D2000F002FDC7F810017D
:109A5000FFF76CFCD7F81031002BFBD0FFF70AFDA5
:109A60000020FFF77DFC484B00225A66D4E704F043
:109A7000C0F9D7F80C34D903FBD50223A362FFF752
:109A8000D7FC68B3FFF7DCFCA36A03F0030398423A
:109A900026D1AB79FBB9FFF75BFF237F63B12B784E
:109AA00053B904F0A3F9054600F032FE6FF000430D
:109AB000002D52D0C4E9080300230125B6F90000A7
:109AC0006376A575FFF72EFDB6F90030002B47DA57
:109AD0000020BDE8F081284B0422C3F80423DCE712
:109AE000254B012200215A61C3F8081194F828106F
:109AF000C3F840141A610422C3F80423AA79002A87
:109B0000CBD1D3F80423520702D440F2E1419AE7C3
:109B10001E4A116901F01008116941F0100111612C
:109B2000D3F808310BB904F0F2FA134FD7F8083123
:109B300083B1FFF70DFFB8F1000F04D1134A136989
:109B400023F0100313610423C7F808330023C7F878
:109B50000831A2E704F0D9FAE8E7C4E90830ABE736
:109B60005A0903F01F039D40024B43F82250AFE710
:109B7000481C002000E100E000E01050601B0020C5
:109B80002C1C0020ED9400000008125000ED00E0B5
:109B900038B51D4C0023E078A37508B9FFF7E0FB4A
:109BA000637E042B0BD1194D0020FFF751FC18B137
:109BB000D5F80C31002BF7D00023C5F80C31002369
:109BC000134863706376A370B0F90030002B0DDB8F
:109BD0005A09012103F01F03994002F120030D4AA5
:109BE00042F82310BFF34F8FBFF36F8FB0F900001F
:109BF000FFF798FC054BFD22C3F80823E07DBDE884
:109C0000384000F0DBBD00BF601B002000E01050BA
:109C1000481C002000E100E040B1012808D1054BBC
:109C20001868A0F129035842584170470120704735
:109C3000002070472C1C00200F4A38B513790446C9
:109C40000D461BB18D216F2000F002FCFFF7E4FFF1
:109C500070B1224453790BB1002038BD0123204656
:109C60005371FFF7BFFC29462046FFF769FCF3E775
:109C70006FF01500F1E700BF901B002070B50D4D8F
:109C800004462E791EB1A4216F2000F0E1FBFFF7FE
:109C9000C3FF60B125446B790BB9002070BD20462D
:109CA000FFF782FC20466E71FFF7B0FCF5E76FF01E
:109CB0001500F3E7901B002010B501B3F0B14FF091
:109CC000FF33104A1C46E0FB0134944203D9E521DE
:109CD0006F2000F0BDFB1A0DC3F30F100A4B42EAD0
:109CE00004324FF22444B2FBF4F100EB024003FBD8
:109CF0001100B0FBF4F040EA0140013010BD08460D
:109D0000FCE700BF3F420F00000024F4014B9B68BA
:109D1000184700BF901B0020014BDB68184700BFAD
:109D2000901B0020014B1B69184700BF901B0020AF
:109D300008B5064B1B7923B140F241116F2000F0AA
:109D400087FBBDE80840FFF7E7BC00BF901B002081
:109D5000034B1A790AB9FFF739BC988D704700BFD9
:109D6000901B0020034B1A790AB9FFF735BC988A7B
:109D7000704700BF901B0020024B1B790BB9FFF707
:109D8000FDBC7047901B0020014B9B69184700BF2A
:109D9000901B002038B51D4C237933B3FFF7C2FF69
:109DA00050B91B4DC5F81001FFF7B0FFD5F81031C1
:109DB000002BFBD0FFF7B0FF154B6022C3F8042344
:109DC000636A9847002806DB94F82E3023B10123FC
:109DD000002084F8303038BDFFF7D6FF0028F6DACF
:109DE00040F2A5116F2000F033FB0A4BA3610A4B30
:109DF000E3610A4B23620A4BA3600A4BE3600A4B00
:109E00002361FFF7B3FD0028E1D0E4E7901B0020B9
:109E100000E010505199000005DE00000997000095
:109E2000F3DD0000F9DD0000FFDD000010B50A4C95
:109E300023795BB194F8303053B1A36A9847002876
:109E400006DA4FF4EE716F2000F002FBFFF7A0FE80
:109E5000002384F8303010BD901B002038B5084B2B
:109E600004461D7925B140F2F9116F2000F0F0FA97
:109E7000FEF768FC2046FFF7A3FB284638BD00BF6D
:109E8000901B0020034610B3007888B91A79012A84
:109E90001ED85A79012A1BD89A680E49643A8A4218
:109EA00016D8D8680C4B98422CBF00200120704770
:109EB00001280CD11A79012A09D85A79012A06D821
:109EC000DA680449643A8A4201D89868EAE70020CF
:109ED000704700BF3C8601000040420FF8B50446C1
:109EE00020B94FF4DC716A2000F0B2FA90F82C50DF
:109EF000072900F2FB80DFE801F004B25959899389
:109F00009DA490F82A30033B012B02D940F2C311E3
:109F1000E9E7052380F82A30002380F82D30037804
:109F200093B32378012B39D1FEF78AFE636894F846
:109F300028606362C4E906019EBB714B0122314671
:109F40002046DA602022C3F84065C3F84061C3F8B8
:109F50004465C3F84461C3F84865C3F84861C3F871
:109F60004C65C3F84C61674BC3F8902103F06BFF5D
:109F7000236A3146284698470146204600F0EEF80D
:109F8000022840F0B680F8BDFEF7BEFC07460E463C
:109F9000FEF756FE87428E41F6D3C2E7D4E90401AC
:109FA000C4E72046BDE8F84000F0AEB890F82A308B
:109FB000DA1E012A02D940F2FB1194E790F828201A
:109FC0002AB121462846BDE8F84003F022BF042B01
:109FD00014BF01230223022980F82A30036A0AD120
:109FE0000521284698470028CDD00378002BCAD0F9
:109FF0004FF4047177E70621284698470028C2D01D
:10A000000378002BBFD040F215216CE790F82A307E
:10A01000052B02D04FF4077165E7036A0221A9E717
:10A0200090F82A30052B02D040F222215BE7036A28
:10A0300001219FE790F82A30052BB2D04FF40A7126
:10A0400051E790F82A30052B02D040F22D214AE743
:10A05000036A0A21284698474FF40C7143E790F8A9
:10A060002A30052B07D090F829200AB1032B02D003
:10A070004FF40D7137E794F82820002AA1D194F805
:10A080002D3093B102230821284684F82D2084F82E
:10A090002A30236A984700283FF475AF0378002BD5
:10A0A0003FF471AF4FF410711DE794F8292062B1AD
:10A0B000214694F82B0084F82930FEF7CBFC0028C9
:10A0C0007FF461AF40F245210DE7022307212846C6
:10A0D00084F82A30236A984700283FF454AF037865
:10A0E000002B3FF450AF4FF41371FCE640F25121C6
:10A0F000F9E60128236A0CBF042103213AE700BFD7
:10A100000050085000E100E070B50446FEF7FCFB8B
:10A1100040F2F966656AD4E90632963342F10002EC
:10A120005B1905F5DF6542F10002B5FBF6F55B1939
:10A1300042F1000283428A4103D207212046FFF701
:10A14000CDFE054C236813B1984700232360BDE87A
:10A150007040FEF7DCBB00BFC41B002070B5044696
:10A160000D4639B9012380F82D30FFF7CDFF0226C7
:10A17000304670BD0E78032E6AD801A353F826F03E
:10A180006FA1000091A10000F3A10000AFA10000A9
:10A190004868C72801D80026EAE70421FEF7C1FC79
:10A1A0000028F8D16968204603F04DFEE0E790F8FA
:10A1B0002860F6B94D682846FFF764FE002847D0AE
:10A1C0002B78C3B9012222702B79003B18BF0123E1
:10A1D00063726B79002B14BF042302232372AB68D4
:10A1E000A5336360EB6884F829202361032384F896
:10A1F0002A302046B9E794F82A30052B04D04FF4D2
:10A20000CF716A2000F024F926702B7994F82B0086
:10A21000003B18BF012363726B79002B14BF04232A
:10A2200002232372EB68A968A5336360D4E9063280
:10A230005B1842EBE1722146C4E90432042384F83E
:10A240002A30FEF707FC0028D3D14FF4D071D8E7AD
:10A25000012384F82D30CCE72DE9F84388460746E2
:10A2600088B300F03DF84FF0000905465FFA89F623
:10A27000B54203D86FF00B00BDE8F883304609F112
:10A28000010900F033F890F82A40002CEED1304656
:10A2900000F02CF805460146048580F82A4080F835
:10A2A0002C600A48FEF758FB202885F82B0002D1C5
:10A2B0006FF02200E0E701232F62204685F82A3064
:10A2C00088F80060D8E76FF01500D5E7DD9E000044
:10A2D000024B00221A601A71704700BFC81B002091
:10A2E000014B1879704700BFC81B0020044B1A7936
:10A2F000824283BF1B68302202FB0030002070477F
:10A30000C81B00200A4610F0030110B50AD1074C03
:10A310002271206008B9002010BD30235A4303F099
:10A3200080FFF8E76FF00D00F6E700BFC81B0020C4
:10A33000BFF34F8F0549064BCA6802F4E06213432E
:10A34000CB60BFF34F8F00BFFDE700BF00ED00E023
:10A350000400FA05144B01224FF0FF3113481B682B
:10A360005A60C3F80813B0F90030002B0CDB590910
:10A3700003F01F039A4001F120030D4941F8232007
:10A38000BFF34F8FBFF36F8FB0F90030002B09DBA5
:10A390005A09012103F01F03994002F16003044AA6
:10A3A00042F82310704700BF3C1C0020501C0020C6
:10A3B00000E100E0F8B51D4C2378ABB3FDF766F97A
:10A3C000EFF3108772B600230125194E6360FEF784
:10A3D0009DFAFFF72BFD174BC3F8A4504FF4806391
:10A3E000C6F89030BFF34F8FBFF36F8FC6F8903130
:10A3F000FFF7B0FFB4F90830002B0BDB5A0903F06C
:10A400001F039D4002F1200346F82350BFF34F8FF6
:10A41000BFF36F8FFFF75CFF074B0122C3F80825DE
:10A4200007B962B600232370F8BD00BFD01B00201F
:10A4300000E100E000A008500020085008B572B606
:10A44000024B5B6803B19847FFF772FFD01B0020F7
:10A450001FB572B6144B5C6894B9FFF769FFB2FB85
:10A46000F6F22B465D1C002AF9D1DBB203F1100590
:10A470006D4405F80C2C0A2233B901A8A047ECE77B
:10A48000024600230A26EDE7013BDBB203F110058B
:10A490000DEB0506B0FBF2F502FB1500303006F8B7
:10A4A0000C0C2846E8E700BFD01B0020F8B5294F68
:10A4B00005460C4616463B78002B47D100F0CEF9F6
:10A4C000254B1B681C2B06D1244B1B681BB99E21F6
:10A4D0001120FFF7BDFF03F088FC7E60204B0126B2
:10A4E0003C814FF48062C3F8A4601E4BC3F89020F7
:10A4F000BFF34F8FBFF36F8FC3F89021FFF72AFF91
:10A50000194B002D14BF28461846FFF743FC05469B
:10A51000D0B9FEF7EFF9FFF72FFC03F0ABFCFDF726
:10A52000A3F808B9BE21D3E7002C0BDB04F01F030E
:10A530006409A4009E4004F1604404F56144C4F839
:10A540008061266001233B702846F8BD4FF0FF353F
:10A55000FAE700BFD01B00202C1C0020301C00207C
:10A5600000A0085000E100E058650400074BB3F973
:10A570000830002B09DB5A09012103F01F03994021
:10A5800002F14003024A42F823107047D01B00201A
:10A5900000E100E0014B1878704700BFD01B00209D
:10A5A0002DE9F74F4FF0FF38524DCDE90012524AD6
:10A5B0001478E4B282F8008014B14FF0FF3151708A
:10A5C0004E4FDFF83C91DFF83CA1EFF3108B72B6F1
:10A5D0004FF0010C2968009E4FF0000EC1F804C036
:10A5E000C1F800E1C1F804E1C2E90167019EC2E9D6
:10A5F00005670668C1F810654668C1F81465866885
:10A60000C1F81865C668C1F81C653F4EC1F83065D1
:10A610001036C1F83865C1F800C0BBF1000F29D170
:10A6200062B627E0394ED6F810C01CF0100F22D0C9
:10A63000B9F9001000290BDB4FEA511C4FF0010E55
:10A6400001F01F010CF1600C0EFA01F14AF82C1018
:10A65000EFF3108C72B64FF0030E2968C1F804E3D3
:10A66000D1F800E1BEF1000F01D1D1F80411BCF125
:10A67000000FD5D02968D1F800C1BCF1000F04D17A
:10A68000D1F804C1BCF1000FCCD04BB10C9E3EB14F
:10A69000D1F840C5C3F800C0D1F83CC5C6F800C029
:10A6A000D1F80411002990D10CBB5778FFB2547037
:10A6B0004FF0030C2968C1F808C3C1F80441C1F880
:10A6C00000410F49B1F9001000290BDB4C094FF094
:10A6D000010C01F01F010CFA01FC04F16001094CAE
:10A6E00044F821C000211170002F7FF461AF03B046
:10A6F000BDE8F08F3C1C0020DC1B00201000000B8C
:10A70000501C002000E100E0E01B002000ED00E014
:10A710001A4B4FF4000270B5C3F89820BFF34F8F67
:10A72000BFF36F8F164C0021164DC4F80011C3F80B
:10A7300098212E692B6906F0100643F010032B6157
:10A740000123C4F804332360D4F800319BB11EB94F
:10A750002B6923F010032B610123D4F808054FF473
:10A7600000026360C4F808330023C4F80031034BCF
:10A77000C3F8982170BD03F0C8FCE5E700E100E0F4
:10A7800000700D5000ED00E038B50B49042301EBDB
:10A79000C302157905F0FF042DB1013BF7D240212A
:10A7A0006920FFF755FE41F8330001215471D8B2FA
:10A7B0009471117138BD00BF001C0020042808B539
:10A7C00003D947216920FFF743FE034B002203EB27
:10A7D000C0031A7108BD00BF001C0020042808B582
:10A7E00003D950216920FFF733FE094B03EBC0006A
:10A7F0000379012B01D05121F4E7437982790133A8
:10A80000DBB29A4218BF4371BDE80840FFF7AEBE05
:10A81000001C002038B505240F4D95F8281005EBD5
:10A82000C1031A79012A09D158799A79904205D041
:10A830005A79D2B29A7155F83130984795F8283044
:10A84000013C0133DBB2052B28BF002314F0FF04C9
:10A8500085F82830E1D138BD001C00201449154B83
:10A86000D1F84023292AF0B51A60D1F844C316D094
:10A87000272A02D1BCF1000F11D00F4A40F2051473
:10A880000E4F46200E4E47210E4D5962C3E901C2BC
:10A89000C3E90327C3E90565C3E90740F0BD0A4AD8
:10A8A0004FF48774074F4A20084E4B21084DECE7C0
:10A8B00000C0FF002C1C00200060045000700450F9
:10A8C0000030045000B0045000A004500040045078
:10A8D00000E00450094B0A4AC3F800230132C3F8D0
:10A8E0000C230132C3F818230132C3F820230132AC
:10A8F000C3F81C230132C3F81021704700A0085090
:10A9000004000080074B0022C3F80023C3F80C2387
:10A91000C3F81823C3F82023C3F81C23C3F810215D
:10A92000704700BF00A00850844641EA000313F0BE
:10A93000030359D1403A33D3F0B4F0C9F0C0F0C9A1
:10A94000F0C0F0C9F0C0F0C9F0C0403AF5D2F0BC98
:10A9500026E0403A24D300BF0B6803604B68436095
:10A960008B688360CB68C3600B6903614B6943618B
:10A970008B698361CB69C3610B6A03624B6A436273
:10A980008B6A8362CB6AC3620B6B03634B6B43635B
:10A990008B6B8363CB6BC36340304031403ADBD277
:10A9A00030320BD30B6803604B6843608B68836065
:10A9B000CB68C36010301031103AF3D20C3205D39B
:10A9C00051F8043B40F8043B043AF9D2043208D071
:10A9D000D2071CBF11F8013B00F8013B01D30B88E3
:10A9E00003806046704700BF082A13D38B07B0D09E
:10A9F00010F00303ADD0C3F10403D21ADB071CBF70
:10AA000011F8013B00F8013BA3D331F8023B20F8D9
:10AA1000023B9EE7043AD9D3013A11F8013B00F812
:10AA2000013BF9D20B7803704B7843708B788370BD
:10AA3000604670477BB972B90029BEBF00204FF055
:10AA4000004106E008BF00281CBF6FF000414FF036
:10AA5000FF3000F057B8ADF1080C6DE904CE0029C5
:10AA600009DB002B1ADB03F03AFCDDF804E0DDE93A
:10AA7000022304B07047404261EB4101002B1BDB15
:10AA800003F02DFCDDF804E0DDE9022304B04042D0
:10AA900061EB4101524263EB43037047524263EB67
:10AAA000430303F01CFCDDF804E0DDE9022304B0FD
:10AAB000404261EB41017047524263EB430303F0B4
:10AAC0000EFCDDF804E0DDE9022304B0524263EB42
:10AAD0004303704753B94AB9002908BF00281CBF77
:10AAE0004FF0FF314FF0FF3000F00CB8ADF1080C23
:10AAF0006DE904CE03F0F3FBDDF804E0DDE90223A9
:10AB000004B07047704700BFF7F70ABC01F00ABBFA
:10AB100001F00BBB01F003BB1FB5014601A800F01B
:10AB200006F801A801F037FF05B05DF804FB0B88BB
:10AB3000C3F30B0383804B88C380002343724B789D
:10AB4000C3F30113012B03D09A1E534253415B0000
:10AB500004310372016070478B88043010B500F82F
:10AB6000043C0C4610F8033C03F0F00300F8033CEF
:10AB70008A88C2F30322134300F8033C03F0CF0397
:10AB8000CA8800F8022CCA8800F8033C120A00F8B0
:10AB9000012C0A7A120102F03002134303F03F0342
:10ABA00000F8033C4A7A43EA821300F8033C096840
:10ABB000814205D0E288FB2A28BFFB22FFF7B4FEC2
:10ABC000E0880430C0B210BD70B50B7805460C4665
:10ABD000192B12D8CBB1013B182B16D8DFE803F0A4
:10ABE0001A2615999FA5ABB1B5B7C7CD1515152A6E
:10ABF000BBC1D1D7DDE3E9EFF500822B4FF0FF02B7
:10AC000000F0E980832B00F0EA8040F26721C72042
:10AC1000F5F7B8FC0C230B700823637066782146A7
:10AC2000284602363246FFF77FFE49E01A230B70B2
:10AC30000123F2E72920F5F79FFE30B13E23237070
:10AC4000222363702923A370E8E70A20F5F794FE16
:10AC50003E2305F1080204F108012B7090B30A238A
:10AC60001F26AB70E378EB70A3882B71A3881B0AB7
:10AC70006B71A379AB71E379EB71A368AB608B88DF
:10AC80009380D4F80E30C5F80E30638A6B82636906
:10AC90006B61238B2B83638BAB76638B1B0AEB7609
:10ACA000A38B2B77A38B1B0A6B77E38BAB77E38BA1
:10ACB0001B0AEB7794F8203085F820306E7002364E
:10ACC000304670BD01231326AB70E378EB70A38888
:10ACD0002B71A3881B0A6B71A379AB71E37903F025
:10ACE0000103EB71A368AB608B889380638BAB73BC
:10ACF000638B1B0AEB73A38B2B74A38B1B0A6B74E4
:10AD0000E38BAB74E38B1B0AEB7494F820302B7548
:10AD1000D4E73E230B7004234B70142393E73E23A8
:10AD20000B700C234B7004238DE73E230B700A231A
:10AD30004B70032387E73E230B700D234B700523D5
:10AD400081E705232370042367E70823FAE730230C
:10AD50000B70032361E73E230B700B234B7007231B
:10AD600071E73E230B7006234B700C236BE7132314
:10AD70000B708B789B0001334FE757230B70022336
:10AD80004BE73E230B7006234B7012235BE73E23F9
:10AD90000B7009234B70132355E73E230B700523DB
:10ADA0004B7020234FE73E230B7009234B70212368
:10ADB00049E7FF230B700B234B70A22343E7FF23CC
:10ADC0000B7005234B70A3233DE7FF230B700D236E
:10ADD0004B70802337E70A700D22627033E70A70E8
:10ADE0000222FAE708B510B96FF0150008BDFFF7A9
:10ADF00093FE0028F8D00020F8E710B50C4648B1C3
:10AE000041B1F5F713FD002820700CBF6FF0220050
:10AE1000002010BD6FF01500FBE708B5F5F78AFDBF
:10AE2000002008BD00F011BE08B5F5F795FD002023
:10AE300008BD01F0EDB801F0FBB803460222002086
:10AE40001A70052258709A709B22D8705A716B2222
:10AE500018719A717022DA7125221A7237225A7289
:10AE600079229A726FF01A02DA72704700F03ABED5
:10AE700070B50446FBF734FC012805461AD1601C66
:10AE8000FBF736FCB0B1A3790020E61D63F03F0369
:10AE9000A371F7F7C9FC38B110220021304603F046
:10AEA000C0F90020257070BD3046FBF735FC002846
:10AEB000F2D0F6E70025F4E710B504461022002191
:10AEC00003F0AFF904F1100310220021184603F03B
:10AED000A8F9FBF73BFC0020F7F7A6FC20B12046C1
:10AEE000FBF71AFC002010BDFBF7FAFB0028F6D098
:10AEF000F8E70120704701F0FCB80078003818BF6F
:10AF0000012000F0F6BEF7F7F7B98178008801F06C
:10AF1000BCB801F0D7B837B505460C4600880DF12E
:10AF2000060100F0EBFE2B882380BDF8063063801D
:10AF300003B030BDF7F7E8B901F0F9B800F073BD20
:10AF400000F0C5BD08B5F5F70FFD002008BDF6F708
:10AF5000F1BF00F000BF00F0D6BDF7F75DB900F01B
:10AF6000A2BD00F0F4BF00F0BEBF01F005B800F0D4
:10AF7000D7BD00F0D0BE00F0A1BD00F060BD0388D9
:10AF80000B8001F02AB803880B8001F034B800F080
:10AF9000EEBDF7F723B8F7F709B800F0D9BC00F019
:10AFA000FABC00F02EBD00F03ABD00F01ABD00F072
:10AFB0000FBD00F00ABE00F033BEF7F719B800F07D
:10AFC0006DBE00F05FBD00F010BE01F09BB8F6F75B
:10AFD000BBBFF7F739B8F8B5941C0E4605461746BF
:10AFE0000C446343B3F5004FA8BF4FF0FF3310F09C
:10AFF00003019CB203D0B0211420F5F7C3FAB4F5D5
:10B00000004F01D9B121F7E71422043003F009F908
:10B01000EF746C802E80F8BD38B50388C4888B42ED
:10B020000589C4F30E0203D2D1211420F5F7AAFA40
:10B0300084EA0503C3F30E030BB9AC4206D102F157
:10B0400018030122C1528274184438BD1846FCE727
:10B05000023101444A43B2F5004FA8BF4FF0FF321E
:10B0600090B21B3020F00300B0F5004F34BF00B2A7
:10B070004FF0FF30704740881B3020F00300B0F5E0
:10B08000004F34BF00B24FF0FF3080B2704738B588
:10B0900003888B4203D2F7211420F5F773FA857CDD
:10B0A00065B1C388C3F30E031833C25A8A4207D36B
:10B0B000C152811DF5F788FC00238374284638BDF2
:10B0C0000025FBE703461830F0B59E88DD88B4B252
:10B0D000C6F30E06A54214D05F89DD7C845B3D4437
:10B0E000E41B0235A4B2354428440D88A54284BF30
:10B0F0000C8025465989B1FA81F149091170DD8129
:10B10000F0BD00252846FAE7F8B582880026C389F5
:10B1100004460D4692B20E60CBB14189C2F30E02D5
:10B120000B4418329BB28718825A4381934204D948
:10B130004FF4A2711420F5F725FA04D1011DF5F79B
:10B1400043FC46812F6000230120E381F8BD1846AF
:10B15000FCE78388014602899BB29A4202D00831FB
:10B16000F5F732BC70478388C0889BB2C31A584237
:10B1700058417047828873B595B2C488C2F30E02F5
:10B18000AC4202F1180212D04189C689835A314477
:10B1900099420EDB0DF10601ADF80650F5F714FCEF
:10B1A000BDF80600001B18BF012002B070BD0020D2
:10B1B000FBE70120F9E770B5C4880346068918301B
:10B1C000C4F30E0584EA0602C2F30E020AB9B442C1
:10B1D0000FD19C891A880CB1465B921B914207DC07
:10B1E000DA7C2C440232224410440A461A8270BD92
:10B1F00000221046FAE7F8B5038A002B38D08B42BC
:10B2000036D3C48800F118038589C4F30E041E19CF
:10B2100095B91D55757085891E5B0D443144ADB2DD
:10B2200085811953D2B1811DF5F7CEFB00238381AF
:10B23000002303820120F8BD1E5BAE4204D04FF410
:10B24000F6711420F5F79EF9C57C2644878A0235ED
:10B2500035445E195F53857DB570DCE7C27C2544BB
:10B2600002322A4499189B5A83828B788375DFE7D0
:10B270000020E0E78388C2889BB29A4206D04289C8
:10B2800022B9C3F30E0318331844704700207047E7
:10B29000C37C0233C81870470230704738B58388C2
:10B2A000C2889BB29A4209D043893BB9C5893DB94E
:10B2B000011DF5F789FBC581012038BD0020FCE7A1
:10B2C0001846FAE7002383810382704703881380BE
:10B2D000C388C3F30E031833034480890B6070479F
:10B2E0000368002223B9C0E90132031D03607047DF
:10B2F00059681B680A44F5E70729034670B504D866
:10B300004FF4EC711520F5F73DF90068C0B14468C1
:10B3100006461A688C4210D0106860B901F1080521
:10B32000AC420DD3546850501868651A5418006820
:10B330006560505002E01346E9E7146830461C602F
:10B3400070BD0023C1E9003203680B6001607047E3
:10B3500030B590B18478B1FBF4F304FB131300EB28
:10B36000430252898A4201D1D8B230BDC27822B993
:10B3700000F10803D0B2844201D8FF20F5E733F88A
:10B38000025F01328D42F5D1EFE782780388053202
:10B390004B4303EB42031844704737B5002405467E
:10B3A000CDE900448DF806006846ADF80440F5F795
:10B3B000DFFCBDF8044008B103B030BD294620468B
:10B3C000F5F7B2FC0028EFD040F215211720F5F771
:10B3D000D9F870B51E460D460921FFF739FE04461F
:10B3E000324609212846FFF733FE40EA04031B04D6
:10B3F00054BF00194FF0FF3070BD01230370704738
:10B40000F8B50C46054611461E4684F0010464005A
:10B41000E4B2FF23837003191B7D012B05D0013497
:10B42000E4B203191B7D012B0AD105EB44073B8BCA
:10B430003A8C9819904205DD00232C443B832375F8
:10B440000020F8BD05EB8404324660681844FFF71D
:10B450006BFA3B8B1E443E830023AB700120F0E768
:10B4600081F00101490010B5C9B2FF238370431870
:10B470001C7D012C07D10C3120F8112002221A75F5
:10B480000023837010BD0131C9B243181C7D012C0B
:10B49000F1D04FF48C710920F5F774F8024630B5FD
:10B4A000837803F0FF00F3B9137D022B19D0537D8D
:10B4B000022B15D10346012089B10024D5180C3385
:10B4C0002C7522F81340131803241C7502EB80031B
:10B4D0005B680B6000F10C0332F813308B800120A5
:10B4E00030BD0123E8E70020FAE7034630B5827853
:10B4F00002F0FF00E2B99A7D022A17D0DC7D022C0F
:10B5000013D1032281B11D1900200C34287523F8B2
:10B51000140098180324047503EB82000C32406871
:10B5200033F8123008608B80012030BD0324E9E736
:10B530000020FAE7037D012B01D1008B7047437D8A
:10B54000012B0CBF408B00207047837D012B01D164
:10B55000808B7047C37D012B0CBFC08B00207047D0
:10B56000038B23B9408B003818BF0120704701209E
:10B570007047838B23B9C08B003818BF01207047F8
:10B5800001207047027D022A01D1008B7047437D64
:10B59000022B01D1408B7047032AF6D0032BF9D040
:10B5A00000207047827D022A01D1808B7047C37DC5
:10B5B000022B01D1C08B7047032AF6D0032BF9D0A0
:10B5C00000207047F5F73CBD2DE9F0410D460446DB
:10B5D000084691F8008001F092F90746284608F0E5
:10B5E000030801F088F90646284601F08CF96B78CB
:10B5F000E070204684F800806770A670A380BDE8E4
:10B60000F081012808B506D0022806D040F29D41FD
:10B610000620F4F7B7FF032008BD0420FCE7F5F788
:10B6200077BD10B5044638B1F6F720FF24EA0000D4
:10B63000B0FA80F0400910BD0120FCE7002307B5F7
:10B64000CDE9003301238DF806306846F5F790FB0D
:10B6500008B1002004E0009801F0F4FF0028F4D0C5
:10B6600003B05DF804FB1FB5002240F6881303A960
:10B670000092FBF7CFFF05B05DF804FB38B5054637
:10B6800002F062F8F0B1284601F0DCFF08B90020B2
:10B6900038BD284601F0A6FE0446284601F0A5FE66
:10B6A000054688B9002CF2D02088F7F719F829460A
:10B6B0002088F5F739FB0028E9D041F6E34139202D
:10B6C000F4F760FF4220E3E70C20E1E72DE9F843BF
:10B6D0000F46B0F85A60B0F85C50804601F0BCFEEE
:10B6E0000221044600F053FF81460221204600F06B
:10B6F0004EFF4E45B8F8003028BF4E463B8040F61E
:10B700004803B6B21B2E38BF1B26FB2E28BFFB26D4
:10B71000854228BF05467E80ADB21B2D38BF1B2554
:10B72000FB2D28BFFB25B4F5A47F38BF4FF4A474CC
:10B73000FD809C4228BF1C46BC803C81BDE8F8834C
:10B740002DE9F04186B00546008801A900F08AFE87
:10B75000044600286FD1029A92F84631D91E4B4216
:10B760004B418DF80230936F98064ABF9DF8023026
:10B77000234683F001038DF8033092F8D8309B06FE
:10B7800003D49DF80330002B5BD0EB881B3B9BB2AE
:10B79000E02B58D8298944F24810A1F5A4739BB234
:10B7A000834250D86B881B3B9BB2E02B4BD8AA88B6
:10B7B000A2F5A4739BB2834245D840F64807B9422C
:10B7C00043D8BA4241D8029E4FF0FF0886F81B8149
:10B7D0009DF802309BBB03A93046FFF777FF6A88CC
:10B7E000BDF81230BDF814109342E88828BF134604
:10B7F000B942AA88A6F8203128BF3946BDF80E30D4
:10B80000834228BF03462889A6F81C31BDF81030B2
:10B81000BB4228BF3B46834228BF03468A42A6F864
:10B820001E31134628BF0B46A6F8223186F81A812E
:10B83000002386F81B31204606B0BDE8F0813A248B
:10B84000F6E71A24F7E71224F5E71124F3E710B519
:10B85000FFF7F4FE60B1F6F74DFA044602F04CF83B
:10B8600040B9204602F044F880F00100C0B210BD9B
:10B870000120FCE70020FAE72DE9F04385B00646F9
:10B880008846008802A900F0EDFD054640BB039CF8
:10B8900094F8593103F0FF051BB1B8F1020518BF48
:10B8A000012594F88730222B94F8D93043EAD3034A
:10B8B0000CBF85F001094FF00009DB0702D4B9F194
:10B8C000000F3BD0B77817B9F6F7D0FD0746F078F0
:10B8D000B0BBF6F7CBFD3FB9B9F1000F29D109256F
:10B8E000284605B0BDE8F0830028F5D0FF2384F892
:10B8F00025310DBB94F8243103F0FF05E3B984F83A
:10B90000270101A984F82481204684F82671B378A0
:10B910008DF80430F3788DF805303379727943EA85
:10B920000223ADF8063000F053FE002384F82531E1
:10B93000D6E700200746D9E73A25F6E71A25CFE7EC
:10B94000002FD3D1C8E708B5F6F76CFD002008BD7D
:10B9500010B503780446012B01D9122010BDFFF762
:10B960006DFE58B9207810F0FD000DD104F11703D9
:10B97000E21D611CBDE81040F7F7CAB8F7F75AF9A5
:10B980000028EFD00C20E9E7A37903F0C003C02B17
:10B99000E3D10120EAE710B503780446012B0DD866
:10B9A000FFF74CFE60B9214611F8010B00F0FD00D5
:10B9B000003818BF012000F032FD38B9122010BD48
:10B9C000F7F738F90028EED00C20F8E70020F6E76A
:10B9D00008B50088F7F734F900280CBF30200020A4
:10B9E00008BD38B50546FFF729FE044638B9287862
:10B9F000003818BF0120F7F717F9204638BD0C2092
:10BA0000FCE708B5FFF71AFE18B9F7F7FDF80020B4
:10BA100008BDF7F70FF90028F7D00C20F8E7082346
:10BA2000037000207047102243F26A030270C27054
:10BA30005922A0F801308280C3800020704708217D
:10BA400008B5F4F7E5FE002008BD73B506460D46BF
:10BA50000088694600F006FD044688B9B3785BB9F2
:10BA6000019B93F97000A87033882B80F7F712FAC6
:10BA7000A870204602B070BD7F20FFF7F4FDF2E70A
:10BA80000224F6E710B504466FF07F00FFF7EBFDE8
:10BA9000F7F700FA20707F20FFF7E5FDF7F7FAF9D6
:10BAA0006070002010BD10B50446F6F723F901F0D0
:10BAB0001CFFF7F7EFF92070002010BD0A4600F1D7
:10BAC000100108B5072302F016FB002008BD10B5D1
:10BAD000014604460020F6F78DFE08B92060A080DC
:10BAE000002010BD10B50446F6F796FC28B90020DA
:10BAF0002146F6F767FE002010BDFFF7A8FE0028DC
:10BB0000F5D10C20F8E710B50446FFF7A0FE28B1E8
:10BB100001202146F6F756FE002010BD0C20FCE760
:10BB2000F7B50C4605466946008800F09BFCA21C50
:10BB3000034690B9019901F18F0781F8C330386845
:10BB40001060387910712888208091F8C36006F061
:10BB5000FF00002EF1D103B0F0BD00230220C4F895
:10BB60000230137123706370F5E7FFF7E9BD1FB56D
:10BB700044F290228388934217D840F648029342B9
:10BB800028BF13460288ADF8042040880A80ADF82B
:10BB90000600ADF80A0001A8ADF80830ADF80C3089
:10BBA000FFF7CEFD05B05DF804FB1220FAE737B5CC
:10BBB0000D46694600F056FC044618B9294601981E
:10BBC000FFF784FD204603B030BD03464821002026
:10BBD000082210B56FF00404587099701C70DA7068
:10BBE0001C7158719971DA7110BD10B50446FFF7D8
:10BBF00025FD78B92146E27911F8010B00F0FD002E
:10BC0000003818BF0120F7F7DFF880F0010040008E
:10BC1000C0B210BDF7F70EF80028EBD00C20F8E703
:10BC200037B505460C460088694600F01BFCD8B9BC
:10BC3000019B83F86A0093F86820012A06D0022A43
:10BC400004D04FF461710620F4F79CFCA27093F8C5
:10BC50006920012A01D0022AF3D1E27093F86A2008
:10BC6000002AE6D12B88238003B030BD10B583882D
:10BC70000446022B10D8C078FFF7D3FC08B9112076
:10BC800010BDA078FFF7CDFC0028F8D02046012198
:10BC9000BDE81040FFF7F0BD1220F1E737B583781B
:10BCA000C17803F00104027903F0020351EA0405AC
:10BCB0001DD052EA03051AD0002C18BF0021002B1A
:10BCC000037818BF00228DF802108DF80320427807
:10BCD00043EA0223ADF8003043798279684643EAAB
:10BCE0000223ADF80430FFF7C1FF03B030BD1120CF
:10BCF000FBE708B5F5F7A8FC002008BD13B50C4616
:10BD0000694600F0AFFB20B9019BB3F880300133E6
:10BD1000238002B010BD07B50088694600F0A2FB81
:10BD200038B99DF80020019B012A05D093F82B21FA
:10BD30006AB103B05DF804FB93F8DC21D2B293F84A
:10BD4000A81011B912F0FB0FF0D10220F1E7FF2289
:10BD500083F82B21EDE710B50446F6F781FB206050
:10BD60000020616010BD2DE9F341054647780121AF
:10BD70000078F4F7C3FF044600285ED001F0A5FD6B
:10BD8000EE78864228BF0646042FB6B22FD1002E89
:10BD900039D1204601F0BEFD6B78032B37D107F077
:10BDA000FD08B8F1010F44D1204601F0B3FD002891
:10BDB0003CD1012F08BF4FF002084246216B684674
:10BDC000F5F7D6F833466A680121206BFFF718FBB8
:10BDD000002834D06B78023B012B2CD8206BFFF766
:10BDE000A9FB01210246206BFFF73AFB23E0206B01
:10BDF000FFF7A0FB304480B21F2804D8FB1E012BA4
:10BE0000C7D9002EC5D1122002B0BDE8F0810028AC
:10BE1000F9D1042BC3D1204601F014FC0028F2D044
:10BE2000206BFFF79DFB0028B9D1ECE74FF000082D
:10BE3000C3E7042FC6D10020E6E74220E4E707204D
:10BE4000E2E72DE9F3410746457890F803800121A8
:10BE50000078F4F753FF044600283CD001F04CFD75
:10BE60000028206B08BF4FF00008FFF76EFB00EBC7
:10BE70000806B6B21F2E30D8042D2ED0032D0CD1BB
:10BE8000204601F047FD20BB012D14BF05220622EC
:10BE9000216B6846F5F76CF808E0B8F1000F1CD08C
:10BEA000204601F0CFFBD0B9012DE9D043467A6896
:10BEB0000021206BFFF7A4FA98B1023D012D04D8B0
:10BEC00032460021206BFFF7CBFA002002B0BDE81C
:10BED000F0810422DCE74220F8E71220F6E70C208C
:10BEE000F4E70720F2E713B50446F5F703FF4FF434
:10BEF00040736846ADF8003000238DF8023014F826
:10BF0000013B8DF803300194FFF79BFF02B010BD99
:10BF100038B5012105460078F4F7F0FE0446A0B1DB
:10BF200001F090FB28B92046691C01F020FC00209C
:10BF300038BD204601F0E0FC08B10C20F8E72046AF
:10BF400001F0D6FC0028EED0F7E74220F0E713B569
:10BF50000446F5F7CFFE684614F8013B8DF8033030
:10BF60004FF440730194ADF8003000238DF8023097
:10BF7000FFF7F9FE02B010BD73B50546F5F7BAFE3E
:10BF800004462B7863B100230DF1010101208DF8E7
:10BF90000030F6F72FFC18B16846FFF7B9FF88B9F3
:10BFA000002620468DF8006001F0AAFC2B78C00125
:10BFB0008DF80360012BADF8010005D169462046DC
:10BFC000F5F736FF02B070BD2BB9204602B0BDE8D0
:10BFD0007040FFF753BB1220F4E710B50021044670
:10BFE0000088F4F78BFE20B1A11CBDE8104001F0E1
:10BFF0004BBE022010BD08B500210088F4F77EFE7C
:10C0000020B10021BDE8084001F03EBE022008BD7D
:10C0100037B505460C460088694600F023FA28B972
:10C020002B882380019BB3F8B430638003B030BD0C
:10C0300037B5038804460B8098B2638813B9122081
:10C0400003B030BD694600F00DFA0028F8D16588CC
:10C0500042F21072019BA9B29C695143DA8D62438E
:10C060001C8C04FB02229142E9D39A699C69944298
:10C07000FBD10022A3F8B450C3F8AC20621E0A44DE
:10C08000B2FBF4F2C3F8B020DAE710B50C46002199
:10C09000F4F734FE90B1022C12D804F00102C4F37C
:10C0A000400480F8AD2180F8AC4112B190F8AA317B
:10C0B0000BB9002010BD01F0DFF9FAE70220F9E723
:10C0C0001220F7E710B504460078FF280AD00121B6
:10C0D000F4F714FE58B16378A27843EA0223C384CC
:10C0E000002010BDB4F80100F8F7FAFAF8E7422092
:10C0F000F7E708B50078003818BF0120F8F720FAF4
:10C10000002008BD10B50446F5F7F4FD6178C1F3D1
:10C11000400201F0010101F013FC002010BD0620D7
:10C12000F6F792B90820F6F78FB901F0D7BD1220C3
:10C13000704710B5044604B910BD23689847646879
:10C14000F9E703680BB9016070471A465B6813B1E1
:10C150008A42FAD170478A4218BF5160704708B5C9
:10C160000020FFF71AF9F4F78DFEF6F7ADFAF5F7B0
:10C1700025F920B140F221119320F4F703FA08BD0C
:10C1800008B5F8F787F9F8F795FE20B140F24111AC
:10C190009320F4F7F7F90120BDE80840FFF7FDB858
:10C1A00008B5FFF7EDFF01F057FD20B14FF4AB717B
:10C1B0009320F4F7E7F908BDFDF7CABD0B4612223C
:10C1C00003F8032BD0F80920C1F80320427B1A7131
:10C1D000704737B504460D46F6F720FF18B36FF4E5
:10C1E000A8730221E01803886846ADF8003034F8DF
:10C1F000ED3CADF8023034F8EB3CADF80430FFF71D
:10C200003BFB18B14221AE20F4F7BCF9ADF80000B9
:10C210009DF80030002063F307009DF8013063F3C0
:10C220000F2003B030BD18232B70D4F80930C5F8A7
:10C2300003300423ADF80030EAE708B5436893F80B
:10C2400086201AB18521AE20F4F79CF9202283F8CC
:10C25000862008BD034610F0010007D19A0704D4D8
:10C26000C3F380039B00D8B27047022070472DE9CA
:10C27000F84F0746104692461D46FFF7EBFF8346F0
:10C2800008468846FFF7E6FF4BEA00060A9C81460F
:10C29000F6B2003E18BF0126F6F7E8F810EA0A0ADF
:10C2A00018BFDA46F6F7E2F897F8683010EA0801A6
:10C2B00018BF4946534508BF4FF0000A84F800A054
:10C2C00097F869308B4208BF002161705AEA01017A
:10C2D0000BD1B7F88030013DED1A47F6FD73ADB2D2
:10C2E0009D428CBF002606F001063046BDE8F88F5F
:10C2F00070B54468064694F88750A5F12003062BD4
:10C300004DD92E2D4BD0002D47D194F88630252BBA
:10C3100045D00B7913F0070335D04A7912F00702A4
:10C3200031D084F8612084F8603094F8253113BB53
:10C3300094F82431012B1ED094F8693094F86020D1
:10C34000D91E012998BF04239A4222D194F868305B
:10C35000DA1E012A94F8612098BF04239A4218D16A
:10C360000223B4F8642084F82431B4F86630A4F8C9
:10C370002621A4F828312223304684F8873000F0A3
:10C380005FFC284670BD3046C978BDE8704000F0BB
:10C3900089BC3046F6F7B4F8EDE70125F1E7202532
:10C3A000EFE708B5436893F88720222A05D022B129
:10C3B00040F2EA31AE20F4F7E5F8232283F8872033
:10C3C00008BDF6F781B9704730B542401C7808784F
:10C3D0005D7860404C786C409D7820448C786C404F
:10C3E000DD782044CC786C401D795B7920440C7951
:10C3F00049796C404B40204418441044B0FA80F016
:10C40000400930BD024600200139C9B2FF2900D1E0
:10C410007047535C83F001030344D8B2F4E708B5D6
:10C42000F6F70EFA082807D0F6F72CFA082803D0FA
:10C43000F6F73CFA012008BD0020FCE708B5F6F746
:10C44000FFF9082803D0BDE80840F6F71BBA08BD7D
:10C4500008B501F050FC18B1BDE80840F9F74EBF2F
:10C46000082008BD10B50C460021F4F747FC6060B9
:10C4700018B101230020237010BD0220FCE770B525
:10C4800004460D4659BB4FF41A7201F0CAFE01234F
:10C4900084F8DE5084F88E306FF0360384F8D9309B
:10C4A000042384F8DA306FF03B0384F8DB306F2329
:10C4B00084F8DC306FF03C0384F8DD306FF07F03EC
:10C4C00084F8DF302B2384F8D830FE2384F80E3133
:10C4D0007F2384F88530202384F8F73170BD01294B
:10C4E00011D10023A0F8B43180F8AB3140F6B83355
:10C4F0008269A0F8B4301146438C04F17800BDE89D
:10C500007040F6F787BC0229E8D1B0F84A32D0F87B
:10C5100044228169F1E701440023884203D1B3FA40
:10C5200083F04009704710F8012B1343F5E7F8B585
:10C5300005460C46D0E90476FCF7C6FA20B940F26D
:10C5400007112920F4F71EF8ECB1D5E90423D21B1A
:10C5500063EB0603012A73F100014FF0000114DBC5
:10C560006FF001009042994102DA40F21111E8E7C0
:10C57000631E1344B3FBF4F35C43E41946F1000675
:10C58000C5E904461C462046F8BD0C46FBE7CB1E19
:10C59000012B0FD803290BBF96234FF416731022DB
:10C5A000402203F5BC73984210D9C01A90FBF2F0F8
:10C5B00080B27047022904D13C2807D980100F3877
:10C5C000F6E7702802D9C0100E38F1E70020704756
:10C5D00038B50D460446F5F749FF2B78002B08BF08
:10C5E000034684F864306B78002B08BF034684F858
:10C5F00065306B88A4F8663038BD012908B503465C
:10C6000006D002290CD040F289112920F3F7BAFF95
:10C6100040F6C41040F2E242002B08BF104608BDAD
:10C6200040F6C410FBE7002307B501A80193FAF711
:10C63000C1FF019810F0030018BF012003B05DF89E
:10C6400004FBC2B292FAA2F2030A93FAA3F31B0EFE
:10C65000100E40EA03207047013105300022C9B2B4
:10C6600070B510F8013F8B4216D310F8054C00232B
:10C67000012505FA03F626421CBF01F1FF31C9B2BC
:10C6800069B10133082BF4D10132D2B2052AE8D1C5
:10C6900099214620F3F776FFC91AC9B2F4E703EBF4
:10C6A000C200C0B270BD0B6870B5C0F8013004465E
:10C6B0000B790546461D03F01F0343710023C37227
:10C6C00015F8010F00F0A2FA6871B542E37A184438
:10C6D000E072F5D170BD81EA114170B58CB20546AA
:10C6E000C17A032682EA0400FFF7ABFF013E00EBAC
:10C6F000001016F0FF0604EB000290B2F4D14440A3
:10C700002522B4FBF2F302FB1343C3F3C402D8B2F5
:10C7100003F007032A445678012202FA03F31E426B
:10C7200007D161432846C1F30741BDE87040FFF7D8
:10C7300093BF70BDF8B590F8215004466B1E242BB2
:10C7400054D80AB90020F8BD807D18B1012844D022
:10C750001F20F8E794F8233094F8221002FB0132EE
:10C760002523B2FBF3F103FB1123DBB204EBD3026D
:10C7700003F0070684F82330D17D0122B240114234
:10C7800002D084F82430DDE7B3FBF5F205FB123369
:10C7900004F11B01013303F0FF0311F8012F934251
:10C7A00018D811F8055C0022012606FA02F72F427C
:10C7B00008D0013B13F0FF0304D102EBC00284F860
:10C7C0002420BFE70132082AEFD10130C0B205288A
:10C7D000E3D1BDE79B1ADBB2F7E7228904F116002B
:10C7E000C969FFF778FF84F82400ABE71220AAE7B5
:10C7F0000378890123F0400301F040010B430370EB
:10C800007047037803F07F0343EAC1130370704756
:10C810001F2A38B50546144603D9B7212A20F3F755
:10C82000B1FE06340930FEF77FF86C7038BD1F2A60
:10C8300038B50546144603D9D9212A20F3F7A2FEBC
:10C8400006340930FEF770F86C7038BD0378024684
:10C8500003F00F03032B3ED0052B42D1C37F90F88A
:10C860002000034392F82100034392F8220003437F
:10C8700092F8230000F01F00184333D05378222B86
:10C880002FD1B2F81930B1B1B3F5506F13D940F6CA
:10C8900007518B4225D8B2F81B30B3F5FA7F20D26E
:10C8A000B2F81D0040F676430A3880B298428CBF39
:10C8B000002001207047991F40F67A4089B28142DA
:10C8C0000FD8917D481E07280BD8994209D2B2F89B
:10C8D00017109942DEE74078A0F10C035842584106
:10C8E000704700207047037801F0030123F0030331
:10C8F0000B43037070470078C0F3800070470078E6
:10C90000C0F3C00070470078C0F3001070471B2AC6
:10C9100008B504D940F24D412A20F3F733FE4270A6
:10C920000330BDE80840FDF7FFBFB0F80730B1B1F4
:10C93000B3F5506F13D940F6075293421FD8B0F8A1
:10C940000930B3F5FA7F1AD2B0F80B0040F67643FF
:10C950000A3880B298428CBF0020012070479A1F8D
:10C9600040F67A4192B28A4209D80279511E0729CB
:10C9700005D89A4203D2B0F805209A42DEE700209B
:10C980007047406890F8AA3123B1002380F8AA319B
:10C9900000F072BD704708B5017A19B101290AD0BB
:10C9A000002008BD03680221C2888088F6F7ECFAEF
:10C9B00020B10120F5E70368C288F6E7F6F7D2FC5C
:10C9C000F7E702230B7001238B707047F6F74EBC1C
:10C9D00010B521B94FF410711020F3F7D3FD4A6060
:10C9E0000B72EFF3108472B6031D0B6042681AB12C
:10C9F000127A012A08BF036003681960016004B954
:10CA000062B6BDE81040F6F77BBC0222F6F798BC90
:10CA10000322F6F795BC0422F6F792BC0222F6F741
:10CA2000D3BC11230B706FF49A7318440388A1F8D8
:10CA30000330838FA1F80530B0F84030A1F80730FB
:10CA4000C38FA1F80930B0F84230A1F80B3070471D
:10CA5000012908B503D10E30C00080B208BD0229FB
:10CA600002D10F308000F8E74FF42E710620F3F763
:10CA700089FD30B587B004460D46F6F7D7FA90B376
:10CA8000A4F59F74694624882046FFF790F820B1EA
:10CA90004FF484712C20F3F775FDBDF8063003A820
:10CAA000ADF80C40ADF80E30BDF80830ADF81030E0
:10CAB000BDF80230ADF81230BDF80430ADF81430D6
:10CAC000FFF753F810B140F21111E3E7ADF80C0095
:10CAD0009DF80C30002063F307009DF80D3063F3E0
:10CAE0000F2007B030BD2B46172203F8032BD4F8D4
:10CAF0000920C5F80320D4F80D205A60B4F811209D
:10CB00001A810423ADF80C30E2E740687047C08A10
:10CB100070478A880B8910B5CC884988A0F85440A2
:10CB2000A0F85010A0F85220A0F8563010BD838312
:10CB3000BDF8003001834283C383704738B5C58B8D
:10CB40000446438C007A9D4228BF1D46FFF780FFB4
:10CB50006389AB4228BF2B46984238BF184680B243
:10CB600038BD2DE9F041984607460E4680891946A2
:10CB70001446FFF76DFF054641463846FFF7DEFFD6
:10CB800085429DF8181028BF0546B88AFFF760FF58
:10CB9000FB8AADB2834228BF0346A01D9BB230443E
:10CBA0002B441844BDE8F08107B590F869300022A5
:10CBB00096213030009390F83830FFF7D2FF03B061
:10CBC0005DF804FB38B514460D4619469634FFF758
:10CBD000EBFF2044A84294BF281A002038BD38B586
:10CBE0000D4611460446FFF7DFFF2844606338BD59
:10CBF0008369006B984228BF184601F19C03834269
:10CC00003DBF401A9C3840080020704700F0550393
:10CC1000400800F05500034403F033009B0803F084
:10CC20003303034403F00F0000EB13107047436815
:10CC3000002283F8862083F8C220A3F8BE20704724
:10CC400043680022A3F8C42093F8C620013283F879
:10CC5000C6207047426808B592F8C630013B5BB207
:10CC6000002B82F8C63003DA52214A20F3F78AFCFF
:10CC700008BD436883F80B1183F80A217047A0F1BF
:10CC80000A03042B0CD9A0F14303012B08D9A0F10E
:10CC900020032E2818BF062B94BF012000207047C8
:10CCA000012070474268936F10B513F0080408D153
:10CCB00043F0080382F808119367FFF7C1FF20468D
:10CCC00010BD0120FCE730F8023CF7B505460E46E2
:10CCD00030F8A07C73B101226846ADF801708DF880
:10CCE0000020ADF80330F5F71DF918B19521632048
:10CCF000F3F748FC08230024A6F803703370B470DF
:10CD00006B7A55F88C0C7371FEF72DFA08B9BA21BD
:10CD1000EDE73846F5F7E4FC21463846F4F704F829
:10CD20004FF40173204603F004021B0A62F307006C
:10CD300063F30F2003B0F0BD4368002093F8882010
:10CD4000063A012A81BF0A7983F88920062283F8EE
:10CD500088207047426892F88830063B012B84BFD8
:10CD6000072382F888307047426870B592F8875080
:10CD7000F5B9B1F80930B2F88060A2F83C32013B55
:10CD80009B1B47F6FD769BB2B34206D9282382F857
:10CD9000A930F6F745FD284670BD4B68C2F83E3213
:10CDA0000B7A82F842320A22436883F88720F2E73E
:10CDB0000125F0E70B46062203F8032BD0F80920E3
:10CDC000C1F80320D0F80D205A60427C1A7200236B
:10CDD000CB707047436870B593F8875006460C4691
:10CDE000002D42D129462046FFF79FFD28B9E17862
:10CDF0003046BDE87040FFF755BF7268B4F80D309B
:10CE0000B2F88010A2F83C32013B5B1A47F6FD7184
:10CE10009BB28B4207D92823304682F8A930F6F717
:10CE2000FFFC284670BDB4F8073040F2E2414B43A6
:10CE3000C2F844322379C3EB431003EB800303EBC6
:10CE400083035B00A2F83E32B4F805304B43C2F8CE
:10CE50004032B4F80930A2F84832B4F80B30A2F8E6
:10CE60004A320D2382F88730DBE70125D9E708B580
:10CE7000436893F886201AB12621A320F3F782FB9A
:10CE80001D2283F8862008BD73B5456806460C460A
:10CE900095F886301D3B022B23D809891A2919D908
:10CEA0006389B3F5A47F15D3A2881A2A12D9E08822
:10CEB000B0F5A47F0ED3009005F13000FFF737FEE8
:10CEC0007168284601F23511F6F7A0FA062170685C
:10CED000F7F74AFB002085F8C20085F8860002B00B
:10CEE00070BD0120FBE74268936FD90610B5044678
:10CEF00003D4B021A320F3F745FB990601D5B12156
:10CF0000F8E723F010039367FFF7A4FE606806219B
:10CF1000BDE81040F7F728BB09230B70D0F80930A3
:10CF2000C1F8023070470B460A2203F8022BB0F812
:10CF300009204A80C27A9A70704738B5436805461E
:10CF400093F8874034B1113C0B2C8CBF012408248A
:10CF5000204638BD93F88C30002BF9D0FFF770FED7
:10CF60006B68112283F88720F2E708B5436893F8CD
:10CF70008720152A04D04FF4BD711F20F3F702FB60
:10CF8000012283F8C720162283F8872008BD436852
:10CF900093F88720122A05BF13220020022083F86D
:10CFA00087207047436810B593F887300446182BE4
:10CFB00007D1FFF74FFE63681C22002083F887200B
:10CFC00010BD0220FCE708B5436893F88720112ABA
:10CFD00004D040F2A3111F20F3F7D4FA012283F802
:10CFE000C720122283F8872008BD08B5436893F84C
:10CFF0008720162A04D040F2AB111F20F3F7C2FAA3
:10D00000182283F8872008BD0B46052203F8032B5E
:10D01000D0F80920C1F80320D0F80D205A60B0F8EC
:10D0200011201A81C27C9A72704708B5436893F840
:10D0300086201AB1DD211C20F3F7A4FA042283F81C
:10D04000862008BD426808B5936FD90703D4EB2149
:10D050001C20F3F797FA23F001039367BDE808401B
:10D06000FFF7F8BD0C23A0F596700B7003884B807A
:10D0700070474368002093F886200F2A01BF0022E2
:10D0800083F8B62083F8C22083F88620704738B52D
:10D090004568AB6F13F0040407D1FFF7D1FDAB6F08
:10D0A000204643F00403AB6738BD0120FCE742682B
:10D0B000936F23F004039367FFF7CCBD08B5436873
:10D0C00093F886201AB170214B20F3F75BFA0F22F8
:10D0D00083F8862008BD10B5D0E90D42A24206D3E0
:10D0E0000B8C121BC98D05334B43934202D3012392
:10D0F00080F83E3010BD01230B7000238B7030F898
:10D10000CA3CA1F80330437A4B714389CB808389B1
:10D110000B81704710B5446894F8C9309A070ED453
:10D1200094F886301BB174214020F3F72BFA0122CA
:10D13000A4F8BE3084F8862084F8C22010BDA36F06
:10D140009B0705D5FFF786FDA36F23F00203A367B6
:10D15000002384F82A31F1E710B50B7901284C79C6
:10D160000A6843EA0421104608BF41F4803110BD2B
:10D1700007B5FFF7F1FF0DF10702F6F767FD03B002
:10D180005DF804FB08B5FFF74EFA002814BF142021
:10D19000002008BD10B5FAF7E1F80446FFF7F2FFEA
:10D1A0004FF47A7204F54443CD304933B3FBF2F3C4
:10D1B000184410BD10B5044690F86900FFF7EAFF67
:10D1C000012201462046BDE81040FFF708BD7FB5AB
:10D1D000044618B9AA213020F3F7D4F9072900F240
:10D1E000D780DFE801F004C933332ED5C1D390F8DE
:10D1F000F431B0F88020DBB1B0F8F231934208BFCF
:10D20000B0F8A4319A1AA0F8A621A4F880302046DC
:10D21000D4E98223C4E98423F8F79AFE94F8AB3169
:10D22000002B00F09F8004B0BDE8704000F01DBDF1
:10D23000B0F8F0319B1AA0F8A631B0F8F0319BB2EB
:10D24000E3E704B0BDE87040F9F76EBFFBF75CFBA5
:10D25000D4E98423801A61EB0301012871F10003F2
:10D2600002DA40F23C61B6E76FF0010383424FF00F
:10D2700000038B4102DA40F23D61ACE7A3690BB1D8
:10D28000B0FBF3F394F88710B4F8F2210D2932D1F2
:10D290000132A4F8F221B4F82A3202AEB4F8805078
:10D2A0000133A4F82A32B4F8BA301D44B4F8B830C7
:10D2B000013DED1AADB2B4F8F2116B1A180435D471
:10D2C0000023204600961A46F6F76CFD012849D146
:10D2D000B4F8F221B4F8A011BDF808301344521A82
:10D2E00012049BB204D5EA1A12F4004F18BF0B4681
:10D2F000A4F8F231DFE7B4F880100B449BB2D11AE6
:10D300000D044BBF013301329BB293B2A4F8F2314A
:10D3100094F8F531002BBED1B4F8A431B4F8F22161
:10D32000934204BF0133A4F8F231B4E794F88A3091
:10D3300030460394002B14BF08233E2384F8A93001
:10D3400001238DF80830F6F76BFA204600F08FFCC9
:10D35000002394F8F70184F8DC31FBF7EDFA202381
:10D3600084F8F73104B070BD0120FBF7D3FC04B0A2
:10D37000BDE87040FEF753B990F8DC31042B01D0C2
:10D38000D02128E7002380F8DC31EBE7D62122E723
:10D39000DA2120E7002313B51A4680F8DC31A0F823
:10D3A0002832194600930446F6F7FCFC20B140F2FF
:10D3B0001D213020F3F7E6F80123C4F8D801C4F8A2
:10D3C000D00184F8DC31A4F8F201A4F8F00184F86B
:10D3D000F501B4F88030A4F82A02013BA4F88030AB
:10D3E00002B010BDD0F8CC00704710B5044690F8DC
:10D3F0001031EBB1FF2380F81831012100F09DFAC4
:10D4000094F81031A3B194F8C800FBF755FB94F8D9
:10D41000C800FBF7FBFB94F8C800FBF78DFA20B9B6
:10D4200040F209213020F3F7ADF8002384F81031E1
:10D43000002010BD08B590F8182142B990F8D0200E
:10D4400042B1D0E93531994202D9F7F7A3FE002263
:10D45000104608BD0122FBE710B50446FFF792FE17
:10D4600000F295112046FFF7C3FB40F648039842AF
:10D4700028BF184680B210BD7FB5044690F8AB3186
:10D4800003F0FF05002B59D190F8DC31032B55D167
:10D49000FBF73AFAD4E98423801A61EB03010128EF
:10D4A00071F100034ADB6FF00103834275EB010168
:10D4B00004DA40F2E5513020F3F764F8A269B4F8D9
:10D4C00080300AB1B0FBF2F2013313449BB2A4F8EE
:10D4D000F031B4F8A431B4F8F0219B1A1BB2002B40
:10D4E0002CDD94F8F701FBF7E7FA38B3FF2384F853
:10D4F000F531B4F8BA300DF10E06B4F880501D4481
:10D50000B4F8B830013DED1AADB2B4F8F031EB1A11
:10D510001B0413D4B4F8F01100230122204689B271
:10D520000096F6F73FFC012808D1B4F8F031BDF8B9
:10D530000E2013449BB2A4F8F031E6E704B070BDAE
:10D5400070B5044621B1012978D040F6280172E077
:10D5500000F00AF994F8113105460E46DBB150EAA5
:10D56000010318D0D4E93832D4E94001C01A334657
:10D5700061EB02012A4600F00BFE05FB01F300FB04
:10D580000633A5FB00021344D4E93821121843EBFB
:10D590000103C4E93823E08C30B1F5F799FFE38C3F
:10D5A000B0FBF3F202FB1300D4E93832ED184FF070
:10D5B000000346EB02062D184FF0020284F8F0300B
:10D5C00046F1000684F81131A4F8F820C4E9385671
:10D5D000C4E9405694F8183103F0FF01DBB96FF04D
:10D5E0000043D4E942029A4208BFB0F1FF3F18D08D
:10D5F0002046D4E9405600F0ACF8AE30D4E94232CF
:10D600005B1B62EB06021B1A62F10002002A08DAB9
:10D610002046F7F7BFFDF9F767FCBDE87040FBF760
:10D6200076B904F1F00194F8C800FBF713FA00286A
:10D63000F1D14FF4EA613020F2F7A4FF002380F823
:10D64000D030E8E790F81001003818BF012070478B
:10D650000B46142203F8032BD0F80920C1F803204D
:10D66000D0F80D205A60704738B510220B460C4692
:10D6700003F8032B00F10902293052F8041B8242FF
:10D6800043F8041BF9D1127800211A700123A588F0
:10D69000A3712846F3F732FB70B1E37863B10088D9
:10D6A000F5F71EF800212846F3F73EFB20B140F2C3
:10D6B0002B212D20F2F766FF38BD0121F7F7F6BACE
:10D6C000FFF7FBBF90F87A300BB10120704790F85C
:10D6D000B22002F0FF03002AF7D190F8A4201846E8
:10D6E000704737B50D464FF490720021044600F0A4
:10D6F00098FDFF2323701323638042F21073E384A9
:10D70000F3F708FC0022014620636846F3F730FC7B
:10D71000206B00220121FDF7A3FE216B6846042245
:10D72000F3F726FC0022206B1146FDF799FE04F169
:10D730002800A57403B0BDE8304000F03AB9FF23DB
:10D74000086B0B70FDF759BE0078FF3818BF012039
:10D75000704710B50446283000F07BF92822618814
:10D76000F7F746FD6D3010BDD0E9020170470B6838
:10D77000C0F815308B88A0F819300123C3767047A4
:10D780002DE9F04F064691B00C46074606AD0DF167
:10D7900010080FCE0FC50FCE0FC596E8030085E821
:10D7A0000300404600F005F9667894F8149006F0FE
:10D7B0007F0594F80AA0B9F1010F94F800B02E4645
:10D7C00007D0B9F1020F04D040F29A310620F2F7E7
:10D7D000D9FE617A404600F0F3F8237D227F40466F
:10D7E000022B02F101020CBF617D0121D2B204BF04
:10D7F0000131C9B200F0E6F815F0080362D14046E5
:10D80000019300F026F928223146F7F7F1FC40F2A7
:10D81000712100F29922E5782079019B45EA0025E3
:10D820006079B2FBF1F245EA00454A434D43AA4212
:10D830000AD9E079A57945EA0025207A45EA00452C
:10D840004D43954228BF1546227E0393531EA17C6B
:10D85000386B5A4202915A410192FDF793FE386BA0
:10D86000FDF7A0FE039B019A0299ADF81A6006AE7F
:10D8700008953D468DF828208DF82B108DF82CA0AA
:10D880008DF818B08DF81C9009930FCE0FC50FCEF0
:10D890000FC596E8030085E8030098E80300B86226
:10D8A0000020B985E37A03F0FD03003B18BF012394
:10D8B00087F85730E368BB65238AA7F85C3011B05E
:10D8C000BDE8F08F00252B46BEE7438813F0040F18
:10D8D0000CBF1F20002070474FF40043C3854388CE
:10D8E0001D2B08BF00214174704790F9120070474A
:10D8F000408800F0010070478078C0F34000704716
:10D900008078C0F3C000704708B5006BFDF731FEAA
:10D91000012008BD012070470120704790F8503069
:10D9200001624B72D0F85130C1F80A30B0F855306E
:10D93000CB8170477047F6F723BF80F870107047AF
:10D9400080F8241080F8252070478278034612F072
:10D95000010002D0D978C90710D5900702D5D9782F
:10D9600089070AD512F0040008D0D878C0F38000E7
:10D9700080F001008000C0B2704702207047C0F301
:10D980004002C0F3800300F00100134418447047C4
:10D99000022808B507D0042807D0012807D039216C
:10D9A0002E20F2F7EFFD262008BD2720FCE72520DA
:10D9B000FAE70023C0F80230012343700370704778
:10D9C0008170704710B54270144601708078FFF77F
:10D9D000D6FF484304FB00F2FE2A03DD5C212E2023
:10D9E000F2F7D0FD10BD0023C3704371037170477F
:10D9F00010B50446FFF7A9FF637962780133DBB203
:10DA00009A4263710CD1E3780022A17803436271DA
:10DA1000DBB29942E37001BF2379E27001332371D5
:10DA2000BDE81040FFF7B4BF38B504468078FFF773
:10DA3000A6FF0146E078FFF7A2FF237822796578F8
:10DA40009B1A6B4359436379C91A00FB1510C0B286
:10DA500038BD014608B58078FFF791FF4A780B780A
:10DA600053435843C0B208BD40F2EE20704740F225
:10DA70005A335843704738B50E38536814460D462C
:10DA800093F8862009283FD8DFE800F0053E3E3EA7
:10DA90000F3E173E3E26042A05D12046FFF7C7F861
:10DAA0002046F6F717F8002038BD0F2AFBD1204694
:10DAB0000021BDE83840FFF7DCBA1D2AF3D120462B
:10DAC000FFF7B5F8002DEED0626892F8D83023F059
:10DAD000200382F8D830E6E793F88720232AE2D1A2
:10DAE0000025204683F88750FFF7B4F8636893F861
:10DAF0002431012B03D129462046F4F7D9FC636871
:10DB0000002283F82421CEE740F256213120F2F79B
:10DB100039FD08B590F80E31FE2B04D040F6B30164
:10DB20003120F2F72FFD002380F80E1180F80F311D
:10DB300012B9A0F8C42008BDA0F8BE30012380F8B7
:10DB4000C230F8E708B5436893F88720162A04D056
:10DB500040F252513120F2F715FD1A2283F8872046
:10DB600008BD08B5436893F88720312A06D1002202
:10DB700083F88720BDE80840FFF76CB8162A03D168
:10DB80001A2283F8872008BD40F267513120F2F74E
:10DB9000F9FC037D63B9C37BA3F11002032A07D903
:10DBA00090F8500028B11C2B8CBF0020012070473A
:10DBB0000120704702464068097990F886301D2B95
:10DBC00014D00BD8042B13D00F2B13D090F8873020
:10DBD000232B0CBF1720FE20F7F7EEBC282B0BD011
:10DBE0002E2B01D0212BF1D11620F5E71420F3E7DD
:10DBF0000E20F1E71220EFE72320EDE70246406810
:10DC00000B4690F8D81041F0040180F8D8105979EB
:10DC10001879F7F7D1BC38B50C460546D1E90401AF
:10DC2000F3F71CF994F8F70120280FD0FAF744FF16
:10DC300094F8F701FAF7EAFF94F8F701FAF77CFE97
:10DC400020B940F61D113120F2F79CFC2846022134
:10DC5000BDE83840F3F768B80020704708B5F5F71D
:10DC600081FCBDE80840F5F741BEF3F7D1BC0022C6
:10DC7000A0F8862080F88A2090F8AB3113B10221F9
:10DC8000F6F772BC0321FBE738B50446084694F862
:10DC9000303213B10C25284638BD94F88730153B37
:10DCA000012BF7D894F8543203F0FF05002BF1D183
:10DCB00091B194F8C63123B940F699213120F2F799
:10DCC00061FC052304F1F00204F5DB7100F013FAA6
:10DCD000012384F83032DEE70223FAE7F5F7B6BC19
:10DCE00008B5F8F7FDFEF8F7BFFCF8F74FFABDE806
:10DCF0000840F8F731BBC82108B5F8F7E5FA022863
:10DD000007D1013911F0FF01F7D1EB213B20F2F7E8
:10DD100039FC431E5842584108BD10B5F8F702FFC0
:10DD20000446FAF78DFF201841F1000110BD19B922
:10DD300043780BB1C3788370704710B5044608462A
:10DD4000F9F70CFB4FF47A73B0FBF3F0201A10BD17
:10DD500010B504460846F9F701FB4FF47A7200F259
:10DD6000E733023CB3FBF2F3E01A10BD08B5FCF751
:10DD700075FDBDE8084000F038B8801A00F30700D0
:10DD800038B50D46144659B240B2FBF7BFFA00232E
:10DD9000287020446B7040B238BD00230360704788
:10DDA0007047002070474FF0FF3070474FF0FF3052
:10DDB000704770474FF0FF307047002070470020D9
:10DDC00070470023037070479DF800300022FFF772
:10DDD000D4BF4FF0FF307047002070474FF0FF3046
:10DDE00070474FF0FF307047704770470020FBF7D7
:10DDF000F5BA0020FBF7F6BB0020FBF707BC0020BC
:10DE0000FBF7ECBA7047FBF74DBCFBF75FBCFBF7C9
:10DE10004FBC38B5054691F82B000C46FAF78CFD3F
:10DE200018B9F6216A20FCF713FB002309212846C4
:10DE3000238584F82A30236A984718B103780BB1F8
:10DE4000FA21EFE738BD426A08B5034611441A7853
:10DE5000A1F196005962012A06D1FAF747FF40B9AD
:10DE6000DA216A20FCF7F4FAFAF740FF08B9DF215B
:10DE7000F7E708BD70B50024FCF732FA05462646E0
:10DE8000E0B2854200D870BDFCF730FA0134068557
:10DE900080F82A60F4E7F8B504460D460027FCF741
:10DEA0001FFA0646F8B2864204D8082D0CD96FF046
:10DEB000150008E0FCF71AFA90F82A300137002B19
:10DEC000F0D04FF0FF30F8BD2CB129462046BDE818
:10DED000F840FCF717BA21462046F8E710B504468B
:10DEE000FCF704FA014688B190F828308BB990F815
:10DEF0002A3073B1013B012B04D82046FFF789FF7C
:10DF0000002010BD012380F82830F9E76FF00100F0
:10DF1000F7E76FF02200F4E770B50D46FCF7E6F97D
:10DF20000446002848D090F82A60731E012B49D877
:10DF3000002D44D02846FBF7A5FF00283FD02B78C2
:10DF4000FBB9012323702B79003B18BF01236372B7
:10DF50006B79002B14BF042302232372AB68A53313
:10DF60006360EB6823610323214694F82B0084F857
:10DF70002A30FAF76FFD40BB40F2E2216A20FCF73D
:10DF800067FA022E1ED1002323702B79003B18BFA5
:10DF9000012363726B79002B18BF04262672EB688D
:10DFA000A968A5336360D4E906325B1842EBE172DD
:10DFB000C4E904320423D7E76FF0010070BD6FF0AD
:10DFC0001500FBE76FF02200F8E70020F6E7F8B550
:10DFD000037904461BB11B219D20FCF739FA4679D1
:10DFE000017126B901234371217909B96171F8BD25
:10DFF000276820462671B84702280546F4D1032138
:10E000002046B84708B12F21E6E723682946204675
:10E0100098470028E8D03021DEE7034600688842B0
:10E0200004D109B10A681A600846704728B97047D8
:10E03000884202D10A681A60F6E7034600680028A1
:10E04000F6D1704701F11003013813F8012D8B420E
:10E0500000F8012FF9D170472DE9F04713F0010FB7
:10E060008EB004460D4617469A46DDE9168924D03F
:10E0700006A8FFF7E7FFA30735D002AA04F11005B1
:10E080002068083454F8041C1346AC4203C31A46F3
:10E09000F6D106AD02AC1AF0020F4346CDF800905F
:10E0A00023D0294620460AAAFCF77AFA0AA938465C
:10E0B000FFF7C8FF0EB0BDE8F08713F0040F0DD1D5
:10E0C00006AB0E4601F1100C1D463068083656F8B6
:10E0D000041C1A46664503C21346F6D1214602A81F
:10E0E000FFF7B0FFD6E706ADD5E73A46294620460A
:10E0F000FCF756FADEE713B50024CDE90044FFF73C
:10E10000ABFF02B010BDFCF785BB20BF704720BF3E
:10E1100070479142F8B503D373219620FCF798F924
:10E12000B2FA82F33BB1C3F1200499409A4020FA3D
:10E1300004F4984021434FEA124C93B2040C87B286
:10E14000B1FBFCF50CFB151E05FB03F64FEA0E4E6A
:10E150000EEB1040864205D9361A964294BF01262E
:10E160000226AD1B04EB0141280405FB1211B1FB93
:10E17000FCF40CFB1411634307EB0147BB4205D9C8
:10E18000DB1B934294BF01230223E41A2043F8BD12
:10E190002DE9F0411D4607460C46164652EA050396
:10E1A00003D1A6219620FCF753F985B9914204D2F8
:10E1B000FFF7AFFF2946BDE8F08108462946FFF783
:10E1C000A8FF05463246384606FB1541F0E7B5FA8A
:10E1D00085F80123400803FA08F3C8F11F0840EA54
:10E1E000C470A3FB0212610803FB0522FFF791FF35
:10E1F00030FA08F04FF0000102D0013861EB010164
:10E2000000FB05F3A0FB062C06FB0133BF1A634499
:10E2100064EB0304B742AC41CDD3013041F10001BE
:10E22000C9E7F0B5C9B20446A30726460ED14FF0A0
:10E23000013522F003034D43E718BC420CD13344AF
:10E2400002F003021A44934209D1F0BD002AFCD027
:10E25000013A04F8011BE7E744F8045BEDE703F833
:10E26000011BF0E700280CBF6FF01500002070477D
:10E27000002070470723037000207047002070477C
:10E280000020704710F8012B11F8013B012A28BF2C
:10E290009A42F7D0D01A7047034611F8012B03F8C1
:10E2A000012B002AF9D17047034613F8012B002AED
:10E2B000FBD1181A01387047430803F05533C01AD0
:10E2C00000F03333800800F0333018444FF001334E
:10E2D00000EB101000F00F305843000E70472DE98E
:10E2E000F04786468C460846089E154674461946F1
:10E2F000002B40F0C1808542B2FA82F245D94AB182
:10E30000C2F1200300FA02FC954094402EFA03F378
:10E3100043EA0C0C4FEA154EA8B2230CBCFBFEF8E6
:10E320000EFB18CC08FB00F943EA0C43994528D9A9
:10E33000EB1808F1FF3704D2994502D9A8F102077A
:10E340002B44A3EB0903A4B2B3FBFEFC0EFB1C336E
:10E350000CFB00F044EA0344A04214D92C190CF140
:10E36000FF3304D2A04202D9ACF102032C44241A98
:10E3700043EA07401EB1D440002334607360BDE817
:10E38000F0874746DDE76346F1E792BB431B012177
:10E390004FEA154EAFB2200CB3FBFEFC0EFB1C3354
:10E3A0000CFB07F840EA0343984561D9EB180CF1E0
:10E3B000FF3004D2984502D9ACF102002B44A3EB04
:10E3C0000803A4B2B3FBFEFC0EFB1C330CFB07F7E7
:10E3D00044EA0344A7424DD92C190CF1FF3304D26F
:10E3E000A74202D9ACF102032C44E41B43EA0040EB
:10E3F000C0E7C2F120039540944020FA03F12EFAC1
:10E4000003F34FEA154E9040AFB20343B1FBFEFC5D
:10E410000EFB1C10190C0CFB07F841EA0041884563
:10E4200022D969180CF1FF3004D2884502D9ACF129
:10E4300002002944A1EB08019BB2B1FBFEFC0EFBDC
:10E440001C110CFB07F743EA01439F420ED9EB185E
:10E450000CF1FF3104D29F4202D9ACF102012B44EE
:10E46000DB1B41EA004193E76046E3E76146F7E7DB
:10E470006046A4E76346B8E7834206D916B900218F
:10E4800008467CE7C6E900E0F9E7B3FA83F78FB9FD
:10E49000834201D3724508D8BEEB020460EB03034C
:10E4A00001209C461EB9002169E73846FAE7C6E913
:10E4B000004CF8E7C7F1200CBB400EFA07F522FA32
:10E4C0000CF42EFA0CF1BA401C4320FA0CF3B840BD
:10E4D0004FEA144901431FFA84FEB3FBF9F809FB24
:10E4E00018300B0C08FB0EFA43EA00439A4540D95A
:10E4F000E31808F1FF3004D29A4502D9A8F10200CE
:10E500002344A3EB0A0389B2B3FBF9F809FB1833E0
:10E5100008FB0EFE41EA03418E452CD9611808F133
:10E52000FF3304D28E4502D9A8F10203214443EA05
:10E530000040A1EB0E01A0FB02984145CE464346A8
:10E5400002D306D14D4504D20138B9EB020E68EB77
:10E550000403002EA7D0B5EB0E0261EB030101FA14
:10E560000CFC22FA07F3F9404CEA0303C6E9003138
:10E5700099E74046C5E74346D9E7000000000000A0
:10E580002DE9F04704460F46164688B030F012FBDE
:10E590004FF47A75A0FB050C47F6122205FB01C16A
:10E5A0000023FCF797FA012F80460D4607D102465B
:10E5B0000B462046264928F02CFE002011E0766804
:10E5C00024483146FFF75EFE70B131462248FFF71E
:10E5D00059FE48B120463246204928F036FE6FF0F9
:10E5E000040008B0BDE8F087404617A3D3E9002334
:10E5F0002946FCF71FFA06460D4610461946184AEA
:10E600000023FCF717FA80460F46104619464EF6CF
:10E6100060220023FCF70EFA82468946104619460E
:10E620004FF47A720023FCF705FACDE902A9CDE98F
:10E630000623CDE9040132462B462046CDE900876A
:10E64000084928F0E6FDB8E7005C26050000000058
:10E65000F3B7040004B8040007B8040010B80400BD
:10E6600080EE360028B8040000222DE9F04184B085
:10E67000114640F6034002AF0AF0A2FA0446002811
:10E680005AD109F019FF214641F203003A1D0AF060
:10E6900097FA044600284FD17A68BF4DD16805F13A
:10E6A0007803D1F80100D1F8051003C3104606F035
:10E6B000E3FB214641F201003A1D0AF081FA0446CB
:10E6C000002839D17868C3685A7885F870205A884C
:10E6D000A5F872201A7985F87120B3F80720A5F8FB
:10E6E0007420B3F80530A5F8763006F0C5FB214656
:10E6F00041F202003A1D0AF063FA0446E0B9D7F885
:10E7000004C005F18006DCF80C20531C413234466D
:10E7100018685968083303C493422646F7D1604607
:10E7200006F0AAFB95F87C3059060FD49B48036885
:10E730005A0706D16FF0120420460837BD46BDE8DF
:10E74000F0810121964A2AF0EAFDF3E7002142F226
:10E7500003003A1D0AF034FA04460028ECD17A6826
:10E76000904BD168D1F80100D1F8051003C31046D1
:10E7700006F082FB214642F202003A1D0AF020FA1E
:10E7800004460028D8D17E68F468B4F801309AB203
:10E79000B2B1E278A2B1A5F80431E378032B0AD034
:10E7A0007E48026812F0060F05D003220221009273
:10E7B0007D4A28F04FFAE2787C4811462FF06EFF30
:10E7C000304606F059FB1F2395F87C60A5F82031F0
:10E7D00016F0200619D14FF0FF304FF0FF3109F04D
:10E7E0008BFE0446002800F0C58002210C302AF080
:10E7F000BCF80123214603704670324640F66D4056
:10E800000AF0DEF90446002896D195F89C301B07E3
:10E8100012D5002142F21C003A1D0AF0D1F904463B
:10E82000002889D17868C368D3F80120D3F805306F
:10E83000C5E9382306F020FB95F8D8309E0623D58D
:10E840003846B91C0AF09EFA044600287FF474AFDB
:10E850004FF0FF304FF0FF3109F04EFE0646002822
:10E8600000F0888004210C302AF07FF83B88224693
:10E8700003807B883146438042F224000AF0A0F9ED
:10E88000044600287FF458AF95F8D8305C0610D5C0
:10E89000002142F22A003A1D0AF092F904460028AB
:10E8A0007FF44AAF7868C3685B7885F8223106F058
:10E8B000E3FA4FF0FF304FF0FF3109F01DFE044640
:10E8C000002857D008210C302AF04FF895F8D810BE
:10E8D00040F2022311F0400F08BF032302468807CD
:10E8E0004CBF43F02C0043F00C0095F8D9308E0655
:10E8F00048BF40F0400013F0090F18BF40F400601B
:10E90000CB0748BF40F0100000212AF022FD21462D
:10E91000002242F201000AF053F9044600287FF475
:10E920000BAF95F87C30B5F804119E0625D4C9B913
:10E9300041F205003A1D0AF043F9044600287FF42D
:10E94000FBAEB5F804317C684BB9E368B3F801203D
:10E95000A5F804219A88154811462FF09FFE2046FD
:10E9600006F08AFA4FF0FF304FF0FF3109F0C4FD96
:10E970000446F8B96FF06804DEE60029F2D10748D2
:10E9800003685C0702D16FF00404D5E60121084A50
:10E990002AF0C5FCF7E700BFF8030020600F002055
:10E9A0003CE20400D004002060E2040000050020E6
:10E9B000A6E2040008210C3029F0D7FF95F8D830E2
:10E9C0000246D9072ED44FF000516F482AF0C1FCFF
:10E9D0002146002240F601400AF0F2F804460028E1
:10E9E0007FF4AAAE01463A1D4FF601400AF0E8F85E
:10E9F000664CD8B1236813F0060F04D002212046DC
:10EA0000634A2AF08CFC0BF01FF8044600287FF4C0
:10EA100093AE0CF0DBFC044600287FF48DAE09F0C9
:10EA200069FE89E656A1D1E90001CFE77B68DE687F
:10EA3000236803F00703022B68D9B6F80130E846D3
:10EA4000032B98BF534A8AB094BF52F823105249FF
:10EA500002AAD3614FF4007350481384504BC2E9AB
:10EA6000050142F8103F4FF4135148482AF066FC64
:10EA70002368C54603F00703022B47D9B6F80120E7
:10EA8000B6F80330022A55D1052B53D8454A52F81F
:10EA90002310E8468AB002AAD3614FF400734248BB
:10EAA00013843F4BC2E9050142F8103F4FF4135164
:10EAB00036482AF043FC2368C54603F00703022BBF
:10EAC00024D9737996F806E0032B98BF374AB6F835
:10EAD00007C0D6F809006E468CB094BF52F82310D8
:10EAE0002D4902AAC2E9073E4FF40073DFF8C08047
:10EAF0009385304BC2E90581C2E909C04FF47351D7
:10EB0000224842F8103F2AF019FCB546786806F012
:10EB1000B3F900214FF602403A1D0AF051F80646BB
:10EB200050B1236813F0060F3FF46DAF224A022163
:10EB3000164866E71849ACE77868C368B3F801304F
:10EB4000A5F8C13006F098F995F8C1305B077FF55C
:10EB50005AAF31464FF603403A1D0AF031F830B152
:10EB6000236813F0060F3FF44EAF144ADFE77868CE
:10EB7000C3685B7885F8C03006F07EF943E700BFD4
:10EB8000908800020080002010880002600F0020A2
:10EB9000C9E204000071040044E00400EDE2040056
:10EBA00004000001E870040006E30400D8700400CB
:10EBB0001EE30400070000014BE3040074E30400BB
:10EBC00037B50024164D6FF009034FF480622846D4
:10EBD0001449009419F0E4FA1349284619F0BCFBD3
:10EBE000124913482FF0DDFD224604211C2005F0B8
:10EBF00077FC01220F4BD3E8EF1FC3E8E02F00287A
:10EC0000F9D105A3D3E9002328460B4919F008FBE5
:10EC1000204603B030BD00BF389C1C00000000003F
:10EC20001040002058EC00208C060500A5C303000E
:10EC30006C4F0020384F0020980600200000000094
:10EC400010B50B4BD3E8AF3F53B1FBF771F806A3F8
:10EC5000D3E90023BDE810400649074819F0E0BA9F
:10EC600010BD00BFAFF30080389C1C000000000006
:10EC7000384F0020980600201040002000000000BF
:10EC80002DE9F04F012984468E4687B064D80029CB
:10EC900042D033A3D3E9002333A7D7E9006734A5D3
:10ECA000D5E900450FF2D00BDBE900AB34A1D1E987
:10ECB0000001CDE9042334A3D3E90023CDE90023E7
:10ECC00033A3D3E90023CDE9022333A3D3E90023FF
:10ECD0004FF000084FF00009CCE90A01DDE904011A
:10ECE000CCE90C01DDE90001CCE90E01DDE902010E
:10ECF000CCE910010020CCE90089CCE90289CCE9FB
:10ED00000467CCE90645CCE908ABCCE91223CCF882
:10ED1000D0E007B0BDE8F08F21A3D3E9002322A7FC
:10ED2000D7E90067CDE9042321A5D5E9004522A351
:10ED3000D3E900230FF2880BDBE900ABCDE9002318
:10ED400021A1D1E9000122A3D3E90023CDE90223C7
:10ED500021A3D3E90023BBE76FF07400D9E700BF1C
:10ED6000310BC0FF67263367D89E05C15D9DBBCBC5
:10ED700007D57C362A299A6217DD70305A015991DD
:10ED800039590EF7D8EC2F1511155868874AB48EEB
:10ED9000A78FF9640D2E0CDBA44FFABE1D48B547B2
:10EDA000D182E6AD7F520E5108C9BCF367E6096A0D
:10EDB0003BA7CA8485AE67BB1F6C3E2B8C68059B46
:10EDC0002BF894FE72F36E3CF1361D5F3AF54FA5B9
:10EDD0006BBD41FBABD9831F79217E1319CDE05B5D
:10EDE00008B500F03DFDBDE80840014819F0D2B972
:10EDF000AC4400202DE9F0438BB05C4B5C4E1B789B
:10EE00000546346802AF002B00F0AD8000211422CB
:10EE100007F10C0036F05BF8012302213B6140F65C
:10EE20000C0304F00704BB838C4207F10603514C2A
:10EE30007B61B96117D9E8468CB0236802AA4E48B5
:10EE400051624FF40071C2E9050300230C201185C3
:10EE50004A49C2E9073042F8101F4FF45351304677
:10EE600002F076F8C546D4F808804248D8F8043055
:10EE700007F10C019847044658B3336813F0060FA6
:10EE800013D0E8468AB0B9693B6902AAC2E9071300
:10EE900005233B48C2E9050442F8103F00234FF424
:10EEA0002251334802F054F8C546336813F0060F78
:10EEB00005D002212346334A2D4827F0C1FE2346C0
:10EEC00060212846304A26F079FB2437BD46BDE84C
:10EED000F083B7F90630B8F808200220534307F151
:10EEE0000801BB6010F0D6FA044668B1336813F02D
:10EEF000060FDAD0B7F9063002210093234A034601
:10EF00001B4827F0A7FED0E7BB68B7F906904FEA89
:10EF10002338336803F00703022B07D903214B463C
:10EF20001B4A1348CDF8008027F094FE40F6773353
:10EF300099450FDC40F6A40399454FF0640409DDC0
:10EF4000C9F53762083262434FF4357402F5B57281
:10EF5000B2FBF4F4234660212846CDE900890D4A2E
:10EF600026F02CFBB1E76FF012049EE780570020DB
:10EF7000DC0F0020F8530400E4AD0400060000019B
:10EF800033AE0400D2AE0400F3AE040074AE04004D
:10EF9000A4AE04000CAF0400B0B598B000AF384682
:10EFA000FFF728FF4FF0FF324FF0FF33174818F0FC
:10EFB000E5FD174B5F223946184635F0D0FF002497
:10EFC0000122144B80F85F401A70104818F04EFE72
:10EFD0001148026802F00702022A11D96D4688B072
:10EFE0006A460E4BC2E905374FF4007393830C4B0E
:10EFF00042F8103F4FF4E651234601F0A9FFAD4619
:10F00000012000F019FC6037BD46B0BD98440020D7
:10F010008257002081570020DC0F002056AF0400EB
:10F020000300000170B504461248036803F00703AB
:10F03000022B04D9032123460F4A27F001FE0025A5
:10F040000E4E01220021304626F07AFE962026F050
:10F0500087FE00223046114626F072FE01359620CA
:10F0600026F07EFEAC42ECD1BDE870404FF4FA7061
:10F0700026F076BEDC0F002086AF0400905204001C
:10F08000024B1B780BB1FFF7CDBF7047E257002052
:10F0900030B59BB0284D4FF0FF334FF0FF3227487B
:10F0A00018F06CFD2B78264C73BB244818F0DEFD5D
:10F0B00002A8FFF79FFE02A8FFF7F6F823680546AF
:10F0C00003F00703022B06D93223009003211D4AC7
:10F0D0001B4827F0BFFD4FF0FF324FF0FF333221C6
:10F0E000CDE9002318482B4602AA11F0A3FE0346DF
:10F0F00040B1226812F0060F04D00221134A1048D2
:10F1000027F09EFD1BB030BD5F22114902A835F0EB
:10F1100026FF00238DF867302B70084818F0A6FDF5
:10F12000236803F00703022BC5D903212046094AAF
:10F1300026F004FEBFE700BF81570020984400205E
:10F14000DC0F0020C0AF040005B004000FB00400C5
:10F150008257002093AF04002DE9F04184B09D4D0B
:10F1600000AF2B6803F00703022B1AD903212846AE
:10F17000994A26F0E3FD2B6803F00703022B10D910
:10F18000012303212846954A27F05AFD2B6803F0F6
:10F190000703022B05D9012303212846904A27F0B3
:10F1A0004FFD90482FF0C4F98F4990482FF0F9FA9D
:10F1B0004FF4B0118E4826F0A2FD002824DA2B6807
:10F1C00013F0060F04D002218A4A824826F0B6FDC9
:10F1D0000120FFF755FF00F069FB044630BB022019
:10F1E000FFF74EFF381DC7E90144FC6000F016FA36
:10F1F000044668B12B68590718D003467E4A01219E
:10F20000744827F01DFD11E001227C4B1A70DFE7E6
:10F2100000F0B0F92B68F86068B95A0704D00121F2
:10F22000774A6C4826F08AFD6FF0010420461037BB
:10F23000BD46BDE8F08103F00703022B04D903218A
:10F24000704A644826F07AFD381D11F0EFFB2B68F8
:10F25000044620B15B07E9D06B4A0346CFE703F0D1
:10F260000703022B04D90321684A5A4826F066FD99
:10F270000320FFF705FF2B6803F00703022B15D9C6
:10F280006C468AB06A46624B4FF400715361614B21
:10F2900011841B68604993610023D36142F8101FF9
:10F2A0004FF413514B4801F053FEA5464FF4803103
:10F2B0005A4826F024FD002818DA2B6813F0060FB0
:10F2C00004D00221564A434826F038FD554C2046CA
:10F2D0002FF031F8002847D12B6813F0060F53D0D8
:10F2E0000221514A3B4826F029FD4DE0494CA668D1
:10F2F0002369D6F81880B8F1000F18D01B684FF0BA
:10F30000A07213F0010F14BF4FF000734FF0806331
:10F3100000212046C04760B901224449444B8A601D
:10F320004B60F369002BD1D020469847CEE76FF0B1
:10F3300057002B6813F0060FC8D023686C468AB0BC
:10F340006A463C49D361C2E9051040F2013100230D
:10F3500091843949136242F8101F4FF432511D480D
:10F3600001F0F6FDA546B1E7A36820461B683349C6
:10F370009847034610B32A6812F0060F04D0022102
:10F380002F4A144827F05CFC0420FFF779FE00F0B8
:10F39000B3FA044600287FF449AF2B6803F0070353
:10F3A000022B04D90321274A0A4826F0C7FC012072
:10F3B00000F042FA0520FFF763FE37E70122224BF7
:10F3C0001A702B6803F00703022BDDD903211F4AB3
:10F3D00088E700BFDC0F002038B0040064B00400F0
:10F3E0007FB004009844002099EF0000AC44002056
:10F3F000B4680400A8B00400C1B00400E2570020C3
:10F40000E5B0040000B1040013B104002EB1040003
:10F4100040B104004052040004000001AC68040044
:10F420005BB10400F8530400ACB10400BC440020FC
:10F43000E1ED000077B10400050000019E680400C2
:10F44000D0B1040028B204008057002005B20400A7
:10F4500000B5C3B069460B4806F0CAF8811C0346E4
:10F4600003D1084806F034F803463BB10648026869
:10F47000520703D00121054A27F0E2FB43B05DF8B3
:10F4800004FB00BF41B20400940F002053B20400FB
:10F490002DE9F047064684B000AF8946FFF7D8FF54
:10F4A000304626F06FFC041E2CDD05F03BFBA24627
:10F4B0000546002853D04FF0000801223146381D80
:10F4C000C7E9018887F80C8005F0B8FD0446F0B163
:10F4D000244803685A0712D0E9468AB06A46224B8C
:10F4E000D461C2E905364FF4007313841F4B42F810
:10F4F000103F4FF41151434601F02AFDCD462846F6
:10F5000005F02AFB20461037BD46BDE8F08752467D
:10F510002946381D05F042FE041E1DDA1148036815
:10F520005B0712D0E9468AB06A46114BD461C2E942
:10F5300005364FF4007313840C4B42F8103F4FF420
:10F540001151434601F004FDCD46284605F004FB69
:10F55000381D05F005FED5E7C9F80050F8E76FF053
:10F560000B04CFE7940F002078B2040004000001E0
:10F5700093B2040030B591B0224805A9FFF788FF87
:10F58000041E3DDB07A8059D2FF03CFF00231E4A0B
:10F590002946CDE900320293224607A81CF02EFE30
:10F5A000014678B1194803685C0704D0184A4B42F9
:10F5B000012127F045FB0024284605F0CDFA20461E
:10F5C00011B030BD1A220DF1260035F080FC114B30
:10F5D00006AA0C9347F21213ADF824304FF480437F
:10F5E00009A907A80B931DF007FA034630B1074895
:10F5F00002685207DFD0084A5B42D9E7069CDBE786
:10F600000024DCE7AEB20400F1F30300940F002005
:10F61000C8B2040000000209E3B2040013B50446B6
:10F6200001A90548FFF734FF0028A2BF019BC4E9E8
:10F630000030002002B010BD07B3040008B501F08F
:10F64000E1FA054803685B0703D00121034A27F06C
:10F65000EEFA012000F02CFEA40F002021B30400DC
:10F6600009B9014B18607047C84400200022024BC2
:10F6700002481A6018F08EBDC844002070070020B0
:10F680000023024A024818F0F5BD00BF688909004E
:10F690006803002070B503788AB004460E4607ADB3
:10F6A000032B20D8DFE803F002191B1D114928465F
:10F6B000FEF7F2FD059563781E210493A37830468A
:10F6C0000393E3780C4A02932379019363790093BF
:10F6D000A37925F073FF0AB070BD0849E7E7084930
:10F6E000E5E70849E3E70A212846074A25F066FFCF
:10F6F000E0E700BF3EB3040060B3040045B304007C
:10F700004CB3040056B30400DFF40400B0B50C465B
:10F710008AB000AF07F108052AF0AEF92946FFF7D5
:10F72000B9FF2346072138460E4A25F047FF0E4809
:10F73000036803F00703022B11D96C468AB06A46AE
:10F740000A4BD761C2E90535094B1362094B42F8F0
:10F75000103F00234FF4235101F0FAFBA546283750
:10F76000BD46B0BD83B30400A00F002088B30400E1
:10F77000000201030400000290B589B000AF2AF036
:10F780007BF93946FFF786FF0D48036803F007034E
:10F79000022B11D96C4688B06A460A4BC2E905377C
:10F7A0004FF400739383084B42F8103F00234FF44B
:10F7B000E65101F0CDFBA5462437BD4690BD00BF04
:10F7C000A00F00209BB3040003000001B0B50C465D
:10F7D0008AB000AF07F108052AF04EF92946FFF775
:10F7E00059FF2346072138460E4A25F0E7FE0E480A
:10F7F000036803F00703022B11D96C468AB06A46EE
:10F800000A4BD761C2E90535094B1362094B42F82F
:10F81000103F00234FF4235101F09AFBA5462837EF
:10F82000BD46B0BD83B30400A00F0020B1B30400F7
:10F830000002010304000002074AD37840B143F0FC
:10F840000103D370002303211A4604480AF04CBA7E
:10F8500003F0FE03F5E700BF4D0E002080070020F7
:10F8600010B50E4C0E482268036862B103F007031E
:10F87000022B03D903210B4A27F0D9F92068BDE8F0
:10F8800010402AF028B913F0060F05D0BDE810404B
:10F890000221054A27F0CBB910BD00BFC8440020A3
:10F8A000A00F0020CCB30400DFB3040010B500208B
:10F8B00009F0BCFA044650B10B4803685A0704D05B
:10F8C00023460A4A012127F0BBF9204610BD08480B
:10F8D0000BF062FD04460028F7D0034803685B077D
:10F8E000F3D0044A2346EDE7A00F002009B404003A
:10F8F0005807002028B4040030B50A4A89B0D378EC
:10F90000094D23F0010303ACD3700FCD0FC42B6856
:10F910000322236000230549009303A80AF0FCF9A1
:10F9200009B030BD4D0E00200062040080070020A9
:10F9300010B5FFF7E1FF034648B1074802685207D8
:10F9400009D0BDE810400121044A27F079B9BDE88B
:10F950001040FFF795BE10BDA00F002053B4040067
:10F960002DE9F04F91B0009302F004030293C2F32B
:10F97000C2030133840705460E46DDF86880039212
:10F98000059340F0BB81041D30B1072909D86FF001
:10F990001B0011B0BDE8F08F01F007063444C6F13A
:10F9A0000806009B4FF000094FF0040A591E4FF063
:10F9B000FF334F460193CB465346CDF810900DB11F
:10F9C000009A22600598002800F3E8809848009A81
:10F9D000824203D397488242C0F0E080039AA4EBAE
:10F9E000050E92074FEA9E0000F103810F2F00F2EF
:10F9F000B180002D00F0058107F140020DEB020CF3
:10FA0000019A0CF8200C0CF8102C0498013004908A
:10FA1000E7E07A285DD84B280ED8472859D82928FE
:10FA20002DD8252852D054D820287AD02338D0F188
:10FA3000000B4BEB000B74E04C382E2849D8DFE864
:10FA400000F07048484848484848484848484B48AB
:10FA50004848484848484859484B4B595959704BB1
:10FA60006D487048184B184848827F4B48484B48AF
:10FA70007F0000204FF0000B4FF0040A38E0012215
:10FA80002A38C0B202FA00F010EA0E0F49D110F085
:10FA9000625C2FD110EA020B43D06046013C544413
:10FAA000B4FBFAF40AFB04F4002D61D0A3EB050CBF
:10FAB000A444B4453FF66BAF002868D1042B47D16E
:10FAC00058F8043B2360042304342AE0019A013AE5
:10FAD00001924FF0000B24E011F8010C6C2834D196
:10FAE000002011F8023C83466C2BC5D14FF0080A68
:10FAF0005346D3E708F1070828F00708073424F035
:10FB00000704F8E802AB35B106982044B0423FF64E
:10FB10003EAFC4E900AB4FF0000B08344FF0080AC9
:10FB2000534611F8010F002878D0BBF1000F7FF485
:10FB300070AF2528F5D14FF0010B019B01330193E4
:10FB40004FF0040AECE7584694E700208346A5E707
:10FB5000082B02D06FF015001BE708F1070828F00A
:10FB60000708F8E80223C4E9002308230834D8E78B
:10FB700068B9042B02D108F10408A4E7082BE9D1E5
:10FB800008F1070828F0070808F10808EDE7059ACA
:10FB9000013A059258F8042B009210E7039A900757
:10FBA00020D54FF0010CA4EB050E4FEA9E00BEF5E8
:10FBB000007FCFD20F2FCDD8F5B107F140020DEB6A
:10FBC000020E019AC0B20EF8200C0EF8102CBCF1F7
:10FBD000000F3FF41AAF60F07F000EF8200C09F11F
:10FBE00001090137C5F108024FF6DA7E04340692A6
:10FBF00097E74FF0000CDAE7BCF1000F01D00136B7
:10FC0000EFE7029802360028EBD10098CDE90631E3
:10FC1000FEF74AFBDDE906310644E2E7631BB3F574
:10FC2000806F97D245B9A6F10804E018B1E600BF8D
:10FC3000C8500400A41E0500029A9B0828602B707F
:10FC40009DF81030C2B1EB7085F80290B9F1000F49
:10FC500005D0002208A8C5F1010C97420ED14FF043
:10FC6000000AC5F101030DF1200801930DF1300BDD
:10FC7000574512D1601B8CE66B70E5E710F8013B2D
:10FC8000190608D50CEB040EB64503F07F033FF6CA
:10FC90007EAE04F8013B0132DFE7B9F1000F03D07B
:10FCA00098F90020002A17DB029BD3B11AF80B2029
:10FCB00004F8012B0022019B18191044B0423FF6B2
:10FCC00066AE98F80000009904F8010B20460392F4
:10FCD00035F0D6F8039A14440AF1010A08F1010834
:10FCE000C6E798F8002055F822300093029B009850
:10FCF00045F82230FEF7D8FA421CDCE76FF00D0021
:10FD000047E600BF2DE9F04F97B000AFD7F880B0BD
:10FD10003B62CBF3C0030446894690F802A0FA6226
:10FD2000BB6141B9457800780AEB800020444D451D
:10FD300017D8A0EB0409E378FB61BAF1000F02D0F9
:10FD40001BF0010F16D1FB6953BBFB6A1BB149467F
:10FD500020463A6A98474D4628465C37BD46BDE87E
:10FD6000F08F461C3046FEF79FFA0130304409F10F
:10FD70000109DCE7626823787A62FA6A990079619E
:10FD800004EB8301002A40F005810E464FF0000885
:10FD90004D4601EB0A094E4550D101EB0A0610E031
:10FDA0001BF0020FD1D023789A007A61626804EBCD
:10FDB00083017A62FA6A002A7BD14D46904601EBB4
:10FDC0000A061BF0050F0CBF02230123FB62FB692F
:10FDD00006EB430A0BF00203BB625645BCD016F893
:10FDE000021B16F8013C54F823909B4B994502D313
:10FDF0009A4B99453AD3BB69002B44D0786A26F0D8
:10FE0000DFF900283FD09648036813F0060F13D09F
:10FE1000E9468AB06A46934B53617B6AC2E9063170
:10FE20004FF400731384904B42F8103F00234FF4BB
:10FE3000125101F08DF8CD46023DCEE716F8013B98
:10FE4000F96254F82300FEF72FFAD7F88430F96AE4
:10FE500001304BB1D7F8883098453EBFD7F8843091
:10FE600023F8180008F10108054494E7BB6923B1A1
:10FE7000786A26F0A5F90028C5D11BF0010F05D13D
:10FE8000FB6AED1AA9E7BB6A002BA6D04846FEF72D
:10FE90000BFAD7F8843053B1D7F8883098453FBF74
:10FEA000D7F88420431C22F8183008F101080544D3
:10FEB00093E7BAF1000F73D01BF0040673D0D0465D
:10FEC000002607F1480052463B61B96234F0D8FF82
:10FED000B96A3B6901EB0A02BA62FA69F969520030
:10FEE000FA60BA6A02EB41023A610BF00202BA60B0
:10FEF0003A69B96A8A4258D162781BF0020F18BF7A
:10FF000000217A6208BF4FEA5801B2181BF0010FB6
:10FF1000D2B240F09F801BF0040F14BF4046002077
:10FF2000BB616270A070E17020463A6A7969FB6A31
:10FF30009847051EFFF610AFBB69414623707B6AE8
:10FF40003A6A6370FB6984F802A0E37007F1480025
:10FF5000FB6A9847B0F10008C0F2BA807B69A9EB50
:10FF60000A01C91AFB683A6AC91AD7E90A0398470D
:10FF70000028C0F2AF804FF0000BA84408EB00054A
:10FF800007F1380AB34571D300213A6A0846FB6A83
:10FF90009847E1E656464FF0000807F1380092E72F
:10FFA0005646D04696E7B04694E7BA6A12F8021B66
:10FFB00012F8015CBA6254F82500274A904202D335
:10FFC000264A90421ED3BA6932B1786A7B6026F025
:10FFD000F7F87B6800288BD1BA6802BB08F12802C9
:10FFE00007F1300C08F10100944407F1580208F1C0
:10FFF000020852FA80F00CF8101C5FFA88F800F83A
:020000021000EC
:10000000105C75E7BA693AB1786A7B6026F0D8F877
:100010007B6800287FF46CAF1BF0010F09D006F15C
:10002000280207F13000711C161806F8205CCEB2C9
:100030005EE71BF0040F3FF45BAF08F1280207F105
:10004000300008F1010102EB000808F8105C5FFACB
:1000500081F84DE7002063E7C8500400A41E0500A6
:10006000840F002098B40400040000011BF80A303B
:1000700054F8239087F83730D7F884302BB3D7F86B
:1000800088309B4521D2D7F8843033F81B8001217A
:100090003A6AFB6A07F13700984700281ADB0544E3
:1000A000B8F1000F06D14846FEF7FEF800F101084E
:1000B0001FFA88F8414648463A6AFB6A9847002882
:1000C00008DB05440BF1010B5CE74FF00008DEE7AD
:1000D000454641E605463FE670B51F4B82689A42A9
:1000E00015DDD0E90016013392FBF3F3012976F117
:1000F00000054FEAE3741CDAC91844EB0604C0E9B2
:100100000014164901FB03238360012070BD002AFF
:10011000FBDAD0E90041124E9B1A0029B3FBF6F33B
:1001200010DA01F100459C4275F100050ADA002061
:10013000ECE7CD439D426FF00045A5EB0605A541D8
:10014000DADAF4E706FB0322E41A61F10001C0E900
:1001500000418260D9E700BFFFC99A3B003665C401
:1001600000CA9A3B30B50446EFF31185402383F370
:100170001288BFF36F8F044B0FCB84E80F0085F319
:100180001188BFF36F8F30BDA822002001281FB552
:100190000C4605D004281ED06FF0150004B010BD29
:1001A0002EF008FD47F612220023FAF793FC4FF4D5
:1001B000FA435A43C4E90001A2606846FFF7D2FF40
:1001C0006946204626F021F818B90A4B0FCB84E87F
:1001D0000F000020E2E72EF0EDFC47F6122200238C
:1001E000FAF778FC4FF4FA435A43C4E90001A260DD
:1001F000EFE700BFE061040001287FB50D462ED176
:100200008A68184B9A422AD82EF0D4FC47F612225C
:100210000023FAF75FFC6C46134B404202FB03F3EA
:1002200061EB4101CDE9000120460293FFF754FF45
:100230002946204625F0E9FFEFF31186402383F39A
:100240001288BFF36F8F94E80F00084D85E80F0008
:1002500086F31188BFF36F8F002004B070BD6FF07C
:100260001500FAE7FFC99A3B0083FFFFA822002090
:10027000014B1860704700BF9807002080B5054605
:100280000E461746984618F0AFFC034634F012FFAE
:100290000446DFF81890424649F8003039463046A7
:1002A000A84754F8090004F09DF800BF08000000BA
:1002B000044608B5EFF31183402383F31288BFF39C
:1002C0006F8F72B610F0F0FA204604F039FE034842
:1002D00025F0CFFF28F058F9FCE700BF4CB504002B
:1002E0002DE9F043079D15B91560002012E00324A5
:1002F000B5FBF4F404EB4407BD4218BF0134B4F17C
:10030000804F09D2A40001348C4200D838B96FF074
:100310000B001460BDE8F0834FF0FF34F7E70446AC
:100320000021DFF8B4E0B94203F1030C04F1040644
:100330002BD3A942274623D201F1010CAC451F78EB
:1003400028BF002324494FEAA70E38BF5B7811F875
:100350000EE0AC4584F800E001EB131E2EBF3D23F8
:100360009B0003F03C034FEA071738BFCB5C07F054
:1003700030071EF80770A3703D2367703746E3709F
:100380000023381A10603B70AFE71CF8034C1CF8D0
:10039000023C4FEAA4091EF8099024011CF8018CC4
:1003A00004F0300406F8049C0EEB131919F804400D
:1003B0009B0006F8034C03F03C030EEB9814E35C3F
:1003C00008F03F0806F8023C1EF80830344606F8EC
:1003D000013C03316346A6E7F5B504002DE9F0437F
:1003E00000273C463D46DDF81CE0DFF828817545D6
:1003F0001FD3E4BB00201460BDE8F08301367645CE
:1004000033D013F806C0BCF1200FF7D0AEEB0609CD
:10041000B9F1010FA6EB05050DD0BCF10D0F0AD106
:1004200003EB060999F80190B9F10A0F6ED1751C1A
:10043000DDE72E46E3E7BCF10A0FF8D02DB9BCF199
:100440003D0F05D10137022F0DD96FF01500D3E70D
:100450001CF0800FF9D118F80C507F2DF5D03F2DEE
:1004600001D8002FF1D10134E1E73546C1E74FF063
:10047000060C04F00706E4080CFB06F60CFB04F47B
:100480000736E41B04EBD60470B18C420CD800276D
:10049000014603263C46DFF87CE0DFF87C801D4403
:1004A0009D4205D10C1AA5E76FF00B001460A3E77D
:1004B00013F8019BA9F10A0C5FFA8CFCBCF1160F32
:1004C00004D848FA0CFC1CF0010FE9D01EF809C052
:1004D0000134BCF1400F08BF013E0CF03F0C042C6E
:1004E0004CEA8717DCD17EB13C0C012E0C7002D196
:1004F00001310024D4E7022E4FEA17244C7016BFB6
:100500008F7002310331F4E73446C9E7002DA2D0E1
:100510009BE700BF75B50400F6FFBFFF2DE9F84368
:1005200040F26C7344690569E1170135E41841F143
:100530000001022D8CBF00230123E41AC76861F17A
:1005400000010029064607F1FF374EDA6FF4C77045
:100550004FF4C8720023201861F10001FAF76AFA1B
:10056000244B4FF03C0E03FB0044D6E900834FEAD6
:10057000E37C99466346022D02468CBF6FF0020071
:100580000920B6680544C6FB0E93A9FB0EC60EFBF8
:10059000036640F26D1E9920A3080EFB04333B4412
:1005A000642745430520B4FBF7F40235B5FBF0F5AD
:1005B0001B1B114C1CEB080CA2FB042004FB0101CB
:1005C0002B4446EBE87698180C4A41F1000380185A
:1005D0000B4A63F10003A0FB020102FB031110EBC5
:1005E0000C0041EB0601BDE8F8834FF4C87200230C
:1005F0002046B3E770FEFFFFB13A02009405F5FF15
:100600008051010010B5FFF789FF0024024634F045
:1006100051FD0B46024944501046194610BD00BF1B
:100620000C0000002DE9F047058B04462807904692
:1006300011D4022905F0070540F0CC80204626F0B1
:100640009EF878B10138218B042811D8DFE800F03A
:10065000C2106D85950001290CBF45F0100545F0CD
:100660002005258388F31188BFF36F8FBDE8F087DD
:1006700001F0070AAA4500F0A5800027B9463E46CA
:10068000A368002B00F0BC8041F00801218388F3AF
:100690001188BFF36F8FA168002900F0BA800D6840
:1006A000002900F0B680334652462046D1F8048037
:1006B000C047002D76D02B6829461D46F0E701F093
:1006C00007035A1F012A1BD8002221F00701062B1D
:1006D000276889B2C4E9002209D13B4603E0628B56
:1006E000013262831B68002BF9D141F002012046E0
:1006F000218326F044F800287AD041F0200176E0EA
:10070000042B0AD121F0070189B22046218326F06B
:1007100036F810B141F020012183218B01F0070A46
:10072000AA454FD00027B946AAE7236921F007015F
:1007300041F00601062DD3F8009021832DD1B9F1A7
:10074000000F3FD041F00801218388F31188BFF3E7
:100750006F8F20463949C84729E021F007012369F6
:1007600041F0040189B2042DD3F804902183E6D02E
:1007700000274FF0040A3E4682E721F00701236973
:1007800041F0050189B2052DD3F808902183D6D018
:1007900000274FF0050A3E4672E700274FF0060A91
:1007A0003E466DE72B4687E7B9F1000FD1D1EFF355
:1007B0001188402383F31288BFF36F8F238B23F0BC
:1007C00008032383258BEA062ED525F01003238307
:1007D00005F007056669218B002EBFF670AF002378
:1007E0002768C4E9003321F0070141F001012183AA
:1007F000218B4FF0000901F0070AAA457FF440AFB2
:10080000002F9CD041F00801218388F31188BFF3A9
:100810006F8F002FC8D03D68394633465246204678
:1008200025F0D9FF2F46F4E7AB067FF51BAF25F087
:100830002003238305F0070500E700BF03680300DA
:100840002DE9F047044607464FF00109DFF85080D4
:1008500014B93846BDE8F08794FAA4F5B5FA85F5E1
:1008600009FA05F32E0108EB05156FEA030A24EADD
:1008700003042B7B002BEBD058F806301B694BB9D7
:100880004644736804222846196807EA0A0726F0D6
:100890004AF9DDE7284698470028D9D1F0E700BF9C
:1008A0002460040030B5002289B00F490F482EF0B3
:1008B000C9F9002200230024CDE906230E230C4DA4
:1008C000CDE903344FF440722846CDE90144094B89
:1008D0000949009417F000FE0849284617F03CFD2E
:1008E000204609B030BD00BF010901008827002063
:1008F000B8220020490C0100F07E002035B604002B
:10090000014817F035BA00BFE01100202DE9F0478B
:10091000804621480F4626F0E2F80646002833D0EC
:1009200000252846BDE8F087237B83B12368DB6878
:100930000BB120469847636883F8069023681B69CB
:10094000D3B9636804222046196826F0ECF8013612
:1009500010345445E8D3B8F1000FE2D0002DDFD0B9
:100960002846FFF76DFF0546002FF7D0002140F223
:10097000391018F0E7F8F1E7204698470028E0D052
:1009800009FA06F31D43E2E705464FF00109034C5F
:10099000DFF80CA0DDE700BFDC4400202460040089
:1009A0003460040008B5034608462BB1044A1360BE
:1009B00000F070FD002008BD6FF01500FBE700BFE0
:1009C0009C07002010B5044C237813B9034817F096
:1009D000CFF90123237010BDE3570020E011002060
:1009E00010B50446094826F07AF83CB1084BD3E824
:1009F000EF1F0139C3E8E21F002AF8D105482EF0A5
:100A00002DF9BDE81040044817F0B2B9D4440020D5
:100A1000D844002088270020E01100200020014653
:100A2000034BD3E8EF0FC3E8E21F002AF9D1704768
:100A3000D444002070B5FFF7F1FF0546074C084E7F
:100A4000B44200D370BD63685B792BB123685B68E7
:100A500013B12946204698471034F1E7246004007A
:100A60003460040010B5044C0449204625F020FDF4
:100A7000034B1C6010BD00BFF40E0020BC680400D6
:100A8000CC44002000230E4A10B513700D4A0E49C5
:100A900013600E4A0E481360FFF784FFFFF7E2FF72
:100AA00000F080F90B4B0C4918468B4200D310BD67
:100AB0001A1A5C681211013222711033F5E700BF77
:100AC000E4570020D444002040420F00D8440020C6
:100AD000DB6A030024600400346004000146002245
:100AE0000023014825F005BDF40E0020014825F043
:100AF0009EBD00BFF40E0020024B0146186825F091
:100B0000EABD00BFCC440020014825F01FBE00BF55
:100B1000F40E00202DE9F041344B1878002862D003
:100B2000FFF7E4FF0446002859D1314B314C1B68D4
:100B3000002B19DD2EF03EF84FF47A75A0FB050668
:100B400047F61222002305FB0161F9F7C3FFD4E940
:100B50000032C01A40F2E93361EB0201984271F1B0
:100B6000000101D3FFF766FFD4E9003213F57A7371
:100B700042F10002C4E90032BDE8F041FFF7C4BF12
:100B80006B685B793BB121784B0713D52B68214605
:100B900028461B68984710354545F1D32046FFF796
:100BA000ABFF154BD3E8EF1F0139C3E8E21F002A62
:100BB000BBD0F7E720462688C1F3C20700F0A8FAA9
:100BC000C6F382160246002EE0D00028DEDB0123A9
:100BD0003946284600F096F9B042DCD3D6E7074DF7
:100BE000DFF81C80D8E7BDE8F08100BFE3570020A4
:100BF000D444002080270020D84400202460040032
:100C00003460040070B50D4D297861B90120FFF7FB
:100C10007DFE0B4C0B4EB44206D3FFF77BFF002842
:100C2000FBD101232B7070BD63685B791BB1236816
:100C300020469B6898471034EDE700BFE45700203A
:100C4000246004003460040000212DE9F0470846C8
:100C5000FFF75CFE044658B340F21B684FF00009F2
:100C600034F028FA1B4B1C4A1B58136033B11B4B42
:100C70001B68092B02DD1A4817F07AF80025194F76
:100C8000DFF85CA044B12046FFF7DAFD044618B94E
:100C90004FF0FF384FF0FF39FFF73CFF064628B909
:100CA000B5B942464B46504617F09CF83546E9E741
:100CB0004FF0FF384FF0FF39D2E72B689B691BB12B
:100CC00000222846114698471035BD42F5D3E8E783
:100CD000054DFAE708000000D0440020D844002069
:100CE000E0110020346004002460040013B51848AB
:100CF00025F0F5FE174B1B7873B1EFF311844023F9
:100D000083F31288BFF36F8FFFF704FF84F311881A
:100D1000BFF36F8F02B010BD0F4B1B68002BF9D0D3
:100D200050B9002200230D48CDE9002347F61222D6
:100D3000002318F0B7FAEDE70928EBD107482DF0AA
:100D40008DFF074802B0BDE8104017F011B800BF92
:100D5000D8440020E4570020D044002088270020F9
:100D6000E011002010B5064B04461B689847214649
:100D7000A060044825F03CFCBDE81040FFF7B6BF7A
:100D80009C070020F40E0020044A054B9B1AB1EB8F
:100D9000D30F34BF52F8310000207047045E0400C6
:100DA0002460040000210B480B4B30B51B1A0B4C80
:100DB000DB080430994200D130BD10F8312025689D
:100DC00002F0070225F007052A4344F8042B0131FD
:100DD000F0E700BF045E040024600400380F002028
:100DE000F8B5064600240A4F0A4DED1BED08AC424B
:100DF00003D14FF0FF342046F8BD57F8340020B13E
:100E00003146FDF73FFA0028F5D00134EFE700BF87
:100E1000045E04002460040000282DE9F0478846A1
:100E200015461F461DDA4FF0000A5446DFF8909031
:100E3000244EA6EB09063609B24509F1100902D184
:100E40002046BDE8F08759F80C0C3B462A4641463F
:100E50000079FFF7E1FF844238BF04460AF1010A36
:100E6000EAE7194B194AD21AB5EBD20F26D203EB97
:100E7000C5031C79BC4228BF3C460722144EC0B2B1
:100E800000EB400056F82530824023EA020304F0CC
:100E90000702824013430021032223FA02F000F0EC
:100EA0000700814202F1030238BF01461E2AF4D135
:100EB00023F007030B4346F82530C1E70024DCE7A5
:100EC0002460040034600400045E04002460040014
:100ED000380F0020F8B506460F460024074D084B92
:100EE000ED1AED08AC4200D3F8BD002122B23B461A
:100EF0003046013425F00FFEA4B2F3E7246004006D
:100F0000045E040070B14168097973B1002A17DBEF
:100F1000CBB20C4903EB430351F82200D84000F058
:100F2000070070474FF0FF31EFE707490748401AC5
:100F3000B2EBD00F3ABF01EBC201087918467047F7
:100F400004207047380F0020045E04002460040071
:100F50002DE9F04F8FB0C1F34A2804AF0D469146FA
:100F6000B8607B600C0DB8F1000F67D000264FF021
:100F7000040B4FF00A0A07F11403C7F80C80C7E905
:100F800007667E620193CDF808B0CDF800A007F1A6
:100F90001C0332464846F968FEF7B4FEB0F5006F10
:100FA000034620D32A48036813F0060F17D06C4677
:100FB0008AB0D9F8041004AB264D1A46C3E905518E
:100FC00040F2FF71D9614FF400711984224B42F84D
:100FD000103F4FF412513346FFF7BAFFA5462C37A6
:100FE000BD46BDE8F08FC0F30A0804F117001844AD
:100FF00020F0070080083B60FFF770FD68F3532581
:10100000044690B13B6800F11001C7E9083607F1CA
:101010001403F961CDE900A3CDF808B048460F4AA2
:10102000F96807F11C03FEF76DFE68F353252A46A5
:1010300020467B68B96825F0AAFDD0E704F11700C7
:1010400020F007008008FFF749FD0446EDE700BFE8
:10105000D40F00204AB6040004000001616B0300B5
:101060002DE9F04F87B00446DDE9105ADDE9127929
:10107000934698460391DFB13B465246102100202B
:10108000CDF80090CDF81490FEF76AFCB0F5006F33
:1010900006460ED31C48036813F0060F30D040F20A
:1010A000FF730221194A07B0BDE8F04F25F0C8BD13
:1010B0003E4605F11700304420F007008008FFF796
:1010C0000DFD04F007040BF0070BE40044EA8B1459
:1010D00044EA462444EA0554054640B13FB13B4644
:1010E00052463146CDF800901030FEF739FC4346A9
:1010F00022462846039907B0BDE8F04F25F047BDCA
:1011000007B0BDE8F08F00BFD40F002089B60400FF
:10111000406820B1034BC01A40F38F0070474FF076
:10112000FF307047380F00200EB403B503AB53F8FF
:10113000042B01460448019303F08CFC02B05DF8D7
:1011400004EB03B0704700BFA36C0300CA0605D4CC
:101150008B064CBF02490349FFF7E6BF704700BF4B
:1011600024160500C1B604002DE9F04F89B09B4656
:10117000149B9DF84CA00693159B04460593169B63
:101180000D469046179E0493BAF1000F00F09D8023
:1011900006F48073079325F0BCFC06F002090246B2
:1011A00000283ED020469149FFF7BEFF0746B9F11F
:1011B000000F08D016F0440F35D12A4620468C493E
:1011C000FFF7B2FF074406F0010353B1894B2046F5
:1011D00053F82A20884B8949002A08BF1A46FFF78E
:1011E000A3FF06F48073002B49D006F00803002B00
:1011F00063D1B8F1000F66D0424620468049FFF720
:1012000093FF0546069B3D44002B6DD1049B002BAC
:1012100073D1F30700F1E48031462046FFF796FFD3
:10122000D8E00746C3E7774B18680028CAD0764B4A
:101230004FF47A791B684FF03C0CB5FBF3F5B5FB26
:10124000F0F14FF4616300FB115509FB05F5B1FBAB
:10125000F3F2B5FBF0FE03FB121100FB1E55B1FBD0
:10126000FCF309FB05F5B5FBF0F50CFB131120466B
:101270000091CDE901E56549FFF756FFA2E706F0C9
:101280000803EBB1624B204653F82A206149FFF76F
:101290004BFF0546B8F1000F05D04246204658499D
:1012A000FFF742FF0544BBF1000FABD05A46204682
:1012B0005949FFF739FF0544A4E74FF0000BE1E778
:1012C00006F00805E6E745469CE7BBF1010F069BE3
:1012D00006D1002B64D1049B002B7BD000250CE0B1
:1012E000002BF8D04D485CE04D48069B22464D4906
:1012F00024F035FF049B002B68D0DFF82C81DFF849
:101300002C91049F3146102F204628BF10274FF004
:10131000000BFFF71BFF5D4545DC059B494620465A
:101320001A78FFF701FF4FF0010B1BF0070F03D1F5
:1013300041462046FFF7F8FE5F453BD9059B4946ED
:10134000204613F80B20FFF7EFFE0BF1010BBBF16A
:10135000100FEAD14FF0000B20463549FFF7E4FEAD
:101360005A46059B20469A5CA2F120015F2928BFBE
:101370002E223049FFF7D8FE0BF1010BBBF1100F05
:101380001DD01BF0070F03D141462046FFF7CCFECE
:101390005F455A46E5D841462046FFF7C5FEEBE7D4
:1013A0001F485546A1E741462046FFF7BDFE0BF119
:1013B000010BB0E720462049FFF7B6FEC5E7059BC5
:1013C0003B440593049BDB1B04939AD1BAF1000FB5
:1013D0007FF41FAF204609B0BDE8F04F25F054BCA4
:1013E0002046054A0549FFF79FFE15E700C60400A1
:1013F000C9B60400D0680400C4B60400C4FD0400EB
:10140000EEB60400E4440020E0440020D2B604001C
:10141000E4680400F2B60400F8B60400D16C0300DE
:10142000A36C0300554A0100E21A0500FDB6040052
:1014300007B70400E4C5040003B7040042F20F73C9
:1014400073B58B4228BF0B460568044605216846E4
:101450000D4A24F0B3F80646636828460B225B6801
:101460000A4925F003FC63683246694628465B68F2
:1014700025F0FCFB63681B2228465B68044925F0C5
:10148000F5FB02B070BD00BF8906050025B704005A
:1014900009B7040000210123064A904206D8064AF3
:1014A00001B901231360054B186070470121400802
:1014B0005B00F2E740420F00E0440020E4440020DB
:1014C000014B036000207047F868040003289ABFAE
:1014D000024B53F820000248704700BFF868040030
:1014E0006717050070B5104B0D461C68B4B10F4B63
:1014F000196800238B4202DB6FF0010070BD2246A9
:1015000012F8106B864202D014460133F2E7E0680D
:101510002CF011FF28B100202C60EFE76FF00C00D9
:10152000ECE76FF01200E9E7A0070020086904006B
:1015300010B504462AF0E2F903490246204625F098
:1015400068FE002010BD00BF9EB7040013460022B5
:1015500073B5044601920A21586801AA01F00CFEF5
:10156000019D95B920EAE07447F61226294640F21B
:10157000E7304FF47A720023C4FB0601F9F7AAFAA8
:1015800017F0E0FA284602B070BD2A46204602490C
:1015900025F05BFE019DF5E7CAB7040008B5034AD4
:1015A000034925F036FE002008BD00BFBAB804008C
:1015B000C1B80400F7B51746002305460A2101AA61
:1015C000B868019301F0D8FD1749C6B2284625F046
:1015D0002EFE019C44B122462846144925F035FED2
:1015E000019C204603B0F0BD042E09D9324628469E
:1015F0000F4925F02AFE284625F05CFE0124F0E77D
:101600007868FFF7EDFB021E07DA28467A68094979
:1016100025F01BFE6FF01504E3E733462146204614
:1016200012B225F078FADCE7E4B804004AB9040005
:1016300071B9040088B90400002307B50090694619
:1016400004488DF8043017F031FC9DF8040003B015
:101650005DF804FB796E030010B504460FF010F935
:1016600007490246204625F0D4FD2046054925F0CD
:10167000D0FD2146044817F033FC002010BD00BF08
:101680001ABA040039BA04008D16010070B58EB084
:1016900004460D46D0F8AC602DF032F9034633F025
:1016A00009FD214A21491058214A002B18BF1A462A
:1016B0000092204A2346844218BF0A4628461E4903
:1016C00025F0A7FDD4E90A23CDE90023284694F9A3
:1016D0000E30227B194925F09CFD06A920222046C8
:1016E00016F04AFE636F02461549284625F091FD23
:1016F000204605A92DF012F9024628B128461149C5
:1017000025F087FD0EB070BD6422059B2846F11AB6
:101710004A43B2FBF6F20091CDE901620A49324632
:1017200025F077FDEEE700BF08000000E21A050093
:1017300043BA04003D17050046BA040052BA04003B
:101740007EBA040095BA0400C2BA0400F0B50025C0
:10175000044691B0294608AF1C2209A833F0B7FB14
:10176000134E1A222021384633F0B1FB214611488E
:1017700017F0B6FB07AA4FF4006130462DF0C2F80F
:101780006423079A2046C2F500614B43DB0A0593A8
:101790004FF400630097CDE90313CDE90132064908
:1017A0002B46324625F035FD284611B0F0BD00BF6E
:1017B00058F00020BD1701000EBB040070B50446B0
:1017C0000D46D0F8AC6088B007A92DF0A7F8024606
:1017D00028B128460E4925F01CFD08B070BD2046F2
:1017E0002DF08EF86422079B0096F11A4A43B2FB53
:1017F000F6F2CDE90131074BCDE90362002818BFAD
:10180000034622462846044925F003FDE5E700BFCC
:1018100095BA040043BA040057BB040038B5134618
:10182000054610220021586823F092FF0446FFF776
:1018300003FF38B9224628460D4925F006FD6FF012
:10184000150038BD33F036FC0A4B1B589C4204D1BE
:101850002846094925F0F9FCF1E7204616F052FF29
:1018600028462246054925F0D4FC0020E9E700BFC0
:10187000BBBB040008000000D6BB0400FEBB040094
:1018800038B51346054610220021586823F060FF42
:101890000446FFF7D1FE38B9224628460D4925F007
:1018A000D4FC6FF0150038BD33F004FC0A4B1B5814
:1018B0009C4204D12846094925F0C7FCF1E720469F
:1018C00017F03EF828462246054925F0A2FC0020E4
:1018D000E9E700BFBBBB0400080000003DBC0400FA
:1018E00063BC040038B51346054610220021586831
:1018F00023F02EFF0446FFF79FFE38B92246284604
:101900000D4925F0A2FC6FF0150038BD33F0D2FB75
:101910000A4B1B589C4204D12846094925F095FCE6
:10192000F1E7204602F05EFD28462246054925F0F3
:1019300070FC0020E9E700BFBBBB0400080000000A
:101940009EBC0400C3BC040010B50C46002125F069
:101950003FFF00B100680023024A2060C4E9012370
:10196000E36010BDDEBD040010B50C46002125F07B
:1019700033FF00B100680023024A2060C4E901235C
:10198000E36010BDDEBD040070B506465068154624
:1019900025F026FF044640B930466A680F4925F015
:1019A00054FC6FF01204204670BD2CF0C4FC30B122
:1019B0006A680B49304625F01EFC0024F3E72046F8
:1019C0002CF0B0FC044630B103466A683046054945
:1019D00025F03BFCE7E76A680349EBE7FBBC040042
:1019E00010BD040032BD04005FBD04002DE9F04FBE
:1019F0008FB0054601A88846914615F0DDFD2823E5
:101A0000019F082103FB0077324A284625F0E6FBB8
:101A1000019CBC4203D300200FB0BDE8F08F2668C4
:101A20000EB1337833B9234630212B4A02A823F074
:101A3000C5FD02AEB8F1020F07D13046D9F8041047
:101A400033F0C3FA08B92834E3E7334608212846BF
:101A5000224A25F0C3FB20462CF06DFC78B300230E
:101A600020460DF103018DF8033025F074F920BBF9
:101A70009DF80300FFF72AFD034608212846184A6F
:101A800025F0ACFB636A002BDDD01E68002EDAD097
:101A90003368002BD7D008212846124A25F09EFB38
:101AA000B3464FF0000A33680F4A534509D808215E
:101AB00028460E4A25F092FBC5E70D4BDDE70D4B9E
:101AC000DBE7082128465BF8043F25F087FB0AF195
:101AD000010AE8E792BD04009CBD0400A1BD04001A
:101AE00009BD0400A6BD0400A2BD04002416050023
:101AF00083BD040089BD04001FB50C68D1E9043220
:101B000003944C68013302948C6802F26C72019465
:101B1000C9680091024925F07CFB04B010BD00BFEC
:101B200028BE0400F7B5137806463A2B0F46154633
:101B300014D1541C23783A2B28D101340A22204690
:101B400001A923F08FFD019A0346A242386017D005
:101B50001078A8B93C2B15D915490EE00A22284661
:101B600001A923F07FFD019CB860AC4208D0237826
:101B70003A2B05D1172807D90E49304625F065FBC9
:101B80006FF0150003B0F0BD0134D3E70A22204600
:101B900001A923F067FD019B7860A342F0D01A7879
:101BA0003A2AEDD13B2801D90349E6E75C1CC5E799
:101BB00067BE040049BE040057BE04002DE9F04191
:101BC0000D4690B002A9044601201746FEF7DEFA42
:101BD00007A902A823F02EFC032D55D17D680A2207
:101BE000284601A923F03EFD019E8046B54215D04E
:101BF00032782D2A12D101360A22304601A923F06B
:101C000031FD019B9E4209D01A782D2A06D1451E2E
:101C10000B2D0CD92849204625F017FB204625F02E
:101C200049FB6FF01505284610B0BDE8F0815E1C39
:101C30000A22304601A923F015FD019B9E42EDD0FA
:101C40001B78002BEAD1431E1E2B01D91B49E2E76A
:101C5000A8F26C73CDE90B53BA680A90204607A925
:101C6000FFF760FF0028D9D107A8FEF7CBFCB1F140
:101C7000FF3F08BFB0F1FF3FCDE9020108D1204688
:101C80000F4925F0E2FACCE7022DC7D17A68E5E7E3
:101C900000230493012002A9FEF7AEFA054628B1FD
:101CA00002460849204625F0D0FABAE7204607A99F
:101CB000FFF722FFB7E700BF77BE040086BE04002F
:101CC00093BE0400BCBE04002DE9F04114468846D2
:101CD000074610220021606823F03AFDB8F1020F98
:101CE000064607D8202308213846244A25F076FAEC
:101CF000336816E00A220021A06823F029FDC5B24E
:101D00002B46082138461D4A25F068FAB8F1030F22
:101D10001AD1102D0CD0202DEAD0082D0BD13378FC
:101D2000DBB208213846164A25F058FA002009E0AF
:101D300033889BB2F5E738460821124A25F04EFA5F
:101D40006FF01500BDE8F08110220021E06823F05B
:101D5000FFFC0821034604460B4A384625F03EFAAC
:101D6000102D06D0202D07D0082DE4D1E4B2347018
:101D7000DCE7A4B23480D9E73460D7E701BF0400C0
:101D80002CBF040016BF04003DBF040000232DE952
:101D9000F04F91464FF0FF35012287B00193504B31
:101DA000074688461A60202602F0E4FE2C46DFF83B
:101DB00034A149465246404602F000FF411C06D17C
:101DC0006A1C41D14849384625F03FFA17E073288C
:101DD0001AD0772828D0612811D1DFF810B110214E
:101DE000DBF8000001AA01F0C7F9019B0546002BB2
:101DF000DFD0DBF800203E49384625F026FA6FF0A8
:101E0000150007B0BDE8F08FDFF8E0B00021DBF887
:101E1000000001AA01F0B0F9019B0446002BC8D0D4
:101E2000DBF800203349E7E7DFF8C0B00021DBF83A
:101E3000000001AA01F0A0F9019B0646002BB8D0D2
:101E4000DBF800202C49D7E7631C01D12B49BAE706
:101E50005FFA86F8C6F3C406002C3FD002AB2946D1
:101E60001A46A6EB050C0CE0B8F1100F1DD0B8F126
:101E7000200F20D0B8F1080F2AD10878187031440B
:101E80003344A64203D80CEB01001028ECD9102CE7
:101E9000A14628BF4FF0100929464B46384601F0AD
:101EA00051F81035A4EB0904D6E7088880B2187001
:101EB000000A5870E3E708684FEA102E187083F89C
:101EC00001E04FEA104E000E83F802E0D870D6E72A
:101ED000082138460A4A25F081F990E7204690E724
:101EE000140800208BBF040092BF04002848002083
:101EF00051BF040064BF040077BF0400AFBF0400FB
:101F000016BF040070B50F4E04460D46337871B10C
:101F100023B10D49BDE8704025F097B90123337016
:101F200020460A4925F075F90123337004E083F057
:101F300001033370002BF3D129462046BDE87040E1
:101F400025F0D2B9E5570020C9BF040004C0040041
:101F50002DE9F04105460C46DFF8EC803B4E8F182A
:101F6000A74201D1BDE8F08198F8002014F8013BA8
:101F7000182A22D1112B20D10026354C2846226860
:101F8000344988F8006025F044F928463146FFF7C7
:101F9000B9FF314B18780028E4D1304A2368116822
:101FA000042B2EDC08B12360116013F003012FD144
:101FB000126813681BBA1360D4E7A3F13002092A30
:101FC00088F8003004D923F02002413A052A04D8C9
:101FD0003168234A5354013131603368022BBFD139
:101FE000102200211E4823F0B3FB1E4A136803F899
:101FF000010B1360164A136801331360002333602A
:10200000AEE70868043B00BA41F8040B0120C7E7BB
:102010005B4203F0030358BF5942022904D11268FE
:1020200013885BBA9BB2C6E703299BD1106802688C
:102030001104C2F3074301F47F010B4302F47F4212
:10204000134303608EE700BFE6570020E8440020FA
:10205000EC4400202EC00400E7570020F04400208C
:10206000E8570020F44400202DE9F84F00230646ED
:1020700015460C462949DFF8A8800B602949DFF88E
:10208000A890DFF8A8B088F800300B60012C2F462C
:1020900055F804AF1ED902224946504632F04DFF92
:1020A00080B99AF80220003A18BF012292445046A3
:1020B00002221F4932F041FF30B9012388F8003075
:1020C000013CE3E70022F1E749465046FCF7DAF825
:1020D000A8B9043700227868114623F039FB0022A2
:1020E000144B11461860786823F032FB124B1349E9
:1020F00018603046FFF706FF0020BDE8F88F9AF819
:1021000000202D2AE6D19AF80120002AE2D052467A
:102110005946304625F07DF8D2E700BFE84400205C
:10212000E7570020EC440020390C05004BC00400A8
:1021300048C00400F4440020F0440020511F010076
:1021400008B5024925F065F8002008BDB2C10400B9
:1021500008B5024925F05DF8002008BDCCC1040097
:1021600008B5024925F055F8002008BDD5C1040086
:1021700007B50B482CF0DFF870B105F081FA0423A5
:10218000084A0093126801230549074800F040FF00
:10219000002003B05DF804FB6FF01200F9E700BF08
:1021A00008530400106B04003C60040038B5054679
:1021B00040688360154BC0E90012036114302CF0B5
:1021C00048FA6A684FF48071134653F8644B91657E
:1021D0009364002302F15C01C2E90D130821C2E9F6
:1021E0001333C2E90F3353655164C2F8A031A368B9
:1021F00023B11B6C13B1204605499847A3681B6A9D
:102200000BB120469847002038BD00BF7413002052
:10221000152201002DE9F74F05460C468368DB6B5C
:1022200003B19847AB68DB6A002B36D14FF000084A
:1022300004F1100B04F1480904F14C0AB4F85410ED
:10224000B4F84C30A26D5B1A9BB2D31A934228BFEC
:1022500013465146484601AA24F09BFB0746002836
:1022600052D0AB6801991B69002B38D00246284632
:102270009847061E18BF4FF001083246584601998C
:1022800005F02EF9361A2FD132465146484624F031
:10229000B6FBB8F1000F04D051E02846984700285B
:1022A000C4D1AB68DB69002B4ED1E28F638F04F1A0
:1022B00034079B1A626C9BB2934204F13E0828BF1C
:1022C00013464146384601AA24F063FB064600281F
:1022D00041D1284624F0F8FDC4F8A06147E06FF032
:1022E00057064FF00108C8E70023019A1118C95C8E
:1022F000D15401339E42F8D132465146484624F02B
:102300007EFBBE429AD0C4E71D48036813F0060F57
:1023100003D002211B4A24F08AFCAB681B6933B14D
:10232000012228460DF1030198470028B1D001226F
:1023300058460DF1030105F0D3F80128A9D1D4E9DD
:10234000013100209847ACE7284698470028ACD1D7
:1023500003B0BDE8F08FAB680199DB6863B102465A
:102360002846984702464146384624F048FBD4E9BF
:10237000013101209847EBE76FF05702F3E700BF08
:1023800038100020CEC20400004870473C600400B2
:1023900010B504468168183101F080F9A168204623
:1023A000BDE81040014A183101F010B910C3040013
:1023B00038B583680446D3F87832DB071DD4C0698A
:1023C00025F056FD606803685B689847054620B9AC
:1023D000E06825F0F3FEA3681D75A3685B6C13B17C
:1023E000294620469847002232F064FEA368C3F8CD
:1023F000A022034B185801F0F5FF6FF00F05ECE732
:1024000008000000014924F0DEBD00BF24160500CD
:102410002DE9F04FA7B004465422002111A832F054
:1024200056FD0023CDE90533A368204656330293B9
:1024300025F0F2FA204625F036FA10B96069FFF768
:10244000E1FF00264FF0FF38B246B3463546B146AD
:10245000A06814220021183032F039FD204625F002
:102460007CF9A168E068B1F85020563125F0B2FE41
:10247000204625F041FF11AF0396DDE90532012A20
:102480006CD0132B6DD8B8F1000F2BD1BBF1000F1E
:102490000AD0204625F051FF1423A26811A9563214
:1024A0000DEB030024F0D9FFB9F1000F0CD099F81F
:1024B0001130FE2B08D1059B26AA02EB830252F8AD
:1024C000542C0AB101330593A068059D436A002B83
:1024D00040F0B580C6B1C3699E422BD00D9600F185
:1024E000180522E002233946029A06A824F0B5FF17
:1024F0007A6806990346029231B101290AD148B19E
:10250000694A204625F033FB6FF00705284627B0BF
:10251000BDE8F08F059B002B32D0386801F0F0F851
:1025200098B166B1A5680D9618350CAE0FCE0FC5E3
:1025300033682B602046FFF72BFF0125E6E75B4A57
:102540000121204625F013FBDEE7059BC3B1294698
:1025500020463A6801F076FA022809D1059B132B30
:1025600094D9069B022B91D10121514B514AC8E7C6
:10257000032805D0059B4FF0010B013305937CE741
:10258000039B2BB94846396807AA25F05DF8054634
:10259000043708F1FF38A5B3EB68BBF1000F08D092
:1025A000FBB1204625F038FA204625F093F9424A3F
:1025B000C6E7B3B1AE46A368DDF814A003F1180C6A
:1025C000BEE80F00ACE80F00DEF80030CCF80030B9
:1025D000AB6833B96B7CFE2B04BF95F8108008F113
:1025E000FF38D5F804C0BCF1000F08D0AE460CAEE1
:1025F000BEE80F000FC6DEF8003033606646A9461D
:1026000003E0059B63B101230393069BB8F1000F20
:1026100002D1022B7FF431AF059B013305932CE7E8
:10262000A368DB6A13B1DB68002BECD1234B0121DB
:1026300000932046119B224A25F099FAE3E790F88F
:102640002830A5EB0A05BBB14FF6FF7290F82910B0
:10265000FF2918BF0A469D4202D313449D420BD95D
:10266000836901212046174A25F081FA2046FFF7A9
:102670008FFE6FF0150549E7012124F0E8FCA06802
:1026800024F0D9FCA36811AA29465B6A02EB8A02EE
:10269000204698470546A06824F0D1FC0021A06898
:1026A00024F0D5FC32E700BF1EC3040032C304008F
:1026B00093C30400A3B9040050C304007FC3040003
:1026C000CED70400B7C30400F7B5044680680D46B2
:1026D000D0F878325A0705D5002124F0C3FCE06811
:1026E00025F03EFDE368DB6873B9002D3BD0A6689A
:1026F00006F15607384624F073FC002835D03946D9
:1027000006F5AB70FBF7C8FDA2682946E0680DF13D
:102710000603563225F027FD58B9A06800F5AB71C5
:102720005630FBF7B9FDA068563024F059FCADF8DF
:102730000600204625F069F9A368D3F874329B0699
:1027400003D50B49606924F03EFC204600F07AFD79
:10275000A268BDF806302046A2F85230A268A2F85E
:10276000503025F0B7F803B0F0BD86F85601CBE73E
:1027700060650400022210B5836804461A758368F8
:102780009B6CBBB924F0FEFB8368D3F87832DB0482
:102790000BD50321084B094A25F0E9F9A0686FF42D
:1027A000805100F51E7024F003FC2046BDE8104067
:1027B00000F0CEBE10BD00BFD2C30400C4FD0400B3
:1027C0002DE9F04F044680680121B1B000F51E707C
:1027D00024F0E3FBA3681B7D022B20D10023099387
:1027E000A36860689E6C03681D6909AB0EB3102274
:1027F0001BA9A847099B93B10121A06824F027FCDD
:102800002046099A1BA9B0470021A06824F01FFCAC
:10281000A3689B6C002BE3D12046FFF7ABFF6FF062
:102820000101A06800F51E7031B0BDE8F04F24F042
:10283000BFBB01220DF12301A847099B002BEED05D
:102840009DF923209DF82330002AA068C8DB427D33
:10285000032A00F2F482DFE812F0040074028B0213
:10286000F2020D2B67D00A2B43D0B0F87822092B47
:102870006FF3CA02A0F8782272D029D8002B00F09A
:102880000381082BA06800F0E8810246D2F8741298
:10289000890740F1F980013B162B00F2F580DFE853
:1028A00013F0B702F901FD01F501B1020F02F300C7
:1028B000F300F300F30013021702F3002C02F300FD
:1028C0003102F300F300F300F3003302F300480297
:1028D0001B2BA06841D07F2B00F0CB81A3F12001FE
:1028E0005E290246D2D8012124F0BCFB9DF82310BA
:1028F000B8E0D0F87822C2F3C7022AB1D0F8782223
:10290000C2F3C7020A2AC0D1B0F8782263F3CA0220
:10291000A0F87822A568B5F85010C1B9284624F06F
:10292000A1FBE06825F01CFC6069FFF76BFD204609
:10293000FFF720FF54E7D0F87822C2F3C702002A3D
:10294000E2D0D0F87822C2F3C7020D2ADBE7204696
:10295000FFF75EFDC5F8A402E9E70123437593E0A4
:10296000A068D0F874329B0740F18E80012124F0DA
:1029700079FBA068B0F85030FF2B00F0858000256F
:10298000B0F8522000F1560100F5AB7032F078FA41
:10299000A3681BA9B3F852200BA8134483F856511F
:1029A000A268142302F5AB7224F057FD0B99142989
:1029B0006AD830AB03EB810343F8545CA368B3F8E7
:1029C0005220002A52D0134493F85530202B02D0C5
:1029D000093B042B4AD800294BD100250A950A9BB4
:1029E00030AA02EB830353F854AC0026504624F07F
:1029F000F7FAB3468146B04637463946284616AA06
:102A000000F080FB0346002842D1012E68D10A9BCA
:102A100030AA02EB830353F8540C24F0E1FAA268C5
:102A2000064641462846183200F06CFB05682846E9
:102A300024F0D6FA864205D0821B92B22046A9190C
:102A400025F0DCF8A068B0F85230034493F8563013
:102A5000202B34D0093B042B31D9D0F87432DF0756
:102A600032D42021204600F03BFD0DE00129B4D9ED
:102A7000013900200CAB009301900AAB1BAA24F093
:102A80000EFE05460028AAD1606924F033FCA7E6B3
:102A90001B684A4651461846039332F04EFA60B915
:102AA000039B1846FBF700FC584538BF5846002EDC
:102AB00008BFB8461FFA80FB013601379DE70121A8
:102AC000204624F03BFFDFE7002124F0D5FA202147
:102AD000204600F005FD0121A06824F0CDFAD3E7DF
:102AE0000490D1D90A9A30AB03EB820252F8543CDD
:102AF000C1461846039324F073FA049BA26805901C
:102B0000A2F840300496A26849462846183200F0E0
:102B1000F9FA039BD0F800A009F101094BB1BAF111
:102B2000000F06D019465046059A32F006FA0028E2
:102B3000E9D1A168BAF1000F4DD1A1F840A0049BE2
:102B4000013B0493DFD16069FFF75CFC204600F095
:102B5000FFFC0A9B30AA02EB830353F8540C24F0C9
:102B60003FFA414611AA8146284600F0CBFA0746B3
:102B7000A0683968FF2200F5AB7032F0F0F93B68CD
:102B80004FF6FF7708F1010AB846039351462846ED
:102B900016AA0AF1010B00F0B5FA002851D0002264
:102BA000A168036801F2551111F801EF985C7045B6
:102BB00003D110B101324245F6D1B9F1000F01D075
:102BC0004A4506DBBA42A8BF3A46013E012E97B2FB
:102BD00037D0DA46DAE79B48069124F001FA0699E5
:102BE00000EB0B074A8FBFB2121A92FBF7F2504666
:102BF00092B20791069224F0F3F907993F1AB1F8BF
:102C00004000069A00F1010CA1F840C0B0FBF2F1BF
:102C100002FB110080B2BFB260B906212046894B89
:102C2000894ACDF800A024F0A2FF3946204600F0E2
:102C3000F3FA84E7534606212046844A24F097FF9E
:102C4000F3E7002F3FF420AF0399A7EB09022046DA
:102C500092B2494424F0D2FF16E7D0F874329E07AE
:102C60007FF512AF012124F0FDF9204624F0E7FFA3
:102C70000AE7D0F874329D077FF506AF012124F0F2
:102C8000F1F9A368D3F874321807EED4204624F083
:102C9000B7FFF9E6204624F0C8FEF5E6204624F00A
:102CA000BBFE204624F0FFFD10B96069FFF7AAFBC8
:102CB000A068012124F0D6F92046FFF75BFDE3E68A
:102CC000204624F0BBFEDFE6204624F0C2FEDBE611
:102CD000D2F874329F0603D55D49606924F073F918
:102CE000A368D3F874329E0603D55A49606924F06C
:102CF0006AF9204600F02CFCC6E600212046FFF7CA
:102D0000E3FCC1E60121F9E7204624F07EFE2046DF
:102D100024F038F90121A06824F0A4F9A368D3F8BD
:102D200074329D067FF5B0AE4B49606924F04BF9D3
:102D3000AAE6204600F000FB0121A06824F092F9E9
:102D4000A2E65B2B01D1022308E6D0F8742290079B
:102D500006D5622B08D14FF0FF31204624F017FE34
:102D60000022A3685A758FE6662BF9D10121F4E79A
:102D700000224275A268D2F8741289077FF530AD3F
:102D8000313B1B2B3FF680AE01A151F823F000BF71
:102D90000D2E0100192E01002D2E0100012E010023
:102DA000892A0100892A0100892A0100892A010053
:102DB000892A0100892A0100892A0100892A010043
:102DC000892A0100892A0100892A0100892A010033
:102DD000052D0100FB2C0100C12C0100952C0100E8
:102DE000892A0100052E0100892A0100112E010007
:102DF000892A0100892A0100892A01001D2E01006B
:102E000003235375204624F007FE3DE60323537544
:102E1000204624F0FAFD37E603235375A068D0F866
:102E2000741201F0010181F0010156E6032353758C
:102E3000A368D3F874329B077FF526AE26E70023FC
:102E40008CE500BF04B7040016C40400C4FD0400F0
:102E5000656504006A650400606504002DE9F341BE
:102E600004468068154600F51E7000293AD04FF4DC
:102E7000804124F092F8A3680021DD646068036853
:102E80009B68984798BB204624F034F978BB4FF0F4
:102E9000FF364FF0FF37174DDFF85C80A06800F574
:102EA0001F7000220721CDE900672BF0C6FFA06844
:102EB00024F0C5F82A460421204624F0FFF84246B3
:102EC0000121204624F0FAF8204602210B4A24F082
:102ED000F5F8606803685B6903B19847A06824F05F
:102EE000AAF8DBE76FF4804124F062F8C3E702B090
:102EF000BDE8F081B1230100C1270100ED6F03009F
:102F000010B504460A4924F084F92046094924F002
:102F100080F92046084924F07CF92046074924F02E
:102F200078F920460021064A00F050FB002010BD31
:102F30001CC404005AC40400B9C404000DC5040034
:102F4000A7C50400F8B51E4617460A462949044697
:102F500024F05FF93EB320463A78274924F059F926
:102F600001256A0703D12046244924F052F9AE42D4
:102F70001ED920467A5D204924F04BF90135102DE9
:102F8000EFD120461E4924F044F9B6B920461B492A
:102F900024F03FF90125AE422B4610D820461749B0
:102FA00024F037F915E02046164924F032F90125BE
:102FB0002046144924F02DF9E0E700252B46FA5C61
:102FC0002046A2F120035F2B28BF2E220E4924F0B9
:102FD00020F90135102D06D06B07DCD120460749BA
:102FE00024F017F9D7E72046BDE8F840074924F058
:102FF00010B900BFBDC50400FDB60400E21A05000B
:1030000007B7040003B70400E4C50400C4C5040006
:103010002DE9F041044680688846D0F8A062154644
:103020001F4688B0002E52D14FF42A72314631F03B
:103030004EFFE06825F046F9A06800F51F702BF000
:10304000ECFEA06800F52270012211462BF026FB51
:10305000A36902211E60A06866F3820500F51E7058
:1030600023F09BFF5022A36820465A871822A368AA
:103070001A87216824F0F7F8A3684146C3F8745210
:103080006068144A03681D682346A8470546D0B9FE
:103090000122A3681A75D4E90A0100220023CDE9B0
:1030A00006230E2303930E9B4FF40062CDE90173B8
:1030B0000495094B009415F00FFAA368C3F8A00219
:1030C000616A15F049F9284608B0BDE8F0816FF053
:1030D0007705F8E7A97003005D2E010010B50446DE
:1030E00013460A460146064801F0B4FC23691B79E1
:1030F00023B12046BDE8104024F0FCB810BD00BF4D
:103100000D73030038B50B46154648B91449154AE6
:10311000521AB3EB920F05D251F82350284638BD0E
:1031200084680CB90025F9E70F4A94420AD30F4A84
:10313000944207D218462946226890472B68002BF4
:10314000ECD1EFE70A4A944202D30A4A944205D3EB
:10315000246814225343E518E358F0E70133F8E7F5
:103160006C600400A0600400CC610400D461040021
:10317000A0600400CC610400F7B5037804462D2B51
:10318000164605D16FF015030020336003B0F0BD83
:1031900031F090FF002305460A4F0A46C35101A9AA
:1031A000204622F0D5FAEB59222B02D16FF02103F1
:1031B000EAE7002BE6D1019BA342E3D01B78002B6A
:1031C000E4D0DFE70C0000008368D3F874329B067C
:1031D00003D50249406924F047BB7047706504007D
:1031E000014924F041BB00BF241605000A1E0DDC76
:1031F0000ED042238168D1F87412890608D5002ABE
:1032000004494069B8BF524224F02EBB4123F1E784
:10321000704700BFE0C504000A1E0DDC0ED0442339
:103220008168D1F87412890608D5002A04494069DA
:10323000B8BF524224F018BB4323F1E7704700BFE8
:10324000E0C504002DE9F0478568044605F1560005
:10325000FBF72AF80023984695F83C70DFF8549065
:1032600086B2A268558FED1BB54209DB002E1FDD2B
:103270005633606910491A44BDE8F04724F0F4BAA7
:103280001D442A4492F856A082F85680A26856330C
:103290001A444946606924F0E7FAA3682B4483F88E
:1032A00056A0A3685B8FDB1BF61A00272B46D8E7D6
:1032B000BDE8F087A3B90400C4FD040008290A464C
:1032C00017D8836893F83E10914212D083F83E20BD
:1032D0008368082AD3F8743205D0990609D50549C0
:1032E000406924F0C1BA9B0603D50349406924F024
:1032F000BBBA7047E7C504007565040038B50D46D4
:1033000009780446FFF7DAFF6A78072A11D8A3681C
:1033100093F83F1091420CD083F83F20A368D3F874
:1033200074329B0605D560690249BDE8384024F037
:103330009BBA38BDF0C50400F8B583680446B3F8FD
:103340005020002A55D0B3F85210002951D05531E1
:1033500003F156050B441846A84206D3014611F85E
:103360000169202E3CD0A8423CD286B29DB2AB1B54
:103370009BB2591C471CD21A0144384631F08DFDCE
:10338000A268711BB2F85030204613FA81F3A2F8FC
:103390005030A36809B2B3F850201344002283F8D8
:1033A000562024F0CBFAA368D3F874329A0603D5DA
:1033B0001049606924F058FA3B46082120460E4A1D
:1033C00024F0D5FB2046FFF7FFFEA368D3F8743244
:1033D0009B060ED560690949BDE8F84024F044BA5F
:1033E0000846B9E7014611F80169202EBDD008460C
:1033F000B9E7F8BD7A650400C4FD04007E650400E9
:103400002DE9F84F04460F4690460AB1FFF7DCFE5F
:10341000A668D6F87432B6F852505B0724D505F189
:1034200056003044FAF740FF05462A4EB5B9A36866
:10343000B3F85020A3F85220A06824F022FA30B14B
:10344000B8F1000F00D017B16069FFF7C9FE7942EB
:103450002046BDE8F84F09B224F070BA31466069E1
:1034600024F002FA013DE1E73046FAF71DFFB6F815
:103470005090738F19FA80F915FA80F0B0FBF3F2CF
:10348000B9FBF3F39A42AA461BD0134D4845A368F3
:10349000CDDA5A8F461CB0FBF2F302FB130313B9CB
:1034A0006069FFF79DFEA368204653442A46082121
:1034B00093F856300AF1010B24F059FBDA463046F6
:1034C000E4E7563508212046044A731924F04FFBDF
:1034D000ADE700BF3D170500E4C50400C4FD0400CE
:1034E00013B583688DF80710D3F874220446D0070B
:1034F00025D5B3F85210B3F850208A421FD0481C8B
:103500009DF80720A3F852000B4483F85620A368C7
:10351000D3F87412890710D5D3F87432606913F0A8
:10352000040F18BF2A22094924F09EF9204624F0EE
:10353000BAF910B16069FFF753FE02B010BD012265
:1035400020460DF1070124F01FFBF6E7E4C5040057
:1035500010B5044683680221084A24F008FBA368DA
:10356000D3F874329B0707D52046FFF76BFE204641
:10357000BDE8104024F0BDB910BD00BFC4FD04007B
:10358000014924F0E3BC00BF24160500F8B50F463E
:103590005168044615461E4611B11A4624F0E3FC54
:1035A000AB6883B131462046FFF736FE20463B46E6
:1035B0000821054A24F0DBFA2046A968F21DBDE87F
:1035C000F84024F0D0BCF8BDF9C504002DE9F04F57
:1035D0000F460021044616460D4689B0384603AA18
:1035E00001F10108FFF78EFDA8B98DB126B1324671
:1035F0000821204624F0BBFA0021DFF89090DFF884
:1036000090B0384603AA01F1010AFFF77BFD60B9CB
:1036100009B0BDE8F08F006810B1FAF745FE80B23E
:10362000854238BF05464146D8E7D0F80080B8F15A
:10363000000F0FD098F8003063B146684B46082160
:103640002046CDE90058134A24F091FA26B9606962
:10365000FFF796FF5146D4E74B465A4608212046CD
:1036600024F085FAAB1DB2079BB209D131680A4A32
:10367000914205D1324641462046FFF787FFE9E7F0
:103680001A463146204624F06EFCE3E719C60400D2
:10369000F8B6040004C60400C40BD286F7B50F6860
:1036A00005460E46EFB13846FAF7FEFD84B2114BDF
:1036B0000821009328463B460F4A24F058FA7168C7
:1036C000E31C9BB279B18A070DD108680B4A90427E
:1036D00009D10A462846316803B0BDE8F040FFF73B
:1036E00055BF3C46E3E71A46284603B0BDE8F04024
:1036F00024F039BC15C6040017C40400C40BD286DC
:1037000010B507490446FAF7BDFD38B12046054912
:10371000FAF7B8FDB0FA80F0400910BD0120FCE7CF
:103720000BC604000EC6040010B583680446D3F827
:1037300074329B0603D50649406924F084FC50226C
:10374000A36800205A871822A3681A8710BD00BFFB
:103750008265040008B5836902491A6823F059FD9F
:10376000002008BD1CC604002DE9F3410D490546A3
:1037700023F04FFD00220C4C0C4EDFF83480B44295
:1037800002F1010703D3002002B0BDE8F081636AB3
:1037900092B20093A3684146284623F03AFD3034A4
:1037A0003A46ECE72CC604003C6004006C60040060
:1037B00044C6040008B5024923F055FD002008BDA9
:1037C0006717050073B5044600250D4EA2680DF17C
:1037D00006030121E06802F5AB7224F0C4FCBDF8D9
:1037E0000600A36840B12A463146204603F5AB7374
:1037F00023F00FFD0135E9E783F8560102B070BDF3
:1038000055C6040010B5044623F066FD0349024680
:10381000204623F0FEFC002010BD00BF490A050031
:10382000022907B50BD153680C49009312680C4B61
:1038300023F00BFD6FF0150003B05DF804FB836807
:10384000084AD3F87432084913F0020F074B18BF27
:103850001A4623F0DEFC0020EEE700BF74C6040029
:103860005FC6040062B704007DC60400650E050053
:1038700010B583680446D3F874329A0603D5074915
:10388000406924F0E0FBA368D3F874329B0603D5AB
:103890000349606924F0D7FB002010BD896504004E
:1038A0008E650400F0B50129044685B00AD053683E
:1038B0005E49009312685E4B23F0C7FC6FF0150061
:1038C00005B0F0BD8368D3F87432990603D5594921
:1038D000406924F0B8FB00256FF0F9012046FFF79E
:1038E00085FCFA212046FFF797FCA0684FF4807210
:1038F000294600F5AB708DF80B5031F0E8FA4E49CF
:10390000606924F0A0FB606923F0F4FC4FF47A7640
:103910006068012203680DF10B011F6903ABB84712
:10392000039BEBB9013E4FF47A70B6B22AF0DEFC8D
:10393000002EEDD1A368D3F874329B0603D53F491E
:10394000606924F080FB5022A36820465A87182221
:10395000A3683B491A8723F06AFC6FF00700AFE7C2
:103960009DF80B20A3681B2A53D093F856111B29EE
:10397000CED1522A4DD15A19002382F85631A66869
:1039800096F857215B2A2BD1022506F2571010F822
:10399000011F2A463B2905F10105ADB223D1FF2ABB
:1039A000C8D002F5AB7216FA82F1002211F8010FAD
:1039B00018BBFA2A28BFFA22FA2B28BFFA2386F866
:1039C0005601A1684A87A2681387A368D3F87432A6
:1039D0009A0603D51949606924F035FB00206FE78A
:1039E00086F85631A6E703EB8303303901EB430138
:1039F000B5F5807F8BB2CAD19CE7013502EB82021C
:103A0000ADB2303800EB4200B5F5807F82B2CDD147
:103A100090E72B440135ADB2092D83F856217FF68E
:103A200077AF0022A36883F8562183E774C60400A9
:103A30005FC6040094650400C8C6040098650400CD
:103A40008EC604002DE9F04F07461546894689B019
:103A500021B1104624F03CFC00285BD1032455E042
:103A60005C463CE029460AF5AB7031F0AEFA0646FA
:103A7000002854D0FAF718FC82B2601C314601329B
:103A8000304431F00AFA22465946304631F0F8F90E
:103A90004FF020033355BAF8543008F101080133D0
:103AA0001C44AAF85440002401994B1C484603AA20
:103AB0000193FFF727FB0646E8B10022284631684C
:103AC00024F0EAFE0028EFD1D6F800B0D7F808A01D
:103AD000BBF1000FC4D05846FAF7E6FB84B2BAF83F
:103AE00054302344FF2BBDDD2B46032138460D4ABD
:103AF00024F03DF80124B8F1000F07D0B8682A4639
:103B000000F1540100F5AB7023F077FD204609B0B9
:103B1000BDE8F08F4FF0000802244146C5E70224BB
:103B2000E9E700BF8ACB04002DE9F04F8BB0D0F855
:103B300008A01E4600AFDAF80C3080460D469146CC
:103B400098470368202B0ED92C4803685C0703D0E4
:103B50002B4A012123F06BF86FF0150528462C370E
:103B6000BD46BDE8F08FB9F1000F05DA23480368C0
:103B70005907F1D0234AECE746EA09045A1E1440DB
:103B800008D01E4802685207E6D001211E4A23F0E1
:103B900057F8E1E72946202207F1080031F097F9AC
:103BA0002546A642DAD9A6EB040BBBF1200F28BFAD
:103BB0004FF0200B09EB0401DAF804505B46404655
:103BC00007F108027960A847051E796814DA0B48E6
:103BD00003685B07C2D06C4688B06A460B4BD16164
:103BE000C2E90538042342F8103F00234FF4015185
:103BF000FDF7AEF9A546B1E75C44D2E7A80F002077
:103C0000DCCB040002CC04001FCC040051CC040027
:103C100008B5054822F02DFB044822F02AFBBDE838
:103C20000840034822F025BB7ECC0400BACC040037
:103C3000EDCC040008B50348034A0021121A24F011
:103C40007DFC08BDD0130020F07E0020074808B599
:103C5000074A0849121A24F073FCBDE808400648D8
:103C6000064A0749121A24F06BBC00BF400000202E
:103C7000CC130020A41E05004000002040000020BE
:103C8000A41E05002DE9F84305460C4600AF0029A7
:103C900048D0DFF8B890D9F800305A0742D0D1E9BF
:103CA00000016E468AB06A46A3684FF00508DFF847
:103CB000A0C0C2E90713C2E905C042F8108F002373
:103CC0004FF421514846FDF743F9D9F80030B54685
:103CD0005B0727D0D4E903018AB06A466369DFF83D
:103CE00074C0C2E90713C2E905C042F8108F00236F
:103CF00048464FF42151FDF72BF9D9F80030B5466D
:103D000058070FD0E36901214846134A22F098FF73
:103D1000D9F80030590705D0A369012148460F4A58
:103D200022F08EFF012D0AD1EFF3058307480268C8
:103D3000520704D00A4A2946103B22F081FF21464F
:103D4000284613F045FCBD46BDE8F8830810002066
:103D50001BCD04004ACD040079CD040088CD0400B9
:103D6000B6CD040030BFFFF7FDBF00BF2DE9F04125
:103D700005460B4EDFF82C80324606EB0807CC1BBD
:103D80002046094931F07CF8A01942460021083C40
:103D900031F09DF8C5F8B84007F10800BDE8F081A2
:103DA0000000000008000000D4610400054B5A69BF
:103DB0009B689A421FBF044A536843F08053536084
:103DC000704700BF3850002000ED00E0F8B5364CD9
:103DD000064623680D465B0703D02046334924F08E
:103DE000BCFB334B9B6ADF065CD52368580703D0C6
:103DF00030492D4824F0B1FB11202D4B9B6A190747
:103E000007D523685A0703D02B49274824F0A5FB80
:103E10001220274FBB6A9B0719D52368580703D088
:103E20002649214824F099FB7B6BBA6A11060DD50F
:103E30002268520704D00121214A1B4822F000FFCA
:103E400026B11B4A936A23F0800393621320184B18
:103E50009B6ADB0707D523685F0703D0194912481F
:103E600024F07BFB1420124B9B6A9E0607D5236827
:103E7000580703D014490C4824F06FFB15200C4B55
:103E80009A6AD10658BF9A6A9A6A920642BF5A6ADB
:103E900022F400525A629A6A42F0FF029A620023A8
:103EA0002B70F8BD1020A8E708100020C9CD040031
:103EB00000ED00E0DFCD040012CE040025CE0400AA
:103EC0003DCE040053CE040072CE040010B5334C36
:103ED0002368580703D02046314924F03EFB314B7C
:103EE0009B6A990157D523685A0703D02E492B485E
:103EF00024F033FB1E202B4B9B6ADB0107D5236884
:103F0000580703D02949254824F027FB1F20254BBB
:103F10009B6AD90207D523685A0703D024491F4852
:103F200024F01BFB02201F4B9B6A1B0307D5236851
:103F3000580703D01F49194824F00FFB2120194BC3
:103F40009B6A590307D523685A0703D01A491348B7
:103F500024F003FB2220134B9B6A9B0307D52368A5
:103F6000590703D015490D4824F0F7FA23200D4BCB
:103F70009B6ADA0307D523685B0703D0104907481B
:103F800024F0EBFA2420074A936A6FEA03436FEAAE
:103F90001343936210BD1D20ADE700BF0810002041
:103FA000A1CE040000ED00E0B9CE0400CCCE0400A8
:103FB000E6CE040010CF04002ECF040053CF04003F
:103FC0006DCF0400F8B5374C064623680D465B07F5
:103FD00003D02046344924F0C0FA344B9B6ADF04F6
:103FE00051D52368580703D031492E4824F0B5FA3B
:103FF00017202E4B9B6A190507D523685A0703D053
:104000002C49284824F0A9FA1820284FBB6A9B05A0
:1040100019D52368580703D02749224824F09DFA70
:10402000BB6BBA6A11040DD52268520704D0012176
:10403000224A1C4822F004FE26B11C4A936A23F44B
:10404000004393621920194B9B6A5B0507D52368CF
:104050005F0703D01A49134824F07FFA1A20134B44
:104060009A6AD60511D52368590703D015490D481A
:1040700024F073FA1B200D4A936A43F47F43936242
:1040800000232B70F8BD1620B3E79B6A9A04F2D583
:1040900023685B0703D00C49024824F05EFA1C2019
:1040A000E9E700BF0810002098CF040000ED00E011
:1040B000AECF040012CE0400BFCF0400D8CF04005E
:1040C000EDCF040008D0040072CE04002DE9F041C9
:1040D0008AB0734B0446D3F80480002500AFC8F3C0
:1040E000080685F31188BFF36F8F02F07F43B3F1A9
:1040F0007F4F0AD102F00C03082B15D169480368E1
:10410000590702D0684924F028FA00252C460023DC
:10411000FB71F31E092B00F29E80DFE803F00A908A
:10412000938C9C9C9C9C9C9612074CBF0C46012532
:10413000EDE75C4E33685B0703D030465B4924F003
:104140000CFA0023FB71564BDA6A900708D53368E6
:10415000590703D05649534824F0FFF900233BE0A8
:10416000DA6A002A04DA33685A07F7D05149F2E7CD
:10417000DB6A5B00F2D53368580703D04E494948E3
:1041800024F0EBF9464BA1695A6942F480725A61F6
:10419000BFF34F8FBFF36F8F5A6931F8021C22F4BF
:1041A00080725A61BFF34F8FBFF36F8F4DF602726B
:1041B000914207D09A6AD2B282B30120F91DFFF76B
:1041C00005FE3AE03368590705D0236801213B4AD0
:1041D000344822F035FD2368FA79DAB907F1080688
:1041E00004F1200C324620686168083403C264453B
:1041F0001646F7D17A6A002D4DD0C2F3080121B9D5
:104200006FEA52226FEA42227A62184607F10801E9
:10421000FFF738FD2837BD46BDE8F0819A6A12F4F1
:104220007F4F04D00120F91DFFF7CCFE05E09B6A0B
:10423000B3F5803F92D3FFF749FE0346CCE7002059
:10424000F91DBCE70020F91DEEE7164803685A0780
:1042500084D01B4980E7134803685B073FF47EAFB7
:10426000184A18F4F87FE8468AB0174B18BF13466F
:104270006A461649103EC2E905134FF400731384D1
:10428000134BD66142F8103F00234FF41151FCF755
:104290005FFEC54662E722F4FF7222F00102B3E737
:1042A00000ED00E0081000204ED0040079D004009A
:1042B00090D00400B1D00400BFD00400DED00400D0
:1042C000FAD0040035D0040020D004001ED1040030
:1042D00004000001064B5A6942F010025A615A6903
:1042E00042F480625A615A6922F008025A617047AA
:1042F00000ED00E0EFF30880EFF3098101B57246AD
:10430000FFF7E4FE01BD00BF002080F31488BFF377
:104310006F8F002080F30A8880F30B88124880F3A7
:1043200008880FF043F9002010490860BFF34F8F51
:1043300000F032F8402080F311880D484FF0AA01B8
:104340004FF4006224F0FAF809484FF40061401875
:1043500080F30988EFF314800221084380F3148866
:10436000BFF36F8F00F0E4F89809012094ED00E0AE
:1043700058F00020002318460649D1F89020C2F3D7
:104380000722934200DB7047C1F89830C1F8A000C3
:104390000133F6E700ED00E010B572B6002484F3B7
:1043A0001388FFF7E7FF23464FF0FF300C4A03F175
:1043B00020010133102B42F82100F8D100234FF0E7
:1043C000FF30074A03F160010133102B42F821004E
:1043D000F8D162B6BFF34F8FBFF36F8F10BD00BF30
:1043E00000E100E0084B9B6883420BD1EFF30583AB
:1043F00043B1064B5A6842F080525A605A6A22F41E
:1044000000425A6214F0F6BB3850002000ED00E084
:1044100016498A684FF030001044EFF3098C80E8A9
:10442000F01F402080F31288BFF36F8F104F4FF0C2
:1044300000664A698A603E60D2F8B8000D4C206080
:10444000D2F8BC000023C2F8BC3080F3118802F11E
:10445000300090E8F01F8CF3098802F1000004B5E9
:1044600024F083F8BDE80440704700003850002075
:1044700004ED00E0004800201EF0040F0CBFEFF335
:104480000880EFF30980816911F8021C0229FFD02E
:1044900001B5724624F056F801BD00BF00B20028F5
:1044A00007DB01234109034A00F01F00834042F863
:1044B0002130704700E100E000B200280CDB01224F
:1044C0000649430900F01F008240203341F82320B1
:1044D000BFF34F8FBFF36F8F704700BF00E100E065
:1044E000D30748BF002100B258BF02310028ACBF3B
:1044F00000F16040064A4FEA4113DBB2ABBF00F562
:10450000614000F00F0080F800331354704700BF83
:1045100014ED00E0044B054A23F07F039360BFF3E2
:104520004F8FBFF36F8F70470000000000ED00E079
:1045300008B5FFF7EFFF074AD2F8883023F470037D
:10454000C2F88830FFF776FBFFF780FB00F048F8F1
:1045500013F076F900ED00E042F8203C009B0B4997
:1045600042F81C3C019B21F0010142F8183C029BDF
:1045700042F8081C42F8143C4FF0807342F8043CA7
:104580000023203A0265C0F8BC3070477D0201006C
:1045900000B50E4B15469860D0F8B8200C4B0E466F
:1045A0001A60D0F8A83083F30B882C4686F309886C
:1045B0000020044B98472046002100220023024C93
:1045C000204700007B8503007D0201003850002059
:1045D000004800201022014B1A61704700ED00E0F6
:1045E0000023402040F20F1210B5044CE1180133B3
:1045F000934281F80003F9D110BD00BF00E100E053
:1046000008B5EFF30583064A103B02EBC30152F8ED
:10461000330049688847BDE80840FFF7C7BB00BFC3
:10462000485404001FB5094C094A23460121094892
:1046300000F01CF900230393074B0121E41A01A8A1
:104640000193029400F01CF904B010BD00F00220A8
:1046500000000020886E0400D013002010B50C7AF2
:104660000B6804F01F0223F01F031A43CB68640990
:1046700023F01F03054943EA440343F00103C1F853
:104680009800C1F89C20C1F8A03010BD00ED00E0FA
:1046900010B50C4B0446D3F89030C3F30723013B0D
:1046A00098420BD9084803685B0704D001212346D0
:1046B000064A22F0C5FA6FF0150010BDFFF7CEFFD5
:1046C000FBE700BF00ED00E0F80F002035D104004B
:1046D0002DE9F04F8946144606464FF00008544D28
:1046E00085B0C8452EDAD6F804A0BAF1000F4BD039
:1046F000BAF11F0F1BD91AF01F0F18D1D6F800B04E
:104700001BF01F0F13D1584623F05AFF07460AEB40
:104710000B00013823F054FF874217D06FF01507C4
:10472000444803685B070BD0434A3B4605E04148D9
:1047300003685A0704D04346404A012122F080FA18
:104740006FF01504204605B0BDE8F08F17F1160F85
:10475000E6D0BC42E4DDC5F89870D5F89C10C5F8E9
:104760009870D5F8A03021F01F0143F01F0BD6E957
:1047700000321A44994202F1FF3A1DD1D34507D1C4
:104780003146F8B223F025FF08F101080C36A8E7FE
:104790003146C5F89870D5F89C3022F01F0203F01E
:1047A0001F031343C5F89C30E0B223F012FF10F151
:1047B000160FC5D0441CE7E7C5F89870D5F8A020BF
:1047C000013B23F01F0302F01F021343D345314680
:1047D000E0B2C5F8A030E8D023F0FBFE10F1160FD0
:1047E000AED0C5F89870D5F89C209DF808300BF134
:1047F000FF3B62F304038DF80830D5F8A0309DF834
:1048000008205B0863F347128DF80820D6E90032D0
:104810001344009323F01F035B44A3EB0A0301300E
:1048200023F01F036946C0B20393FFF731FFBEE7D1
:1048300000ED00E0F80F00207ED104005BD1040001
:104840000522044BC3F89420BFF34F8FBFF36F8F43
:10485000704700BF00ED00E0BFF35F8F0022024B06
:10486000C3F89420704700BF00ED00E010B5034C82
:104870002278FFF72DFF207010BD00BF08580020E0
:104880002DE9F74F294D8A4606464FF00008AB4602
:10489000274FD0451BDAD6F80490B9F1000F3FD06E
:1048A00031680846019123F08BFE0199044609EB1B
:1048B0000100013823F084FE84424FF014021D4BA6
:1048C00008D002FB08F36FF015024BF8032003B089
:1048D000BDE8F08F14F1160F2C60F8D01978A142C2
:1048E000F5DD02FB08B0C7F89840C7F89840D7F844
:1048F0009C4000F10801007B64F304000871D7F8C4
:10490000A0000C79400860F347140C71D7F89C1094
:1049100021F01F016960D7F8A01021F01F01296163
:1049200008F1010814350C36B3E700BF0448002035
:1049300000ED00E008580020F0B54149414CD1F8A5
:1049400090302568C3F307239D4287B075D80020B7
:10495000FFF782FF3C4BC1F8C030854216D13B4C7B
:1049600001A82570FCF7ACFD00250646384FAE4285
:1049700013D1002023783249D1F89020C2F30722C6
:10498000934254DBFFF75CFF00202FE0616801EBEE
:104990000011FFF763FE0130DFE70199280101EB09
:1049A0000513DA683A40B2F5001F21D0B2F5800F46
:1049B0002BD0B2F5801F38D15A689B680958013B4B
:1049C00022F01F0003440120844623F01F0340EA25
:1049D0004C10CDE902218DF8100002A92078059332
:1049E000FFF756FE00281DDA6FF0150007B0F0BD86
:1049F0005A689B680958013B22F01F0003444FF09E
:104A0000020C012023F01F03E1E75A689B68095854
:104A1000013B22F01F0003444FF0000C022023F062
:104A20001F03D4E723780133237001359FE7C1F8D2
:104A30009830C1F8A00001339EE74FF0FF30D5E772
:104A400000ED00E0946E0400AAFF44000858002026
:104A50000000F0FFF0B587B007460E46144600216F
:104A6000102268461D4630F032FA02238DF80230DB
:104A7000054B2A4621466846CDE90476019320F08D
:104A8000CDFE07B0F0BD00BF0B86030008B502489D
:104A900020F074FDFEE700BFB0D1040008B5024B62
:104AA0001B689847002008BD18480020034B044AA3
:104AB0001860937843F00203937070471848002001
:104AC000D807002008B5054821F0D3FB002383F365
:104AD0001188BFF36F8F0423184602DFB5D104009D
:104AE00008B50649064821F00701C1F1005202F558
:104AF0003C3221F0F7FA002008BD00BFB739012091
:104B00001C4800204FF0FF324FF0FF33014813F0F4
:104B100035B800BFE8070020014813F0A7B800BF70
:104B2000E807002038B50546FFF7ECFF2A460821C4
:104B3000074821F068FA044628B925B130F0BAFADE
:104B40000C22044B1A50FFF7E7FF204638BD00BF88
:104B50001C4800200C00000010B50446FFF7D2FFEF
:104B60002146034821F010FABDE81040FFF7D4BFFA
:104B70001C48002008B500F0B7F8012200230949BD
:104B8000C0E9002241610849C0E902330A600749CF
:104B900003610A60064A1360064A1360064A1360FE
:104BA00008BD00BF67170500180800201408002082
:104BB000304800202C480020284800202DE9F041F2
:104BC00007460E46154600F08FF8C36804461BB929
:104BD00043691A78002A41D10023E3606368BB422D
:104BE00056F8232008DB324B6361204600F062F860
:104BF0004FF0FF30BDE8F081511C616192F80080F8
:104C0000B8F12D0FEFD1911C616151782D29A16070
:104C100004D192786AB901336360E4E749B9244B5F
:104C200041462846636130F06AF90028DDD0C4F8B7
:104C30000880D4F808802846414630F060F9B8F181
:104C40003A0F636900D070B91B7813B963680133F8
:104C50006360204600F02EF83F20CBE75A1C4261EB
:104C60001B788360E5E742783A2A0BD00022226164
:104C70001B7813B9636801336360204600F01AF8AB
:104C8000A068B7E718786268094928B901329742E5
:104C9000626004DD56F82230C4E90431EAE761615C
:104CA0002D7820463A2DD5D100F004F82846A1E70A
:104CB000671705000268074B1A604268064B1A60C6
:104CC0008268064B1A60C268054B1A600269054B80
:104CD0001A6070471808002014080020304800208F
:104CE0002C4800202848002000487047FC0700207E
:104CF00070B541690446867A0A4D59B1437ADB079B
:104D000006D42C2303FB06535B6A1B689B689847F9
:104D1000002363612C20214606FB0050BDE8704053
:104D200029F0AEBC401200202C22024B02FB0030C6
:104D3000704700BF401200202C21827A054B01FBF6
:104D400002339A6A1B7F801A1B3323F00303B0FBE4
:104D5000F3F070474012002038B52C24827A064BBD
:104D600004FB02335B6AD3E901240C601568FFF78A
:104D7000E3FF04FB005038BD401200202DE9F04352
:104D800085B00546684690461C46039129F014FFFD
:104D9000DDE90067EFF31189402383F31288BFF345
:104DA0006F8F6B8B002B41D02A8B9A4225D9002222
:104DB0000023284612F0AAFF0446F0B189F31188B7
:104DC000BFF36F8F039B002B41D032463B466846B2
:104DD00029F017FF2C21A27A254B204601FB023334
:104DE0005B6A03A91B681D68DDE90023A8476061B1
:104DF00070BB2046FFF77CFF24E0698B4B1E6B8362
:104E000089F31188BFF36F8F2B7F2A8BAC6A1B331A
:104E100023F00303521A02FB0344154B154AEB1A05
:104E20009B105343A3722B7FE372CBE789F3118866
:104E3000BFF36F8F23464246284612F067FF0446B1
:104E40000028BFD10024204605B0BDE8F08363618F
:104E5000012300252381039B29466382E27A656052
:104E600004F1180030F033F863692582E360EAE763
:104E700040120020A38B2EBA70B52C250C4C00B923
:104E800070BD037A4668002BFAD0013BDBB2037297
:104E9000002BF5D1C3604360837A05FB03431B6A93
:104EA00013B198473046EAE7FFF722FFFAE700BF61
:104EB0004012002008B5144A144B1A600AF068FE2C
:104EC0004FF47A61124B0020D3F82436C3F3080262
:104ED000C3F309434B4382F480720E49883201FBCD
:104EE00002334FF4FA215B00B3FBF1F201FB123302
:104EF000B3F57A3F084B28BF0132C3F804290122D9
:104F0000C3F8002608BD00BF0020A107F80D00204F
:104F100000C0FF00102700800000125048B1054B70
:104F2000054A1B68B3FBF2F35843044B43F00103FB
:104F300018477047F80D002040420F00F06504004C
:104F4000BFF34F8F0549064BCA6802F4E062134372
:104F5000CB60BFF34F8F00BFFDE700BF00ED00E067
:104F60000400FA05084B0246596811B119688842D5
:104F700007D0D86830B1996804488A4218BF002029
:104F800070471846704700BF344800203C48002056
:104F900002460B46014812F0F1BD00BFCC110020C3
:104FA000014812F063BE00BFCC1100202DE9F74F7D
:104FB0004FF00009824608460F469046F9F774F90B
:104FC0004E4683464FF0FF314FF0FF30FFF7E0FFD2
:104FD000194B1C689C4208BF00245B685CB9FFF752
:104FE000DFFF36B3CAF80060B8F1000F1DD1002012
:104FF00003B0BDE8F08FA569A94512D8AB4510D321
:10500000012D03D97A5D2F2A00D052B92A4638469D
:10501000E16801932FF091FF002804BFA9462646BE
:10502000019B9C42DBD02468D8E7B369C8F8003004
:10503000DDE76FF00100DBE70C0900202DE9F74305
:10504000804691460D4639B10846F9F72DF90128F9
:1050500002D92B782F2B0CD03A4803685A0702D07C
:10506000394923F0E5FC6FF01504204603B0BDE894
:10507000F083D8F80420002A5DD1294601A8FFF763
:1050800095FF041E07DA2F4803685B07EDD02F4910
:1050900023F0CEFCE9E7019E96F820309F0702D569
:1050A00019F0120F4AD1F3691A68C2B119F040071A
:1050B00019D019F0020F09D1224803685C0702D009
:1050C000234923F0B5FC6FF00C04CEE75B694BB9C4
:1050D0001C480368590702D01E4923F0A9FC6FF051
:1050E0008504C2E70127C8F80460F3694A462946E7
:1050F00040461B689847041E0BDA124803685A079B
:1051000003D02246144923F08EFC0023C8F8043053
:10511000ABE788F80890002FA7D0F369002140463C
:105120005B699847041EA0DA064803685B07ECD069
:1051300022460A49E7E76FF00F0496E76FF01D0477
:1051400093E700BFB80F0020E0D10400F4D10400C1
:105150000CD204003AD204005AD204006FD20400E8
:1051600038B5446805466CB1E369DB697BB19847A3
:10517000041E09DA074803685B0703D02246064984
:1051800023F051FC204638BD00236B60FAE76FF036
:105190008504F7E7B80F00208BD2040010B54368F0
:1051A0007BB1DB695B687BB19847041E07DA08486E
:1051B00003685B0703D02246064923F034FC2046EF
:1051C00010BD6FF00804FAE76FF08504F7E700BF41
:1051D000B80F0020A1D2040010B543687BB1DB6991
:1051E0009B687BB19847041E07DA084803685B0791
:1051F00003D02246064923F016FC204610BD6FF06E
:105200000804FAE76FF08504F7E700BFB80F002045
:10521000B6D2040010B543687BB1DB69DB687BB1B3
:105220009847041E07DA084803685B0703D0224644
:10523000064923F0F8FB204610BD6FF00804FAE79A
:105240006FF08504F7E700BFB80F0020CCD2040050
:1052500010B543687BB1DB691B697BB19847041EBD
:1052600007DA084803685B0703D02246064923F0A3
:10527000DAFB204610BD6FF00804FAE76FF08504F2
:10528000F7E700BFB80F0020E1D2040010B5436873
:105290007BB1DB695B697BB19847041E07DA08487C
:1052A00003685B0703D02246064923F0BCFB204677
:1052B00010BD6FF00804FAE76FF08504F7E700BF50
:1052C000B80F0020F6D20400F7B505460E4611B11E
:1052D0000B782F2B0BD02A480368590702D0294995
:1052E00023F0A6FB6FF01504204603B0F0BD436821
:1052F000002B3FD10768002F3CD130462249F8F7F8
:10530000C1FF044680B94FF0FF304FF0FF31FFF787
:105310003FFE1E4A6C601368934214BF1F46274627
:105320002F60FFF73DFEDFE73A46314601A8FFF761
:105330003DFE041E07DA124803685A07D4D0144908
:1053400023F076FBD0E7019BDA69126AAAB16B60A1
:10535000DB69314628461B6A9847041EC4DAC5E952
:105360000077074803685B07BED02246094923F04F
:105370005AFBB9E76FF00F04B6E76FF08504B3E7A7
:10538000B80F00200FD30400F0B604000C09002071
:10539000F4D1040028D304002DE9F84347680646F9
:1053A0000D466FB3FB695B6A002B61D0DFF8C890D4
:1053B000DFF8C8804F1C73682946DB6930465B6A9A
:1053C0009847041E13DB6B7873B12B78012B0BD13C
:1053D00049463846F8F756FF0028ECD04146384693
:1053E000F8F750FF0028E6D02046BDE8F8832448AF
:1053F00003685B07F8D02246224923F014FBF3E749
:10540000036813B94B700024EEE7DFF87C804FF09F
:10541000FF304FF0FF31FFF7BBFDD8F80040D8F860
:105420000430444508BF002424B9FFF7B9FD6FF0EC
:105430000104D9E73268944216D10123284600F8C6
:10544000013BE168FF2219442FF089FD002385F814
:105450000031C5F80431D8F804309C4218BF2768E1
:10546000FFF79EFD3760CEE79C42DED02468DBE785
:105470006FF08504B8E700BF851D05003F100500EB
:10548000B80F002042D304000C09002038B544684E
:10549000054614B90460204638BDE3699B6A7BB1B8
:1054A0009847041E08DA084803685B07F3D02246D1
:1054B000064923F0B8FAEEE70023C5E90033EAE72E
:1054C0006FF08504E7E700BFB80F00205CD304004D
:1054D00037B5054630B1F8F7E7FE012802D92B7839
:1054E0002F2B0BD01A4803685C0702D0194923F010
:1054F0009FFA6FF01504204603B030BD0022294604
:1055000001A8FFF753FD041E07DA11480368590785
:10551000F1D0114923F08CFAEDE7019890F8203092
:105520009A070FD4C369DB6B7BB129469847041EE9
:10553000E1DA074803685B07DDD02246074923F01C
:1055400072FAD8E76FF01D04D5E76FF08504D2E753
:10555000B80F00200FD30400F4D1040077D3040067
:1055600037B5054630B1F8F79FFE012802D92B78F0
:105570002F2B0BD01A4803685C0702D0194923F07F
:1055800057FA6FF01504204603B030BD00222946BB
:1055900001A8FFF70BFD041E07DA1148036859073D
:1055A000F1D0114923F044FAEDE7019890F820304A
:1055B0009A070FD4C3695B6B7BB129469847041ED9
:1055C000E1DA074803685B07DDD02246074923F08C
:1055D0002AFAD8E76FF01D04D5E76FF08504D2E70B
:1055E000B80F0020E0D10400F4D1040097D30400E8
:1055F00073B50E46054630B1F8F756FE012802D9BC
:105600002B782F2B0BD0194803685C0702D0184960
:1056100023F00EFA6FF01504204602B070BD002290
:10562000294601A8FFF7C2FC041E07DA0F480368E9
:105630005907F1D00F4923F0FBF9EDE70198C36951
:105640001B6C83B1324629469847821C0446E3D03E
:105650000028E1DA054803685B07DDD022460649E9
:1056600023F0E1F9D8E76FF08504D5E7B80F002003
:10567000B2D30400F4D10400CDD3040073B50E46B8
:10568000054630B1F8F710FE012802D92B782F2BF0
:105690000BD018480368590702D0174923F0C8F9FE
:1056A0006FF01504204602B070BD0022294601A803
:1056B000FFF77CFC041E07DA0E4803685A07F1D096
:1056C0000E4923F0B5F9EDE70198C3695B6C6BB146
:1056D000324629469847041EE4DA064803685B0709
:1056E000E0D02246064923F09EF9DBE76FF08504FF
:1056F000D8E700BFB80F0020B2D30400F4D10400F3
:10570000CDD304002DE9F843044600AF08B1C668C4
:105710004EB9564803685A0702D0554923F088F914
:105720006FF015050AE0056865B1504803685B072E
:1057300002D0504923F07CF96FF00F052846BD4692
:10574000BDE8F8833046F8F7AFFD804610B13378F6
:105750002F2B05D0454803685E07E1D04649DDE7B9
:10576000464E4FF0FF304FF0FF31FFF711FC33682A
:10577000D6F80490B34218BF1D469DB9A5682846C7
:10578000FFF7F0FB20B1D0F80490B9F1000F2CD155
:1057900036480368590702D0394923F049F96FF0B8
:1057A00001050FE0AB6943451BD122692B699A4281
:1057B0000BD12E4803685D0702D02E4923F038F93B
:1057C0006FF00F05FFF7ECFBB8E74246E968E068C9
:1057D0002FF0B3FB28B9254803685C07F0D02949AE
:1057E000ECE74D45CAD02D68C7E7D9F82C3053B93E
:1057F0001E4803685A0703D02A46234923F013F9A9
:105800006FF08505DEE7D9F83030BBB9174802687C
:1058100012F0060F12D06D4688B0E1686A46DFF8D4
:105820006CC0C2E905C14FF400719183184942F878
:10583000101F4FF4E451FBF78BFBAD462046D9F81F
:105840002C309847051E08DA084803685B07B9D072
:105850002A46104923F0E7F8B4E77368C4E90689DB
:10586000C4E900631C607460ACE700BFB80F00209F
:10587000EED304000CD404002AD404000C09002048
:105880005DD4040040D4040089D40400AED40400E4
:1058900003000001CFD4040038B504460D464FF094
:1058A000FF304FF0FF31FFF773FB2046FFF75AFB45
:1058B00008B143687BB90B4B5A6812B1DA686AB910
:1058C000012243F83240002403EBC2035D60FFF77E
:1058D00067FB204638BD6FF07704F8E76FF01B04D4
:1058E000F5E700BF3448002038B131B18B69184466
:1058F0000278024B002A08BF18467047F0B6040031
:1059000010B5036804465A6D1AB1196E044828F0A0
:1059100067FD2168034828F099FD0023236010BD2E
:10592000F01000209C100020002807DA5430522884
:1059300002D8034B185670476FF00400704700BF41
:1059400008D70400002805DA5A30582804D8044B38
:1059500018567047002070476FF00400704700BF72
:10596000AFD604002DE9F743436804461E69884614
:105970001546014600220023234811F0FDFF014691
:1059800000283ED12768642238462FF0A0FAD6F8C6
:10599000E41000220023896A1C4811F0CDFF38660C
:1059A00060B3B94649F8540F61684046FFF79CFF61
:1059B0008046304623F068F82901AB0103F4006308
:1059C00001F48071194305F003030B434246394645
:1059D000CDF8009006F17C0027F054FF054606F54F
:1059E000807023F059F8002D02DA2046FFF788FF77
:1059F000284603B0BDE8F043FFF796BF6FF00B05F4
:105A0000F3E703B0BDE8F0839C100020F010002005
:105A100070B5436804461E690D4600220146002306
:105A2000144811F0A9FF014608BB342220682FF06A
:105A30004EFA61682846FFF757FF0546304623F0C7
:105A400023F82A46216806F17C0011F0DBFC0546AC
:105A500006F5807023F020F8002D03DA2168054850
:105A600028F0F4FC2846BDE87040FFF75DBF6FF0FA
:105A70000B0070BDB810002070B5044643681E6965
:105A8000304623F001F8216806F17C0027F09CFFE6
:105A9000054606F5807022F0FFFF2168034828F0D4
:105AA000D5FC2846BDE87040FFF73EBFB810002087
:105AB00080B500AF88B06A46084BC2E905304FF4A4
:105AC00000739383064B42F8103F00234FF4E651D6
:105AD0000448FBF73DFABD4680BD00BFE3D4040097
:105AE00003000001D00F002038B5044605692846A0
:105AF00022F0CAFF05F17C0027F0A0FE94F82030C8
:105B00001B0703D4D5F8FC0021F071F9002305F53B
:105B10008070C5F8FC3022F0BFFF054B1B6803F016
:105B20000703022B02D9E068FFF7C2FF002038BD4F
:105B3000D00F00202DE9F04101202E4900AFFFF7E2
:105B4000ABFE044600283DD12B4B2C4E1D6833681C
:105B500003F00703022B13D9E84688B0EB686A46C6
:105B60002749C2E905134FF400739383254B42F88C
:105B7000103F4FF4E65103463046FBF7E9F9C546BE
:105B800095F820305A071DD52846FFF7BBFD0028A1
:105B900033681BDB03F00703022B13D9EB686D4658
:105BA00088B06A461849C2E905134FF4007393831D
:105BB000144B42F8103F00234FF4E6510F48FBF717
:105BC000C7F9AD462046BD46BDE8F0815B07F9D078
:105BD000EB686D468AB06A460C49D061C2E905138C
:105BE0004FF4007313840A4B42F8103F00234FF424
:105BF0001151E3E7CC6E040014090020D00F0020FF
:105C0000F0D404000300000109D5040020D50400ED
:105C1000040000012DE9F04F89B0046902AF04F5DA
:105C2000807382467B60B44D184628F081FC204684
:105C300022F02AFF2B68DAF8146003F00703022B26
:105C40009AF8208015D9E9468AB002AAAB4B0B21FD
:105C500053610223C2E90631136201235362062312
:105C600042F8103F00234FF443512846FBF770F9E8
:105C7000CD46D4F8FC30002B40F0628118F0080FBC
:105C80000ED02B685E0705D0012143469C4A9A48F6
:105C900020F0D6FF6FF085050023C4F8FC30D0E07B
:105CA00004F1FC01F0B2FBF71DFC031E02DBD4F88B
:105CB000FC0060B92A68550706D001210093914A7B
:105CC00033468D4820F0C6FF6FF01205E4E721F05F
:105CD000C9F80346002800F0BC80D4F814B0A369CA
:105CE000BBF1000F08BF4FF0100B002B08BF1023B3
:105CF000E6697B61636A002E08BF4FF48056002B73
:105D00003B6100F0C18002DC4FF0FF333B61D4F80F
:105D1000FC00D4F828908368D4F82C80B3FBF6F309
:105D2000B9F1000F08BF4FF04009B8F1000F08BFEC
:105D30004FF02008FB6021F095F82B6803F0070373
:105D4000022B38D9D4F8FC30C7F808D08CB00168E1
:105D50005B6802AAD361FB686B48C2E908363B69FD
:105D6000C2E9050193624FF400739385674B42F8D3
:105D7000103F00234FF473515F48FBF7E9F82B689D
:105D8000D7F808D003F00703022B14D98AB002AA6F
:105D90005F4BC2F82480C2E9053B7B69C2E9073941
:105DA000062342F8103F00234FF443515248FBF7BB
:105DB000CFF8D7F808D0D4F8FC3004F17C05236084
:105DC000544B21466360544B2846A360534BC4E9AF
:105DD0000A98E3607B69C4F814B0A361504BE66194
:105DE0002361FB6823623B69636210F04DFF00286A
:105DF00021DA9AF82020D1071DD43F4E920733684C
:105E000045D413F0060F05D002210346454A30461B
:105E100020F016FF2146284610F0D2FEB0F100080F
:105E20003FDA3368590705D0012143463E4A3248DC
:105E300020F006FF4046FFF777FD00280546FFF6F5
:105E40002BAF786822F028FE28461C37BD46BDE8F7
:105E5000F08F2A6850073FF437AFD4F8FC206D4626
:105E6000D26888B0116802AA3048C2E905014FF42F
:105E7000007191832E4942F8101F4FF4E2511E48E1
:105E8000FBF766F8AD461FE74FF400733EE75A078D
:105E900004D001213046274A20F0C9FE6FF01D05CD
:105EA000FAE62846214610F0EFFE051E336809DAAF
:105EB0005B0705D001212B461F4A0F4820F0C0FE8A
:105EC0002846B8E703F00703022BBAD96C4688B01E
:105ED000DAF80C3002AA1949C2E905134FF400732D
:105EE0009383134B42F8103F00234FF4E6510248CE
:105EF000FBF72EF8A546A4E7D00F002038D5040004
:105F000063D50400A0D50400DCD50400070000011F
:105F10000FD604006D8A0300518A03003D8A0300F6
:105F2000398A03003ED604008DD60400C1D5040092
:105F3000030000015FD604007FD60400A4D604004D
:105F40006FF00F05A8E600BF08B5034A034921F02A
:105F500060F9002008BD00BF510E0020A3B9040065
:105F6000F8B5037806462F2B0C4608D1014680224F
:105F700020462EF0F4FF002384F87F30F8BD14494A
:105F80004D7855B920462F237F22314600F8013B3A
:105F90002EF0E5FF84F87F50F0E7002780222046AE
:105FA0002EF0DDFF204684F87F70F8F77DF97F281A
:105FB0000546E3D82F222318013322543146C0F17D
:105FC0007F0218462EF0CBFFC5F17E054755D5E779
:105FD000510E002070B501290546E2B006D82049CF
:105FE0002048F8F759F9002062B070BD56681E4984
:105FF0003046F8F747F9044650B91A4D2F21284684
:106000002EF0BDFF0028EAD0A842E8D00470EAE7ED
:1060100069463046FFF7A4FF684620A9FFF7E8FA73
:10602000044638B128466A46104921F00EF96FF04F
:106030000100D9E79DF88030012B07D028466A4639
:106040000B4921F002F96FF01300CDE7054B7F22D9
:10605000694618462EF083FF80F87F40C3E700BFF3
:10606000F0B60400510E00203F1005006AD704006E
:106070007CD704002DE9F04101290546E6B021D87E
:106080007F22224904A82EF06AFF00238DF88F306A
:10609000002304A902A8CDE90233FFF715F904464D
:1060A000A8B9DFF86C801B4F1B4E24A902A8FFF78C
:1060B00073F9C0B12846194921F0C7F802A8FFF7C3
:1060C000E5F90CE0506804A9FFF74AFFE0E7034652
:1060D0001349284604AA21F0B8F86FF004042046BA
:1060E00066B0BDE8F0819DF89130002BE6D09DF8B8
:1060F00090203146012A14BF43463B462846009370
:10610000659A0DF1910321F084F8CEE7510E00203D
:1061100067170500F0B60400C9D70400AFD7040024
:1061200093D7040010B5A0B0044669465068FFF745
:1061300017FF6846FFF7CCF930B102460349204605
:1061400021F083F86FF0040020B010BDD4D7040014
:106150002DE9F04F0F46EFB004460CA950681646E3
:10616000FFF7FEFE022F1CD90022B06811461FF077
:1061700079FA051ED8BF6FF00045032F13D0002217
:10618000F06811461FF06EFA06462CA90CA8FFF71E
:106190002FFA034648B150490CAA204621F055F881
:1061A0000BE06FF000450026EFE79DF8B07057B1A7
:1061B00020464A490CAA21F048F86FF004073846F7
:1061C0006FB0BDE8F08F20466D9A454921F021F867
:1061D00001220CA905A8CDE905778DF81C70FEF702
:1061E0002DFF074618B103463E490CAAD5E7002EFD
:1061F0000FDD0246314605A8FFF70CF8034640B113
:10620000204639490CAA21F020F805A8FEF7A8FF7E
:10621000D3E7102D2A4608A928BF102205A8FEF7AB
:10622000BDFFB0F1000A4FDD3346082120462F4A5A
:106230000DF1200920F0D2FFCB464FF000080821D5
:1062400020461BF8013B2A4A20F0C8FFCDF80C80FD
:1062500008F10108C245F2D1C246BAF1100F29D1A6
:1062600020230821009320460023224A20F0B6FF75
:106270004FF0000ADFF880B019F8013B0821A3F1C4
:1062800020025F2A88BF2E235A46204620F0A6FF10
:10629000039A0AF10103524514D120461749A5EB90
:1062A000080520F0B6FF002D4644B2DC05A8FEF735
:1062B00057FF84E708212046114A20F08FFF0AF19A
:1062C000010ACAE79A46D7E7F0D0534620460D495F
:1062D0000CAA20F0BAFFE9E7ECD7040010D80400BC
:1062E0001FD804002FD8040047D804005FD804004A
:1062F00066D804006CD80400E4C504002416050028
:1063000003B7040070D8040000232DE9F04F0446C1
:106310000F4690460126F7B0CDE90133DFF8A0B073
:106320008DF80C30BE4203D3002077B0BDE8F08F6B
:1063300058F8260014A9FFF713FE34A914A8FFF794
:1063400057F9031E05DA1F4914AA204620F07DFFE5
:1063500007E09DF8D03033B120461B4914AA20F045
:1063600074FF0136DEE7012214A901A8FEF766FEDC
:10637000031E02DA154914AAE7E7402204A901A87E
:10638000FEF70CFF051E0FDD4FF000090DF1100A9E
:10639000082120461AF8013B0D4A09F1010920F0B5
:1063A0001DFF4D45F4D1E8E705D02B465946204660
:1063B00014AA20F04AFF01A8FEF7D2FED1E700BFE1
:1063C00070D80400ECD7040010D804002FD80400C3
:1063D000E4C5040010B5A0B0044669465068FFF754
:1063E000BFFD6846FFF7BCF838B103466A46204651
:1063F000034920F02AFF6FF0040020B010BD00BF59
:1064000098D8040030B51446D7B016A90546506890
:10641000FFF7A6FDA06836A9FFF7A2FD0023012221
:10642000684616A9CDE90033CDE903338DF808306D
:106430008DF81430FEF702FE034648B1284627497E
:1064400016AA20F002FF6FF00404204657B030BDBA
:10645000522236A903A8FEF7F1FD034688B128466B
:106460001E4936AA20F0F1FE6FF004046846FEF7DC
:1064700077FE0028E9D02846194916AA20F0E5FE43
:10648000E1E74022684606A9FEF788FE041E12DAFC
:106490002346144916AA284620F0D7FE6FF00404BC
:1064A00003A8FEF75DFE0028E0D028460C4936AA76
:1064B00020F0CBFED8E7F3D0224606A903A8FEF7CA
:1064C0008BFE031E02DA084936AAE4E79C42D8D0C4
:1064D0002846064936AA20F0B8FEDFE72FD8040088
:1064E000F7D80400B2D80400CAD80400E3D80400E6
:1064F00010B5A8B008A904465068FFF731FD04A9FB
:1065000008A8FFF7BBF8031E08DA20460A4908AAC4
:1065100020F09BFE6FF0040028B010BD079B2046C2
:106520000293069B08210193059B044A0093049B58
:1065300020F054FE0020EFE70BD9040026D9040018
:1065400070B50E46A4B0054604A950681446FFF77E
:1065500007FD022E1BD90022A06811461FF082F809
:1065600004460023022204A901A8CDE901338DF8D5
:106570000C30FEF763FD034658B128460E4904AAC5
:1065800020F063FE6FF00404204624B070BD0024A8
:10659000E7E7214601A8FEF779FE044638B1034635
:1065A0000649284604AA20F050FE6FF0040401A812
:1065B000FEF7D6FDE8E700BF2FD8040054D9040049
:1065C0002DE9F0431546B5B007468846506814A932
:1065D000FFF7C6FC3749A868F7F754FE024630BB00
:1065E000B8F1030F09D83846334920F02EFE6FF07A
:1065F0001504204635B0BDE8F0830146E8681FF079
:1066000031F8042604460023122214A901A8CDE97A
:1066100001338DF80C30FEF711FD034658B13846B2
:10662000264914AA20F011FE6FF00404E1E74FF0B0
:10663000FF340226E7E7002CB3BF0146024621469D
:10664000022201A8FEF7E6FD044640B9814605EBAB
:106650008605B0450DD801A8FEF782FDC9E70346BF
:10666000174914AA384620F0F0FD01A8FEF778FD7E
:10667000DAE71022002155F8040B1EF0F3FF09F1B0
:106680000102D2B209F1D0030DEB0309402A06F151
:10669000010609F8C00C01D0B04509D104A901A830
:1066A000FEF79AFD031E02DA064914AADAE7002271
:1066B0009146CEE770D9040073D904002FD80400A6
:1066C00047D80400CAD8040038B5064C064DAC4281
:1066D00001D3002038BD54F8043B002BF7D0984775
:1066E000F5E700BF346004003C600400084B02463C
:1066F000186808B1036800B9704741899142FBD01E
:106700001BB1196818460B46F5E71946FAE700BFB2
:10671000EC4800200A4B1B681BB11A681BB91846CD
:1067200070471A46FAE75989814206D01AB11168B2
:1067300013460A46F2E71146FAE7D868704700BFE9
:10674000EC48002000230360044B5A6812B9C3E9E7
:106750000000704710605860704700BFEC48002090
:1067600000230360044B5A6812B9C3E90000704764
:1067700010605860704700BFE44800202DE9F04FDA
:1067800089B004910021DDF8488019601E46284B2D
:10679000A8F800101B68054617468DF819104FEA37
:1067A000104B002B42D089464FF6FF7A1C681BB96C
:1067B000084609B0BDE8F08F9A68524506D0BBEB99
:1067C000124F27D125EA020292B21ABB326828463C
:1067D0000792B8F800200297ADF81A20049A0591A4
:1067E00001920DF1190200925B6807AA9C460DF117
:1067F0001A03E047059948B1B9F1000F06D1079B8C
:10680000022833600BD001464FF001099DF8193082
:10681000002BCDD144B1226823461446C7E7BDF80A
:106820001A30A8F80030EEE72246F5E71946BFE730
:10683000E448002000232DE9F04F04460D468BB0BC
:10684000CDE9063301F10C092B8A3BB9984628465D
:10685000216822F0BEFB0020216881E0072B40F276
:106860000481EA6806AB1068516803C3BDF81A30AA
:1068700008215BBA1FFA83FAADF81A30BDF81C3054
:1068800048465BBA9AB2ADF81C30059222F095F8F2
:106890002B8A5345C0F0EF809DF8187017F005085B
:1068A00040F0EE802846216822F07FFB0646002853
:1068B00000F0E98001226068042140F8045B2B8A23
:1068C000CDE901880092EA6827F0EBFB3146A06829
:1068D00022F09EFA9DF81820D4F808B0C2F3C10245
:1068E000012ACBF8708000F2C3800598FFF7FEFE06
:1068F000002800F093809DF81F1022F05AFA00281B
:1069000000F08C809DF8182012F007022ED0022A89
:1069100047D04FF003083146A06822F079FAD4F846
:106920000890022109F10407384627F0C7FC002827
:106930007AD002223846554927F0B4FC002873D09B
:106940004146384627F081FC022100286ED13846A6
:1069500027F0BAFC2846216822F03BFB304621682C
:1069600022F037FB40460BB0BDE8F08FD0F8008036
:10697000A068B8F1000F51D00F21043027F09EFC21
:1069800000284ED02046C0478046A0680F21043022
:1069900027F09AFC40B9B8F1000F08BF4FF0070884
:1069A000B9E7D0F80480E3E7B8F1000FB3D1BBF842
:1069B0007280B8F1000F12D017F0180F0FD1BBF88A
:1069C0007000FFF7A7FE034610B94FF00108A2E7D9
:1069D000404698478046B0B1002E4ED09BE7DBE999
:1069E0000012C868121A0A82DBF8003008A91A8A55
:1069F00006A8083A22F0EDF9A3681B68DA680B468E
:106A000003CB10605160236830469B6A98478046EC
:106A100098BB5146484621F0D0FF15E74FF00808D3
:106A200079E74FF0070876E7022190E7384627F02C
:106A30004BFC00288ED0D9E900A7DAF80C3008A961
:106A4000FF1AA7F1080206A822F0C3F9AAF81070ED
:106A5000A3681B68DA680B4603CB1060516023689B
:106A600030469B6A9847002674E74FF00908EEE627
:106A70004FF00D084FE74FF009082E4600254AE772
:106A80004FF00808F9E74FF00208F6E7B4DA04001F
:106A900070B504460E4615468AB3A0F86C10A0F8EF
:106AA0006E201849032227F0FDFB18B9002000F0E2
:106AB000010070BD0221204627F000FC0028F5D01F
:106AC00005222046104927F0EDFB0028EED0314684
:106AD000204627F0C4FB0028E8D0022220460B49BC
:106AE00027F0E0FB0028E1D02946204627F0B7FB3D
:106AF0000028DBD00221204627F0E6FBD7E7012063
:106B0000D7E700BF41B70400B7DA0400B4DA0400E5
:106B10000023F0B52F49A1B00A910421D0E9010466
:106B2000CDE906338DF8383002230B912A4906AAA5
:106B3000CDE90C128DF8203001220FAF04AB0AA969
:106B40000430099722F07EF9064600283FD1079DC0
:106B50006B1E3F2B3BD82A46069938462EF090F9FB
:106B600005F180030DEB03050DF10A0305F8446CF4
:106B700008220093194805AB08A9FFF7FFFD04346C
:106B8000034660B1012B059807D0BDF80A1082B208
:106B90002046FFF77DFF58B1002021B0F0BD3846F8
:106BA00003A922F0B4F9054620B1082182B2EFE72B
:106BB0000720F2E703222046094927F073FB00284B
:106BC000F6D02B462046039A27F053FBE3E7032039
:106BD000E3E700BF161D050071DE0300010004009D
:106BE000F0E1040038B5094C237873B10025412247
:106BF000294604F10C00C4E9015525702EF067F90F
:106C000004F15000FEF7ACFA656738BD302C002067
:106C100010B5164C98B0A368FBB1626893421CD8BB
:106C2000002304F10C0107A805930690F7F734FB45
:106C300023780F48012B08BF8DF8143027F00AFE87
:106C4000FFF7D0FF0DF10E030093082204AB05A956
:106C50000848FFF793FD18B010BD0023064A04480A
:106C600018B0BDE8104011F039BB00BF302C002037
:106C7000A82C00200200040048E8010010B5094CCF
:106C80000023204600F85C3B0122114627F006FD58
:106C900004F17800044927F0D1FDBDE81040034815
:106CA000FFF750BD302C0020D96C0100500A0020A5
:106CB00010B540F635420023064811F093F804461B
:106CC00030B9FFF78FFF034811F052F8204610BD8E
:106CD0000A24FBE78C2C002010B543F60952002350
:106CE000084811F07FF830B1BDE810400023064A93
:106CF000064811F0F3BAFFF775FFBDE810400148F0
:106D000011F036B88C2C002048E80100A82C002097
:106D10004FF0FF324FF0FF332DE9F047FCB0CDE9E3
:106D20000623824A00230C92814A03240E92814A50
:106D3000CDE908331192042212927F4A8DF8403037
:106D40008DF854308DF8283008AD16ABCDE91325F9
:106D50000B938046D0E90106022206AF04AB0CA9D2
:106D600004300D940F9722F06DF88146002847D12A
:106D70003A68079BB3F1FF3F08BFB2F1FF3F3FD036
:106D8000DDF824A00AF1FF333F2B39D85246089989
:106D900016A82EF075F816AB03F80A90DFF89C9150
:106DA00040F635420023484611F01CF804460028FE
:106DB00040F0B980D8F80020D9F81830A9F15C0566
:106DC0009A4206F104060AD119F85C3C022B06D15E
:106DD00005F10C0116A8F7F755FA002849D00DF176
:106DE0000E0908225648CDF8009005AB0AA9FFF716
:106DF000C5FCA0B1012807D1504810F0B9FF059C8F
:106E000020467CB0BDE8F087BDF81420B9F800102A
:106E10003046FFF73DFE0546002D6FD181E0FFF7BC
:106E2000E1FE2B782BBB474916A822F070F810B171
:106E300082B20821ECE7C5E91400686085F85800C3
:106E40000122414816A9FEF7F9F848B110F1160FD2
:106E500004D0023014BF01220322EAE70222E8E74D
:106E60003A4816A9F7F718FA02232B70D8F8003021
:106E70006B6700223968079B68689A4208BF88429E
:106E80000ED03148FEF7C6F940B10622082130463F
:106E9000FFF7FEFD0546FFF7A5FEBDE73B686B600B
:106EA0004FF4AA72284827A9FEF778F9B0F1000A32
:106EB00001DA0722EAE76B680322DDE90689534419
:106EC00030461A496B6027F0EDF940B342464B4615
:106ED000304627F0CEF910B3042230461C4927F083
:106EE000E1F9E0B15246304627A927F0D2F9B0B116
:106EF0003B68079A134305D0FFF78AFE0F4810F04E
:106F000037FF7DE703223046124927F0CBF930B135
:106F100000233046AA6827F0ACF90028ECD1FFF72F
:106F200077FE0724EAE70A246AE700BF62B7040095
:106F300033DE0300161D050071DE03008C2C0020DB
:106F400001000400382C0020802C00203C2C002064
:106F5000ABEA0400F0E104004FF0FF324FF0FF33E2
:106F60002DE9F043B7B0CDE90623CDE9082300238E
:106F7000AC4A8046229208AA2592AB4A0325279262
:106F80000422CDE90B33CDE90D33CDE903338DF880
:106F900098308DF8AC308DF8C0308DF8D4300123A6
:106FA0008468A2480BAFCDE92907A14FA149CDE9DB
:106FB0002C72A14F0DAECDE92E76A04E24913391C7
:106FC00011AF06A934918DF83C30CDE93165239598
:106FD00028921097D8F8040003AB22A9104421F09E
:106FE00031FF002852D1DDE90832B2F1FF3F08BF7E
:106FF000B3F1FF3F4AD00C9E711E3F2946D8134380
:1070000007D1DDE90623B3F1FF3F08BFB2F1FF3F2F
:107010003CD0324638460B992DF032FF06F1D803AA
:107020000DEB0306002306F8943CDFF8149240F6BB
:1070300035420023484610F0D5FE0546002840F0B2
:107040001181D8F80020D9F81830A9F15C069A42CD
:1070500004F104040AD119F85C3C012B06D138462E
:1070600006F10C01F7F70EF9002845D00DF10A03DF
:1070700000930822734805AB0FA9FFF77FFBA0B16F
:10708000012807D16E4810F073FE059D284637B0E1
:10709000BDE8F083BDF81420BDF80A102046FFF7C4
:1070A000F7FC0446002C5DD162E0FFF79BFD3378CE
:1070B00013BB122239466448C6E91433736086F85C
:1070C0005830FDF7BBFF70B110F1160F07D0831CCD
:1070D00007D01E300CBF0F2201220821DEE702225A
:1070E000FBE70E22F9E739465848F7F7D5F80123B0
:1070F0003370D8F800307367DDE9083213430FD1DD
:10710000069B04A9B360384621F001FF60B182B24A
:1071100008212046FFF7BCFC0446FFF763FDC1E7EA
:1071200073680BB94A49EEE7DDE9082352EA030127
:1071300020D000277168BB4208BF8A422DD00B22A5
:1071400008212046FFF7A4FC032220463B4927F0F4
:10715000A9F858B13B462046726827F08AF828B152
:10716000FFF740FD364810F003FE8FE7FFF73AFDCA
:107170000725F7E70E9B6BBB03222046294976685B
:1071800027F090F830B132460023204627F071F8FE
:10719000002864D1FFF73CFDEAE70E9B002BEBD003
:1071A0002948FEF755F8DDE90813C2179A4208BFCF
:1071B000884206D0022200212348FEF72BF800283F
:1071C00012DBDDE90D122048FEF706F8002841DA4F
:1071D0000A229DE7049B002BE2D000221A481146A8
:1071E000FEF718F8014608B1062291E71648FEF7A7
:1071F0004DF810F1860F10D11348FDF7B1FF384656
:10720000FEF7AEF9002803DA023001D009227FE749
:10721000122239460C48FDF711FF0028D1DA082266
:1072200076E700BF62B70400161D050071DE03009B
:10723000ABEA040033DE03006BDE0300F0E1040080
:107240008C2C002001000400802C00203C2C00200D
:10725000342C002073680E9A134473608CE7FFF798
:10726000D7FC7FE70A2511E70148FFF76BBA00BF9B
:10727000600A002010B584680822043420460D49B5
:1072800027F010F828B14FF4C071204626F0E7FF30
:1072900008B9072010BD09222046074927F002F847
:1072A0000028F6D00421204626F0D9FF0028F0D08F
:1072B0000020EFE7CBDA0400D4DA040070B51B4AF3
:1072C0008AB005920522D0E9016500230692184A8A
:1072D0008DF80830079202AC01228DF8243005A900
:1072E00003AB301D089421F0ADFD0DF10A030093AE
:1072F000012204AB21460F48FFF740FA034660B174
:10730000012B049807D082B2BDF80A10281DFFF7A0
:10731000BFFB40B907200AB070BD41F6856200236B
:10732000054810F0A7FF0020F5E700BFDEDA0400F3
:107330002BDF03000100020098030020F0B50023BA
:10734000D0E901450127134A89B00392124A01AEE0
:10735000CDE90133CDE905268DF81C30201D6B46A3
:107360003A4603A9049721F06DFD044678B9043527
:107370003A462846094926F095FF20B1314628466D
:1073800026F084FF00B90724204609B0F0BD03248D
:10739000FAE700BF8A06050071DE0300EDC70400AE
:1073A00008B50248FFF7DCF9002008BD700A00208C
:1073B00008B5084B984202D1049B012B02D0012052
:1073C000106008BD40F643720023034810F052FFDE
:1073D0000020F6E701000200C803002008B501F014
:1073E0009BFE034638B106480268520703D00121CC
:1073F000044A1FF025FCBDE80840F2F7DBBF00BFE0
:107400000C100020F2DA040013B5084C204627F0D7
:107410000FFA074B204600934FF4006203230549FF
:1074200010F0BEFE002002B010BD00BFD82C00201E
:1074300090700400708B002000220023014821F08E
:1074400034BA00BF4813002010B5836A044643B124
:10745000054927F0A6F904F1100027F0FAF80020FA
:1074600010BD6FF01500FBE7878F030010B50446D1
:10747000103027F0FAF82146BDE81040014827F007
:10748000ACB900BFD82C002070B50446451810B127
:10749000064EA54201D1002070BD336814F8011BCF
:1074A000186883685B689847F3E700BFF4480020DA
:1074B00038B50446FAF768FF4368218A5A68064BD4
:1074C000E0681A60054A00F0E9F80546204621F018
:1074D0006AFD284638BD00BFF448002089740100C9
:1074E0002DE9F843054689469046002700F120041F
:1074F000474502D13846BDE8F88319F80760D4E85B
:10750000AF1FD4E8AF0FD4E8AF2FD4E8AF3F800768
:10751000C3F3C00354D4002B52D1C9070ED5092E92
:10752000E8D1D4E8EF3F43F00203C4E8E23F002A89
:10753000F7D1E86900286FD10137D9E753070AD599
:10754000142ED7D1D4E8EF3F43F00803C4E8E23F5C
:10755000002AEED0F6E7062E27D1D4E8EF3F43F01D
:107560000103C4E8E23F002AF7D1E86990B900229C
:107570000023286821F099F9E86158B92F48036879
:1075800013F0060FD8D002212D4A1FF050FBE869F6
:107590000028D1D00C3021F03EFA0028CCD0E86988
:1075A00031460C3021F0F0F9C6E7042EA2D1D4E820
:1075B000EF3F43F00403C4E8E23F002AD5D0F6E7EA
:1075C000E869A0BB0A2EB7D1E96921B1281D27F0CF
:1075D0004CF80023EB61D4E8EF3F23F00103C4E84B
:1075E000E23F002AF7D1D4E8EF3F23F00203C4E8DA
:1075F000E23F002AF7D1D4E8EF3F23F00403C4E8C8
:10760000E23F002AF7D1D4E8EF3F23F00803C4E8B3
:10761000E23F002A90D0F6E70C3021F0FCF9002878
:107620008AD0E86931460C3021F0AEF9CAE70C3057
:1076300021F0F1F90028C5D0F3E700BF3C1000208D
:107640003EDB0400F8B50C4E0C4F051D0022002354
:10765000284610F05BFB044668B1C168028A3046D8
:1076600021F0DFFC014610B13846FFF7FFFE20464F
:10767000FDF702FCEAE7F8BDF848002000490020C9
:107680000348044B8362044BC362FFF7DDBE00BFB7
:1076900000490020B1740100ED8F03002DE9F74F80
:1076A00005460E4614460A460146002023F0D3FC48
:1076B0004FF0000A074640F606134FF05D08D1462A
:1076C0004FF0010BB245ADF8023001DB002062E063
:1076D00002210DEB0100A04700285CD1BBF1000F97
:1076E00013D0B31C5BBAADF80230ADF804302B7880
:1076F0002246032101A88DF8063021F083FC0028E2
:1077000049D10AF1010AA8F10308A6EB0A0343458F
:107710009B46A8EB0303A8BFC346012B05D84FF037
:1077200000090BF1FF3BD34414E0FCDD4FF00109ED
:10773000F9E735F80A2005EB0A039B78ADF8042039
:107740000321224601A88DF8063021F05BFC10BB16
:107750000AF1030AABEB0A03022B5246E9DCB9F14A
:10776000000F0FD0A6EB0A03012B17D0022B22D05B
:1077700043B9224602217BBAADF8043001A821F0BA
:1077800041FC40B901211948A0474FF0000B41F2DC
:107790000443002896D003B0BDE8F08FAB5C032112
:1077A0008DF804303B0A22460AF1010A8DF80530B3
:1077B0008DF80670E2E70AF1010315F80A20EB5C88
:1077C0008DF804208DF8053022463B0A032101A8DC
:1077D0000AF1020A8DF8063021F014FC0028DAD1F3
:1077E000224601218DF80470C8E700BF2416050069
:1077F0000E4B402928BF402170B51D460C4C461841
:10780000B04203F1020304D1002305F81130074808
:1078100070BD02781209A25C03F8022C10F8012B4B
:1078200002F00F02A25C03F8012CE9E727580020C0
:107830007ADB040030B503788BB0044607AD032B28
:1078400021D8DFE803F0021A1C1E12492846F6F779
:1078500023FD059563781E210493A3780E4A0393B4
:10786000E3780E4802932379019363790093A37917
:107870001DF0A4FE09480BB030BD0949E6E70949EF
:10788000E4E70949E2E70A212846084A1DF096FE86
:10789000DFE700BF3EB3040060B3040009580020D6
:1078A00045B304004CB3040056B30400DFF40400F5
:1078B00030B500240A4D0B4B87B028460393CDE921
:1078C000044426F0B5FF03AB2846009340F6380287
:1078D0000A23054910F064FC204607B030BD00BF04
:1078E000C02D002092DB0400709300200146014867
:1078F00010F096BCC02D00200146014826F06DBF57
:10790000C02D0020037830B5012B13D0022B27D0D7
:107910007BB90A46184B03F1100453F8045BA342E9
:1079200042F8045BF9D11B78137043884B731B0A30
:107930008B7330BD0A46104B03F1100453F8045BFF
:10794000A34242F8045BF9D11B7813704368C3F378
:1079500007224B731B0CCB731B0A8A730B74E8E76B
:1079600000F1100350F8042B984241F8042BF9D190
:1079700003780B70DDE700BF9BDB040010B521F03E
:1079800048FC26F0B7FF0B4C18B1D4E8AF3F63B901
:1079900010BD11F007F8D4E8AF3F1BB9BDE81040A7
:1079A00011F014B80A209847F8E70A20BDE8104003
:1079B000184700BF3C49002038B50446084820F06D
:1079C00074FF054648B1631EDBB21F2B96BF054A04
:1079D0000021D15C0C3020F0D7FF284638BD00BF15
:1079E0001C130020ACDB0400034BD3E8EF2FC3E8EB
:1079F000E10F0029F9D170473C4900200F2810B54C
:107A00000CD80D280CD90A4820F04FFF044618B1B5
:107A100004210C3020F0B8FF204610BD1328F2D00E
:107A200009B10448F0E70220BDE81040FFF7C4BFE9
:107A3000A01300209812002003460648026812F0A6
:107A4000060F05D0DB6802211B78034A21F069BCD0
:107A5000704700BF600F0020DBDB040070B5C66814
:107A60003378B6F8014083B90F21204603F04AF875
:107A7000F378054650B90A4A118831B96FEA0450C3
:107A80006FEA10501080074A137070BD0373012114
:107A900002F032FF2846BDE8704002F0F1BE00BFA0
:107AA00060570020A858002070B5C3681D78B3F84F
:107AB0000160C5B90F21304603F024F8044650B9DF
:107AC000094803685B070ED03346BDE870400121CA
:107AD000064A21F026BC294602F00EFF2046BDE8EA
:107AE000704002F0CDBE70BD600F002003DC0400CA
:107AF00010B5C3680121B3F80140204603F002F835
:107B000050B9084803685B070AD02346BDE8104017
:107B10000121054A21F005BCBDE8104002F0B0BECD
:107B200010BD00BF600F002029DC040010B5C36841
:107B300001211C88204602F0E5FF50B90748036880
:107B40005B070AD02346BDE810400121044A21F01A
:107B5000E8BBBDE8104002F093BE10BD600F0020EE
:107B600029DC0400012110B50C3020F02EFF034663
:107B700005480268520706D0BDE8104001211B7875
:107B8000024A21F0CEBB10BD600F00204DDC040086
:107B9000014610B5094820F08CFE0949094826F035
:107BA0001CFE031E09DA08480268520705D0BDE82A
:107BB00010400121054A21F0B4BB10BD440500204E
:107BC0008C0A0020A82E0020600F00206FDC04002B
:107BD00010B5084C0146062294F86F0003F000FB34
:107BE00038B994F86F000522BDE81040024903F04F
:107BF000F7BA10BDF803002060DB040004480368F6
:107C00005B0703D00121034A21F089BB704700BF05
:107C1000600F00208CDC040080B500AF8AB06A469B
:107C2000084B4FF41251C2E90530074B0748D361A6
:107C300040F201331384064B42F8103F21F07EFBE3
:107C4000BD4680BDA6DC040067170500600F00205C
:107C5000040000010B46B0B50D8A00AF044629466A
:107C6000D868FFF7C5FD8AB06A46094BC2E90750DC
:107C7000C2E9053440F202439384064B4FF432517B
:107C8000054842F8103F21F059FBBD46B0BD00BF8A
:107C9000C2DC040005000001600F002070B5C5685B
:107CA0000121B5F80160304602F02CFF044650B9BE
:107CB0000F4803685B071AD03346BDE870400121C6
:107CC0000C4A21F02EBB2B783BB9D5F80330C0F815
:107CD0009930D5F80730C0F89D30201D4FF4803121
:107CE00021F021FB2046BDE8704002F0C9BD70BD07
:107CF000600F002029DC04003C2838B505461ED161
:107D000001F0EEFF6FF48071103021F01AFB0020BB
:107D1000FFF75EFF044648B90E4803685B0717D0BB
:107D2000BDE8384001210C4A21F0F9BA0573002161
:107D300002F0E2FD2046BDE8384002F0A1BD054B4F
:107D40001B6813F0060F03D0BDE83840FFF764BF8F
:107D500038BD00BF600F0020E4DC04002DE9F74FC0
:107D60000023824689469046454ED6E8EF4FC6E846
:107D7000E23F002AF9D15CB9424803685A077BD038
:107D800053460121404A03B0BDE8F04F21F0C9BA83
:107D90002046FCF7D1FF4FF00C0B3C4D27460BFB68
:107DA0000050438853451ED0364F3B685B070CD0CC
:107DB0002046FCF7C1FF0BFB0050438801210093D4
:107DC00038465346324A1EF045FFD6E8EF7FC6E8F4
:107DD000E34F002BF9D1002F4ED0384603B0BDE859
:107DE000F04FFDF749B8A0450AD0204620F058FDD5
:107DF000B8F81020D8F80C1004F10C0020F0BBFDEE
:107E00002046FCF799FF0C2606FB00504368ABB1F7
:107E1000B9F1000F12D12046FCF78EFF012106FBBD
:107E200000504268D2E90003127A03F01F06B14005
:107E30005B09DAB100EB830021F075FA2046FCF70C
:107E40007BFF0C2606FB00508368002BC5D0204624
:107E5000FCF772FF704305F800902046FCF76CFFBA
:107E600006FB0055A8680FF083FFB6E7C94300EB97
:107E7000830021F066FAE1E703B0BDE8F08F00BFB0
:107E800040050020600F002005DD0400404900206F
:107E90002DDD040037B50446084602EBC3039A42C1
:107EA00002D16FF05E0013E0114611F8085BA542A5
:107EB00014D1038A517899420CD9094802685207B3
:107EC00004D00121074A00941EF0C4FE6FF0150093
:107ED00003B030BD536898470020F9E70A46DEE753
:107EE000600F002060DD040038B504460D46FFF742
:107EF000D1FF5F300AD1064B1B6813F0060F05D087
:107F000029462046BDE83840FFF7A4BE38BD00BF73
:107F1000600F00202DE9F8430C4610F043FDE168A6
:107F2000238A0A78022A7BD0042A0ED041480368AB
:107F30005B0704D0134601213F4A21F0F2F92046A5
:107F4000FCF79AFF6FF015040DE0022B10D83948AA
:107F50000268570703D0394A012121F0E2F920468F
:107F6000FCF78AFF002410F031FD2046BDE8F883BD
:107F700048783E280ED1032B05D12E4802685607BB
:107F8000EDD02F4AE8E7CB78012B01D00A2B47D15F
:107F9000032604E021F0B1F9C50706463ED504F1F9
:107FA0000C05284620F033FD012107462846B4F889
:107FB000109020F002FD0221284620F006FD8046A8
:107FC00000783E2816D1E3681B78012B2CD00A2BB1
:107FD0002AD0022541F245131A4A1B491B481EF0BC
:107FE00055F9002383F31188BFF36F8F03231846DD
:107FF00002DF04E021F081F90546E807EAD52146D1
:108000000623134A98F80000FFF76EFFA9070DD565
:108010006369A4F8109013FA87F7E760B207A1D557
:108020002046FFF7B5FD9DE70325E8E72046FCF76E
:1080300023FFF3E7600F002028DE040082DD040048
:108040009EDD0400BEDD0400F2DD04000BDE040052
:108050001071040010B5012104460C3020F0B5FC6D
:108060002146BDE810400223014A0078FFF73CBFDB
:108070004071040073B5474820F030FC04460028E6
:1080800000F0868000F10C05284620F0A6FC0228AE
:10809000034607D0042859D03F480268510724D02E
:1080A0003E4A07E0238A032B08D83B480268520760
:1080B0001BD03B4A012121F034F916E00421284667
:1080C00020F083FCFF23428806882376238AC6F3A8
:1080D0000B009A4260830CD02F4801684E0704D0F1
:1080E000012100922F4A1EF0B5FD2046FCF7C4FE88
:1080F00016E00F2102F006FD054630B92648036858
:108100005D07F2D0638B284AD4E702F025FD2146B3
:108110002076320B284602F029FB284602F0B0FBFD
:10812000224BD3F84C31002B32D02149214826F084
:1081300054FB031E2CDA18480268520728D001218C
:108140001D4A02B0BDE8704021F0EBB8284602217C
:1081500020F03BFC054600783E2812D021F0CDF8F7
:1081600010F002060DD140F6A843144A14491548F0
:108170001EF08CF886F31188BFF36F8F0323184627
:1081800002DF06232146104A2878FFF7ADFEACE750
:1081900002B070BD44050020600F0020D1DE040055
:1081A0003CDE04005DDE040081DE0400F8030020F4
:1081B0008C0A0020A82E00206FDC0400BEDD040025
:1081C000A3DE04000BDE04005071040010B5012191
:1081D00004460C3020F0F9FB2146BDE8104008238E
:1081E000014A0078FFF780BE807104002DE9F0415C
:1081F0000121044600AF0C3020F0E7FB90F800802E
:10820000002321464046134AFFF744FE5F301DD14C
:10821000114D2B6813F0060F18D0268AE0683146FE
:10822000FFF7E6FA6C468AB06A460C4BC2E9076073
:10823000C2E9053840F202439384094B4FF43251AE
:10824000284642F8103F21F079F8A546BD46BDE822
:10825000F08100BFC0710400600F0020E5DE040063
:10826000050000012DE9F04F83B00123D0F80C8008
:10827000018A98F8004000AF03EB84038B4269D970
:108280003748026855070FD06D468AB06A46C2E982
:1082900007310523334E4FF42151C2E9056442F8FA
:1082A000103F21F04BF8AD460C37BD46BDE8F08FCE
:1082B000D9F800305A0705D0534601212A4A2848E8
:1082C00021F02FF8013598F800309D42ECDA08EBE8
:1082D0008503B3F801A00F215046B3F8036002F004
:1082E00011FC04460028E3D000F1C00A56B16369CE
:1082F00063B9D9F800305B0704D001211B4A184844
:1083000021F00DF8204602F0BBFADBE7A1691A68FC
:108310008B42626100D1A26120467B6002F0C8F905
:108320000FF026FD7B68C3F800B0226A7AB9C4E971
:108330000733DAE8EF3F013BCAE8E23F002AF8D111
:1083400000212046013E02F0BFF9B6B2CEE713602D
:108350002362EEE70025DFF80890AB46B3E700BFE5
:10836000600F002017DF040042DF04005EDF04001E
:1083700073B5C5680121B5F80160304602F0C2FB53
:10838000044660B945480368590700F085803346C4
:108390000121434A02B0BDE8704020F0C2BF2B78F3
:1083A000061D1A2B19D1C378012B5DD14FF48041E2
:1083B000304620F0B8FF42040FD4D4F88C30694620
:1083C0000093D4F894302046019303F02BFA204612
:1083D00002B0BDE8704002F053BA2B78002B43D1B5
:1083E00040F2E242B5F803302E495343C4F88830D6
:1083F000B5F80520A4F89020B5F80720A4F892203D
:10840000A3F5EA520C3A8A4208D92448026812F0CD
:10841000060F03D00221244A20F083FFB4F89030E5
:10842000B3F5FA7F08D31D48026812F0060F03D097
:1084300002211E4A20F075FF40F67641B4F89230D2
:10844000A3F10A0292B28A4208D91448026812F0D3
:10845000060F03D00221164A20F063FF6FF480510B
:10846000304620F06EFF13E0D6E8AF3FDB04F5D5D1
:108470002B78202BF2D194F89830002BEED0013BD2
:1084800084F898300B4A002304F140000FF0F2FE0C
:10849000204602F041FD9AE702B070BD600F002057
:1084A00029DC040095F03C0075DF04009CDF04002B
:1084B000C3DF04005A620200054BD3E8AF2F02F07D
:1084C0000B02D3E8EF1FC3E8E02F0028F9D1704773
:1084D000CC04002010B5C1E900239DF808300C46FB
:1084E0000B72FCF729FC0C22024B02FB00335C6090
:1084F00010BD00BF40490020F8B502460B461048A9
:1085000020F0D3F90446C0B104210C3020F022FA47
:108510002046FCF711FC0C2700260A4D07FB0050F3
:1085200046802046FCF708FC07FB0050866020468A
:10853000FCF702FC07FB00556E602046F8BD00BF4B
:10854000F01200204049002029289ABF014B185CF6
:10855000092070476AE4040070B5C3680F21B3F8BE
:1085600001601D78304602F0CDFA044650B91C482F
:1085700003685A0733D03346BDE870400121194AD9
:1085800020F0CFBE65B12846FFF7DEFF2946024640
:10859000204602F079FD2046BDE8704002F070B937
:1085A0008678012EEFD106F02FFD204620F08DFEBB
:1085B0000028E8D10520FFF7C7FF05210246204625
:1085C00002F062FD064803685B0703D03146064AA5
:1085D00020F0A5FE0521204621F0C0F9DBE770BDA3
:1085E000600F002003DC0400EFDF04002DE9F04100
:1085F000C6680F21B6F801703578384602F082FA65
:10860000044650B9274803685A0749D03B46BDE89D
:10861000F0410121244A20F084BE45B12846FFF7ED
:1086200093FF29460246204602F02EFD0CE0F27828
:10863000C37A93420DD11B48026812F0060F03D093
:1086400002211A4A20F06DFE2046BDE8F04102F0FA
:1086500017B98378C272012B05D00020FFF774FF91
:1086600000210246DFE70AB106F0CEFC204620F0EA
:108670002CFE0028F1D10520FFF766FF05210246F8
:10868000204602F001FD074803685B0703D0012183
:10869000074A20F044FE0521204621F05FF9D3E788
:1086A000BDE8F081600F002003DC040015E0040049
:1086B000EFDF040010B5044692B04422064901A839
:1086C0002CF0DEFB102C9DBF12AB03EB840454F89E
:1086D000440C024812B010BD1462040044E00400CF
:1086E000034B0146D3F86C0182689268104700BFC3
:1086F000F80300202DE9F84F544D0421544800AFF1
:1087000020F011FE2B68534C03F00703022B32D9E3
:108710006E4688B06A46504B4FF4E65153614F4B5A
:10872000284693614FF4007393834D4B42F8103FFA
:1087300020F004FE2B68B54603F00703022B1AD97C
:10874000E179484B484A2046012994BF9846904613
:10875000FFF770F88AB06A46444BD061C2E9053829
:10876000434B4FF423511362424B284642F8103FCB
:1087700020F0E4FDB5464FF0010B3F4EDFF8FC80E2
:10878000DFF8C890E2792B68934503F0070342DBDA
:10879000022B3DD994F870806E464046FFF78AFF61
:1087A0008CB06A46B4F87210B4F87630C2E907812A
:1087B0004FF400785362DFF8C8C0324BC2E905C0FD
:1087C000A2F828804FF4535142F8103F1F4820F080
:1087D000B5FD2B68B54603F00703022B18D994F8B2
:1087E00071502846FFF766FF8AB0B4F874306A46C5
:1087F0002549C2E90753254BC2E90510A2F8248098
:108800004FF43351114842F8103F20F097FDB54620
:10881000BD46BDE8F88F022B15D9CBEBCB00204429
:10882000FFF708F8EA468AB06A4640F20133D061A1
:10883000C2E9056B13844FF41351484642F8108F78
:1088400020F07CFDD5460BF1010B9BE7600F00206B
:10885000CC040020F803002050E0040062E0040093
:1088600003000001671705004CE0040066E0040007
:10887000000201030400000275E00400040000018E
:1088800086E0040006000001C4E0040005000001C9
:108890000048704779B4040001480FF07BBC00BF6A
:1088A0007C0A002070B505460C4659B94FF0FF30E0
:1088B0004FF0FF31FFF720FE044618B96FF068054E
:1088C000284670BD2046FCF737FA0C22194BA61833
:1088D00002FB003330465D8020F099F803280BD965
:1088E0000321304620F058F80580238A0121033BFC
:1088F0008370304620F058F840F635439D4211D140
:108900002046FFF7EDFE054690B10B4803685B0774
:1089100004D02B460121094A20F003FD2046FCF734
:10892000ABFACDE72146064825F09FFEFFF7B4FFDE
:108930000025C5E740490020600F0020EBE004005F
:108940004C050020F0B5C56801212F8887B0BCB266
:10895000204602F0D7F8064658B92B4803685A0754
:1089600025D023460121294A07B0BDE8F04020F078
:10897000D8BC02ACD5F80220D5F80630019469893C
:10898000009122F09AF960B34FF0FF304FF0FF31C1
:10899000FFF7B2FD054660B91B4803685B0703D0CB
:1089A00001211B4A20F0BBFC304601F069FF07B0F3
:1089B000F0BD12210C301FF0D8FF0346224623F8E9
:1089C000027B06AF144603CCBC42186059602246B5
:1089D00003F10803F6D1294642F21A00FFF762FFBD
:1089E000E2E74FF0FF304FF0FF31FFF785FD04461F
:1089F0000028D1D002210C301FF0B7FF214607809C
:108A000042F21B00EAE700BF600F002029DC0400EF
:108A10000DE1040073B5C368D9789A781E8842EADC
:108A20000122ADF8002059791A79B4B242EA012244
:108A3000ADF80220D9799A79204642EA0122ADF8B0
:108A400004201A7A5B7A012142EA0323ADF806304A
:108A500002F058F8054670B91E4803685B0704D059
:108A6000234601211C4A20F05CFC0221204620F014
:108A7000CBFC02B070BD694602F09AFA38B91E21EB
:108A8000204620F0C1FC284601F0FAFEF1E74FF045
:108A9000FF304FF0FF31FFF72FFD04460028F2D0E2
:108AA0000E210C301FF061FF00230680C0F80A3051
:108AB000BDF8003021464380BDF802308380BDF808
:108AC0000430C380BDF80630038142F22000FFF776
:108AD000E9FED8E7600F002029DC040038B5024623
:108AE0000B462E4DD5F8541109B9002038BD05F5B7
:108AF00098700FF077F90028F7D10022002305F5D0
:108B0000AA700FF003F9044668B940F6B843244A46
:108B1000244925481DF0BAFB84F31188BFF36F8FF9
:108B20000323184602DFD5F8483173B11F480368A4
:108B3000590703D001211E4A20F0F1FBD5F8480166
:108B4000FCF79AF90023C5F8483120461FF0DCFEF7
:108B5000C5F848012046FFF7C3FD0346E0B11348BE
:108B60000268520703D00121124A20F0DAFB1248B2
:108B70000FF0FEF82046FCF7DFF80C220F4B02FB4B
:108B80000033588818B122461F21FFF7E7F8204626
:108B9000FCF772F9FFF780FE0120A7E7F803002039
:108BA000BEDD040052DB04000BDE0400600F002079
:108BB00024E10400EBE004002805002040490020E7
:108BC0002DE9F04F87B0064690460C4600AF71B9CC
:108BD0004FF0FF304FF0FF31FFF78EFC044668B9CD
:108BE0006FF0680528461C37BD46BDE8F08F887ACF
:108BF000FCF79AF8534B834240F09E8001220021FB
:108C0000384625F04BFD2046FCF796F80C23DFF89C
:108C100038B103FB00B0876020461FF075FE0146A7
:108C20003046FFF73FFE054618B12046FCF724F911
:108C3000D8E72CF03FFA454B1A58454B9A421DD1C4
:108C4000444825F027FD002182464348FFF746FFB0
:108C5000814688B94FF4F973404A414941481DF0B3
:108C600015FB314640481DF011FB89F31188BFF315
:108C70006F8F0323184602DF5445E1D100233846A5
:108C8000354A0FF0AFF8814698B14FF4FC73334A80
:108C9000364934481DF0FAFA4A46314634481DF048
:108CA000F5FA002383F31188BFF36F8F032318466F
:108CB00002DF2046FCF740F80C2358431BF80090D5
:108CC000B9F1000F31D02B48036813F0060F14D010
:108CD0006D468AB06A46284BC2F81C90C2E9053638
:108CE000264B4FF43251136240F202439384244BDB
:108CF00042F8103F20F022FBAD462046A9F10909B9
:108D0000FCF7BAF8B9F1090F0CD8DFE809F0180B35
:108D10000B08050B0B0B0B156FF00B0562E76FF0E3
:108D20000C055FE76FF004055CE7B8F1000F3FF456
:108D30007CAFC8F8004055E76FF0150552E76FF0BB
:108D40006E054FE7F01200204049002008000000A7
:108D5000884200204C050020B4C40400BEDD04009D
:108D60003FE104000BDE040047E1040067E104007A
:108D700070E10400600F0020B5E1040067170500F2
:108D80000500000173B506460D4642F22F00002192
:108D900001AAFFF715FF044650B11A4803685B07A4
:108DA00003D00121184A20F0BAFA204602B070BD63
:108DB0000198C368B3F801203280B3F803302B80E8
:108DC000FCF75AF83388A3F11B02E02A08D90D48B2
:108DD000026812F0060F03D002210C4A20F0A1FA1B
:108DE00044F248112B88A3F5A47292B28A42DCD9CE
:108DF0000448026812F0060FD7D00221044A20F07E
:108E000090FAD2E7600F0020D4E10400F4E10400FE
:108E100019E2040010B5F5F727FC034B1B6813B1EA
:108E2000BDE81040184710BD6449002073B52D4DB2
:108E30000646D5F86C0125F07EFA60B92A48036829
:108E40005A0703D00121294A20F069FA6FF0120471
:108E5000204602B070BD6FF0020105F1D40020F091
:108E600070FA012120F05FFA10EA010437D1204B9B
:108E70001E600A4605F5987025F010FC05F5AA70ED
:108E800025F0E7FB1B4825F0D3FC6FF007034FF4F8
:108E900080521949174800940FF082F91749154874
:108EA0000FF05AFAD5F86C01154983681B6898478A
:108EB000044648B10C4803685B07C9D0234601212A
:108EC000104A20F02EFAC3E726B902B0BDE8704080
:108ED000F5F7CABB05F1C4000FF05CF9B8E76FF015
:108EE0007704B5E7F8030020600F00209DE304003D
:108EF00064490020A82E0020A89B0020B5E30400B0
:108F0000157F0100BEE304002DE9F04784B0002680
:108F100005465C4BB0F80190198849F470429142C3
:108F200004BF1E80584B00AF08BF1E7800F09AFBAC
:108F3000EB7805F10408012B08BF544B404614BFE1
:108F4000002493F86F4020F060F9414688B34FF059
:108F5000010A07F1080020F04DF9D5F81130C7F8E3
:108F60000130B5F81530A7F80530EB78012B35D076
:108F7000474C23685B0714D04046FEF75BFC6D4608
:108F800088B06A46434B4FF4E251C2E905304FF4D2
:108F900000739383404B204642F8103F20F0CEF9F7
:108FA000AD461321484620F04BFA1037BD46BDE8C8
:108FB000F087204620F0A4FB0346006895F804A043
:108FC000B8609A889B796868BA81BB73B8F8042046
:108FD00098F806303860BA80BB71C6E707F1080020
:108FE000FEF7F6FD04460028C2D00346B5F801207E
:108FF00023F8702BBA7BB868B98920679A7140F260
:10900000E2429980B5F8173053430022C4F8883003
:10901000B5F81930A4F89030B5F81B30A4F89230A8
:10902000EB782273012BE3701AD187F800A0BA887D
:10903000BB793868A4F87B2084F87D30C4F87700C9
:1090400000F04EFE237A1149C3EBC3035A18CB58E4
:10905000C4F87E309388A4F88230937984F8843001
:109060000721204601F048FC26B101212046267345
:1090700001F042FC204601F0AFFD204601F000FC6B
:1090800093E700BF60570020A8580020F803002095
:10909000600F0020DAE304000300000100B5C3689C
:1090A00089B0187820B109B05DF804EBFEF724BE52
:1090B000B3F801208DF80000ADF80120DA788DF8C2
:1090C0000320B3F80B20ADF81720B3F80D20ADF84E
:1090D0001920B3F80F20ADF81B205A7C8DF81D2005
:1090E000586801901A899B7AADF808208DF80A30EB
:1090F000084B68461A689B88CDF80B20ADF80F30F6
:10910000CDF81120ADF81530FFF7FEFE09B05DF87F
:1091100004FB00BF74DB040070B5384E02213046FA
:1091200020F001F910EA010464D16FF00401304627
:1091300020F007F900F0C4FD01F044F901F0D2FC81
:109140002F4B2246214640F603401C80FFF738FD96
:10915000044648B12B4803685A0703D001212A4A24
:1091600020F0DDF8204670BDA6F1D405FFF7A4F984
:10917000D5F86C0183685B6853B96FF002011F4832
:1091800020F0DFF8042120F0CEF86FF08504E9E745
:10919000984710F1580F0446EFD068B1194803689A
:1091A0005B0704D023460121184A20F0BAF80421B5
:1091B000124820F0B8F8D5E71548FBF713F9214617
:1091C000402205F180002BF082FEEC7185F82341EE
:1091D00005F0D2FF0F4B6FF0010118689A889B7958
:1091E00046F86C0C3046A5F86C2085F86E3020F0FF
:1091F000A8F8B7E76FF07704B4E700BFCC0400200D
:1092000060570020600F0020F6E3040015E404001E
:10921000A82E002067DB040038B5042104460C307A
:109220001FF0D3FB034640885D7818B122461978B9
:10923000FEF794FD35B104480EF09AFDBDE83840C4
:10924000FFF72ABB38BD00BF28050020B0B5044693
:10925000032100AF0C301FF0B8FBE36805781978E4
:1092600040F63543B0F80100984219D1124803681E
:1092700013F0060F12D06C468AB06A460F4BC2E953
:1092800005310F4B4FF41251D36140F20133138477
:109290000C4B42F8103F20F051F8A546BD46B0BD3A
:1092A00010B12246FEF75AFD002DF7D006480EF009
:1092B0005FFDFFF7F1FAF1E7600F002032E40400F0
:1092C000671705000400000128050020F8B50646D0
:1092D0000024094DEF79E3B29F4202D86FF00100FC
:1092E00007E02946304620F040F90735631C08B1F5
:1092F0002046F8BD1C46EEE7F803002037B50446CB
:109300000D4671B12846124920F02FF948B9294677
:109310001048C4EBC404204420F031F9002003B00D
:1093200030BD68461FF058FF0028F8D16846FFF7A7
:10933000CDFF0028F5DA074BC4EBC400694618449A
:1093400020F01DF9002DE9D001462846E4E700BFD2
:1093500067DB0400F803002070B51C4E062231467E
:1093600005462BF0BCFD58B34FF0FF304FF0FF31F6
:10937000FFF7C2F8044628B3062229460C301FF036
:10938000FAFA2146002242F20500FFF719FC0446D2
:1093900068B110F10D0F08D10D48036813F0060FE6
:1093A00003D002210B4A20F0E8F8204670BD334676
:1093B0002A6843F86929AA88B280012283F86820C4
:1093C0000024F2E76FF06804EFE700BF61040020BB
:1093D000640F0020A3E50400064BD3E8EFCF4CF464
:1093E000806CC3E8E2CF002AF7D1037A19430172F7
:1093F000704700BFCC040020F7B5002104460222CC
:10940000084601F0EDFE064648B120460121FFF76F
:10941000E3FF304603B0BDE8F04001F031BA484DFB
:109420000146484800F046FC95F823319BB1304690
:1094300020F0ECF878B14448036813F0060F03D02D
:109440000221424A20F099F80021414803B0BDE8CA
:10945000F04000F02FBC95F8232195F822319A4274
:1094600021D1394E336813F0060F04D00221304663
:10947000384A20F082F8002242F229001146FFF714
:109480009FFB30B133685807DED00121324A2E48A5
:10949000D8E795F82331013385F82331237A43F057
:1094A00004032372D0E72246671C394612F82A0BC0
:1094B00020F06FF8064630B123480368590718D0EA
:1094C000264A012113E095F82331013385F8233131
:1094D000237A43F00403237295F8A7305A070CD47B
:1094E0001948036813F0060F03D002211C4A20F02C
:1094F00044F8012020F08AF8A6E73946684620F0B3
:109500003EF801234FF0FF304FF0FF318DF8073068
:10951000FEF7F2FF044660B1082269460C301FF0E6
:109520002AFA3246214642F24E00FFF749FB002854
:10953000DFD0054803685B07DBD00A4AC1E700BFFC
:10954000F8030020D1960300640F0020B2E5040068
:109550003F960300D7E5040008E6040028E604006F
:1095600048E6040072E6040000212DE9F0410222E1
:109570000446084601F034FE054640B1204602216B
:10958000FFF72AFF2846BDE8F04101F079B901460E
:109590002D4800F08FFB284620F038F82B4D06466A
:1095A000A0B12B4803685A0704D001213346294A49
:1095B0001DF046FB95F8233113B1012020F026F869
:1095C000BDE8F0410021244800F074BB95F8233138
:1095D00095F822219A420CD2013B85F82331237A57
:1095E000024623F0040302201C49237205F0F2FD19
:1095F000E0E74FF0FF304FF0FF31FEF77DFF04F161
:109600000108074668B107210C301FF0AEF941464A
:109610001FF0B5FF3246394642F22800FFF7D0FA74
:1096200040B10B4803685B07C4D001210C4A1FF00E
:10963000A4FFBFE795F82331013B85F82331237A56
:1096400023F004032372B5E7D1960300F80300204A
:10965000640F00208DE604003F960300F795030099
:10966000BAE60400084BD3E8EF2F22F48061C3E888
:10967000E01F0028F7D1530504D50022022003493A
:1096800005F0A8BD704700BFCC0400205F97030021
:109690001FB500230190CDE9023302208DF80C1094
:1096A00001AA034905F096FD029805B05DF804FB98
:1096B000A7960300034610B470B10A4991F82241FD
:1096C00091F823210CB1944208D2013281F8232170
:1096D0001A7A42F004021A7210BC704710BCFFF7ED
:1096E0008BBE00BFF8030020034610B498B10B4CAA
:1096F00094F8221194F8232129B101318A4203DC24
:1097000010BCFFF731BF12B1013A84F823211A7A55
:1097100022F004021A7210BC704700BFF803002048
:1097200070B50446C9B9D8B120491FF01EFFB8B9B9
:109730002046FFF7CBFD002832DA2378012B04D135
:10974000A37903F0C003C02B0AD0194803685A0755
:1097500003D00121174A1FF010FF6FF0150070BDF4
:10976000154DEB79012B1ED005F1D4001FF00EFF33
:10977000C30707D4002CF0D020460C491FF0F5FE9B
:109780000028EAD1EE792146731C3046EB71FFF7D1
:10979000B5FD08B93046E2E7EB79013BEB71DEE756
:1097A0006FF07700DBE76FF00B00D8E767DB0400B2
:1097B000640F0020DFE60400F80300202DE9F341E8
:1097C000044660B91E48036813F0060F03D01D4A13
:1097D00002211FF0D2FE002002B0BDE8F08100217E
:1097E00041F2090001AAFFF7EBF9054630B1144830
:1097F000036813F0060FEED0134AE9E7019E062234
:10980000D6F80C80114908F1010738462BF067FBA8
:1098100028B1062238460E492BF061FB18B93046B4
:10982000FBF72AFBD7E7D8F801303046C4F80130FF
:10983000BB882570A4F80530FBF71EFB0120CBE7A1
:10984000640F00200DE7040026E7040074DB040029
:109850006EDB040007B56846FFF7B0FF044BD87114
:1098600018B169460020FFF749FD03B05DF804FB1D
:10987000F8030020F0B5364D89B0EC79002C60D1AA
:1098800095F8C26016F0010609D13248036813F05A
:10989000060F36D0304A02211FF06FFE31E06A46D3
:1098A00021464FF60940FFF78BF930B1294803688C
:1098B00013F0060F25D0294AEDE7DDF800C0DCF8EB
:1098C0000C104B784BB96046FBF7D6FA2148036879
:1098D00013F0060F15D0224ADDE78B1C02AA01F116
:1098E0001204174618685968083303C7A3423A465A
:1098F000F7D11868344638609B886046BB80FBF718
:10990000BBFAEC71162600240127EB79E0B2834202
:1099100002D8B3B1002012E008AB06FB003353F8C5
:10992000182C33F8143C6946CDF80120ADF8053009
:109930008DF80070FFF7E2FC01340028E5D009B093
:10994000F0BD0021084609B0BDE8F040FFF7E8BED1
:10995000F8030020640F002044E7040070E70400CF
:1099600090E704002DE9F0410D4617461C460646D7
:1099700068B163B10A03037814D56D070BD52F487E
:1099800003685C0703D001212D4A1FF0F6FD6FF03C
:109990001500BDE8F0811FF0C7FE0028F9D10123B2
:1099A0002370F6E7A9072ED026480FB1AA0608D4DF
:1099B000C3EBC302825C012A13D002B922700020DB
:1099C000E7E790F8D820510635D5C3EBC302825C97
:1099D000012A06D002B92270237843F002032370D3
:1099E000EDE74FF00108072111FB038101443046E8
:1099F0001FF092FE0028CCD184F80080002FDED02A
:109A0000AB06DCD5E8E76A0712D50E49C3EBC30203
:109A10008E5C012E09D1072212FB036319441FF04B
:109A20007BFE0028B5D12670EAE7002EE8D1FAE7E0
:109A30001FF07AFEB3E76FF08500AAE7640F0020FD
:109A4000B9E70400F803002038B5134DEB7913B1E2
:109A50000024204638BDFFF7FDFE044640B10F4804
:109A600003685A07F5D00E4A01211FF086FDF0E782
:109A7000EB79002BECD1FFF7FDFE04460028EED178
:109A8000681CFFF769FC04460028E1D0034803681E
:109A90005B07DED0034AE7E7F8030020640F0020ED
:109AA000D8E70400F7E704002DE9F74F8A46019054
:109AB0004FF0FF314FF0FF30FEF71EFD0446002847
:109AC00051D020210C301EF050FF4FF0000980468D
:109AD0004D46202200212BF0FAF9DAF8007008F147
:109AE000010BDAF80420914509D3002221460198A0
:109AF00088F8005003B0BDE8F04FFFF761B87A78FE
:109B0000A81C81181F2997F800C018D9BCF1090FAB
:109B1000C0F11F0201D1002A0FDC144803685B0763
:109B200003D00121124A1DF082F82046FBF7A4F968
:109B30006FF0150003B0BDE8F08F4FF0080CD6B2FF
:109B4000711C0BF80510691CC9B20BF801C0023674
:109B500079685BFA80F02E442BF092F9F5B209F1A6
:109B600001090837BDE76FF06800E3E7400F002008
:109B70001AE80400F8B545680646690535D4046955
:109B800014B115F0030330D0194F3078FB798342BC
:109B90002BD9C0EBC0000722164938442BF09FF99F
:109BA000A8B115F0030306D197F87020082A02D84F
:109BB000B2689F2A19D915F0300F09D0ACB1EA0666
:109BC0000AD405F46035B5F5603018BF0120F8BD42
:109BD000EB0601D4002CF4D1D6E902239A4204D832
:109BE0001F2A02D9B3F5804FEBD90020EFE700BF61
:109BF000F803002067DB0400F7B5CDE900016946F2
:109C000042F2080016461D469DF82070FFF74CFFF3
:109C1000044648B95FB90B4BD3E8EF1F41F004018C
:109C2000C3E8E21F002AF7D1204603B0F0BD694621
:109C300042F20900CDE90065FFF736FF0028EAD0BF
:109C40000446F1E720040020F8B5044614F8097B27
:109C5000154B05460E4607222046144983F86F70BF
:109C60002BF03DF970B93846114901F035FA044638
:109C700010B96FF00B00F8BD052100F03DFE00208B
:109C80003460F8E72146384601F06CFA40B92146C5
:109C9000287801F021FA04460028EAD00621ECE7F2
:109CA0006FF01500E7E700BFF803002067DB040052
:109CB00060DB040003460148184700BF1004002081
:109CC00008B500210448FFF7F5FFBDE80840502221
:109CD000002102482BF0FBB8239803001004002059
:109CE000004870471004002013B5044609481FF0CF
:109CF00055FDC0050AD507481FF050FDC0F3802070
:109D000000902046FFF778FF02B010BD6FF00A0008
:109D1000FAE700BF200400202DE9F04F9A46002307
:109D2000D0F810B08A4EBBEB030489B0054630462C
:109D300018BF012403931FF031FD40070F469146E1
:109D400040F1E8802846FFF715FF60B96FF0150471
:109D50003846002340F20111994540F0E480204646
:109D600009B0BDE8F08F28461FF0F5FC80460028BA
:109D7000ECD0A6F1AC001FF011FDC105C0F300232B
:109D800000F1CB80CDE90533CDF81B30AB686868B6
:109D9000ADF81030EB68ADF812301FF0F0FC8DF824
:109DA0001D00D6E8EF3F23F48073C6E8E23F002AA7
:109DB000F7D12A780DF1150306F8BC2C06F8652CAE
:109DC00069682246A6F1BC00FFF7CCFD04460028D6
:109DD000BED1A6F1B303BBF1000F11D02A691168FF
:109DE00046F8B31C9188998092799A716B689A07AA
:109DF0004CD19C0502D4BAF1000F5BD002230BE0DA
:109E0000544A116846F8B31C9188927999809A71E6
:109E10006B689E07EDD05B468DF814304FF0FF3035
:109E20004FF0FF31FEF768FB0446002878D00F2280
:109E300004A90C301EF09FFD2146002242F20600CC
:109E4000FEF7BEFE0446002882D1BBF1000F35D0DC
:109E50006B6898073ED101213F481FF0B7FC0446CC
:109E600000283FD03D480368590703D001213C4AF0
:109E70001CF0DDFE039D002D3FF46AAF2846002153
:109E800000F03AFD284600F0FBFC61E713F0100FEC
:109E90000CBF012304238DF814302B691A68CDF808
:109EA00016209A88ADF81A209B798DF81C304FF057
:109EB0000008B3E703238DF81430F8E7524649460B
:109EC0003846129BCDF80080FFF796FE0446002826
:109ED000BED03DE7204803A9FFF7B6FE04460028A0
:109EE000B9D035E7039808B100F0CAFC6A681D488C
:109EF00012F0030218BF012209211FF052FC424652
:109F00000A211FF04EFC6A680C21C2F380021FF088
:109F100048FC1DE76FF00A041AE76FF0770417E7B3
:109F20006FF0680414E702888A4204D1426812B1D3
:109F30001278D20702D4013308300DE70A490B48E2
:109F400024F07CFC00230A4A08480EF0C7F906E713
:109F5000CC04002067DB040010040020400F002028
:109F600033E8040020040020F19F010028040020B1
:109F70001C4E0E0010B518481FF050FC17481FF07B
:109F80000DFC0346DA05C0F3002023D513481FF06B
:109F900005FC830515D51249072212482AF09FFFB8
:109FA00003461149087E93B90522104901F018F9BA
:109FB000044630B10021017300F09EFC204600F001
:109FC0005FFCBDE81040002103481FF0FFBB0622E4
:109FD0002131EBE710BD00BF100400202004002059
:109FE00067DB040019040020F803002060DB040094
:109FF00010B5FFF7BFFF034650B10648026812F0E4
:10A00000060F05D0BDE810400221034A1CF018BE1F
:10A0100010BD00BF400F00204EE8040070B5454B56
:10A020009AB01822002103A802932AF050FF44F2AC
:10A03000010309A809931FF0FFFB099B69460493DC
:10A040003D4B02A8059317F005F9034628B33B489A
:10A050000268540703D03A4A01211CF0F1FD1F2584
:10A06000384BD3E8EF1F21F00101C3E8E21F002ABB
:10A07000F7D1354E0EF096FC3468002C52D0002DEE
:10A08000324D18BF0025043C23680BB12846984781
:10A090006468002C46D0043CF6E701AB41220098EE
:10A0A00009A926F06BFE034628B12448026851072F
:10A0B000D5D0274AD0E7274A0DF125030DF16501D8
:10A0C00053F8040B8B4242F8040BF9D101AB202268
:10A0D0002149009826F032FE034628B1174802684D
:10A0E0005207BCD01D4AB7E7009816F03FFE054660
:10A0F00030B1124803685B07B1D0194A2B46ABE771
:10A10000144912481FF0A5FB164820311FF0A1FB8F
:10A11000154BD3E8EF1F41F01001C3E8E21F002AFE
:10A120009ED0F6E70023C6E900330EF04FFC1AB0CC
:10A1300070BD00BF1271000100000209580F00201D
:10A1400074E8040068490020704900200959002083
:10A1500092E80400C9580020A9580020B5E804007E
:10A16000D9E8040029590020CC040020042330B58C
:10A17000A7B03D22002116A815932AF0A8FE364B61
:10A180001822002107A806932AF0A1FE44F2010339
:10A190000DA80D931FF050FB0D9B202208932F4B11
:10A1A0002F49099306A804AB16F022FE034600B31C
:10A1B0002C480268510703D02B4A01211CF040FDB6
:10A1C0006FF004040EF0EEFB284B1D686DB100200B
:10A1D0001860274BD3E8EF1F21F00201C3E8E21F0C
:10A1E000002AF7D1002C30D0A8470EF0EFFB27B0A3
:10A1F00030BD204B0DF15502194603F1400053F8D4
:10A20000044B834242F8044BF9D105AB029320235F
:10A210001248CDE9001315AA4123049927F000F94B
:10A22000034628B10F4802685207C9D0124AC4E752
:10A23000049816F09BFD04460028C3D00948036823
:10A240005B07BDD00D4A2346B7E70DA809491FF0AB
:10A2500000FB0DA8C8E700BF127100010000020951
:10A26000A9580020580F0020F9E804006C4900208C
:10A2700068490020C95800202FE904004BE9040078
:10A28000402208B503492AF02AFEB0FA80F04009BE
:10A2900008BD00BFB3E9040010B51F4B9AB01822E7
:10A2A0000446002103A802932AF011FE4FF48043D4
:10A2B00009A809931FF0C0FA099B21460493174B84
:10A2C0000DF12500059304238DF824301FF0C1FA09
:10A2D00004F120010DF145001FF0BBFA412201AB52
:10A2E00009A902A816F084FD044602A827F0E4F8A4
:10A2F0002CB9019816F03AFD01201AB010BD08489B
:10A3000003685B0701D10020F7E701212346054AD6
:10A310001CF096FCF7E700BF1241000100000209A3
:10A32000580F002068E9040010B5002838D01F4AF3
:10A33000136823B1043B984235D05B68F9E71C4BA6
:10A34000D3E8AF1F89070BD51A48036813F0060F2F
:10A3500003D00221184A1CF06AFC6FF00F0011E0D4
:10A360001468011D44605068116000B95160D3E861
:10A37000EF2F42F00101C3E8E01F0028F7D1D30717
:10A3800001D5002010BD0D4BD3E8EF1F21F01001C7
:10A39000C3E8E21F002AF7D10948FDF7ADFAF0E75C
:10A3A0006FF01500EEE76FF07700EBE770490020E3
:10A3B00068490020580F00208CE90400CC040020DC
:10A3C000AC0A002038B50C4BD3E8EF1F21F0010197
:10A3D000C3E8E21F002AF7D1084D2C683CB154F8BD
:10A3E000043C043C0BB1002098476468F6E7002366
:10A3F000C5E9003338BD00BF68490020704900201E
:10A40000044BD3E8AF3F13F0100F034808BF002000
:10A41000704700BFCC0400200959002070B50546E4
:10A42000194803688B4228D0184BD3E8AF3FDA06AF
:10A4300026D5036813B16FF00F0070BD144AD2E83F
:10A44000AF3FDB07F7D4D2E8EF3F43F00204C2E8A6
:10A45000E64F002EF7D113F00204ECD1016029463B
:10A460000C481FF0F6F90C4805F120011FF0F1F936
:10A470000A48FDF741FA2046DFE76FF07700DCE796
:10A480006FF07C00D9E700BF6C490020CC040020AD
:10A4900068490020C9580020E95800209C0A002083
:10A4A00070B505460B4B1C6844B154F81C3C1C3C71
:10A4B00013B12846297B9847E469F5E7064C074E17
:10A4C000B44200D370BD236813B12846297B984756
:10A4D0002034F5E7AC490020CC5D0400EC5D0400BD
:10A4E00010B50446FAF728FC044901EB0011204698
:10A4F0001EF0CCFEBDE81040FEF7CEB97849002032
:10A50000002270B50446D1E901560748C1E901228D
:10A5100024F0ABF83DB1314620462B46BDE87040F3
:10A520006FF06D02184770BD2812002030B5051D70
:10A5300004464FF48061284685B01FF0B1F9430509
:10A5400050D4D5E8AF3F13F4803F274D36D095F86F
:10A55000D930D80713D5022300211A46204600918E
:10A560001EF0CCFF034638B120480268510703D0E3
:10A5700001211F4A1FF092F9637B072B32D195F816
:10A58000D83098062ED51EF010FF58B30DF10E01ED
:10A5900003A8FEF7F7FB28BB2046BDF80E20BDF848
:10A5A0000C101EF08CFF0346E0B110480268520701
:10A5B00018D001210F4A1FF071F913E095F8D83037
:10A5C0001907C4D520461EF05FFF034638B107487F
:10A5D0000268520703D00121074A1FF05FF9637B2D
:10A5E000072BB4D005B030BDF80300204C0F00207D
:10A5F0001BEA040032EA0400FAE9040070B50546DB
:10A60000002200230E480DF0EDFBB8B90D4B1C687D
:10A6100034B154F8143C1C3C03B19847E469F7E7A3
:10A62000094C0A4EB44204D32846BDE870400DF0F0
:10A63000B1BDA36803B198472034F3E770BD00BFF4
:10A64000F8110020AC490020CC5D0400EC5D040052
:10A650002DE9F843044640270025DFF85080EFF34A
:10A66000118387F31288BFF36F8FE16929B983F3F0
:10A670001188BFF36F8FBDE8F883206A0A688142B2
:10A6800008BF2262E26183F31188BFF36F8FD1E9C3
:10A6900001694046C1E9015523F0E7FF1EB10022E0
:10A6A00049462046B047FEF7F7F8D8E728120020C1
:10A6B0000448B0F8043100F58470002B08BF002076
:10A6C000704700BFF803002030B504462AF0F2FCC2
:10A6D0000D460D4A0D498BB00858D2F8C810884273
:10A6E00005D120460BB0BDE83040FFF7B1BF2434A0
:10A6F0002146104624F071F81DB16946204624F029
:10A700007CF80BB030BD00BF88420020080000007C
:10A7100038B5002204468A4202D10024204638BDC2
:10A72000012004F1C803D3E8EF5F002D04D1C3E892
:10A73000EC0FBCF1000FF6D102D0D0340244EAE7AE
:10A74000002CEAD0C822002120462AF0C0FB04F1E8
:10A750004000044924F072F8034904F1240024F075
:10A7600020F8DBE78DB20100C3980300F7B5164669
:10A770000D4601210446FFF7A7FF012E29D0022E26
:10A780005CD1236953B138480368590703D00121CC
:10A79000364A1CF04CFA20461FF0B1F825612169B9
:10A7A0000B8A012B5DD9CA681288043292B2934297
:10A7B00057D34DD92C480168490704D00121009294
:10A7C0002B4A1CF047FA204603B0BDE8F0401FF0CA
:10A7D00096B8206980B9244803685A0703D0254AEF
:10A7E00031461CF024FA20461FF089F8284603B0B1
:10A7F000BDE8F040FAF740BB2F8A002FF6D00C30AE
:10A800001EF009F987420FD9174803685B0703D088
:10A81000194A31461CF00BFA00222046216900F04B
:10A82000CDFF00232361E1E720692A8AE9680C3023
:10A830001EF0A1F82846FAF71FFBB0E70A480368A4
:10A840005F07D0D0334601210C4A1FF027F8CAE732
:10A85000002301222046236103B0BDE8F04000F050
:10A86000ADBF03B0F0BD00BF4C0F00204EEA0400A6
:10A87000CEEA04006BEA040089EA0400B0EA0400AE
:10A8800008B5C830D0E8EF3F013BC0E8E23F002AFE
:10A89000F8D13BB904480DF06BFABDE80840034815
:10A8A0000DF078BC08BD00BFF8110020CC0A0020D4
:10A8B00010B504461FF02CF80EF074F80C4B04F1A0
:10A8C000BC01D3F824312BB90A481EF0CCFF0EF09E
:10A8D0007DF806E0994208D10EF078F82046FFF79F
:10A8E000CFFFBDE81040FDF7D7BF1B68EBE700BF07
:10A8F000F80300201C050020F8B5467B04468E4274
:10A900000D4600AF20D1604B1B6813F0060F19D025
:10A91000082E98BF5D4B6C4688B094BF53F8263024
:10A920005B4B6A465B49C2E905134FF4007393839E
:10A93000594B42F8103F00234FF4E4515248F6F7C8
:10A9400007FBA546BD46F8BD41730EB91EF0E0FFFA
:10A95000637B082B00F28E8001A252F823F000BF27
:10A96000B5A9010013AA010045A9010045A90100EC
:10A9700045A9010045A9010045A9010085A90100DB
:10A9800045A90100002145480EF0C4FC0023C4E99C
:10A990000D33E378012BD5D1A378414A012B08BFB1
:10A9A000032304F1400008BF84F8983000230DF021
:10A9B00061FCC7E7082EC5D8DFE806F02005171CA4
:10A9C0001C1C1720200004F14005284623F042FFFC
:10A9D00001212046FFF778FE20461EF090FF00225E
:10A9E000002328460DF07AFCACE7237B13B1204608
:10A9F000FFF756FD2046FFF743FFA3E72248036811
:10AA000013F0060F9ED02B46264A02211EF046FF69
:10AA100098E7237B3E2B13D11B48036813F0060FE6
:10AA20000ED06D4688B06A461F4BC2E90534032339
:10AA300042F8103F00234FF4C451F6F789FAAD46AF
:10AA40001A4D05F58476616911B9FDF725FF79E79F
:10AA5000A2690B68914208BFA36120466361FFF7BA
:10AA60004FFDB5F80431002B14BF304600200DF027
:10AA70007FF9E8E70448036813F0060F3FF462AF7C
:10AA80002B460B4AC1E700BF4C0F0020D4710400D5
:10AA9000E9EA0400F3EA040003000001DC0A0020F4
:10AAA0005A62020004EB04001BEB0400F8030020D0
:10AAB00042EB0400F8B5074609480D4616461EF05D
:10AAC00027FF044650B183781F4203D1BDE8F84008
:10AAD000FFF7D6BE3146A8472046F7E7F8BD00BFCE
:10AAE000902F002000220F200149FFF7E3BF00BF95
:10AAF00039990300002201200149FFF7DBBF00BFA5
:10AB0000B798030070B5054610480E461EF000FFCA
:10AB10000446C0B1437B012B02D0073B012B10D868
:10AB20002388AB420CD1A3781E420DD1084803689C
:10AB300013F0060F04D02B460221064A1EF0AEFE8B
:10AB40002046FFF79DFE0024204670BD902F002078
:10AB50004C0F00205EEB0400034BC01A034B0011A6
:10AB60005843C0B2704700BF902F0020C54EECC4C0
:10AB700070B51C46144305460E4611D02AF09AFAC9
:10AB80001049D1F8C840104909588C420AD10F48E1
:10AB9000036813F0060F03D002210D4A1CF047F89A
:10ABA000002213460B49002D14BF284608461DF00D
:10ABB0007CFE044618B1711D0C301DF0CBFE204602
:10ABC00070BD00BF88420020080000004C0F00202C
:10ABD00075EB04004012002010B5044605480DF046
:10ABE000D9FA204600F026FD2046BDE81040FFF7C8
:10ABF00057BC00BFBC0A00202DE9F04F002387B0EE
:10AC000000AFFB607B61BC4B5A8B3AB1BB4DD5F8B2
:10AC100024413CB91C37BD46BDE8F08F1B68002BB2
:10AC2000F4D1F7E754F8BC3903B1BC3B0026B44972
:10AC300001E01C461346B5F80421002A00F05981B2
:10AC4000D5F810214AB904F1BC06002BE2D0D3F8A4
:10AC5000BC20002AEDD0BC3AEBE70A68002AF2D00B
:10AC6000D4F8A820002AEED0D4F8AC20002AEAD0EC
:10AC7000D4F8B020002AE6D0637B072B68D12046A9
:10AC80009047002864D004F1C003D3E8AF3F022B03
:10AC90005EDC20461EF03CFE04460028BAD0637BF2
:10ACA000072B40F023812046D4F8A830B5F80411D2
:10ACB00007F1100298478146002800F00A81B5F894
:10ACC00004213B699A4208D30146D4F8AC6020467F
:10ACD00007F1140307F10C02B047D7E9038A7B6937
:10ACE0003B60B9F81030002B00F0FA8048461EF0A7
:10ACF000E3FA7860002840F0F680B5F80431DFF818
:10AD000004B2002B14BF58460020002200230DF08F
:10AD100069F878B90022002379480CF0F7FF06465D
:10AD200000283BD1B5F80431002B18BF5E463046F1
:10AD30000DF01EF86FF00B054846FAF79DF8B8F1D4
:10AD4000000F00F0AD802A4620463968C047A7E0D2
:10AD5000D4F8BC3004F1BC02C6B9D5F82811C5F846
:10AD600024318A4201D1C5F8283100232046C4F895
:10AD7000BC30D4F8B0309847002890D0637B072BC4
:10AD800040F0B4802046FFF793FD88E73360D5F8A4
:10AD900028319A4208BFC5F82861E6E73B68C0F849
:10ADA00004808360B5F804B10022DA454FF0000357
:10ADB0004FF00001504898BF1FFA8AFBF9F7DEFFF9
:10ADC000804650B1F9F7B8FF4F4B5A4603EB0013DA
:10ADD000494640461EF035FA8046B5F8043194F8ED
:10ADE000C4909A4584BF01237B607B689CBF09F1B6
:10ADF00002095FFA89F984F8C43004F1C00ADAE87C
:10AE0000EF3F0133CAE8E23F002AF8D104F1140B06
:10AE1000314658461EF027FDA378012B5DD108F17D
:10AE20000C03042118467B601DF0B6FD228809F052
:10AE3000FD0942EA09320280B8F810207B68043A22
:10AE40004280022118461DF0AFFD4046FDF748FC48
:10AE5000814600284AD0DAE8EF3F013BCAE8E23FEA
:10AE6000002AF8D1314658461EF02EFD27480368C7
:10AE70005A0704D04B460121254A1EF00FFD4046DB
:10AE8000F9F7FAFF20463146FFF73AFBB5F80431EF
:10AE90001C48002B08BF00200CF06AFF6FF004056F
:10AEA0001A4803685B0710D06E4688B06B46194A93
:10AEB000DC61C3E905251A46042342F8103F00234C
:10AEC0004FF40151F6F744F8B546132120461EF021
:10AED00045FD2046FFF7D4FC9CE66FF01509BAE764
:10AEE0006FF0790528E76FF0040525E7FDF7D4FC3E
:10AEF000EFE79368FFDE00BFC4120020F8030020D4
:10AF00002812002000050020784900204C0F002066
:10AF1000EBE004009EEB040040F2E2432DE9F04137
:10AF2000D0F888600446B6FBF3F6031DB6B2D3E84A
:10AF3000AF2F920413D5B0F88C20B2420FD8B0F8DE
:10AF40008E20B2420BD3D0E92412914207D1D3E82C
:10AF5000EF1F21F40051C3E8E21F002AF7D1114B83
:10AF60001D6865B155F80C7C1C3D37B13146204653
:10AF7000B4F89230B4F89020B847ED69F1E70A4D83
:10AF8000DFF82880454501D3BDE8F0812F6937B14E
:10AF900031462046B4F89230B4F89020B8472035B6
:10AFA000F0E700BFAC490020CC5D0400EC5D04007C
:10AFB0002DE9F041074608460D461EF0F8F9064611
:10AFC00018B900263046BDE8F081144B1C6884B1E6
:10AFD00054F8103C1C3C0BB9E469F8E729463846A4
:10AFE00098470028EDD028461EF0E1F90028F3D15B
:10AFF000E7E70B4CDFF82C804445E3D2E3680BB95C
:10B000002034F9E72946384698470028D9D0284601
:10B010001EF0CDF90028F3D1D3E700BFAC490020E2
:10B02000CC5D0400EC5D04002DE9F041C3780446DA
:10B030008BB900F17E06114B1D687DB11C3D04F1FA
:10B0400070076B691BB13A46314620469847ED6957
:10B0500025B11C3DF5E700F17706ECE7084D094FF7
:10B0600004F17008BD4201D3BDE8F0816B691BB1EA
:10B0700042463146204698472035F3E7AC49002048
:10B08000CC5D0400EC5D0400F8B5437A054683729C
:10B0900016461EF0AFFD0D4B1C684CB154F8043C35
:10B0A0001C3C1BB132462846697A9847E469F4E7AC
:10B0B000074C084FBC4200D3F8BDA3691BB1324610
:10B0C0002846697A98472034F4E700BFAC4900204D
:10B0D000CC5D0400EC5D040038B505460C460F4815
:10B0E0000121FFF715FBC0B1057223680367A38830
:10B0F000A0F87430A37980F876300123437283720C
:10B100008370074BC0F8A830064BC0F8AC30064B34
:10B11000C0F8B030054BC0F88C3038BD902F0020FF
:10B1200021B50100879803007B98030018002800D0
:10B1300070B505460A480E461EF0EAFB044620B1EB
:10B140008378012B04D0FFF79BFB0024204670BDC1
:10B15000324629461EF070FC0028F7D12046F2E75F
:10B16000902F0020B0B500AF0D46FFF7E1FF044679
:10B1700038B3154B1B6813F0060F1ED02846FCF79A
:10B1800059FB637B6D46082B98BF104A8AB094BF69
:10B1900052F823300E4B6A46C2E907030D4B0E49A5
:10B1A00053620E4BC2E9051442F8103F00234FF4DE
:10B1B00042510548F5F7CCFEAD462046FFF760FB4F
:10B1C0000120BD46B0BD00BF4C0F0020D47104006B
:10B1D000E9EA040001030204C1EB040005000002D7
:10B1E000F8B505460E480E4617461EF091FB04467C
:10B1F00020B18378012B03D0FFF742FB00240DE040
:10B2000036B1324629461EF017FC08B92046F3E74E
:10B21000637BBB42FAD1237AAB42F7D12046F8BD1B
:10B22000902F002038B5044608460D461EF0BFF8A2
:10B2300038B3154B93F8D830990707D4E37873B136
:10B2400029462046BDE8384000F0ECBA94F8993021
:10B250009A07F3D5231DD3E8AF3F5B04EED429460C
:10B2600020461EF00FFC58B92B88A4F88C306B8850
:10B27000A4F88E30AB88A4F89430EB88A4F896300C
:10B2800038BD6FF01500FBE7F8030020F7B510F8A4
:10B29000333C0446A0F140060BBB30461EF04DFC8B
:10B2A000364B1D684DB155F8183C1C3D1BB130465E
:10B2B00014F8341C9847ED69F4E7314D314FBD4225
:10B2C00005D3304603B0BDE8F040FFF7D9BA6B684C
:10B2D0001BB1304614F8341C98472035EFE710F8BE
:10B2E0003E3C012B47D1A0F13C05D5E8EF3F23F4CC
:10B2F0000052C5E8E12F0029F7D1990423D5E36C6A
:10B3000069460093636D30460193FFF78BFF034658
:10B3100078B9D5E8EF3F23F48053C5E8E23F002A2F
:10B32000F7D14FF40061284603B0BDE8F0401EF0AD
:10B33000B7BA1548026812F0060FF2D0134A02217C
:10B340001EF0ACFAEDE74FF42813114A6946304677
:10B35000CDE90023FFF766FF034628B94FF480517B
:10B3600028461EF09DFADCE70748026812F0060F37
:10B37000D7D0084AE3E703B0F0BD00BFAC490020D6
:10B38000CC5D0400EC5D04004C0F0020FAEB0400DF
:10B39000180028001FEC04000B4B58B11A6862B962
:10B3A00002693AB902685AB942684AB982683AB938
:10B3B00042692AB91860002070476FF07700704723
:10B3C0006FF01500704700BFBC49002010B50C4855
:10B3D00023F03FF90B490A4823F047F90A49084886
:10B3E00023F043F90949064823F03FF91FF006F816
:10B3F00003F0B4FE044608B91EF064FC204610BDFC
:10B40000281200208849002094490020A0490020EB
:10B4100008B5034604480268520703D00121034AD5
:10B420001BF00EFC002008BD6C0F0020D2EC0400C5
:10B4300098B503460B4800AF026852070ED06C4621
:10B4400088B06A460849C2E90513032342F8103F51
:10B4500000234FF4C251F5F77BFDA5466FF00B00BA
:10B46000BD4698BD6C0F0020FAEC0400044B1A682E
:10B470000AB1FFF7DDBF0348586010460B60704704
:10B48000C04900202072040070B5044652EA03004F
:10B490000AD029F00FFE074D074ED5F8C850305896
:10B4A000854204BF002213462046BDE870400431A7
:10B4B000FFF75EBB884200200800000073B5054618
:10B4C00018462B682BB35B7B072B22D1002A14BFB5
:10B4D000022301230E7A9E420DDD0F4802685207B7
:10B4E00003D16FF0150002B070BD01210B4A009628
:10B4F0001BF0B0FBF5E7CB7A072BF2D9C8618A6164
:10B5000005F1300023F0B1F828461EF0EDFA0020D6
:10B51000E9E76FF07F00E6E76C0F002021ED040003
:10B520002DE9F0470E469146D0F8B44000AF4CB13B
:10B53000483C236B6BB104F1300A504623F0AAF863
:10B54000054660B9FDF7A8F900252846BD46BDE8C7
:10B55000F0872068B4301EF0E6FAA46CE7E71DF02F
:10B56000ABFE98B1304803685B07EDD06C4688B0FD
:10B570006A462E4BC2E90535032342F8103F0023EB
:10B580004FF4C251F5F7E4FCA546DDE728461DF06F
:10B59000BBF9E36C0546B3B9A38CB0F81080403B0F
:10B5A0009BB23F2B03D8238D984528BF9846042192
:10B5B00005F10C001DF0F0F9A0F80080A38C438089
:10B5C00008F10403E364E36C2A8AB3420FD8934280
:10B5D00016D0A38C403B9BB23F2B21D92068B430BE
:10B5E0001EF0A1FA236B13B120461EF07DFAE36C26
:10B5F0009E422CBF00269E1BC9F80030E664A4E7DB
:10B600000022002350460CF081FBF9F735FCA38C97
:10B61000A3F140023F2AE1D8054AAA61EB61DDE7C8
:10B6200000221346F9E700BF6C0F002041ED040033
:10B63000779C0300F7B504460026234D234FBD42F7
:10B6400001D303B0F0BD298820461EF00BFB6B68C8
:10B65000019001A920469847002830DB019B2A88E9
:10B660009A829A8403F11002D2E8EF1FC2E8E06FD9
:10B670000028F9D19E64DE649E60A16B03F108028C
:10B68000F9B9C4E90D221C60DE6003F1300022F03C
:10B69000E0FF019843681B6803B19847019B103392
:10B6A000D3E8EF1F41F00101C3E8E21F002AF7D100
:10B6B00001984368DB6913B100F110019847083520
:10B6C000BDE70A60A263DEE7B45D0400CC5D040060
:10B6D00073B50D460646042105F10C001DF075F901
:10B6E0002B8A428804469A420AD0244801684907B6
:10B6F00004D00092224A01211BF0ACFA02B070BDC6
:10B70000437853B91D4803685A07F7D001211D4AF1
:10B7100002B0BDE870401BF08ABA0378012BEDD06F
:10B72000132B0AD1022AE9D0144803685B07E5D03D
:10B73000022300931346144ADDE71048026812F012
:10B74000060F03D00221114A1BF07AFA6178022217
:10B75000012035681EF06BFA04460028CED0022185
:10B760000C301DF002F90023214603704370284677
:10B7700002B0BDE870401EF08BBA00BF6C0F002015
:10B7800059ED04007AED04009BED0400C6ED0400C1
:10B7900008B50B8A032B09D8064803685B0703D05A
:10B7A0000121054A1BF043FA002008BDFFF790FF76
:10B7B000FAE700BF6C0F0020EEED040038B50B8AED
:10B7C0000546032B0C460CD8134803685B0703D0CF
:10B7D0000121124A1BF02BFA2046BDE83840F9F748
:10B7E0004BBB042104F10C001DF0EFF84188284602
:10B7F0001EF05FFA50B90848036813F0060FEBD04B
:10B80000074A0B4602211BF01BFAE5E74368214675
:10B810005B699847E0E700BF6C0F00200CEE040066
:10B8200029EE040070B5124B0C461978054601311B
:10B83000C9B2012938BF01210822122019701EF057
:10B84000F6F9064688B108210C301DF08EF82288E2
:10B850003146028062884280A2888280E288C2806B
:10B860002846BDE870401EF013BA6FF00B0070BDA3
:10B870004959002023281FD81A2804D8431E182B02
:10B880000ED906207047A0F11B03082B1ED8DFE855
:10B8900003F0051D1B231D19251D050003207047FE
:10B8A00001230F4A83401A40C2B90E4A1A40002AA7
:10B8B00014BF01200620704700F07F03522B05D1F2
:10B8C00000207047012070470520704710F0400F9E
:10B8D0000CBF0620002070470420704702207047EC
:10B8E000AAAA8A02545545012DE9F84F0746084691
:10B8F0000C46F9F721FA18234343DFF8C8800646BF
:10B9000008EB0302D2F808A0E16807F15400D0E880
:10B91000AF0FC0070CD42C480368590703D001218E
:10B920002A4A1EF0F2F96FF015052846BDE8F88F97
:10B93000E06800781071002248F803200B78D22BC1
:10B9400012D13B68214618681FF029FA054658B104
:10B950001D4803685A0703D001211D4A1EF0D5F97E
:10B960002046F9F789FAE0E704F10C001DF04FF8E2
:10B97000182303FB0683B4F810B09F6000238146B0
:10B980001A462146381DFFF799FD05460028CCD000
:10B9900010F1690F07D10C4803685B0703D0012140
:10B9A0000C4A1EF0B2F96369A4F810B013FA89F3D7
:10B9B000E36018235E4308EB0603C3F808A048F8C9
:10B9C0000650B2E7104A0020440F002065EE040044
:10B9D0007FEE040092EE0400011F014822F036BD04
:10B9E00080100020044803685B0703D00121034A4C
:10B9F0001EF08BB9704700BF440F0020B5EE040065
:10BA000010B5044600F15003D3E8EF1F41F00101E7
:10BA1000C3E8E21F002AF7D1201F1EF055FA04F1F7
:10BA20007400044922F00AFF2068BDE8104002F0CB
:10BA300027B800BF11CB010070B503788AB0044667
:10BA40000E4607AD032B20D8DFE803F002191B1DBB
:10BA500011492846F2F720FC059563781E210493CE
:10BA6000A37830460393E3780C4A02932379019339
:10BA700063790093A37919F0A1FD0AB070BD08495C
:10BA8000E7E70849E5E70849E3E70A212846074AC6
:10BA900019F094FDE0E700BF3EB3040060B304007A
:10BAA00045B304004CB3040056B30400DFF40400B3
:10BAB0002DE9FF414FF000084FF4205305460E4694
:10BAC000006802A9144617688DF80880ADF80A309E
:10BAD0001DF034FBA0B142F60103286803A98DF8DC
:10BAE0000C80ADF80E301DF029FB48B123691BB165
:10BAF0005A88B24200D25E80012004B0BDE8F081D5
:10BB0000616828681DF01AFB10B100232361F3E778
:10BB1000E368A0681A786AB1B7F81AC0798D038A09
:10BB20008C4594BFC3EB0C03C3EB0103934201DAD2
:10BB30000020E2E704210C301CF017FF2061068092
:10BB4000236929465E80074B019400933846002301
:10BB5000A2681EF015FA0028EADB2069003818BF39
:10BB60000120CAE72F9F030073B50E46438D418B1A
:10BB700001328B4228BF0B469A4205460DD91F4819
:10BB8000016811F0060F04D0022100921C4A1BF03C
:10BB900061F80024204602B070BD3046FFF76AFE0F
:10BBA000022812D0042810D029F084FA154B195815
:10BBB000154BD3F8C8308B421ED0144B1B685A1A51
:10BBC00018BF4FF0FF32134601E00023104A002156
:10BBD0001048FFF759FC04460028DBD0F9F7ACF811
:10BBE00018220D4B012102FB003304F10C009D6073
:10BBF0001CF0BBFE0670CDE70022E4E7440F0020F6
:10BC0000D2EE04000800000088420020584A0020BC
:10BC10001C4E0E006C120020104A0020F0B51D468C
:10BC200003680E460039044618BF012187B0186822
:10BC300017461EF000FF40B904F154001EF060FAF0
:10BC4000002849D0002007B0F0BD002D46D01822B2
:10BC50000021684629F03BF987B100223946204689
:10BC6000FFF782FF019048B91D4803685B0703D0C6
:10BC700001211C4A1EF049F81120E4E723682946F7
:10BC80001B68284600930023ADF812300C9B164A1F
:10BC90000393BDF834308DF80860ADF810300123FF
:10BCA0008DF814306B461EF09AF89DF8143063B18D
:10BCB000002FC7D00198F9F7DFF82A463146204611
:10BCC0009DF814301EF027FABCE701990029B9D07D
:10BCD00020461EF08FF8B5E71220B4E70120B2E746
:10BCE000440F0020F7EE04006D9D03002DE9F3479B
:10BCF000176805468946006851681446D7F804A0BD
:10BD00001DF01CFA804600284BD19522294650464A
:10BD10001EF01FFE0646207540B1E3681B780BB18C
:10BD200084F81480002002B0BDE8F0872946504610
:10BD30001EF0B9FE10B908232375F3E7A068267535
:10BD40001CF0E6FD02210C301CF00FFE164B2061AA
:10BD5000A0F8009000930194334629463846A26823
:10BD60001EF00EF9002807DA10F1FF0F32BF0E2087
:10BD70004042C0B22075D5E72369002BD2D0A0681D
:10BD80001DF0ABFF7B8D7A8B9A4294BFC0EB020013
:10BD9000C0EB0300E3681B78984294BF00200120A9
:10BDA000C1E70120BFE700BFEB9C0300F7B50B8A9A
:10BDB00004460D46076853B92D4803685C0703D055
:10BDC00001212C4A1DF0A1FF002003B0F0BD01218C
:10BDD00005F10C001CF0F9FD7B7B0646072BF3D127
:10BDE00054F8043C002BEFD0002203782248043C96
:10BDF00010F8327000EBC2019F420ED12A8A4878B7
:10BE00008F78904223D84B68204629469847012FC7
:10BE10000346D9D10028D7D020E001320C2AE7D13F
:10BE20001348026812F0060F03D00221134A1AF0D9
:10BE300007FF31780846FFF71DFD0028C4D005280C
:10BE4000C2D00623002220461EF065F9BCE7084850
:10BE50000168490705D1012FB6D1042300223178AA
:10BE6000F1E7012100931346054A1AF0F3FEF2E7C9
:10BE7000440F002010EF0400487204002BEF040070
:10BE800045EF04002DE9F04F42F60103002591B083
:10BE9000166880460F4600680BA9D6F80490144631
:10BEA0008DF82C50ADF82E301DF048F9002874D0D4
:10BEB0004FF42053D8F800000BA98DF82C50ADF8A2
:10BEC0002E301DF03BF938B1A3681BB15A88BA4235
:10BED00000D25F8001200EE0616808461DF0FDFE83
:10BEE000728B738D9A4294BFC0EB0200C0EB0300CB
:10BEF000032803D8002011B0BDE8F08F08461CF0DD
:10BF000007FD054660681DF0E8FE728D738B05F134
:10BF10000C0B9A4294BFC0EB020AC0EB030A5846CE
:10BF20001CF079FD82453BD260681DF0D6FE728B15
:10BF3000738D9A4294BFC0EB0200C0EB030070B94E
:10BF40006368987AF8F7F0FE002200231CF0ADFC3D
:10BF500005460028CED0014660681CF0EAFC0023AC
:10BF60000093D8F8046010234146484602AAB0471F
:10BF7000061E12DB227CE068B24234D001460BA8D8
:10BF80001DF00AF980B91A48036813F0060F04D0AF
:10BF9000237C184A02211AF053FE0023A36099E77C
:10BFA00058461CF038FDCAE7F2B202A906A81DF0F7
:10BFB000F3F838B90E48036813F0060FEDD00E4AB7
:10BFC0003346E7E706A90BA81DF0B8F80028E4D12E
:10BFD00000230421637405F10C001CF0C6FCA06072
:10BFE0000780A36875E702A928F079FFEEE700BF94
:10BFF000440F002064EF040083EF0400F8B5144AF6
:10C000000746002313480D461CF04FFC044650B968
:10C01000114803685B0704D001212B460F4A1AF030
:10C020000FFE2046F8BD00F10C06092130461CF039
:10C0300091FC2046F8F780FE1822094B012102FBF3
:10C04000003330469F601CF090FC0570E9E700BFAC
:10C050001C4E0E006C120020440F0020D2EC040095
:10C06000104A00202DE9F0410E8A0446043EF6B243
:10C07000022E08468CB001D0102E64D104210C3061
:10C080001CF0A3FC0DF1080805884788011D324605
:10C0900040461DF081F8002857D09DB3002687B395
:10C0A000AF422FD34FF42053404601A98DF80460CE
:10C0B000ADF806301DF042F840BB1422002107A85D
:10C0C00028F005FF11212046FFF798FF099000286E
:10C0D00037D001210C30CDE907481CF046FC002385
:10C0E0000A90394603701A4A0B93284607AB1DF095
:10C0F00076FE0A9B1B78FBB90998F8F7BDFE0A2368
:10C1000001E03D4601232A4610210EE042F60103DC
:10C11000404607A98DF81C60ADF81E301DF00EF8E2
:10C120000028CAD010232A46194620461DF0F3FFE6
:10C1300000200CB0BDE8F081204609991DF05AFEA0
:10C14000F6E71120F5E70420F3E70E20F1E700BF42
:10C15000B1BA01002DE9F043036804460D4685B0ED
:10C16000012118681EF067FC40B904F154001DF06D
:10C17000C7FFB0BB122005B0BDE8F083102200213C
:10C18000684628F0A4FE21212046FFF737FF0290E1
:10C1900048B34FF00108DFF85490009405F10C0704
:10C1A0002B8A012B04D8204602991DF023FE18E0AB
:10C1B00038461CF01AFC6B464A46014606468DF886
:10C1C0000C801DF00CFE9DF80C30002BE8D002987E
:10C1D000F8F752FE3246202120469DF80C301DF023
:10C1E0009AFF0020C7E71120C5E700BF05A20300A2
:10C1F0002DE9F043036804460D4685B00121186817
:10C200001EF019FC40B904F154001DF079FFB0BBD9
:10C21000122005B0BDE8F08310220021684628F006
:10C2200056FE0F212046FFF7E9FE029048B34FF07B
:10C230000108DFF85490009405F10C072B8A012BBC
:10C2400004D8204602991DF0D5FD18E038461CF0B0
:10C25000CCFB6B464A46014606468DF80C801DF025
:10C26000BEFD9DF80C30002BE8D00298F8F704FED4
:10C2700032460E2120469DF80C301DF04CFF002068
:10C28000C7E71120C5E700BFA5A10300F0B51D4613
:10C29000036804460E4685B00121186817461EF053
:10C2A000CAFB38B904F154001DF02AFF48BB122024
:10C2B00005B0F0BD65B310220021684628F007FEE6
:10C2C00039462046FFF79AFE029018B3BDF8283091
:10C2D0002946ADF80430012328468DF80C300E4A6B
:10C2E0006B4600941DF07BFD9DF80C305BB102980D
:10C2F000F8F7C2FD2A46314620469DF80C301DF065
:10C300000AFF0020D4E7204602991DF073FDF8E7EC
:10C310000120CDE71120CBE7A5A103002DE9F041D5
:10C320000E8A0446043EF6B2022E08468CB001D0B6
:10C33000102E76D104210C301CF047FB0DF10408BF
:10C3400005884788011D324640461CF025FF00281D
:10C3500069D085B377B3BD422DD8012160681EF046
:10C360006AFB064678BB42F602038DF80000694678
:10C370004046ADF802301CF0E1FE20B342F6030364
:10C38000404606A98DF81860ADF81A301CF0D6FEAC
:10C39000C8B1012D03D14FF6FF739F4213D004F1B2
:10C3A00054001DF0ADFE002814BF002012200CB078
:10C3B000BDE8F0813D4601232A46082120461DF0B4
:10C3C000AAFE0020F3E7182200210DEB020028F05E
:10C3D0007EFD09212046FFF711FE0890F8B10121EA
:10C3E0000C30CDE906481CF0C0FA00230990037018
:10C3F0000A2339468DF82C30284606AB0B4A1DF02F
:10C40000EEFC9DF82C302BB10898F8F735FD9DF81F
:10C410002C30D1E7204608991DF0ECFCD1E7112023
:10C42000C5E70420C3E70E20C1E700BFEDBC010053
:10C430002DE9F0430F460446062187B007F10C00B2
:10C440001CF0C3FA0588B0F802808288D7F80C90F7
:10C45000C5B10023B8F1000F13D0454512D88DF8AF
:10C4600000308DF804304FF42053684601A9ADF830
:10C470000220ADF806301CF061FE064660B10A23CA
:10C4800001E0454601232A46062120461DF043FED1
:10C49000002007B0BDE8F0830146142201A83F7CCC
:10C4A00028F015FD07212046FFF7A8FD0290D8B11E
:10C4B0000A2341468DF81530284601AB0B4ACDE9D9
:10C4C000036901948DF814701DF089FC9DF81530F6
:10C4D0002BB10298F8F7D0FC9DF81530D3E7204631
:10C4E00002991DF087FCD3E71120D2E785BE010039
:10C4F0007FB5CB6804461D885E8885B176B1B542AC
:10C500000DD810220021684628F0E1FC05212046C4
:10C51000FFF774FD019058B9112007E0354601235B
:10C520002A46042120461DF0F6FD002004B070BD0F
:10C530006B4631462846084A00941DF050FC029B89
:10C5400023B90198F8F798FC0A23E9E720460199F6
:10C550001DF050FCE9E700BF119E03002DE9F041FA
:10C5600082B000AF044688460022002339463E4888
:10C570000BF002FA0546C8B13C4803685B070ED0D1
:10C580006D4688B06A463A4BC2E90534032342F847
:10C59000103F00234FF4C251F4F7DAFCAD466FF0C0
:10C5A0000B0630460837BD46BDE8F08128F082FD15
:10C5B000304B3E681A58304B29461A60301D2822ED
:10C5C00028F085FC34603C6800220023C4E9015552
:10C5D000C4E909552948391D7D600BF0CDF906469F
:10C5E000A8B12248036813F0060FD8D023686C4620
:10C5F00088B06A462249C2E90513032342F8103F76
:10C600004FF4C4512B46F4F7A3FCA546C7E77B685B
:10C610000146B022184628F05AFC1A4A82605C3063
:10C6200022F017F87B685433D3E8EF2FC3E8E16FAB
:10C630000029F9D17B681C60636A7D681BB904F12D
:10C640000C0022F006F8626A05F1A803C5F8A820DC
:10C65000A26A636202B9A36217227B685A855A8371
:10C660000433C8F800309CE748100020440F002035
:10C67000A2EF040008000000584A002080100020AB
:10C68000C7EF0400EC0A002008B5437B072B0AD053
:10C690001248036813F0060F03D00221104A1DF060
:10C6A00034FB002008BD04211DF003FB30B90B480A
:10C6B00003685907F5D00B4A0121F0E700F1500358
:10C6C000D3E8AF3FDA0705D4044803685B07E8D036
:10C6D000054AF1E750F8040CE4E700BF440F0020DE
:10C6E000ECEF0400FAEF040065EE04002DE9F14FD1
:10C6F0000546F8F721FB182202FB00F33C49C81855
:10C7000051F803A00021D0E902460779B0F806806D
:10C71000D0F8109028F0DBFBA87AF8F705FB6969E0
:10C72000834649B16B7ADB0704D4436A28461B6809
:10C730009B68984700236B612946584621F0A0FF6B
:10C74000002F48D0002C46D02368002B43D01B6814
:10C75000002B40D0BAF1000F0BD0264803685C07CD
:10C7600039D001215346244A01B0BDE8F04F1AF0F8
:10C7700067BA201D1DF0C5FD3846FFF77BF8052878
:10C7800029D8DFE800F020032820280304F154030F
:10C79000D3E8AF3FD9070BD4164B1B685A071AD002
:10C7A0000121164A134801B0BDE8F04F1DF0ADBAA3
:10C7B000A36D83B10023124A04F1780001B0BDE8F3
:10C7C000F04F0BF08BBD54F8543B1D68D4E8AF3FDD
:10C7D000DB07E1D556B901B0BDE8F08F49462846E0
:10C7E000B0470134A3B29845F8D8F4E70024F9E73C
:10C7F000104A0020440F002015F0040065EE0400EC
:10C800001C4E0E0070B50E461546FFF73DFFC0B139
:10C81000406A60B150F8A84904B1A83C6A1C438B37
:10C82000418D8B4228BF0B469A420CD98CB90C48DB
:10C83000036813F0060F04D002210A4A6B1C1AF099
:10C84000FFF9002070BD2A463146BDE87040FFF771
:10C850008BB9D4F8A83003B1A83B20461C46DEE7CC
:10C86000440F002034F0040007B50B4600210246B7
:10C8700028F020FC01910F4909580F4800688842B0
:10C8800004D00E48D0F8C800884201D100221346D7
:10C8900001A90B480BF070F8014648B9019B1C2216
:10C8A000184628F014FB0346184603B05DF804FB55
:10C8B0000023F9E708000000584A002088420020C1
:10C8C000D410002010B50446806818B1F8F7D4FAE7
:10C8D0000023A3602146BDE81040014821F0B6BD09
:10C8E000D41000202DE9F347044678300E46174651
:10C8F0001D4621F0AFFFA06D78B91A48036813F008
:10C90000060F03D00221184A1DF0FFF9204600F05F
:10C91000DBF8002002B0BDE8F087144B4FF00008B0
:10C92000984205D12068C4F858801DF01BFDF0E73F
:10C93000D0F80490C0F80480A06DD0F818A0FFF7DC
:10C94000C1FF2068C4F858801DF00CFDB9F1000F3C
:10C95000DFD02068CDF800A03B463246294600686B
:10C96000C847D6E7440F00204FF004005C4A00207F
:10C9700070B5054650F8043C044655F80469002B90
:10C980003DD039B1436D002B39D01B7CD90736D54A
:10C9900005231EE0304601F0BDF8737A012B2ED03E
:10C9A000646D64B3237CDA0729D5E368002BEFD0EC
:10C9B00028466269617CFFF7D7F8064680B91048BF
:10C9C00003685B0704D0637C01210E4A1AF038F932
:10C9D0000E2300222846BDE870401146FFF782BFB3
:10C9E000E368D4E90512984718B13046F8F744FADD
:10C9F000EEE731462846FEF777FF0028F5D170BDF7
:10CA0000440F002066F00400F7B550F8044C0546CA
:10CA1000002C55D000F1A40104F124001DF057FBB7
:10CA20002E1F05F158070022002338460BF06EF93F
:10CA3000024658BB6B6D2BB101466FF06703304661
:10CA4000FFF750FF002345F8043C05F15003D3E8FD
:10CA5000EF1F21F00101C3E8E21F002AF7D1636A4A
:10CA600073BB04F10C060022002330460BF04EF994
:10CA700078B9666886B921461248266021F0E6FC3E
:10CA8000286803B0BDE8F04001F060B8F8F7F4F9A9
:10CA9000C9E7F8F7F1F9E6E7A26833689642636000
:10CAA00008BFA36077683FB1B3696FF06701009377
:10CAB000002320681A46B8473046FFF703FFD8E73F
:10CAC00003B0F0BD4810002030B50546044655F8C7
:10CAD000043B89B018681CF0CFFF6946FEF7ACFF35
:10CAE0002846FFF791FF132160681CF037FF0346CB
:10CAF00038B105480268520703D00121034A1AF0F1
:10CB00009FF809B030BD00BF440F002086F004003C
:10CB1000B0B588B050F8783C00AFA0F17804186840
:10CB20001CF0AAFF3946FEF787FF0E4803685B0733
:10CB300011D06D4688B06A460B4BC2E905374FF4F9
:10CB400000739383094B42F8103F00234FF4E251E6
:10CB5000F4F7FEF9AD462046FFF7B6FF2037BD4695
:10CB6000B0BD00BF440F0020A4F00400030000018A
:10CB7000F8B51D460F461646F8F7DEF81823044CA4
:10CB800003FB00400123C0E90376C3800575F8BDAF
:10CB9000104A002008B524F07FFA034648B1064841
:10CBA0000268520703D00121044A1AF049F86FF0D5
:10CBB0000403184608BD00BF5C0F0020D7F0040036
:10CBC00070B50646134D40B12A4615F8011C6C1E7F
:10CBD0001CF032FF98B120460CE028460E491DF0AB
:10CBE00017FD40B90C4905F110001DF011FD20B1F1
:10CBF00005F10F0070BD681EFCE70020FAE7304623
:10CC0000217C04F111021CF017FF0028F5D004F17B
:10CC10001000EFE7914A002067DB040070B50D4C6F
:10CC2000054623780E46834203D1601C1DF0F0FCBC
:10CC300060B9237BAB420BD1314607481DF0E8FCBD
:10CC400018B101200C2303FB004070BD0020F9E760
:10CC50000020FAE7665700207357002038B54A1CB9
:10CC60000C46054668B910460D491DF0D1FC30B997
:10CC70000B4904F10B001DF0CBFC70B10A342046C7
:10CC80000CE009781CF0D8FE0028F8D12846A17ADB
:10CC900004F10B021CF0D0FEEFE7002038BD00BF0E
:10CCA00067DB04002DE9F04180460F4616461D461D
:10CCB000FFF7B4FF044698B91049FFF7AFFF0446E9
:10CCC00048B90F4803685B0716D0BDE8F041012161
:10CCD0000C4A19F0ACBF394600F8018B1DF0B4FCCA
:10CCE000228963891AB92BB92681658104E09642AD
:10CCF00038BF26819D42F8D8BDE8F08167DB04008B
:10CD00005C0F0020EDF0040010B5012109481DF072
:10CD10008AFC38B90849094A0B88094CA24202D357
:10CD200000B10B8010BD5068083203449BB2012053
:10CD3000F4E700BFB04A00207E570020EC5D0400FD
:10CD4000045E04001FB519464FF428131046064A26
:10CD5000CDE902230823BDF8182000936B441DF091
:10CD6000CFFC05B05DF804FB18002800024608B5AA
:10CD7000074901301DF068FC00230C3202F8043C26
:10CD8000D2E8EF1FC2E8E03F0028F9D108BD00BF9C
:10CD900067DB040070B505460C46104800211DF005
:10CDA00042FC0F4B70B91D835C830C481DF038FCAE
:10CDB00083070DD4BDE8704040F2391200230948C2
:10CDC0000BF08CBA198B5A8BA94202D89442EBD83B
:10CDD00070BD94421D83E8D9E6E700BF18310020FA
:10CDE000C8300020E830002010B56FF00201044682
:10CDF0000F481DF030FC0E481DF012FCC20704D590
:10CE0000002200230B480BF069FA20461DF070FB4E
:10CE100060B12046FFF7D4FE40B1037ADB0705D5A9
:10CE2000BDE8104000210C301DF0FDBB10BD00BF5F
:10CE300018310020E83000202DE9F047284B164635
:10CE4000826807469A422BD1C568AB8A43B34FF03C
:10CE500000086C1C05F11509B4F807309BB1224697
:10CE6000304614F8011C1CF0E7FDE0B9214614F827
:10CE7000010CFEF75DF930B1437B072B08BF4FF083
:10CE80000108FDF7FDFC0A344C45E5D1B8F1000F6F
:10CE900006D1AB69A5F8148013B1414638469847CE
:10CEA0000120BDE8F08706F1700A5146307A1CF087
:10CEB000A2FA78B90B4B9D4202D130461DF0CAFC54
:10CEC000204609491DF0C0FB002304F8013CA4F8EA
:10CED0000730D8E7514620461DF0B6FBD3E700BF28
:10CEE000EDCE01002C0B002067DB04002DE9F84398
:10CEF0001E46BDF8203081460F46D1F80C80002B2D
:10CF000049D1731E012B49D8012E4146157818BF0F
:10CF10001588FFF7A3FE0446E0B915B93046BDE811
:10CF2000F8834146FFF79AFE044658B91D48036846
:10CF300013F0060F03D002211B4A19F078FE6FF0A0
:10CF40001000ECE709F1700101301DF07DFB99F84C
:10CF500008302370D8F81C308BB92581B8F814300C
:10CF6000AB4203D0414638461DF0A6FB002DD5D17B
:10CF70000E49601C1DF068FB25702581CEE72A460E
:10CF80003946484698470028C9DB01380128E4D9CA
:10CF90006FF00D00C3E76FF00600C0E76FF00C0004
:10CFA000BDE700BF5C0F00200CF1040067DB04004C
:10CFB0002DE9F0411E46BDF818300746012B90467A
:10CFC0003AD83344012B354639DCFFF7F9FD0446E6
:10CFD00088B9FFF7F5FD044668B91C48036813F0EB
:10CFE000060F03D002211A4A19F021FE6FF0100536
:10CFF0002846BDE8F08196B10023217A98F80020F8
:10D0000021FA03F0C60703D522FA03F0C00719D5A9
:10D010000133032BF4D102F007021143217207F10F
:10D020007001601C1DF010FB20463B7A002100F8C7
:10D030000C3B1DF0F8FADBE76FF00605D8E76FF060
:10D040000C05D5E76FF01205D2E700BF5C0F00209A
:10D0500026F1040008B500210B481DF0E4FA88B958
:10D06000FFF752FE09490A4821F0E8FB002340F28D
:10D0700039120748FAF73AFCBDE808400549064866
:10D0800021F0DCBB08BD00BFB04A002061D3010025
:10D0900070300020D1D60100E830002003462DE991
:10D0A000F04148B1008A38B901244FF0140C1149FD
:10D0B000DFF844E0714501D3BDE8F081D1E90076A5
:10D0C000BB4204D30CFB0672143A93420ED934448B
:10D0D000A2B214460831EDE70CFB0578434507D0B2
:10D0E00001356219B54292B2F6D1F2E70025F8E7B0
:10D0F0001046E1E7EC5D0400045E04002DE9F04F0A
:10D1000089B09946BDF8483004460F4690461BB991
:10D110004FF6FF73ADF84830314B1B88A34230D235
:10D12000BDF84830ADF81E302E4B1D687DBB09B0F0
:10D13000BDE8F08F69685144A14220D289B28A4685
:10D140000835294B9D42F5D3EAE7149B28680493E0
:10D15000139B2246039312ABCDE901930BFB060010
:10D160003B46CDF800801DF081FA0028DFD0013663
:10D170006B680AEB0601B34289B2E6D8DFE7002606
:10D18000F6E74FF0010A4FF0140B184DD9E74FF0B6
:10D19000140A083D0DF11E0BAE68BEB96B689E42C5
:10D1A00019D22868149B0AFB0600018A0493139B7A
:10D1B0002246CDE902B3CDE900893B461DF056FA7F
:10D1C0000028B4D00136E9E70026E7E756F8083C26
:10D1D0001B8AA342F8D8AD68002DA8D0083DDBE734
:10D1E0007E570020B44A0020045E0400EC5D040079
:10D1F000002110B5ADF5527D182205A8CDE900112A
:10D20000CDE9021127F063FE4FF41053ADF8103052
:10D2100080231022ADF812304FF480632B4C694606
:10D22000CDE906340DEB0200D0AB13F0E1FD03466F
:10D2300050B127480268510703D0264A012119F04E
:10D24000FFFC0DF5527D10BD01464FF445720BA851
:10D2500027F03DFE2246D0990BA823F01AFF034683
:10D2600028B11B4802685207EBD01B4AE6E74FF68D
:10D27000FF710120194A0BAB1DF05EFB102218490B
:10D2800004AB0BA823F01CFF0446D09813F06EFDEE
:10D2900034B10F4803685B07D3D0124A2346CDE769
:10D2A0000F4B03F11002197812F8010D0134082C0C
:10D2B00003F8010B1170F6D10B4BD3E8EF1F41F0CF
:10D2C0000801C3E8E21F002ABBD0F6E70002C00352
:10D2D0005C0F002052F104007BF104006BA50300F9
:10D2E0006030002099F10400183100202DE9F04150
:10D2F00018490446A1F1300015461E46BDF81870C5
:10D3000021F0BBFA14481DF08BF9010701D4FFF797
:10D310006FFF2046FFF754FC88B1037ADA070ED579
:10D3200000F10C0420461DF07BF9C30707D4D4E8B4
:10D33000EF3F43F00203C4E8E23F002AF7D1102395
:10D340003A46069331462846BDE8F041034B1DF0AE
:10D35000D7B900BFA0300020183100206030002075
:10D3600008B505481DF05CF9030703D4BDE8084083
:10D37000FFF73EBF08BD00BF18310020002307B5EE
:10D380000193FFF78BFE411C89B20846034A01ABAB
:10D390001DF0D2FA019803B05DF804FB1BA803004E
:10D3A0002DE9F04387B0437B8046072B0C46164699
:10D3B00002AF40F0B08000233B7342F603032068C5
:10D3C000FB8107F10C011BF0B9FE054600283FD197
:10D3D000D4F80490B9F1000F09D1514803685C07F3
:10D3E00000F0998001214F4A19F021FC93E00123BC
:10D3F0002146009007F10802C847031E15DA484885
:10D400000268510700F087806E4688B002AAD36197
:10D4100004234549C2E9051442F8103F4FF4015175
:10D420002B46F3F795FDB54675E0012B08D03C4837
:10D43000026852076FD001213C4A19F001FC6AE0F2
:10D440003B7A13F0300F66D02046FFF797FF044673
:10D45000002320683B7342F6021307F10C01FB81A5
:10D460001BF06CFE18B12046FFF788FF044600252C
:10D4700042F60219206839463D70A7F802901BF069
:10D480005DFE10BB002320683B7342F6021307F1D8
:10D490000C01FB811BF052FE054600283BD1D4F85D
:10D4A0000490B9F1000F98D0022300902146404625
:10D4B00007F10C02C847031EA1DB022BB7D1BB89C1
:10D4C0001E4214BF0120002026E042F6030320681C
:10D4D000391D3D71FB801BF031FE0028D2D04FF486
:10D4E0002053206807F108013D727B811BF026FE66
:10D4F0000028C7D042F60103206807F10C013D73F4
:10D50000FB811BF01BFE0028BCD02046FFF736FF36
:10D5100004460028AED100201437BD46BDE8F08394
:10D520005C0F0020AFF10400C3F10400E9F1040036
:10D530002DE9F843154689469422696806461DF090
:10D5400008FA8046002841D1022230466968FFF778
:10D5500027FF00283DD000211F48AF8AFFF784F93C
:10D560000237044680B11D211C4B47613A46417485
:10D57000C0F80C80436085613046FFF743F90746E9
:10D5800038B92046FFF79EF96FF00B052846BDE835
:10D59000F883012342464146FFF7EAFAA98A07F1D8
:10D5A0000C0002311BF0E1F920F8029BAA8A2969DC
:10D5B00027F066FC21463046A7601CF07CFF05463C
:10D5C0000028E3D02046FFF77DF9DFE74FF0FF3575
:10D5D000DCE76FF01505D9E71C4E0E0035A50300FA
:10D5E00030B504468BB037481DF01AF842070D4697
:10D5F00061D514B1637B072B60D168680590FFF794
:10D600004DFD2A68ADF818003AB305A902912E49DC
:10D6100000230191012100914FF6FF710593FFF75F
:10D620006DFD059B1BB96FF001000BB030BD6B6049
:10D63000059B04A9186800238DF8103042F60303F7
:10D64000ADF812301BF07AFD70B90598C3689B796C
:10D650009B0605D46FF01500E7E70028E8D1E2E764
:10D660001DF023F9ADF81800BDF818003CB10123F6
:10D6700001462A462046AB75FFF75AFFD5E76FF003
:10D680007F0307930223ADF8203042F60213ADF872
:10D69000123005ABAC7502930C4B4FF6FF71019342
:10D6A000012304AA0093234609958DF81040FFF743
:10D6B00025FD0798B9E76FF00A00B6E76FF07F0025
:10D6C000B3E700BFCC04002063A5030059D90100D3
:10D6D00073B5044650F8083C00F130056FF00101C5
:10D6E000A0F12006284601931CF0B5FF0F4B002047
:10D6F00044F81C3C0E4B314644F8183C01AB44F84E
:10D70000103C042324F8080C24F8060C24F80C3CE4
:10D71000FFF766FF38B9D5E8EF3F43F00203C5E8ED
:10D72000E23F002AF7D102B070BD00BFE4720400EE
:10D73000E9CD01002DE9F84F90461468434B82680B
:10D7400005469A4200AF7DD1D0F80C9009F1010650
:10D7500009F1150AB6F807301BB33246204616F811
:10D76000011C1CF069F9E0B14FF49572294620467E
:10D770001DF0EFF8034650B3032816D13448026871
:10D7800012F0060F0DD0EB4688B06A463149C2E967
:10D79000051542F8103F00234FF4C451F3F7D8FBAE
:10D7A000DD460A365645D5D14CE0052820460CBF4B
:10D7B0004FF0030B4FF0020B1CF038F9834506D9EC
:10D7C00098F804305B45ECD288F804B0E9E74946A4
:10D7D00028461CF071FF204B994533D1207A04F183
:10D7E0007001FFF71BFA054660B303890BB9438943
:10D7F00043B32046FDF7B0F92B89184A698922F80E
:10D80000203002EB8003598018231549154D03FB86
:10D81000001300B202EB80021A61042200EB400008
:10D820005D60114D01EBC00120469D609A82FFF7BB
:10D83000D7FE38B1064803685B0703D001210B4AC5
:10D8400019F0F5F90120BD46BDE8F88FEDCE0100D5
:10D850005C0F002002F204002C0B00206257002015
:10D86000784A0020E472040021A8030016F20400A4
:10D8700030B504468BB035481CF0D2FE42070D4649
:10D880005DD514B1637B072B5CD168680590FFF709
:10D8900005FC2A68ADF818003AB305A902912C4995
:10D8A00000230191012100914FF6FF710593FFF7CD
:10D8B00025FC059B1BB96FF001000BB030BD6B6000
:10D8C000059B04A9186800238DF8103042F6030365
:10D8D000ADF812301BF032FC70B90598C3689B7923
:10D8E000DB0605D46FF01500E7E70028E8D1E2E792
:10D8F0001CF0DBFFADF81800BDF818002CB1014694
:10D900002A4620461DF060F8D7E76FF07F0342F605
:10D91000021207930123ADF8122005AA02920D4AC4
:10D92000ADF82030CDE900324FF6FF71234604AA4E
:10D9300009958DF81040FFF7E1FB0798BDE76FF000
:10D940000A00BAE76FF07F00B7E700BFCC04002001
:10D9500063A5030059D901002DE9F84F1446444B43
:10D96000826881469A4236D1D0F80CA0414B9A4544
:10D9700019D10026404D414F394628461CF048FE3B
:10D9800078B90722294615F8010CFDF729FC38BBA8
:10D99000236929461A6915F8010C53881288FFF784
:10D9A00081F90C35D6B10AF101070AF1150BB7F868
:10D9B0000720A3899A420BD1394617F8010CFDF7CD
:10D9C000B7FB054620B1437B072B0CD0FCF758FF73
:10D9D0000A375F45EBD14FF0010846E00126CBE75F
:10D9E000FCF74EFFDDE7DAF8203023B149469847CF
:10D9F00008B92846EAE79422494628461CF0A9FFC0
:10DA000080460028F5D1A389022B15D1B7F807303D
:10DA100013F0020604D12846FCF732FFA660D7E7D0
:10DA200028462269A188FFF783FD0646B8B9226916
:10DA3000937D01339375EEE7012B05D02846FCF763
:10DA40001FFFC4F80880C3E7B7F8073013F00106DA
:10DA5000E1D028462269A1881CF0B6FF0646284678
:10DA6000FCF70EFF002EA660B2DA4046BDE8F88F44
:10DA7000EDCE01002C0B00206757002067DB04006F
:10DA800013B50446009001204FF6FF716B460E4A15
:10DA90008DF804001CF050FF20461BF0C7FF9DF8D6
:10DAA000041088420DD220461BF08FFF034640B180
:10DAB0000648026812F0060F03D00221044A19F04A
:10DAC000BFF802B010BD00BF35D701005C0F0020C9
:10DAD00033F20400F8B50E4B05461B680E46174698
:10DAE000A3B11C6804B1043C53F8043C1BB13A4692
:10DAF0003146284698474CB1234664681B681CB1E0
:10DB0000043C002BF3D1F7E7002BF0D1F8BD00BFA8
:10DB1000BC4A002037B5012504464FF6FF7100903E
:10DB20006B462846084A8DF804501CF005FF00217A
:10DB300020461CF080FF20B94FF6FF712846FFF702
:10DB400029F903B030BD00BF35D7010070B50446D8
:10DB500003464FF6FF7101200D4A1CF0EDFE2046F2
:10DB6000FFF72EF8054688B104F170063146207A99
:10DB70001BF041FC20B92846BDE87040FFF7F6B81D
:10DB80003146681CBDE870401CF05EBD70BD00BF32
:10DB900039CE010008B5054B014618461CF08BFF35
:10DBA000043B002814BF1846002008BD2431002083
:10DBB000084B00F5B8701A68074BD0E8EF1F994280
:10DBC00004D1C0E8EC2FBCF1000FF6D1D0E8AF0FC4
:10DBD000704700BFBC4900202031002008B5FFF786
:10DBE000E7FF0346C8B1D0E9001221B9002A0CBFF3
:10DBF0000320022010E032B1836813B9094B1B786F
:10DC000033B9042008E00749087828B19B6833B984
:10DC1000003A18BF0122500008BD0320FCE7012094
:10DC2000FAE700BF4A59002008B5054803685B07BA
:10DC300003D00121034A1CF03CFF002008BD00BFB7
:10DC40007C0F002067F204000023024A00F5A07058
:10DC50000AF044BB1C4E0E000448036813F0060F84
:10DC600003D00221024A1CF024BF70477C0F002021
:10DC700082F2040038B5002304461A46EC300D4603
:10DC8000FDF71CFC70B1693007D1094803685B07D8
:10DC900003D00121074A1CF00CFF2846BDE838409C
:10DCA000F7F7EAB82046BDE83840FFF7CDBF00BF20
:10DCB0007C0F002092EE040038B50446051D0821B3
:10DCC00028461CF048FF0A4904F15700FCF7A6FB60
:10DCD00060B1284608211CF024FF064803685B0752
:10DCE00003D00121044A1CF0E4FE082038BD00BF27
:10DCF00005AE03007C0F00209BF2040038B50546FA
:10DD0000EC22002127F0E3F8102105F1270005F0AF
:10DD100087FA044648B9052128461CF01CFFFCF789
:10DD20006FFB034B1860204638BD0824FBE700BF9B
:10DD3000C44A002070B5051D0E46284604211CF07B
:10DD4000BAFE68B10022002100230846FDF79CFBC3
:10DD5000044638B9042128461CF0FDFE204670BD5B
:10DD6000034AF0E701210C301AF0FFFD0670F5E7D9
:10DD70001C4E0E0070B504460E4686B0FFF718FF25
:10DD800004F137021146F368054603F1100053F819
:10DD9000046B834241F8046BF9D1237A052B00F21E
:10DDA0009980DFE803F017232303976E02AB4F49F6
:10DDB0000093096804F1270304F1570001F0EEFA1B
:10DDC00050BB0A21201D1CF0C6FEAB680299D4F896
:10DDD000EC00984720460D211CF0BDFE201D1021AF
:10DDE0001CF0B9FE20461CF0C6FE24E094F8DC10BE
:10DDF000D4F8D83002ADCB403C4903F00103009584
:10DE0000096843F0800304F157001DF0AFF850B1EA
:10DE1000374803685C0701D108200CE00121354A2E
:10DE20001CF047FEF8E71022294604F1170027F0FE
:10DE300056F810B1042006B070BD032120461CF036
:10DE40008AFE1CF098FE0028F5D194F8DC300133EE
:10DE5000DBB2142B84F8DC3009D10D2120461CF0F4
:10DE60007AFE1021201D1CF076FE0020E3E7102131
:10DE700004F1270005F0D4F9003818BF0120C000D4
:10DE8000D9E7102104F1270005F0CAF90028C3D111
:10DE90004DB3EB683BB3184BE27A1B88D107ADF862
:10DEA0000830A37C03F0010312D4002B14BF01231C
:10DEB00003238DF809300023201DC4E938330C21D9
:10DEC0001CF049FEEB68D4F8EC0002A99847CCE7B7
:10DED0005B00EEE70648026852079DD00121074A21
:10DEE0001CF02AFE98E70220A5E700BFC44A0020E4
:10DEF0007C0F0020B4F204009C650400CDF2040005
:10DF00002DE9F047044690B00CAD102200212846C0
:10DF100026F0DDFF237A052B37D8DFE803F0060370
:10DF200003063626D4F8D8300C93D4F8EC3004F13C
:10DF3000470204F1C707CDE9017204F1370803F184
:10DF40007E0204F12709009241464A46773304F1E4
:10DF5000970001F0BBF920B34C48036859071CD067
:10DF60004B4A01211CF0A5FD17E0D4F8E430002B4A
:10DF7000DBD02E4603F11007324618685968083383
:10DF800003C2BB421646F7D1CFE7404802685407A8
:10DF900003D001213F4A1CF0CFFD082010B0BDE89E
:10DFA000F087D4F8EC3008AE03F177027E330193AA
:10DFB00004F111030292009342462B46494638462B
:10DFC00003961CF0F8FF28B1304803685A07E4D0E4
:10DFD000314AC6E7237A052B0ED1D4F8E01031B3CD
:10DFE0000B46AC4601F1100E6246186859680833BA
:10DFF00003C273459446F7D1D4F8EC300DF1100A02
:10E0000003F17E027733019304F10A030292009335
:10E010004A462B4641463846CDF80CA01CF0CBFFB3
:10E0200050B11A4803685B07B7D01C4A99E7102221
:10E03000284626F04CFFDFE71022514604F1B700D6
:10E0400026F04DFFF8B90D212046FFF773FE074675
:10E050000028A2D010210C301AF087FC324603466B
:10E06000164603CEAE4218605960324603F10803EB
:10E07000F6D139462046FFF7FDFD201D01211CF099
:10E080006AFD00208AE70B2088E700BF7C0F002094
:10E09000E9F20400CDF20400FEF2040021F30400D2
:10E0A00073B5047A0546022C23D844B190F8DC30CD
:10E0B000D0F8D840DC4004F0010444F0800403218F
:10E0C0002846FFF737FE0646F0B110210C301AF053
:10E0D0004CFC009014482346006805F1270205F126
:10E0E00057011CF043FF044698B13046F6F7C4FED2
:10E0F0000AE0032C0BD00D4803685B0704D02346CD
:10E1000001210B4A1CF018FD082002B070BD00244C
:10E11000D5E731462846FFF7ADFD281D21461CF006
:10E1200000FD2046F1E700BFC44A00207C0F00201C
:10E13000CDF2040070B5061DCD6804460B213046B3
:10E140001CF0EFFC2B4604F1170205F1100153F807
:10E15000040B8B4242F8040BF9D1237A012B09D02E
:10E16000022B13D1204604211CF0F5FCBDE87040C1
:10E17000FFF796BF0A2130461CF09DFC0028F1D025
:10E18000304600211CF0E7FC002070BD0548026805
:10E19000520701D10820F8E70121034A1CF0CCFC0A
:10E1A000F8E700BF7C0F0020CDF20400F7B504466D
:10E1B000FFF7FEFC251D06460E2128461CF07BFCC1
:10E1C00090B9524B2022196804F1570026F087FEBF
:10E1D00050B94F48036813F0060F03D002214D4A8F
:10E1E0001CF067FC082033E00C212046FFF7A2FD5D
:10E1F00007460028F6D040210C301AF0B6FB434BFE
:10E2000002461B68014603F1200053F804CB834209
:10E2100041F804CBF9D1203203F1200153F8040B6B
:10E220008B4242F8040BF9D139462046FFF722FD14
:10E23000237A052B5DD8DFE803F0033C0D035C591E
:10E24000042120461CF087FCFFF72AFF00283FD05E
:10E2500003B0F0BD2046D4F8EC70FFF7A9FC042110
:10E260004FF0FF3306460DEB0100019304F0D8FF99
:10E270000028B7D1019B284A84F8DC00B3FBF2F1F7
:10E2800002FB11330193C4F8D83056B1336843B15F
:10E290000B2128461CF05FFC38463368D4F8D810B0
:10E2A0009847032120461CF056FC0E211CF053FC1D
:10E2B0000EE0204603211CF04EFC0E211CF04BFC0E
:10E2C00028460A211CF047FC7368D4F8EC009847F4
:10E2D000284607211CF03FFC0820FFF75BFC90B9A3
:10E2E000204603B0BDE8F040FFF7E6BC042120461D
:10E2F000DCE70748026852073FF474AF0121074A80
:10E300001CF01AFC6EE70020A2E700BFC44A002000
:10E310007C0F002045F3040040420F00CDF20400C2
:10E3200070B504460E4604F15705FFF741FC2A4636
:10E33000F36803F1200153F8040B8B4242F8040BFD
:10E34000F9D104F1770203F1200153F8040B8B4259
:10E3500042F8040BF9D12846FBF792FF28B3214875
:10E36000036803F00703022B03D903211E4A1CF0A4
:10E37000A0FB0E21201D1CF0EEFBD4F8EC50D5F8CC
:10E38000A43033B9287A05F1700100F0FDFEC5F81C
:10E39000A400D5F8A430BBB1DA8902F024029AB106
:10E3A0005B7B9B0710D4032070BD2846FBF774FFEE
:10E3B00050B90C48036813F0060F03D002210B4A32
:10E3C0001CF077FB0B20EFE7094B1D682DB9201DD2
:10E3D00006211CF0C0FB2846E6E72046BDE8704059
:10E3E000FFF7E4BE7C0F002060F3040081F304001B
:10E3F000C44A002038B504460D49A0F1EC0554305C
:10E4000020F01CFA28461CF019FC0A4A04F1840387
:10E41000D3E8EF1FC3E8E02F0028F9D14FF0FF3316
:10E420008834D4E8EF2FC4E8E13F0029F9D138BDA2
:10E43000C5EF01002031002098B503460B4800AF1E
:10E44000026852070ED06C4688B06A460849C2E995
:10E450000513032342F8103F00234FF4C251F2F793
:10E4600077FDA5466FF00B00BD4698BD7C0F0020E0
:10E470009DF30400054BD3F8EC200AB1FFF7DCBF95
:10E480000348EC33586010460B6070472031002081
:10E49000E87304002DE9F0410B46064600AF0D215C
:10E4A00004301CF008FB98B3DD68D6F8EC3002208D
:10E4B00003F170084246197A1CF01EFD0446E8B9C3
:10E4C000164D2B685B0715D04046F9F7B3F96E4639
:10E4D00088B06A46124BC2E905304FF4007393834B
:10E4E000104B42F8103F4FF4E25123462846F2F712
:10E4F0002FFDB5460820BD46BDE8F0812B462A34E5
:10E5000005F1100253F8041B934244F8041BF9D19F
:10E51000304609211CF01FFB0020ECE77C0F002097
:10E52000C2F304000300000138B5134B05461B7805
:10E53000E3B101F00F042846FFF750FB0F4B03280F
:10E540001B780CBF04F00B0444F0040405F5BA700A
:10E55000D0E8EF2F013203D1C0E8E13F0029F7D125
:10E56000D0E8AF3F2BB144F0010038BD01F0070403
:10E57000E1E704F0FE00F8E74A590020D10E002040
:10E58000F8B50D460446D0F8EC60FFF711FBEF68D4
:10E59000FB78102B01D00620F8BDD6F8A4305BB173
:10E5A000251D0F2128461CF086FA80B92046FFF76A
:10E5B000A5FB60B1C0B2EFE7307A06F1700100F060
:10E5C000E3FDC6F8A4000028EAD10820E4E701230F
:10E5D00063723B682046C4F80A30BB88E38102239B
:10E5E0002374B978FFF7A0FFE0742046FFF7F6FA2E
:10E5F0001023607423753B7903F0030363757B7903
:10E6000003F00103A375E37C1A070CD5BB781B0745
:10E6100009D5052128461CF09EFA637D03F002030C
:10E6200063750023A375052128461CF044FA0028D1
:10E6300043D04C4B1B78A374E37C980606D5BB787B
:10E64000990603D5142128461CF085FAE37CDA07E5
:10E6500035D5BB78DB0732D50D2128461CF07BFA77
:10E66000A37D032184F8E830637D284684F8E930EF
:10E670001CF071FA237BE17C3F7803EA010210076A
:10E6800004D5E27AA07C0243D2071CD4042F1CD804
:10E690000B4313F0040307D02046FFF79FFA324BD9
:10E6A00007EB87073B441B5C23722046D6F8A41077
:10E6B0001CF007FA58B903206EE72C4BBAE7002389
:10E6C0006375A375CCE70523EEE70023ECE7D4F8E8
:10E6D000EC309B7A032B36D024D8013B012B3FF63C
:10E6E00074AF052128461CF0E6F90028E3D00C2180
:10E6F00020461CF030FA0221FFF71CFB05460028DB
:10E700003FF463AF06210C301AF02FF9D4F8113022
:10E7100029460360B4F8153083802046FFF7AAFA33
:10E72000002039E7042B7FF450AF237D627B9342B6
:10E7300028BF1346102B7FF42EAF052128461CF06E
:10E74000BAF90028B7D0237A002BB4D00521284687
:10E750001CF0B1F90028C4D1237A013B012BC0D8A9
:10E76000A9E700BF4C590020D6F504004B59002002
:10E770002DE9F041C6780446012E04D06FF015044F
:10E780002046BDE8F0811CF0D9F90546002800F0CC
:10E79000AB80071D042138461CF08DF9002840F09D
:10E7A000A680032138461CF086F910B16FF00F04E3
:10E7B000E6E7314638461CF07EF90028F6D12846B7
:10E7C000FFF7F6F9D5F8EC3006469B7A032B42D0DA
:10E7D00032D8013B012B48D90F21201D1CF06BF9C9
:10E7E0000028CBD1D4F8A43083B904F170063246A6
:10E7F0002020217A00F0FCFCC4F8A40030B9324695
:10E800000420217A00F0F4FCC4F8A400D4F8A43069
:10E81000002BB3D0DA8912F0240FAFD0A17A0229ED
:10E8200023D9587BC007A9D503291ED09206A5D5A8
:10E830001B7B102BA2D118E0042BCDD12846FFF76B
:10E84000CDF9032804D1002EC6D0F368002BC3D025
:10E85000284B1B7807E02846FFF7C0F9032804D1AE
:10E86000002EB9D0F368002BB6D0D4F8A4303BB159
:10E870002846FFF743FA044670B16FF068047FE75B
:10E88000207A04F1700100F07FFCC4F8A400002895
:10E89000EED16FF00B0473E70B212846FFF74AFA1D
:10E8A00006460028E9D001210C301AF05EF8092153
:10E8B00080462846FFF738FE2346224688F80000A7
:10E8C000314605F1EC00FCF7F9FD044618B130467D
:10E8D000F6F7D2FA54E738460F211CF03CF9012133
:10E8E00028461CF038F94BE76FF07F0448E76FF0DB
:10E8F000040445E74A590020F8B5D0F8EC40064634
:10E90000D4F8A430051D002B38D14148036813F01A
:10E91000060F2ED107213F4B5F5CD4F8A4304BB1DA
:10E920001B7B002B5CD1D4F8A4001CF0F9FA002367
:10E93000C4F8A430022128461CF0BDF848B9072FBE
:10E9400094BF354B1F213A46204698BFD95DFCF74E
:10E950009BFB032128461CF0AEF860B32F4B1B68CD
:10E960004BB31D6805B10C3D53F8083C002B40D15A
:10E9700042E002212A4A1CF09CF8CBE751BB0D2152
:10E9800028461CF098F8254B07461B689BB11D686C
:10E9900005B10C3D53F80C3C13B13946204698475D
:10E9A0004DB12B46ED681B681DB10C3D002BF4D119
:10E9B000F7E7002BF1D130461CF040F9637B072BC1
:10E9C00024D1627AA37A9A4220D02046BDE8F8404A
:10E9D000FFF7CEBE0139C9B20E299CD909279CE7A1
:10E9E000022128461CF067F800289CD1A2E70C3DC4
:10E9F00023B1394620469847002DDCD02B46ED68E0
:10EA00005B68002DF3D1002BF3D1D4E7F8BD00BF34
:10EA10007C0F0020C7F50400B6F50400B4490020BF
:10EA2000DCF30400F8B5031D06460F461846022124
:10EA30001CF041F8044620B1B6F8E840B4FA84F47A
:10EA40006409032118461CF036F8A0B13946304657
:10EA5000FFF752FFE4B11C48036813F0060F03D020
:10EA600002211A4A1CF025F80521D6F8EC001AF00C
:10EA700075FF0020F8BD012118461CF01CF8002885
:10EA8000E4D10F2118461CF016F80028DED1E1E78A
:10EA900005213046FFF74EF9054688B101210C30BB
:10EAA00019F063FF234607702246294606F1EC0061
:10EAB000FCF704FD0028DCD02846F6F7DDF9D8E79E
:10EAC0006FF06800D6E700BF7C0F002006F404005A
:10EAD000124B10B5044618604FF0FF324FF0FF3371
:10EAE0000F4809F04BF80F4809F0FEFB0C4809F0FD
:10EAF000BDF81CB9BDE81040FFF7AEB80A4B1C1FAB
:10EB0000D3E8AF3F5B0607D52046FFF74FFB014632
:10EB100010B12046FFF786FF10BD00BFC44A002099
:10EB2000680B00207C0B0020243100202DE9F341EC
:10EB30000B8A04460E465BB9394803685C0703D06C
:10EB40000121384A1BF0B5FF002002B0BDE8F0817A
:10EB5000012106F10C0019F038FFA4F1EC05E83CA6
:10EB60000746042120461BF0A6FF50B12C4803683D
:10EB700013F0060FE8D03B782B4A02211BF0DCFF94
:10EB8000E2E73B780E2B06D92548026812F0060F03
:10EB9000DAD0264AF1E7DFF8988058F833206AB9CE
:10EBA0001F48026812F0060F03D00221214A1BF011
:10EBB000C3FF07212846FFF735FFC5E7194628465A
:10EBC0001CF02AF888B91648036813F0060F04D021
:10EBD00002213B78184A1BF0AFFF032120461BF0AF
:10EBE0006AFF0028B0D00821E4E73A78338A08EBBE
:10EBF000C201097999420AD009480168490704D03D
:10EC0000012100920D4A18F025F80A21D2E7314679
:10EC1000284658F8323098470146002894D0C9E772
:10EC20007C0F00205EF4040079F40400AAF40400D0
:10EC300010740400CCF40400E6F4040045EF040072
:10EC40002DE9F04385B090F8E930D1F80C8023F03D
:10EC5000020380F8E93098F800300546D0F8EC60FF
:10EC600000AF002B3DD098F8063003F0C003C02B56
:10EC700037D0684C236858072ED04046F8F7DAFDA5
:10EC80006D4688B06A464FF40079634BDFF88C819B
:10EC9000C2E90530A2F81C9042F8108F00234FF40F
:10ECA000E2512046F2F754F92368AD46590713D0D4
:10ECB00006F17000F8F7BEFD88B06A46584BA2F81E
:10ECC0001C90C2E9053042F8108F00234FF4E25146
:10ECD0002046F2F73DF9AD460A201437BD46BDE89F
:10ECE000F08306F1700907224146484626F0F7F8FE
:10ECF00068B14146307A00F0D7FA044638B101468F
:10ED000028461BF0DEFE48B320461CF009F90D2111
:10ED1000281D1BF0D0FE00286AD04A460220317A16
:10ED20001CF0EAF80446D8B93A4D2B685A0715D0BA
:10ED30004846F8F77FFD6E4688B06A46394BC2E90F
:10ED400005304FF400739383344B42F8103F4FF477
:10ED5000E25123462846F2F7FBF8B5460820BCE707
:10ED6000F378002B3ED106F17E031878012829D1D3
:10ED70009A7902F0C002402A24D1D3F80120C4F8C5
:10ED80003A20B3F80530E38796F87030D3B196F89F
:10ED9000763003F0C003C02B14D023493A1DC7E9D5
:10EDA0000198FC60FBF786FED8F800303046C4F8C6
:10EDB0000130B8F80430A4F8053098F80630E37153
:10EDC000FCF732F900212046FAF762FC68B11148DD
:10EDD000036813F0060F03D00221144A1BF069FEEA
:10EDE00003207AE706F17703BFE72046FAF762FCD3
:10EDF00095F8E9305B0703D50A2128461BF0ABFEE6
:10EE0000B5F8E81009B1002067E72846FFF774FD60
:10EE1000F9E700BF7C0F002001F5040003000001AA
:10EE20007FF50400C2F3040073AC030015F5040081
:10EE30002DE9F0410E460446D0F8EC80FEF7B8FE0E
:10EE400005461248F66803685B0704D00121337851
:10EE50000F4A1BF071FE271D0A2138461BF0DCFE0D
:10EE600038B16DB920463178FFF746FD0020BDE886
:10EE7000F0810B2138461BF0CFFE0028F1D1F1E7DD
:10EE80002B69002BEED040469847EBE77C0F002023
:10EE900050F504002DE9F8430546A0F1E8060446C4
:10EEA000884600AF0121304655F8EC991BF0B4FEBE
:10EEB00038B3B8F1000F19D0032130461BF0FBFD29
:10EEC000F8B14046F9F740FB0138C0B208288CBFC2
:10EED0000024384B4FF0020198BF1C5C30461BF0F9
:10EEE0003AFE21462846FFF707FD0AE099F80B3065
:10EEF0003BB1032130461BF0DEFD28B928461BF04C
:10EF00009DFEBD46BDE8F883052130461BF0D3FDCC
:10EF1000B8B114F8043C1A0707D514F8033C1B07D2
:10EF200003D5112130461BF016FE14F8043C23F0E3
:10EF3000080304F8043C14F8033C23F0080304F825
:10EF4000033C14F8033CD80710D5062128461BF0D3
:10EF500002FE304602211BF0FEFD2068D0F8A460BE
:10EF600066B134F8041C0029CBD1BBE7990701D561
:10EF70000821EBE75A07ECD50A21E7E70E4C236896
:10EF80005B07BED07030F8F755FC6D4688B06A4616
:10EF90000A4BC2E905304FF400739383084B42F8E3
:10EFA000103F4FF4E25133462046F1F7D1FFAD4612
:10EFB000A7E700BFBEF504007C0F002072F5040037
:10EFC0000300000137B5A0F5A075A0F59E740C48AC
:10EFD00003685B0708D0D4E8AF3FD5E8AF2F012125
:10EFE0000092084A17F036FE28460821FFF784FCF5
:10EFF0000421204603B0BDE830401BF0ACBD00BF8B
:10F000007C0F002087F504002DE9F84300AF04468B
:10F010001BF094FD054690B3061D032130461BF0FE
:10F020004AFD60B3D4F8A40008B11BF079FF04F1E5
:10F0300070094946207A00F0A7F88046C4F8A40079
:10F0400000BB434C23685B0715D04846F8F7F2FB3A
:10F050006E4688B06A463F4BC2E905304FF40073F4
:10F0600093833D4B42F8103F4FF4E2514346204614
:10F07000F1F76EFFB54608212846FFF7D3FCBD46E1
:10F08000BDE8F8830E2130461BF015FD28B1D4F8F9
:10F09000A420537B43F0020353732B7A032B11D824
:10F0A00023B1052130461BF006FDA0B9D4F8A420F9
:10F0B000537B23F020035373D4F8A420537B23F015
:10F0C00001030DE0053B012BF0D8D4F8A420537BBD
:10F0D00043F020035373D4F8A420537B43F001037F
:10F0E00053732B7D697BD4F8A4208B4228BF0B4639
:10F0F0003046137305211BF0DEFCD4F8A4305A7B94
:10F1000010B342F010020D2130465A731BF0D3FCAD
:10F110000028B4D02021D4F8A4001BF0FDFED4F8C0
:10F12000A43005F147021A33573552F8041BAA429E
:10F1300043F8041BF9D10023D4F8A42013615361D0
:10F14000D4F8A42013839AE722F010025A7396E7AA
:10F150007C0F0020C2F3040003000001012208B567
:10F16000034B04481A70FBF7DFF8002008BD00BF0E
:10F170004A590020840B002040220021014825F03C
:10F18000A6BE00BFC84A002070B50F4C064614F852
:10F19000013B0D46834204D10722204625F09FFE05
:10F1A00068B1072209490A4825F099FE48B904F8D0
:10F1B000016C2B682360AB88A380AB79A3710248F4
:10F1C00070BD0020FCE700BFC84A002067DB0400D8
:10F1D000C94A002010B40B461146044AD48904429F
:10F1E00002D0104610BC184710BC7047C84A002017
:10F1F000F8B50C4C07462046E3890D463B401146C6
:10F200004FF0000610F8012B07D0954203D10722DA
:10F2100025F065FE18B1304600E01846F8BD2046DE
:10F22000FCE700BFC84A0020F8B50B780646012B62
:10F230000C4601D00020F8BD8B7903F0C003402BB1
:10F24000F8D1164D00232946EF8911F83A2BBF0754
:10F2500004F1010006D5B24204D1062225F03FFE9A
:10F26000D0B10023EA89297802F00202002BE1D113
:10F27000002ADFD0B142DDD1671C3946084819F0B9
:10F280004AFF01230028EDD0D4F80130C5F83A3008
:10F29000B4F80520034B9A800048CCE7C84A002008
:10F2A000F24A0020024B002010B5074C237883421D
:10F2B00008D10722601C25F012FE00280CBF204652
:10F2C000002010BD0020FCE7C84A00202DE9F047CF
:10F2D0009AB01646DDE923970CAA84468A469046E2
:10F2E0001D462C4B03F1300E14461868596808333C
:10F2F00003C473452246F7D118681B796146206024
:10F300002371202204A81BF019FE6B4620222248FC
:10F3100004A900F071F80446C0BB102251460DF15B
:10F3200035001BF00BFE102231460DF145001BF09D
:10F3300005FE294611F8013B06220DF156008DF815
:10F3400055301BF0FBFD2299062211F8013B0DF10F
:10F350005D008DF85C301BF0F1FD4B4635224146D7
:10F36000684600F049F8044680B948461BF0F0FDB5
:10F37000012335228DF8303041463B46684600F087
:10F380003BF8044610B938461BF0E2FD20461AB09F
:10F39000BDE8F0879E650400FEF5040070B50E46DA
:10F3A0001D46144698B00146202204A81BF0C6FD55
:10F3B000202231460CA81BF0C1FD1022294614A8BA
:10F3C0001BF0BCFD1022214668461BF0B7FD6B46C2
:10F3D0005022184604A900F00FF840B9039B054AD3
:10F3E0001BBAB3FBF2F102FB11331C9A136018B085
:10F3F00070BD00BF40420F002DE9F0418EB00746BE
:10F400000C4615460021182208A81E4625F05FFD6F
:10F410004FF41053ADF81C308023ADF81E304FF47C
:10F420004063DFF860801022CDE90938394605AB2A
:10F4300007A811F0DDFC034660B1134802685207CB
:10F4400003D0124A012117F0FBFB6FF004000EB04D
:10F45000BDE8F08106AB0293102322464146CDE978
:10F46000006305982B4621F062FE0446059811F0D2
:10F470007DFC2043EBD0044803685B07E5D0044AD9
:10F480002346DFE70002C003500F002018F60400F7
:10F4900034F60400142810B50CD8084A0C6812F889
:10F4A000103002EB400263435278002093FBF2F3EA
:10F4B0000B6010BD6FF01500FBE700BF59F60400AC
:10F4C00098B503460D4800AF0268520712D06C464B
:10F4D00088B01B686A460A49C2E905134FF40073F5
:10F4E0009383084B42F8103F00234FF4E251F1F7A9
:10F4F0002FFDA5466FF00400BD4698BD3C0F0020CF
:10F5000083F6040003000001002210B50F490446F1
:10F510000F481FF097FB002004F060FF024620B167
:10F520002046BDE81040FFF7CBBF0121D520F4F7FE
:10F53000D7FF0848C36813B904301BF0A2FD20466A
:10F54000BDE81040044917F01BBC00BFB9F501002D
:10F55000D8050020680500207FB003006FF0040389
:10F56000024843631C301BF08CBD00BF68050020BF
:10F5700008B50D4B93F84A3023B1BDE808400B485D
:10F5800005F0F4B805F03CF8034658B108480268A5
:10F59000520703D00121074A17F052FBBDE808408B
:10F5A000FFF7DCBF08BD00BF68050020DDF50100E6
:10F5B0003C0F0020A3F60400074BD3E8EF2F511CAB
:10F5C000C3E8E01F0028F8D10AB9FFF7D1BF6FF0F8
:10F5D0000F025A63704700BF68050020F8B5037832
:10F5E000002B40F0A2805D4CE36B94F860702546E0
:10F5F0001F420BD100225A4BC3F80025A36B002BEE
:10F600003FD15848BDE8F8401BF03BBD018994F854
:10F61000A800A26E94F86160A0B90121DBB20B4290
:10F620000BD00F4208D016EA010CB2F9000023D02B
:10F6300000EBD070401010800232490089B2B9420C
:10F64000EDD9D7E7334015D002EB41018A42D1D042
:10F65000B2F9003003EBD3735B1022F8023BF5E7FD
:10F6600032F91360002EB8BF22F8130001338B4229
:10F67000F6DBBFE71846FAE70028B8BFA2F800C0DB
:10F68000DAE7236DB4F85C2033B13749374898473F
:10F69000012829D002283BD0B4F85C30B4F85820B7
:10F6A0009A4235D90133A4F85C3094F8A830FBB9FC
:10F6B000A36E94F8622003EB4203A36694F86210F1
:10F6C000A06E04F05BFF034690B129480268510721
:10F6D00003D00121274A17F0B3FA6FF00403214841
:10F6E00063631BF0CEFC03E094F8A830002BE5D058
:10F6F000E36C1BB9BDE8F840FFF73ABFD5E8EF3F30
:10F700005A1EC5E8E12F0029F8D1012BF2DCF8BD23
:10F71000E36C002B3FF475AF94F8A830002B7FF416
:10F7200070AF15481FF09AFA6BE7022B12D104F064
:10F7300067FF03460028EAD00D480268520703D04D
:10F7400001210E4A17F07CFA6FF00403034843636B
:10F750001C3057E7052BDAD153E700BF68050020BE
:10F7600000500D5084050020A0050020F85304002F
:10F770003C0F0020BDF60400D8050020A3F60400CD
:10F78000002330B587B00593CDE903334B790C46A0
:10F790008DF814300B7913F020001AD08A797F2A63
:10F7A00008BFFF228DF81520C3F3040203F01F03E6
:10F7B000072B8DF816200ED94F480268550703D045
:10F7C00001214E4A17F03CFA6FF01505284607B0A4
:10F7D00030BDFF22E6E72278023A082A3BD8DFE86C
:10F7E00002F0052E303234363A38080007228DF800
:10F7F0000C206278042A04D0052A35D101228DF824
:10F800000D206288002A35D0C2F30D01920B012A27
:10F8100014BF01224FF47A7211FB02F17D2289B2EA
:10F82000B1FBF2F2013A92B2B2F5A07F01D27C298B
:10F8300021D8314803685A07C6D0314A10E0062261
:10F84000D5E70522D3E70422D1E70322CFE702223E
:10F85000CDE70122CBE7284803685C07B4D0294AEA
:10F86000012117F0E4F9AFE7234803685907ABD04B
:10F87000254AF5E74F220121ADF80E20234A01FA6F
:10F8800003F392F86050DBB250B3A0797F280DD11A
:10F890002B4382F86030237903F01F0301FA03F34E
:10F8A00092F861100B4382F8613005E025EA030508
:10F8B0008DF8101082F8605003A81DF052F805462C
:10F8C000002883D00C4803685B073FF47FAF23799F
:10F8D00003F01F0301210E4A009517F0BBF975E7ED
:10F8E0002B4382F86030237903F01F03994092F88C
:10F8F000613023EA0103D6E73C0F0020D6F604006E
:10F9000030F70400EDF604000CF704006805002051
:10F910005BF704002DE9FF410F464FF0FF334FF036
:10F92000FF328C4808F05EFA7E68731EFE2B08D901
:10F93000894803685C0718D0884A012117F077F9D5
:10F9400013E00024254626FA04F3D80718D504F05E
:10F950008BFDE040C10711D47F4803685A0704D0EB
:10F9600023467F4A012117F06BF96FF0150479489F
:10F970001BF087FB204604B0BDE8F0810135EDB2F5
:10F980000134082CDFD12DB9734803685B07ECD034
:10F99000744AD2E73B7CA3F10802062A13D8DFE8B9
:10F9A00002F018121A12041210000221012D7A7CA2
:10F9B00013D0002A56D0684803685E07D5D06A4A3B
:10F9C000BBE70321F2E7644802685707CDD0674AD6
:10F9D000C8E70021EAE70121E8E7082A06D8DFE8BE
:10F9E00002F00C0C0C0C0C0C0C0C0C005A480368AC
:10F9F0005D07BAD013465E4AB4E73B68002B31D0AE
:10FA00005C687CBB186801387F282BD88DF80820EB
:10FA10008DF809401B68574A1B01013BADF80A30BD
:10FA20000123304682F8A8308DF80C3002AA524BE0
:10FA300004F050FD0446002899D13B686A0013B1D8
:10FA40009B8903FB0222FB68934214D2424801685F
:10FA50004C0704D001210092484A17F0FBF86FF0E0
:10FA60000B0484E70020434B83F8A8003046424B48
:10FA700004F000FDDEE73F4E86F86250B86896F865
:10FA8000A830B046B06693B13B689D890135A9B2F4
:10FA900004F074FD044660B12F48036859073FF431
:10FAA00066AF01212346364A17F0CAF85FE72946B8
:10FAB000EEE7BC46334DBCE80F000FC5DCF8003064
:10FAC00074632B603B68002B41D00FCB2F1D87E860
:10FAD0000F00F36CB763A6F85C40002B37D0D8E872
:10FAE000EF3FC8E8E24F002AF9D196F8A820D2B932
:10FAF000F36C1F3342F100025B0943EAC26352090F
:10FB0000CDE9003205F128000022002309F0CAFBEC
:10FB10004FF0FF324FF0FF331B4808F063F900B19C
:10FB20007063746B23E704F06BFD03460028EFD08D
:10FB300009480268520703D00121144A17F080F8DF
:10FB40006FF00403104873631BF09BFAE0E7FFF7C4
:10FB50000FFDDDE76C0500203C0F00207BF7040063
:10FB600099F70400B3F70400EEF70400C9F70400A6
:10FB700020F8040068050020DDF5010043F80400CA
:10FB8000BDF60400A005002084050020A3F60400B3
:10FB90000122024BC3F80424704700BF002008E094
:10FBA000084B70B5C31A0D4607499B1004465943CC
:10FBB000402206481BF070FA2B4601462046BDE85D
:10FBC000704018471C4B0020B76DDBB6185204007C
:10FBD000402373B50B4C0093041B0B460D460A499A
:10FBE000A41061430646094A09481BF080FA011E29
:10FBF00005DA30462B4602B0BDE87040184702B027
:10FC000070BD00BF1C4B0020B76DDBB657B10300C1
:10FC100018520400F8B500220121054640F20510F3
:10FC2000F4F75EFC0F4803F0C3FB0446B8B91CF0C0
:10FC3000F7FB2F690C49384616F0F0FD031E09DB6F
:10FC400001263E642D69084905F11C0016F0E6FD09
:10FC5000031E02DA1C462046F8BDEE64FBE76FF097
:10FC60000404F8E777B10300987404007FB500221C
:10FC70000123CDE9022304ABCDE90433094A6B46E5
:10FC8000CDF800D0CDF804D01BF05EFA002805DBDB
:10FC900043F609520023684608F0A4F807B05DF85F
:10FCA00004FB00BF69B1030010B5EFF311844023DA
:10FCB00083F31288BFF36F8F074A136823F00201A2
:10FCC000DB07116002D401201CF0A4FB84F311882F
:10FCD000BFF36F8F10BD00BF6C4B00200C22104B88
:10FCE000014602FB0033002030B4D3E90E52986382
:10FCF000EFF31180402484F31288BFF36F8F1C6CE4
:10FD000004F0C00444F002041C6480F31188BFF3C3
:10FD10006F8F1DB12B4630BC0248184730BC70476E
:10FD20001C4B00201852040010B4EFF31182402342
:10FD300083F31288BFF36F8F1648016841F0020405
:10FD40000460C80707D482F31188BFF36F8F0120C6
:10FD500010BC03F01DBB1049D1F80C14C903F2D537
:10FD6000EFF3118083F31288BFF36F8F0B490B6C95
:10FD700003F0C00343F002030B6480F31188BFF368
:10FD80006F8F82F31188BFF36F8F002010BCFFF7D5
:10FD9000A5BF00BF6C4B002000E010501C4B0020A2
:10FDA000C3B21C20014A03FB002070471C4B0020FB
:10FDB0002DE9F041012207463449D1E8EF3FC1E87F
:10FDC000E02F0028F9D133B9314932484B60CB607C
:10FDD0008A6016F036FD7B1E012B28D8012F06D134
:10FDE0002D4BD3F8503403F00303012B1FD01EF02A
:10FDF00081FD0546E8B9294B1B78D3B1042206469C
:10FE0000254BC3F80823244CDFF89480D4F84C2405
:10FE1000D4F84C34D20315D503F00303012B01D0E1
:10FE2000012F0FD165B386F31188BFF36F8FBDE843
:10FE3000F081EFF31186402383F31288BFF36F8FB5
:10FE40000125E0E7BDB1304618F0ABFBD4F84034F3
:10FE500013F0FF03DAD1D4F80821002AD6D0C4F871
:10FE60000831D4F8083120220123C4F84034C8F8FE
:10FE7000A0212361CAE70021202008F063FEE5E706
:10FE80000422054BC3F80423D1E700BF184B002020
:10FE9000084B0020384B002000E01050C97E0020A5
:10FEA00000E100E008B507481EF045FA38B1064801
:10FEB000F4F7FCFD0448F0F7DBF9002008BD6FF013
:10FEC0001200FBE708530400CDFE01000A2838B5F4
:10FED0000446074D04D1AB680D2128465B6898475E
:10FEE000AB6803485B68E1B29847204638BD00BF65
:10FEF000085304000023024A0020C1E90023704790
:10FF00000050160000487047D4740400024B0B6088
:10FF100001231360704700BFDC74040008B50122A0
:10FF2000054811461EF0BAFB03F08CFA034B044A55
:10FF30000020C3F80C2508BD704B002000B0045011
:10FF40008000008038B542F201030F4D1446C5F819
:10FF50000035A1B124F094FFBFF35F8FD5F81834BA
:10FF6000DB0706D4C4F308041CB10123AB60BFF364
:10FF70005F8F4FF40052044BC3F8002538BDFF21BA
:10FF800024F0A5FFE8E700BF00B00450F0B51D4B1A
:10FF9000054698420F46144687B030D8C0F5B213D4
:10FFA00003F580539A422AD8FAB14FF0FF324FF04E
:10FFB000FF33154807F016FF1CF035FA0646B8B1B6
:10FFC00001238DF81430114B4FF4FA50009302AB1B
:10FFD00004940193CDE9027503F03CFA684603F0FE
:10FFE0003FFA0446084807F0C3FE204607B0F0BDBC
:10FFF000224639462846FFF7A5FF3446F2E76FF060
:020000022000DC
:100000001504F2E7FF4F1600704B0020B5B1030056
:1000100010461A46084B10B5994209D8C1F5B214DA
:1000200004F58054A24203D824F02AFF002010BD1A
:100030006FF01500FBE700BFFF4F160070B5466874
:100040000546B068C0B11CF00FFC0146A0B9B0680D
:1000500003F03CFC0446A8B902460C49B0681CF009
:10006000EDFB22460121DB20F4F73AFA224601217A
:1000700040F20D10F4F734FA2846BDE87040044908
:1000800016F07EBE6FF0040070BD00BF11020200CA
:10009000C1B203002DE9F04340F206354768D006AF
:1000A00048BF4FF0030C3B7C02EA050558BFC2F382
:1000B000401C87B001F01F06B5F5837F144646EA61
:1000C00043168DF803C046D00DD8062D45D005D86F
:1000D000A5B1022D12D06FF0150039E0B5F5807F83
:1000E000F9D101250AE040F20222954237D0B5F558
:1000F000407F36D0B5F5007FEDD1042501232203E2
:1001000003FA01F12FD57B685960B86880BB5F2E78
:1001100006F01F034FEA561173D83C4A52F82120CB
:1001200084F4803102EB8302D2F88030C1F30041C5
:10013000C4F3404423F4706344EA410423F00F0302
:100140001C4344EA8C0444EA0524C2F880400020A1
:1001500007B0BDE8F0830925D0E70825CEE70625DE
:10016000CCE70525CAE7630344BF7B689960CCE709
:1001700031460DF102021CF064FB14F4403F80464E
:100180000CD13146B8681CF075FBB8F1000FDED118
:100190009DF80210B86803F0D1FBD8E74FF00009D2
:1001A00001ABCDE90199CDE90439CDF80C90314688
:1001B000B86803AA1CF089FA4845C8DB14F4003378
:1001C00014D09DF8033084F48034C4F300448DF8D7
:1001D0000E308DF80C508DF80D404B463146B86806
:1001E00003AA03F0F9FA0028CFDAB0E7CDE9043327
:1001F0000DF1030303933146B86803AA1CF065FAB6
:10020000F1E7203350F82330FFDE00BFF074040024
:100210004209022A034670B503D0012A18D0CAB198
:1002200070BD0E4E326951680029F9D0012503F0E6
:100230001F030C689D400029F2D08A682A4002D032
:1002400030464B6898473CB1236821461C46F2E78C
:10025000034EE7E7034EE5E72346F6E79052040036
:100260006852040040520400F0B545681646A8687C
:100270002A7C01F01F0487B044EA4214002868D0A9
:10028000B6F5001F04D121461CF048FB002051E0C8
:100290000020B6F5800F01AA0190506039D1B3F16A
:1002A000007F14BF052304238DF804300023CDE91B
:1002B00004230393EB680DF1030723FA01F111F016
:1002C000010139D1B6F1A07F36D104F01F035F2CB4
:1002D0004FEA541003F120033ED8214A52F820205F
:1002E00052F82330DB0727D43A462146A8681CF091
:1002F000A8FA163018D002972146A86803AA1CF065
:10030000E4F9002816DB01222146A8681CF0B4FAA3
:10031000BCE7B3F1C06F05D0B3F1007F14BF012378
:100320000223C1E70323BFE73946A86803F010FBA7
:100330000028E0DA07B0F0BD3A462146A8681CF074
:1003400080FA0028D8D19DF80310A86803F0F6FAC7
:10035000D2E76FF08500EDE751F82330FFDE00BFF4
:10036000F0740400B0B500AF254D28461DF0E3FF42
:100370000346002835D123480268520711D06C4645
:1003800088B029686A46204DC2E905514FF40071D2
:1003900091831E4942F8101F4FF4E251F0F7D8FD47
:1003A000A5466FF012042046BD46B0BD154803684F
:1003B0005B07F8D02B686D468AB06A461449C2E9DB
:1003C00005130123C2E907344FF400739384114BE2
:1003D00042F8103F00234FF43151F0F7B9FDAD461C
:1003E000E1E72A69A9681368284623F0020313602D
:1003F0000B68002201219847041ED7DB0024D2E7B6
:1004000040520400CC0F00203EF90400030000011C
:1004100055F9040005000001036803F01F025F2B7B
:1004200002604FEA53129ABF024B53F82200002099
:10043000704700BF5C7504002DE9F04F16468046FA
:1004400040F2FF19DFF868A1DFF868B185B000EB72
:100450008101414503D1002005B0BDE8F08FD8F8F7
:100460000020C2F3C323082BC2F3080400F29D80CE
:100470004C4508BF4FF0FF34B2F1B05F1AF803707B
:100480004FEA12630ED2152B10D8DFE803F01219D1
:100490001F22252B220F0F0F0F3A670F0F0F0F0F81
:1004A0000F0F6A6D382B62D04E2B0FD06FF0850086
:1004B000D2E7C6F80446621C6CD108F10408C8E70C
:1004C000C6F80C46631CF8D000256CE0C6F8104650
:1004D000F1E7C6F80846F5E7651CC6F80046ECD01B
:1004E000002504E0C6F80446601CE6D0012503A8F8
:1004F0000394FFF791FF0122039B02FA03F3836049
:1005000008E0C6F80046002FDCD1631CD5D00025DA
:1005100008272A46D8F80030039403F40040002846
:1005200018BF002203A818BF012501930092FFF70E
:1005300073FF039C019B00EB8400D0F88040C3F361
:10054000412C009A3B0243EA8C03134304EA0B0458
:10055000234343EA4503C0F88030AEE7C6F80446BB
:10056000D1E7C6F84045BFE7C6F84445AAE703A867
:100570000394FFF751FF039B621C00EB8300D0F84C
:10058000803023F0E04343F08043C0F8803094D0C3
:10059000012508E0012503A80394FFF73DFF039B15
:1005A00005FA03F343602A46B4E76FF0150053E7FA
:1005B00098F90400F0F0FCFFF0B583B0446800AF98
:1005C00005461AF0A0FEA06A002856D01DF0B3FE22
:1005D0000346D8B92A480268520712D0A26A6C466C
:1005E00088B011686A46274DC2E905514FF4007181
:1005F0009183254942F8101F4FF4E251F0F7A8FC0F
:10060000A5466FF012000C37BD46F0BDE38DA06A21
:1006100094F82C1043F400320126D0F810C013F0E7
:10062000010FDCF8003006FA01F614BF3343B34380
:10063000D0F808E0CCF80030DEF800309847002809
:10064000E1DBA06A94F82C4006698368391D5B6879
:100650009847002807D0D6DB011E18BF0121284685
:100660001AF0CAFECFE77B6832685A400123A340E4
:100670001A4214BF01200020EEE70146EFE700BF59
:1006800020100020A1F9040003000001014916F028
:1006900097BB00BFA5B7030038B5054644680121E4
:1006A000E0681BF052F86B6819686369C1F824357B
:1006B000E28BA38BA07E1343228C1343628C1343E3
:1006C000627E9BB20243207E02431343C1F86C3525
:1006D00069680B68D3F8002242F48022C3F8002234
:1006E0000822C3F800254A6A0121C3F83C270022EA
:1006F000C3F840271965D3F830110029FBD0C3F89F
:1007000000252846BDE83840014916F039BB00BF36
:10071000A5B703002DE9F04104460D4647681EF0D9
:10072000E9F8A0B9224B1B788BB14FF04008642642
:1007300063681B68D3F8303143BB01201BF085FE92
:10074000013EF5D10021202008F0FCF9EFE740221E
:10075000EFF311831E4682F31288BFF36F8F616837
:100760000968D1F8301121B983F31188BFF36F8F75
:10077000EEE77B6A01221D702046796A1AF0CDFFF0
:1007800086F31188BFF36F8FBDE8F081EFF311831B
:100790001E4688F31288BFF36F8F62681268D2F822
:1007A0003021002AE5D183F31188BFF36F8FC9E7A9
:1007B000C97E002070B40D4CD4E90065901B63EB3A
:1007C0000501400940EAC1604101891945EBD06546
:1007D000C4E90015002400250549C1E90023054BA3
:1007E000C3E9004570BC08F05FBC00BFB832002010
:1007F000A0320020B032002008B500220121E42000
:10080000F3F76EFE164A0020D2F8183723F440336F
:10081000C2F8183703F0E8F9002820DB012011495D
:1008200003F06EFA00281ADB03F0B8F90E4B20F043
:100830001F00C3E900010D4B0022C3E900014FF086
:10084000FF304FF0FF310A4BC3E90001094B0A4961
:10085000187A03F0B3F967220020084B1A6008BD2C
:1008600000200E503C0C0020B832002098320020AE
:10087000A0320020340C0020B50702000C4C0020F0
:1008800008B503F08BF9064AD2E90032C01A054BCD
:1008900061EB0201C3E90001400940EAC16008BD03
:1008A000B8320020B032002010B503F089FA0120E0
:1008B000FFF776FA16F01CF8BDE81040054B064A23
:1008C0001B684FF47A70B3FBF2F35843034B43F0C9
:1008D00001031847F80D002040420F000066040095
:1008E000F7B5224B0146224F187A224BD7E9005622
:1008F000D3E900239E4208BF954211D1B1F1806F28
:100900000ED24901012938BF012101224D1946F1BA
:100910000006C7E9005603B0BDE8F04003F0D6BAC0
:10092000154BDFF858C0D3E90043DCE9002CA418CC
:1009300043EB0C0C4FF0200E22466346C1FB0E2306
:10094000954276EB0301C7E900230DD2291B66EB24
:100950000C04C82974F10004B4BF012100210091E6
:1009600003F07CFA03B0F0BD0021F8E7340C00205E
:10097000A8320020A0320020B8320020B03200207F
:1009800013B50A4C204617F0C4FD094B4FF4005232
:10099000204600930749052317F0BDFD0649074887
:1009A00017F0B5FD002002B010BD00BFC03200201E
:1009B00097FC040058AC0020C1090200404C002004
:1009C00073B50B4D0B4E0022002328460DF1070195
:1009D00017F085FD50B102B070BDD4E900319DF82B
:1009E000070098470834B442F7D3ECE7024CFAE723
:1009F000104C0020403205003832050007B50023B6
:100A000000228DF807000DF10701054817F05FFD82
:100A10000449054817F08CFD03B05DF804FB00BFE6
:100A2000104C0020404C0020C032002010B50123A3
:100A3000044604220748084917F041FD074800F022
:100A4000C3FA30B900F0A0F82046BDE8104000F02D
:100A5000CFBB10BD104C002091590020C0320020A7
:100A600008B51BF0DAF80448002117F0A4FCBDE833
:100A700008400120FFF7C2BFAC3300202DE9F04150
:100A80001D4D05F10C07A5F104080021284617F0BB
:100A9000B1FC68B90121184817F0ACFC48B300F06C
:100AA00045FA30BBBDE8F0410221134817F093BC72
:100AB0000221284617F09EFC04460028EAD1384659
:100AC0001AF0A5FF0028E5D038461AF09EFF1BF06B
:100AD000B4F806460028D8D0D8F8001021B107484D
:100AE0001AF091FFC8F80040314604481AF08BFF15
:100AF000CBE7BDE8F08100BFAC330020B834002064
:100B000010B5064C014620461AF07DFF04F1F001B5
:100B100004F10800BDE8104017F00ABDB83300200A
:100B200038B505460C460A48012117F084FC58B92F
:100B30002146284600F0D4F906490446A1F1E80010
:100B400017F0F6FC204638BD6FF07704FAE700BFD7
:100B5000AC330020A834002038B578B9084C094DD2
:100B6000AC4207D3BDE838404FF0FF304FF0FF31C3
:100B7000FFF7D6BF54F8043B9847F1E738BD00BFF4
:100B8000403205004432050013B50E4C20461AF0E1
:100B900038FF04F580701AF034FF0B4904F1F000BF
:100BA000083417F0B4FC204617F0B3FC074B4FF4A1
:100BB0000052009320460523054917F0ACFC02B013
:100BC00010BD00BFB83300207D0A0200A2FC040063
:100BD00058CC002038B5154C0021204617F02BFCCE
:100BE00030B900F067FB28B10021104817F0E3FB93
:100BF000002038BD1BF018F805460028F4D11AF083
:100C0000A6FE44F8040C0028EED02846FFF7F6FEB6
:100C100004F10C001AF0FBFE08B90548E9E704F1FD
:100C2000FC0104F1140017F083FCF6E7AC3300205C
:100C3000A83300202DE9F84F04460F46294800212B
:100C4000154617F0D7FB002849D00023D5F80090AF
:100C500004F58C782B6004F5887A4FF0000B2B6834
:100C60004B4506D2D4F81831BBB950461AF0CDFE28
:100C700078BB02211B4817F0BDFB68B304F58C70EC
:100C80001AF0D7FE40BB04F588701AF0C0FE044687
:100C900010BBFFF7E5FE20461FE040461AF0C9FEF4
:100CA0000028E2D029684046A9EB010239441AF035
:100CB000C8FE2B6803442B6040461AF0BAFE064675
:100CC0000028CCD1D4F8180100F020F8C4E9466619
:100CD000C3E7C4E9460BE5E70120BDE8F88F022031
:100CE000FBE700BFAC33002010B50830F3F71AFF64
:100CF000044638B1044817F048FB002320466360DF
:100D000017F0C6FB204610BD504C002010B504461D
:100D1000F3F722FF24B1BDE81040024817F02CBBC6
:100D200010BD00BF504C00202DE9F04704460E4690
:100D30001F46DFF87080C0B0AAB11AF071FE81467C
:100D400020461AF066FE0546014620461AF08FFE40
:100D50002A460146684624F093F800230DF8053032
:100D6000114D45450FD320461AF063FE1FFA80F956
:100D7000494620461AF07BFE82460B4C444509D377
:100D800040B0BDE8F0874A466946304655F8083B12
:100D90009847E6E765683B464A4651463046A847CD
:100DA0000834EBE738320500303205002DE9F04712
:100DB0000446DFF87890C0B020461AF03AFE10B929
:100DC00040B0BDE8F08720461AF02AFE06462046CD
:100DD0001AF026FE074620461AF01BFE054601467D
:100DE00020461AF044FE3146824620461AF03FFE65
:100DF0002A4680465146684624F042F800230DF802
:100E000005300B4D4D450AD3094D4D45D4D26F6881
:100E10000123324641460020B8470835F5E73A46F7
:100E20006946002055F8083B9847EBE73832050043
:100E3000303205002DE9F043894614461D468046B0
:100E400087B0002842D0002A40D0002B3ED0DDE9F8
:100E50000E23684617F00CFBDDE900676846324652
:100E60003B4617F00BFBDDE900231B4817F041FB65
:100E700078B3CDE90454194D02A92868CDF808804B
:100E8000ADF80C901AF06FFE0446A8B1286820B1A6
:100E90001AF066FE2868FFF733FE32463B46684686
:100EA00017F0ECFADDE900011AF044FE286050B1B9
:100EB00002A91AF058FE0446074817F021FB204605
:100EC00007B0BDE8F0836FF00B04F5E76FF0150491
:100ED000F5E76FF00A04F2E7B8110020544C002047
:100EE000024610B50B460F4817F003FBB0B10E4C8D
:100EF000206850B11AF011FE60B120681AF030FE7F
:100F00002068FFF7FDFD00232360064817F0F8FA7C
:100F1000002010BD20681AF021FEF4E76FF00A00EF
:100F2000F7E700BFB8110020544C002008B5034873
:100F300017F034FA003818BF012008BD584C0020C3
:100F4000F8B54FF0FF304FF0FF3101F01FF80446C5
:100F500000B3194F38461AF058FD0546A8B10021D4
:100F600020461AF032FD214628461AF064FE064655
:100F70002846FFF7CBFEBEB1104803685B0704D0DC
:100F8000012133460E4A15F05BFE2046BDE8F840CD
:100F900001F012B8094803685A070BD0BDE8F840C1
:100FA0000121084A15F043BE20461AF011FE17F041
:100FB0009EFACFE7F8BD00BF5C4C0020980F0020E0
:100FC000D6FC0400B5FC040038B50546054C2046A7
:100FD0001AF017FD04F10800034917F098FAA5610B
:100FE000002038BD5C4C0020410F0200002208B5F3
:100FF000094B40F213201A70FFF776FE074B18607A
:1010000048B9074803685B0705D0BDE808400121DF
:10101000044A15F00CBE08BD95590020784C0020FC
:10102000980F0020F2FC04002DE9F04707460E4619
:10103000604CDFF8848194B00EB935460CE020682E
:1010400070B95E48036813F0060F03D002215C4AB2
:1010500015F0EDFD6FF00B05284614B0BDE8F087E4
:101060001AF0B5FC40F21223984206D9534803689F
:101070005D07EFD0534A0121EAE720681AF0A7FC88
:1010800040F21325281AB0422FD820681AF09FFC8E
:101090002D1A39462A4620681AF082FC236898F8EF
:1010A0000010049300232F44761B059331BB04A842
:1010B00003911AF0DCFC054604A81AF0BAFC03AB55
:1010C000014606AA284600F03DFF60B908A800F0D6
:1010D0009FF8034658B139480268540703D00121EC
:1010E000394A15F0ADFD0025B6E73546D1E70123B5
:1010F0000399206888F800301AF06BFC04A81AF0F5
:1011000098FC022898D904A81AF08AFC40F211230E
:10111000984205460AD92948026851079AD0012108
:1011200000932A4A2B4615F095FD93E704A81AF080
:1011300080FCA84280D340F21320D4F80090FFF73F
:10114000D3FD206028B91D4803685A0782D0204A81
:1011500091E704A81AF06DFC854212D2002104A880
:101160001AF085FC00EB050A04A81AF062FC451B86
:10117000514620682A461AF013FC294648461AF0C0
:1011800037FC144D494628461AF03DFCA86905F184
:10119000080117F0CDF9051EBFF64EAF07480368EA
:1011A0005B073FF459AF01212B460B4A15F048FD70
:1011B00052E700BF784C002095590020980F00207E
:1011C0000FFD040026FD040045FD040058FD040049
:1011D000F2FC04005C4C002082FD040010B5034CBE
:1011E0002068FFF793FD0023236010BD784C00209A
:1011F00010B58368044633B100F0D8F810B9A2687E
:10120000024B1A6010BD6FF01500FBE77C4C00200C
:1012100070B590F828300446012B86B03ED11822D4
:101220000021684623F053FE227CB2FA82F35B0968
:101230008DF80030637C003B18BF01238DF801302E
:101240006368FAB9102B2CD1236802AD03F11006A4
:101250002A4618685968083303C2B3421546F7D1C5
:101260001148A57C114B12491B68022D08BF01468D
:10127000227D684600F056FD10B9208C00F014FE67
:1012800006B070BD082B0CD1226802AB1068516803
:1012900003C3D4E90223CDE90423E1E76FF085001D
:1012A000EEE76FF01500EBE7000250057C4C0020E4
:1012B00000051005024B0348196800F017BC00BF79
:1012C0007C4C00200005100538B505460C461AF088
:1012D000B6FCA8B108461DF06FFFD5E90012204604
:1012E00009F0CEF958B1084C23685B0705D00121FD
:1012F0004342064A204615F0A3FC6FF0040038BDB7
:101300006FF01500FBE700BF880F00209EFD040072
:10131000B0B5ADF5407D00AF0B4604464FF44071CB
:1013200038461B4A08F084F8031E1A481ADD036881
:1013300003F00703022B11D96D468AB06A46164B9B
:10134000D761C2E90534154B1362154B42F8103FC3
:1013500000234FF42351EFF7FBFDAD4607F540772F
:10136000BD46B0BD026812F0060FF7D06D468AB0D8
:101370006A465B42D3614FF400730A4913840A4BF7
:10138000C2E9051442F8103F00234FF41251E2E77E
:1013900004B70400880F0020C0FD04000002010310
:1013A00004000002C7FD0400040000011FB504464C
:1013B0001AF045FCC8B103AB0193202300930C48FD
:1013C0000C4BD4E900121FF0FAFD034650B9039A02
:1013D000202A07D194E80300074A82E80300184650
:1013E00004B010BD6FF00403F9E76FF01503F6E7E2
:1013F000090000029C4E0020944E00202DE9F0418F
:10140000ADF56A7D04AF04461AF019FC002800F01F
:10141000EB80774D2B6803F00703022B05D9636837
:1014200003212846734A15F00BFC2046391DFFF7AF
:101430004BFF044680B12B685A0704D001216E4A45
:101440006B4815F0F4FB381D1DF0BBFE204607F578
:101450006677BD46BDE8F081684C6948391DFFF7E5
:1014600057FF2378C3B9674E67493068FFF72CFFF1
:101470002B6800284ED103F00703022B06D93368EE
:101480005B680321614A5A4815F0DAFB5E496048FF
:10149000FFF73EFF0123237000225E4E3A60334681
:1014A000CDE9012258490097381D08F0CFFC0446C9
:1014B000002842D02B685E0707D03B6801210093CB
:1014C000554A43424A4815F0C5FB3C6807F5CC76BF
:1014D00023464FF400713046504A08F005FA0028C0
:1014E0002B6821DD5C0712D06C4688B004AA4C4BF7
:1014F000C2E905364FF4007393834A4B42F8103F1C
:1015000000234FF4E2513A48EFF722FDA5464FF091
:10151000FF3498E75B0704D0434A0121344815F0B3
:1015200086FB6FF004048EE75807F0D001212346B4
:101530003E4A2F4815F084FBE9E72A6802F00702CB
:10154000022A12D9E84688B004AA394BC2E9053606
:101550004FF400739383334B42F8103F4FF4E6513E
:1015600003462348EFF7F4FCC546BB6A142B09D9A0
:101570002A6851073FF467AF01212E4A1C4815F035
:101580005FFB60E707F5CC7607F1D00393E8030033
:1015900086E8030030461DF064FF0238022801D8B7
:1015A000706820B92B685A07BBD0234AB5E761237E
:1015B000224E00930021334606F164021EF059FDCD
:1015C00040B9BD6AF96A2A4606F1680023F058FC62
:1015D000F56738E72B685B07A3D001214342184A1F
:1015E000034815F02DFB9CE76FF015042EE700BFB4
:1015F000880F0020E7FD04000EFE0400965900202D
:1016000029FE0400400C0020804C002044FE040011
:1016100065FE040091FE0400A2FE0400C9FE040061
:10162000CEFE04000300000173FE0400EBFE040084
:101630000AFF04002DFF040062FF0400144E002086
:101640007FFF0400054A08B510461AF0F8FA083280
:10165000002814BF1046002008BD00BF944E002093
:1016600008B56822014923F00BFC08BD144E002088
:1016700010B5064CE26F8A4205D804F1680123F0E8
:10168000FFFBE06F10BD6FF01500FBE7144E00206C
:101690000749024608B508461AF0D1FA20B103C935
:1016A00082E80300002008BD6FF00100FBE700BFE7
:1016B000944E0020002310B54370044610F8083BF8
:1016C000012B0ED110210FF0B3FD0246D8B10F4807
:1016D0000368590702D00E491AF0BDFA6FF00400F2
:1016E00010BD08210FF0A4FD024628B10748036889
:1016F0005B07F3D00749EFE7D4E90432013342F145
:101700000002C4E904320020EAE700BF28100020EC
:101710009CFF0400BEFF04002DE9F047ADF5D86D35
:1017200006460D46904600214FF4C9621EA81F468A
:10173000DDF8E096DDF8E44623F0C9FB1C22002129
:101740000DA823F0C4FB0023D9F864A00493BAF1D8
:10175000000F0CD14C4803685B0703D001214B4AB2
:1017600015F065FA50460DF5D86DBDE8F08748498B
:101770001EA80FF085FC024660B1434803685F076E
:1017800002D044491AF067FA1EA81FF065FDDDF883
:1017900010A0E7E7D9F864303A46009340F201110F
:1017A0004B461EA80FF0E2FC024628B136480368FB
:1017B0005E07E9D03849E5E710230DF118090590D7
:1017C00000931921484606F1080305AA22F014F8EF
:1017D00040B16FF004032C4802685507D4D01A4674
:1017E0002E49CFE7059B317809F8030073782C4F19
:1017F000002B14BF53224422BD420CBF432341237C
:10180000002914BF522153210093CDE901184B4602
:10181000244914A813F0FEFE031EDCDB14AA40F2D8
:1018200003211EA81FF0F3FD024628B116480368E5
:101830005C07A9D01C49A5E7BD420CBF4FF48072DC
:10184000802242F2040318BF4FF41053E10448BF52
:1018500044F48064ADF83620A2040E90129048BF84
:1018600044F4006404AA1EA90DA8ADF83430109504
:101870000F941FF01FFD0246002885D00248036820
:101880005B0781D009497DE728100020E4FF0400B0
:1018900009010209F7FF04001A00050047000500CE
:1018A0000005100533000500640005007A000500FE
:1018B0002DE9F04F054691B040F213200E46FFF798
:1018C00013FA044660B93F4803685E0703D001215C
:1018D0003D4A15F0ACF90024204611B0BDE8F08F68
:1018E000A88C0DA916F0C0FD0DF13601288D16F05B
:1018F000BBFD00230BA8CDF83930CDE90B638DF883
:1019000038300F931AF08CF807460BA81AF091F8AC
:1019100087420BD02B4803685D0703D03A462B491A
:101920001AF099F92046FFF7F1F9D4E707F1100909
:1019300020461FFA89F11AF0F2F8494620461AF0BB
:101940003CF82B6A06460993AB6A3946003B18BF40
:1019500001230BA84FEA031AD5F81CB01AF087F838
:1019600005F12C080AAACDE90592CDE901A00DAA3E
:101970000C235946CDE903760998CDF800801FF075
:10198000E3FB024628B10F4803685907CAD0104943
:10199000C6E70A9B994508D00A4803685B07C1D08F
:1019A00001210C4A15F043F9BCE7F01900F11003CE
:1019B00050F8042B984248F8042BF9D1AB6A013354
:1019C000AB6289E72810002094000500B6000500EE
:1019D000D3000500E80005002DE9F04F044691B062
:1019E0000D46808C0DA9174616F03EFD208D0DF199
:1019F000360116F039FD4FF0010800230BA8CDF891
:101A00003930CDE90B538DF838800F931AF008F870
:101A1000102806460AD831480368590703D03246D1
:101A20002F491AF018F96FF0150539E00BA81AF0D4
:101A300000F8B0420546EED1A0F11006B1B238462A
:101A40001AF06DF8236A31460893E3690BA80993ED
:101A5000A36A04F12C09003B18BF01234FEA031AC3
:101A60001AF005F831468346384619F0A6FF0AA950
:101A7000CDE90350CDE90561DDE908010C23CDE98D
:101A800001ABCDF800900DAA1FF0A2FB054658B19E
:101A9000124803685A0703D02A4612491AF0DBF8A5
:101AA000284611B0BDE8F08F0A9B9E4208D00B4833
:101AB00003685B07B7D00C4A414615F0B8F8B2E7A7
:101AC000494610220BA819F0BCFFA36A294601332E
:101AD000A36204F1180016F07EFCE1E72810002054
:101AE000FA00050018010500E80005002DE9F043A3
:101AF00000230126204C07469DB020468846A3615E
:101B00002670FFF7D7FD054660B11C4803685A07E9
:101B100004D01B4A2B46314615F092F828461DB0DA
:101B2000BDE8F0830DF108094846FFF799FD4FF431
:101B300080730922CDE90093394643462046FFF7DA
:101B4000EBFD206250B90D4803685B0703D00D4AD6
:101B5000314615F06CF86FF00105DFE7294604F116
:101B60001800E761A58416F036FC314604F1180030
:101B700016F031FCD2E700BFC83400202C10002042
:101B80003C010500630105000248818C013189B2E6
:101B90001AF073B8C834002070B51F4D04460121F7
:101BA000284616F027FC50B91C4803685B0703D091
:101BB00001211B4A15F03BF86FF07F0070BD15F84E
:101BC000183CA5F11806103DEBB901232374D6E9A2
:101BD0000423C4E90223082325606360F369114AE2
:101BE0000025934214BF02230123A37409236574C3
:101BF0006361FFF727FD58B10623A061E361B38C51
:101C000028462362DAE70023256023741023E4E7E3
:101C10006FF00F00D2E700BFE03400202C1000204E
:101C2000810105000005100538B5012104460E4864
:101C300016F0E0FB70B90D48036813F0060F03D0EF
:101C400002210B4A14F0F3FF204619F087FF00250C
:101C5000284638BD21460748FFF72AFE054620469C
:101C600019F07CFFF4E700BFE03400202C100020C6
:101C700081010500C8340020014819F0F1BF00BF00
:101C8000C83400202DE9F041104D04460F46284687
:101C90000021164616F0AEFB90B1228835F8183CAC
:101CA0009A4211D11022A5F1100104F1080023F08D
:101CB00016F948B9092F03D16868831B5842584167
:101CC00000F00100BDE8F0810020F9E7E0340020D9
:101CD00030B5002589B0044629461048009516F015
:101CE00089FB10B9002009B030BD1C22294601A88B
:101CF00023F0EDF8E20448BF44F48064A304084BE9
:101D000048BF44F400646A46186A01A903941FF0AE
:101D100060F80028E6D10098E5E700BFE034002035
:101D2000C83400202DE9F047DFF848919CB0044604
:101D30000D4602AF002148461646984616F05AFB5B
:101D400000284BD039F8182C23889A4221D1102230
:101D500004F10801A9F1100023F0C1F8C8B9D9F8BD
:101D600004309D4215D0444803685E070BD0012122
:101D7000424A14F05CFF404803685C0703D0404AC5
:101D8000012114F054FF6FF04C006837BD46BDE8E8
:101D9000F0876378012B21D12378002B44D1D4E93B
:101DA000049E384AD2E900C1CC4571EB0E023BD308
:101DB000314802685507E6D06C468AB002AA5162E3
:101DC0000621314DC2E907ECC2E9055942F8101F5E
:101DD0004FF44151EFF7BCF8A546CCE763781BBB45
:101DE00023782BB1244803685907CCD0274AC7E78A
:101DF0002A4631462046FFF745FF28B91E480368AA
:101E00005A07C0D0224ABBE74FF42060FFF760FFBB
:101E1000C0B9194803685B0703D001211D4A14F0BB
:101E200006FF6FF00400B0E73846FFF719FC4FF4E7
:101E300020633246CDE90073294643462046FFF72A
:101E40006BFCE5E7DFF850C00026CCE9075065469B
:101E5000CCF81860ACF824600FCC0FC594E80300F0
:101E600085E803000CF11800012116F0B4FA3046A1
:101E70008BE700BF30350020241000209F010500B3
:101E8000D301050008350020B7010500E401050075
:101E90000C0205002B02050018350020014819F03E
:101EA000DFBE00BF1835002013B5044602210E48DE
:101EB00016F0A0FA88B10D4B1B89A3420DD30C4834
:101EC0000268520705D0012100930A4A234614F004
:101ED000C1FE6FF04C0002B010BD2146064802B0B2
:101EE000BDE8104019F0C9BE30350020083500208B
:101EF00024100020410205001835002038B50F4C91
:101F00000A4601462046FFF767FD0546A0B901468F
:101F100004F1180016F05FFA022104F1180016F01F
:101F20005AFAA28C064B1A812288B2F5807F03D11F
:101F3000D4E90401C3E90001284638BD1835002062
:101F40000835002010B54FF0010C0824CCB0CDE9C5
:101F5000024C044C019404AC00941BF011FE4CB0F4
:101F600010BD00BF9FBC030010B54FF0010C08244A
:101F7000CCB0CDE9024C044C019404AC00941BF0AD
:101F8000FFFD4CB010BD00BF7BBE030013B50024A5
:101F900002460B46074801A9019405F0EDFC0146F5
:101FA00030B9019810B119F010FD019802B010BDC0
:101FB0002046FBE764100020014601481CF046BAA9
:101FC000641000202DE9F041DFF878801E46D8F833
:101FD000004000AF1CB1E3681B6883420CD01A4C70
:101FE0001A4D04E0E3681B68834205D01034AC420C
:101FF000F8D3BD46BDE8F0813346A568A847002E5A
:10200000F7D01348036803F00703022B12D96D467B
:1020100088B023686A460F49C2E905134FF400737C
:1020200093830D4B42F8103F00234FF4E651EEF737
:102030008FFFAD464FF0FF32E3681A600023C8F807
:102040000030D6E7BC4E00203032050030320500AB
:10205000C80F002071020500030000012DE9F84FB0
:10206000064626480D46036800AF03F00703022B1F
:1020700011D96C4688B06A46214BC2E905314FF44C
:10208000007393831F4B42F8103F00234FF4E65137
:10209000EEF75EFFA546DFF87080DFF870A0D04550
:1020A00026D2D8F800B05846ECF7FEF80446431E96
:1020B0001BF803902946B9F12A0F08BF1C46584661
:1020C000224622F03AFF0146A8B9114BC3F800801E
:1020D000D8F80C301E60D8F804304BB1B9F12A0F93
:1020E00004D12A5D2919002A08BF002130469847EB
:1020F000BD46BDE8F88F08F11008D0E7C80F0020F2
:10210000870205000300000130320500303205006F
:10211000BC4E002070B50D460A4C2A68D4E9101355
:102120000A449A4229BF002601265B1A2B60216CC3
:102130002A68214422F0A4FE236C2A683046134406
:10214000236470BDC04E002010B588B003AC1421CC
:102150002046FFF78DFA00280CDB00234021029077
:102160000548CDE90034C0E910316A4600F1440366
:1021700000F032FA08B010BDC04E00200A460449F3
:102180000346086810B11946FEF754BD0220704797
:10219000084F002010B5034C206819F0B3FB002352
:1021A000236010BD084F002008B5FEF713FD044B57
:1021B000002818600CBF6FF00A00002008BD00BFA7
:1021C000084F0020F0B504466368084687B0114602
:1021D000002B00F0D68001AA19F092FF054648B105
:1021E00069480368590717D02B46684A012114F043
:1021F00027FD11E09DF804308BB1634803685A074E
:1022000003D00121624A14F012FD00212068A1735D
:1022100019F00CFF6FF00405284607B0F0BD9DF9DA
:1022200006309DF80620002B0FDA574803685B073D
:1022300003D00121574A14F0FAFC00212068A17351
:1022400019F0F4FE6FF01505E6E79DF80530217BE7
:102250001A4401326273A27B501E01285DD82F46BA
:10226000237B627B9A42D7D0CDE903778DF80C307F
:10227000636805979B68A068023B0493A37B0230C8
:10228000012B08BF8DF80D3023680590DB6804A989
:102290009847022806460BD13B4803685F0703D0E6
:1022A00001213D4A14F0C3FC606843689847B3E7D6
:1022B000012812D1049B002BAED06368A1689B68F3
:1022C00002AA03A8029319F028FF034670B12E4812
:1022D00002685607A0D0314A88E70028EDD19DF862
:1022E0000D3043F002038DF80D30E6E76068029A86
:1022F0000368A1689847034628B123480268540739
:102300008AD0274A72E7237B013323730223A37306
:10231000002EA5D10323A3737EE70133DBB28B42EA
:102320007FF47AAF002A14BF04230C23CDE90355B0
:102330008DF80D30636805959B68A16802AA03A813
:10234000029319F0EAFE034660B10F480268510794
:1023500003D0124A012114F073FC0121206819F006
:1023600065FE59E76068029A0368A16898470346CA
:1023700028B1054802685207EFD0094AEAE7A57379
:10238000EBE76FF00F0547E71C100020B9020500CE
:10239000CA020500D8020500E70205000503050092
:1023A0001803050013B5044610F8063C991E4B426D
:1023B0004B418DF8043010F8083C69468DF8053023
:1023C00050F80C3C01A81B7B8DF8063019F0D2FEAA
:1023D00054F80C0C0322036869469847034678B109
:1023E0000D480268520703D001210C4A14F028FC62
:1023F00047F612220023204605F03CFF02B010BD34
:10240000002347F61222204605F034FF9DF80530E0
:1024100004F8073CF2E700BF18100020180305007D
:1024200038B5FF2303720123044600F11005416013
:102430008372094928461CF001FA23681B6833B9E6
:1024400000220023284605F015FF002038BD9847DC
:102450000028F5D0FAE700BFA52302002DE9F041DE
:1024600086B004460846114603AA19F028FE054620
:1024700080B1344803685E0704D001212B46324AFC
:1024800014F0DEFB0021204619F0FDFD284606B0C1
:10249000BDE8F0819DF80D30580701D50121F2E724
:1024A000A77A012F0BD027480368590704D00121D0
:1024B0003B46264A14F0C4FB6FF00F05E6E7217A8D
:1024C0009DF80C304A1CD2B2934204F1100814D08B
:1024D0001C480268520704D01D4A0091394614F086
:1024E000B9FB0021204619F0CEFD00220023404612
:1024F00005F0F4FE6FF01505C8E72368DDE9041068
:102500009B689847064698B10E4803685B0704D05D
:10251000104A3346394614F093FB0021204619F047
:10252000B2FD00220023404605F0D8FE3546ADE757
:102530009DF80C30002223724046002305F0CEFEA9
:10254000A4E700BF1810002034030500470305006E
:102550005A0305007003050037B50D4602210446F5
:102560001BF0ACFE20B9002000F0010003B030BD2C
:10257000174B694600930523204601931BF086FE06
:1025800030B12B68FF2B07D9236A0BB10C22DA601C
:1025900020461BF09CFEE6E7294620461BF04FFE36
:1025A0000028F5D00B4B694600930F23204601937A
:1025B0001BF06CFE0028EBD02046291D1BF063FEAB
:1025C0000028E5D0022120461BF07EFECCE700BFAC
:1025D000960305009C03050010B54FF0010C032481
:1025E000A0B0CDE9024C044C019405AC00941BF062
:1025F000C7FA20B010BD00BF59250200F8B50C463F
:102600000A4E0B49356822684B682A449A4229BF12
:10261000002701275B1B236009682268294422F0F8
:102620002FFC236838462B443360F8BD0C4F002044
:10263000104F00200022024B02481A60FFF728B812
:102640000C4F0020104F0020F8B5164C0A46656864
:1026500000AF6E18B6F5805F1BD9134803685B079F
:1026600013D06C468AB06B46DA614FF480520F4942
:102670001A62C3E905151A46052342F8103F0023E4
:102680004FF42151EEF764FCA5466FF01500BD46EE
:10269000F8BD23680146581922F0F2FB002066605D
:1026A000F5E700BF184F002030100020AC030500F4
:1026B00030B505460E480F4C036885B003F007039C
:1026C000022B06D96368032100930B4A2B4614F0B2
:1026D000C1FA35B1236802A802936368039319F025
:1026E000B8FA2068F2F738FA0023236005B030BD4D
:1026F00030100020184F0020DF03050008B54FF40C
:102700008050F2F70FFA0A4B186070B100220948A6
:102710005A60036803F00703022B01D8002008BDAC
:102720000321054A14F083FAF8E76FF00B00F6E78F
:10273000184F0020301000201204050002460B46FE
:10274000014805F01BBA00BFA4110020014805F0A4
:102750008DBA00BFA4110020014902481CF03DB809
:10276000244F002010400020094B93F80031042B27
:1027700002D1810709D47047022B02D1020704D489
:102780007047082B03D1830601D5FFF7E5BF7047DB
:102790009759002010B403460A46034881680C6824
:1027A0001946234610BC1847B8520400F0B500245F
:1027B00085B000AF3B1D7C600A22BC60C7F80B40AF
:1027C00039600146184622F0CAFB034611480268E8
:1027D000520713D06D468AB039686A460E4ED161F1
:1027E000C2E905634FF4007313840C4B42F8103FA9
:1027F0004FF411512346EEF7ABFBAD46002383F3B4
:102800001188BFF36F8F0323184602DF1437BD46CC
:10281000F0BD00BF780F0020130505000400000183
:102820002DE9F04188B0064600AF3B480D463B4CD1
:102830003B491BF0B6FF07F10C00DDF7B7FF23683B
:1028400003F00703022B13D9E84688B06A46354BDC
:102850005361354B93614FF400739383334B42F8CC
:10286000103F3349204607F10C03EEF771FBC546D4
:1028700030481BF060FD70B92368590704D001216E
:102880002D4A264814F0D3F96FF012042046203761
:10289000BD46BDE8F081294B381D7B60DDF7B0FFF8
:1028A000034650B12268520704D00121244A1B4834
:1028B00014F0C6F96FF01504E8E74FF0FF304FF061
:1028C000FF31FFF73BFF04460028DFD11D491E48BA
:1028D000DDF72EFF044610B1FFF738FFD6E741F6CB
:1028E0004C5307F10800BB60E8F70DFB20B1FFF780
:1028F0002DFF6FF08504C9E7012338463B70E8F7E8
:10290000FAFA0028F3D1FFF721FF33690F481D6061
:10291000F5F76AF8BAE700BF244F0020780F0020CF
:10292000F9C20300C4FD04003805050003000001DE
:10293000C01C4001B85204005F0505009527020045
:102940007F05050058350020292A0200692702006A
:1029500030B5324887B0DDF769FE0446002858D10B
:102960000125DDF735FFDDF73FFFE8F7CDF8E8F7A4
:10297000CDF8E8F7CDF8E8F7CDF803AA0221204614
:102980008DF80C50DDF786FE021E41DB082303AAFA
:1029900007212046ADF80C30DDF77CFE021E37DB48
:1029A0004FF0FB13039340F2032303AA03212046B5
:1029B000ADF81030DDF76EFE021E29DB03AA0421FC
:1029C00020468DF80C50DDF765FE021E20DB1F232C
:1029D00003AA06212046ADF80C30DDF75BFE021E8F
:1029E00016DB40F6B8239A4216DD0D480168490708
:1029F00004D0009229460B4A14F02CF9002383F3EB
:102A00001188BFF36F8F0423184602DF6FF00B02AB
:102A10001446204607B030BD2246F9E7AD27020034
:102A2000780F0020A305050073B5514C94F80031D0
:102A300063B394F80031042B63D120783E2838D05A
:102A4000FF283CD000256378FF2B3DD1494803681F
:102A50005D0712D04FF48073009340F201130121FF
:102A6000454A14F0F7F8434803685B0705D06FF058
:102A70000B030121414A14F0E3F8002383F311888A
:102A8000BFF36F8F0423184602DF26E04FF0FF30BC
:102A90004FF0FF31FFF752FE48B9204604F5807130
:102AA00000F0A8FB0546FFF751FE002DC1D002B093
:102AB00070BDA578022D14BF00250125C3E7A578B8
:102AC00005F0FD05802DF6E7002200232946F4F7E6
:102AD00095FF064648B9002DE9D0002384F800315F
:102AE00002B0BDE87040FFF737BE6278204902327D
:102AF0000C3015F040FF3146214B1B6821489847A8
:102B0000EBE7022B1ED1002200230820F4F754FF2C
:102B100005460028CBD063880433B3F5807F07D9FE
:102B2000144802685107A8D04FF48072009296E7CB
:102B30001A460F4905F10C0015F01DFF104B2946F0
:102B40001B68DBE7082B09D1002300222020F4F7C3
:102B500033FF638805460028DED1A8E705480268F0
:102B60005207BAD00121084A14F06AF8B5E700BF4D
:102B700097590020780F0020C605050020060500A3
:102B8000204F002030530400E7050500F7B5804DC5
:102B900006462B78002B40F0298304238DF807305C
:102BA0007C4B04881F68B7B10DF106030DF10702D5
:102BB000691CB84701280ED09DF80630002B40F064
:102BC0005B819DF807300E22AB7001236A70EB70B9
:102BD000AC80A87159E1B4F5105F4FEA94230AD292
:102BE000002B4ED0013B072B08D8DFE803F0090784
:102BF000367A070707C13F2B00F00782012055E016
:102C0000304640F2064230F9033B93420FD040F287
:102C10001D4293421ED0012040F206439C4200F028
:102C20002B8140F21D439C4200F026813EE0E8F7F4
:102C3000CEF942F264039C4240F2AB8242F2850339
:102C40009C4233D842F267039C4200F2B48242F2C3
:102C50006603E8E7E8F7BDF9EBE7304640F6634284
:102C600030F9033B934230D00DDC40F603429342EF
:102C70001FD040F62D4293421ED040F601429342AF
:102C800012D00120F8E040F67B42934220D040F67B
:102C90007C429342F5D19DF807303F4902338DF8CD
:102CA0000730E8F7C8F801E0E8F7B7F80128E8D0FE
:102CB00087E7DDF77BFEF9E79DF8073036490333F8
:102CC0008DF80730E8F7AEF8F0E7E8F7ADF8EDE794
:102CD0009DF80730304904338DF80730E8F7A9F83C
:102CE000E4E73388A3F58053013B082BC9D801A240
:102CF00052F823F0192D02002B2D02003F2D020067
:102D0000832C0200832C0200832C0200832C0200FF
:102D1000832C02005F2D02009DF807301E48083307
:102D20008DF80730E8F70AF9C0E79DF807301A4830
:102D300040338DF8073019F0E1FA002041E7002216
:102D40009DF8073008338DF80730134B1A605A602E
:102D5000EB7A23F0600343F06003EB72EDE79DF83C
:102D600007300D4806338DF80730E8F7E9F89DE79E
:102D7000304642F24E0130F8033B1AB28A4242F228
:102D800064016BDCB2F5005F08DC8C425EE000BFE2
:102D9000985A0020344F00209F5A0020A3F500537A
:102DA000013B4D2B4FD8DFE813F0600075007E002B
:102DB0004E0087008A008D00960099009C004E000E
:102DC0004E004E004E004E004E004E004E004E0093
:102DD0004E009F00A800AB00B4004E00BD00C6002E
:102DE000CF004E004E004E004E004E00DF00E800C7
:102DF000F1004E004E00F400F700FA00FD004E0016
:102E00004E00060109010C0115011E0121014E00B1
:102E10004E004E004E004E004E004E004E004E0042
:102E20004E004E004E004E004E004E004E004E0032
:102E30004E004E004E004E004E004E004E0024014B
:102E40004E004E002D0142F264039C423FF419AF44
:102E500040F2AF8142F285030120F1E642F27C03A9
:102E60009A4292D1E8F7B1F801E0E8F76BF842F244
:102E700064039C427FF4DDAE0F236B700423AB70C0
:102E80000123E8702B71A5F80540012300202B7069
:102E900003B0F0BD9DF80730CC4803338DF8073000
:102EA000E8F755F8E3E79DF80730C84808338DF890
:102EB0000730E8F74EF8DAE7E8F74DF8D7E7E8F734
:102EC0004CF8D4E79DF80730C04801338DF807303F
:102ED000E8F745F8CBE7E8F744F8C8E7E8F743F840
:102EE000C5E7E8F742F8C2E79DF80730B74907336E
:102EF0008DF80730E8F73BF8B9E7E8F73AF8B6E7B6
:102F00009DF80730B14910338DF80730E8F733F8F2
:102F1000ADE79DF80730AD4808338DF80730E8F786
:102F20002CF8A4E79DF80730A84902338DF8073044
:102F3000E8F725F89BE79DF80730A44902338DF8A0
:102F40000730E8F720F892E79DF8073008338DF84E
:102F500007308F23EB71C023EB7242F264039C4273
:102F600040F01181002087E79DF807309749023330
:102F70008DF80730E8F70BF879E79DF807309348AC
:102F800004338DF80730E8F704F870E7E8F703F842
:102F90006DE7E8F702F86AE7E8F701F867E7E8F7AE
:102FA00000F864E79DF80730884801338DF8073052
:102FB000E7F7F9FF5BE7E7F7F8FF58E7E7F7F7FF11
:102FC00055E79DF80730814808338DF80730E7F75B
:102FD000F0FF4CE79DF807307C4904338DF807304B
:102FE000E7F7E9FF43E7E7F7E8FF40E7E7F7E7FF41
:102FF0003DE79DF80730754802338DF80730E7F755
:10300000E0FF34E7E7F7DFFF31E730464FF61652CF
:1030100030F8033B934259D84FF60152934206D8F9
:1030200003F2FF3292B2092A34D901205DE0A3F500
:103030007D43023B142BF8D801A252F823F000BFC5
:103040004B31020051310200573102005D31020064
:103050002B3002002B3002002B30020063310200C3
:103060002B3002002B300200693102002B300200AD
:103070002B3002002B3002002B3002002B300200DC
:103080002B3002002B3002006F3102002B30020087
:1030900081310200A3F57C43013B092BC5D801A275
:1030A00052F823F0DB300200F73002002B30020030
:1030B0002B3002002B300200453102002B30020081
:1030C0002B30020021310200333102004FF61D5235
:1030D0009342AAD1E7F730FF07E09DF807303B485D
:1030E0000C338DF80730E7F7A8FE4FF6025224F0B4
:1030F0000803934298E500209DF8073040338DF88F
:103100000730324B1880EB7923F0230343F023037D
:10311000EB712B7A23F0030343F003032B72E4E7F4
:103120009DF80730294817338DF80730E7F7A0FEE0
:10313000DBE79DF80730254820338DF80730E7F7A7
:10314000BBFED2E7E7F792FECFE7E7F7D2FECCE788
:10315000E7F7D1FEC9E7E7F7D0FEC6E7E7F7D3FE0A
:10316000C3E7E7F7D2FEC0E7E7F7D3FEBDE79DF878
:103170000730164904338DF80730E7F7CCFEB4E783
:10318000E7F7D8FEB1E703D942F28503002057E5FF
:10319000002042F219039C421CD842F20C039C42CC
:1031A0007FF63AADA4F500530D3B41F241229BB2AC
:1031B00006E00120EDE7A4F50153283B044A9BB249
:1031C00022FA03F3DB077FF571AD55E69F5A002025
:1031D0002F80402042F232039C423FF44DAEA4F5D2
:1031E0000153033B012B3FF661AD45E64FF0FF3045
:1031F0004EE600BF38B5094C0D4623781BB9BDE833
:103200003840E7F7FABDA278611C023221F038FE9F
:103210000020042320702B7038BD00BF985A002076
:1032200070B505460E46084C20461BF084F838B1B0
:10323000A36829462046B2B21B68BDE87040184713
:103240006FF0120070BD00BFB852040042F2E831C6
:10325000014808F0D3BB00BFE05A0020322337B545
:103260000125ADF8043000231C216846134A8DF86F
:103270000630ADF800508DF80230E7F717F9044634
:10328000C8B917F082FF80B2E6F7E8FD29460C487E
:10329000EAF701FE044670B901462A468520F1F797
:1032A0001FF92A462146E520F1F71AF92A46214658
:1032B0008A20F1F715F9204603B030BDD53202005F
:1032C0003C4F0020014902481BF087BA6C4F002098
:1032D00010400020F0B5002485B000AF3B1D7C609D
:1032E0000A22BC60C7F80B4039600146184621F03D
:1032F00036FE034611480268520713D06D468AB065
:1033000039686A460E4ED161C2E905634FF4007315
:1033100013840C4B42F8103F4FF411512346EDF744
:1033200017FEAD46002383F31188BFF36F8F03238D
:10333000184602DF1437BD46F0BD00BFF40F002071
:10334000780605000400000103460548026812F0F3
:10335000060F03D00221034A13F072BC704700BF6E
:1033600004100020A006050028B1022806D1042080
:10337000034B1B681847024B1B68FBE7FFF7E4BFD2
:103380007C4F0020014B02201B6818477C4F002017
:1033900028B1012807D100200349E6F74DBC034BB3
:1033A00002201B6818477047693302007C4F0020D9
:1033B000014B1860002070477C4F002010B51D485D
:1033C000D0E8AF3F23B9062904D8042926D839B15B
:1033D000002010BD0729FBD1403804F0C9FCF7E7F5
:1033E00050F8203CA0F14004D3E900209047012888
:1033F00008D0114B984203D00223E06384F83430A4
:103400000E48E6E742F210732363032384F8343056
:1034100004F1240384F82900A363F1E700F8173CC2
:10342000074BA0F11C0140F8103C4038007EEAF741
:1034300073FDCDE7C04F00201F646602B44F00202B
:10344000FF3F420F0122002101481BF027B900BFB6
:10345000804F0020014BD861704700BF804F002093
:1034600070B54FF0FF3105464FF0FF30FFF766F9BA
:1034700032493348E6F7F0FE0446FFF767F9002CBF
:103480000BDA304803685A0704D0012123462E4A3C
:1034900013F0D6FB6FF00B0070BD40F201132B4C04
:1034A00000222385E36925626433E36242F21073EC
:1034B00023636FF0730384F82420E36304F1400571
:1034C000D5E8EF3FC5E8E12F0029F9D14FF0FF31F2
:1034D0004FF0FF30FFF732F904F12401207EEAF7C4
:1034E0001BFDFFF733F900232046194A04F07AFC4C
:1034F00000282E460EDA134803685B0703D001212B
:10350000144A13F094FB0123D6E8EF2FC6E8E13FFD
:103510000029F9D14FF0FF314FF0FF30FFF70EF9DE
:10352000207EEAF7DBFCFFF711F9D5E8AF3F13B1D6
:10353000064804F07DFCE06BAEE700BF984F00202A
:10354000BD330200B40F0020CC060500804F0020E0
:103550000E720B00A2F40400064BD3F840231C2A81
:1035600005D1D3F84403431E584258417047002008
:10357000704700BF00C0FF0003689A070CD50368BE
:10358000DB070DD50922074BC3F80C250F22C3F822
:10359000042501221A60FEE7034B0360EF3B036042
:1035A000704700BF00801050F000FA5008B50123AA
:1035B0003C4A3D48C2F800383C4AD2F840231C2A15
:1035C00004BF3B4AC2F80C34FFF7D6FF0830FFF7C0
:1035D000D3FF0830FFF7D0FF0830FFF7CDFF00F52D
:1035E000F470FFF7C9FF334AD2F88C3043F44063DC
:1035F000C2F88C300022D30003F57F0303F540436B
:10360000D3F8001401310AD0D3F8001439B1D3F83B
:1036100000140132D3F80434402A0B60EBD1214B63
:10362000D3F84024002A38D0FFF796FF48B11F4B4B
:10363000D3F83423204B9A429EBF1A4B1F4AC3F83B
:103640004026FFF789FF18B11D4B1E4AC3F8AC276F
:10365000FFF782FF48B13422124BC3F82426D3F877
:103660003C2622F40022C3F83C26174B1149D3F81C
:103670000026D20744BF6FF00102C3F800260323DF
:10368000124AC2F81835D1F88C3043F44063C1F8BF
:103690008C300023C2F8A03508BDC822C3F84024EE
:1036A000C2E700BF0000125000C50D5000C0FF006F
:1036B0000030055000ED00E0001D0A1840E0A91E92
:1036C00000A0085078000A0400E0105000B0045038
:1036D000036803F01F025F2B02604FEA53129ABF88
:1036E000024B53F822000020704700BFD878040036
:1036F000034A4309D35C00F01F001844C0B270476E
:103700000F070500F0B50646002487B0114F019160
:1037100017F8012B06AB03EBD20313F8143C02F0AD
:103720000702D34013F0010306D10134032CEFD17B
:103730000023184607B0F0BD074A03AD07CA85E865
:10374000070055F824100A6A46F824200A62002A65
:10375000EBD0EEE71F07050058620400F7B50446FA
:103760000846FFF7C5FF06B204EB4606B38A0D46CE
:10377000DB072BD5204618F085FF2946204618F098
:10378000F1FE58B1204618F003FF0022276800B26E
:1037900007EB8003C3F81025C3F8102529462046FF
:1037A00018F01FFF002101A8B1820195FFF790FFDB
:1037B000019B00EB8300D0F88020064B134043F0C0
:1037C0000203C0F88030084603B0F0BD6FF015006A
:1037D000FAE700BFF0F0FCFF2DE9F043044685B0A6
:1037E000084616461D46FFF783FF0F46804636B350
:1037F000204618F0C2FE18B9204618F0B3FE28BBC8
:103800000FFA88F904EB4909B9F8143013F01C0FCA
:1038100002D07378012B19D001238DF80F300023CB
:103820003846CDE90063721CB31C0DF10F0118F08E
:1038300041FEB9F8143043F00303A9F81430002D09
:1038400040D03946204618F098FE20B96FF0150098
:1038500005B0BDE8F0830022297823684FEA810C87
:1038600003EB8103C3F81025C3F810250FFA88F283
:1038700004EB4202938A23F4604323F020039382F3
:103880006E78FEB12468A8786444D4F810550E4BC5
:1038900036042B40C4F8103541F6F07306F4403678
:1038A00003EA07130005D4F81055334300F48010E1
:1038B00003432B43C4F81035938A43EA413343F062
:1038C000200393820020C3E70FE0ECFF70B590F86F
:1038D0007440054690F8756044BB4622214614307A
:1038E00021F0F5FA2146134A2B6852F836608E42D1
:1038F00012D1002440F20D10C3F84441D3F8442102
:103900000D4A934208BFDB20F0F7C8FD0123204693
:1039100085F874302B6670BDCAB2920002F58070D3
:10392000442A04BF1C501A580131E0E76FF07700B9
:10393000F1E700BFE478040000A00D5090F8750096
:10394000024B03EB800018F09CBD00BFFC0D002073
:1039500010B5064B90F875000C4603EB800018F08C
:1039600076FD0028A4BF2070002010BDFC0D0020B3
:103970002DE9F04F814659F8043B8BB0D3F814136E
:1039800090F8754000936C4BC9B241F40031804609
:1039900053F83420009818F04EFE810305463AD5BE
:1039A0000023CDE907330993634B07A803EBC40356
:1039B0005B6819460193FFF7A5FE042303EBC403DC
:1039C00003934FF0000B5D4B0DF11C0A0293029A1A
:1039D000594912F8013B0292039A02EBD3028A5C26
:1039E00003F0070322FA03F3DA071AD40BF1010BF1
:1039F000BBF1030F0AF1040AE9D14FF400310022B0
:103A0000009818F018FE019907A8FFF77BFE002820
:103A1000D7D125F400350124002D75D10BB0BDE8B8
:103A2000F08F474B5B440493DAF800100029DDD097
:103A300091FAA1F1B1FA81F1049B1C7841EA441496
:103A40002046FFF755FE08EB4000878AC808BB08F0
:103A5000059301231AF8002001F0070103FA01F190
:103A600022EA01020AF8002006A80694FFF730FEB9
:103A7000069A059B203250F82220C7F382065B0786
:103A80003746C2F3014223D54846D6B221463A46CC
:103A900018F088FD06A80694FFF71AFE069B20334F
:103AA00050F82330C3F301439E4207D10021204642
:103AB00018F049FD3146204618F045FD06A8069449
:103AC000FFF706FE0122069B02FA03F30362ABE74F
:103AD000022A0DD10321204618F035FD06F005031A
:103AE000012BEBD13A462146484618F05BFDE5E74D
:103AF00002212046059218F026FD032EF2D0059AE9
:103B0000032ADBD1022EECE795FAA5F3B3FA83F38F
:103B1000009904FA03F225EA020503F5A27251F8AE
:103B2000222008EB43034846B3F86410C2F3014275
:103B300018F038FD70E700BFE47804001F070500A7
:103B40001F0705000123054A83409268134013F0C4
:103B5000670F14BF01200020704700BFC806002077
:103B60000123044A03FA00F0936823EA00039360F8
:103B7000704700BFC8060020074B027AD3F8101523
:103B800021F001010A43C3F810250268C3F8A426F6
:103B90004268C3F8AC26704700200E504FF0FF3249
:103BA0006FF0404330B5044CD4E90001824273EB1E
:103BB0000105F9D330BD00BF40270E5030B50C25AC
:103BC000074B1C1894F8544005FB0433C3E9031257
:103BD00018750123034A8340C2F8243330BD00BF67
:103BE000C806002000200E50F0B53D4D85B02C7861
:103BF000002C6FD13B4A01AB07CA83E807003A4962
:103C00001846D1F8102522F00202C1F81025FFF75E
:103C1000B3FF0723672202F001012144013BCCB22C
:103C20004FEA5202F7D1052C57D119464FF0010C3B
:103C30002B4E00246720CFB204E00CFA02F220EAF7
:103C40000200013490FAA0F25FFA84FEBE45B2FA97
:103C500082F2F2D30131327505292A4482F8547078
:103C600006F10C06E5D10121002420489A0801FA4A
:103C700002F212F0670F18BF1C500433302BF5D13D
:103C8000E420F0F70BFC184B1949D3F8102503F585
:103C9000C07322F00202C3F8902340F6FF72C3F80B
:103CA000A82100221A60A3F5807004338B420260C1
:103CB000F8D101240C4B0F4A1C660F4B5D201B688A
:103CC000B3FBF2F358430D4B2343984700202C706D
:103CD00005B0F0BD6FF07700FAE76FF08B00F7E703
:103CE000C80600206462040000200E5000210E501F
:103CF000B0210E5040420F00F80D00201066040065
:103D000073B52B4C0546636801A803F001030E460A
:103D1000019318F09CFB00283FDB002320753370D3
:103D2000636823F001036360A36843F00103A360A9
:103D3000204BD3F81025900733D4D3F8102542F048
:103D40000202C3F81025C5B1D3F8482712F00102CA
:103D500002BFD3F8481741F00101C3F84817154BCB
:103D6000D3F84017D3F844174900F9D42AB9D3F847
:103D7000482722F00102C3F848270F4B0F4A1B685F
:103D8000B3FBF2F30B4A03EB43136BB1D2F84017CA
:103D9000D2F8440710F0804001D102B070BD013B61
:103DA000F3E76FF07700F8E76FF07300F5E700BF17
:103DB000C806002000200E50F80D002040420F00E1
:103DC0002DE9F8430025224E672374684FF001085F
:103DD000E443A9461F4F04F06704C7F82833E9B24B
:103DE000DCB9E420F0F768FB1A4BD3F8482722F03F
:103DF0000102C3F84827D3F8102522F00102C3F8C6
:103E00001025D3F8102522F00202C3F81025012254
:103E10005A669A663470BDE8F8830846FFF792FE4A
:103E200098B10846FFF79CFE736808FA01F2DB437D
:103E300003F06703134208D007EB0113C3F82C9576
:103E4000E30702D5044818F01CFB64080135C6E7F7
:103E5000C806002000200E50CC06002070B51D467C
:103E60001446184A9DF81060131893F8543000B2A5
:103E70000C3302EBC30142F833404D60C5F313012C
:103E8000AEB10201104E02F1A04202F562228000A2
:103E9000C2F820450644C2F82415336833B1FFF751
:103EA0007DFEA042A94101D20023336070BD030111
:103EB00003F1A04303F56223C3F82045C3F824159A
:103EC000F4E700BFC806002000210E50F0B50E4DEB
:103ED0002B1893F8543000010C3355F8334005EBA0
:103EE000C3077E68641800F1A04021F0004146F14C
:103EF000000641EAC27100F5622045F833407E6059
:103F0000C0F82815F0BD00BFC8060020F7B5284B43
:103F1000284CD3F82C6304F188070EB903B0F0BD28
:103F200096FAA6F00123B0FA80F08340DA432249E2
:103F300026EA0306231893F85450830019440C23EF
:103F400003FB0543DB6873B3D7E8EF3F03EA020CDA
:103F5000C7E8EECFBEF1000FF6D1C340DB0719D59D
:103F6000020102F1A04202F56222D2F82435D2F811
:103F70002025D1F800C0BCF1000FCED04FF0000CCE
:103F8000C1F800C00C2101FB054529690091E968D1
:103F90008847C2E705F10C0304EBC30C54F8332047
:103FA000DCF80430E5E70A68002AB6D00B60B4E715
:103FB00000200E50C806002000210E50EFF31181A2
:103FC000402383F31288BFF36F8F084A13780133BD
:103FD000DBB2012B137005BF054A00206FF077009C
:103FE000136381F31188BFF36F8F7047C87E002081
:103FF00000E01050EFF31182402383F31288BFF3E7
:104000006F8F084B18780138C0B2187038B9012189
:10401000054B596382F31188BFF36F8F70476FF0C0
:104020000F00F7E7C87E002000E0105010B5184BD5
:10403000D3F80443E1040AD5D3F830213AB1002281
:10404000C3F83021D3F83031124B1B689847A204D3
:104050000BD50F4BD3F834213AB10020C3F834010B
:10406000D3F834310C4B1B68984763040ED5084BCA
:10407000D3F8382152B10022C3F83821D3F83831AF
:10408000054B0120BDE810401B68184710BD00BF5C
:1040900000E01050C84F0020C44F0020044B40EAFD
:1040A0000120C3F80005D3F80024D207FBD57047E0
:1040B00000B0045080F08003032BA0F1800203D8ED
:1040C000054B53F82200704707289ABF034B53F85B
:1040D00020004FF0FF307047F478040004790400AA
:1040E00030B50B4B012493F8625000220823204284
:1040F00003D0254208D00132D2B2013B4FEA44043A
:10410000F5D118460A7030BD6FF01500FBE700BF0F
:10411000CC4F0020054B93F86000431E012B03D9C0
:10412000043818BF0120704700207047CC4F002092
:10413000002010B5154A1649C2F8000591F86140F3
:10414000D2F8043381F860400C6823F033030CB1DB
:1041500043F02303C2F81C01D2F81C41C2F8180135
:10416000D2F81841C2F80801D2F8082191F8652068
:10417000D00791F8662048BF43F08003D207034A76
:1041800048BF43F04003C2F8003310BD00500D504B
:10419000CC4F002070B5002301264FF0FF340D4AAC
:1041A00092F8621018B90BB182F8621070BD90FAE3
:1041B000A0F3B3FA83F306FA03F5043342F833406D
:1041C00002EBC3035C6020EA0500012321EA05013C
:1041D000E8E700BFCC4F002073B50023044601AAD6
:1041E0000E464FF48071019318F0A4FB4FF48A71CE
:1041F000204618F09FFB4FF482710546204618F0C8
:1042000099FB20B11EB115B1144BD3F8343601AA75
:104210004FF48471204618F08DFB4FF486712046D0
:1042200018F088FB4FF48871204618F083FB0C4B84
:10423000234083B14FF48E75294601AA204618F019
:1042400079FB291F0835204689B2ADB218F072FB00
:10425000B5F5AE7FF0D1019802B070BD00500D50A1
:10426000C0FF3F002DE9F0410146477A90F80480F5
:10427000857A007AFFF71EFF421C03D16FF015000C
:10428000BDE8F0811E4C2E1DB8F1010F44F8360038
:1042900033D13846FFF70EFF431CEFD004EBC606C0
:1042A00070604B780A781B03120202F4E06203F498
:1042B000805348881343134A02EA004213438A7921
:1042C0000020120702F0E04213434A79D20202F4BE
:1042D000006213430A79D20392B213432A0102F116
:1042E000502202F55022C2F81835012294F86230AB
:1042F000AA40134384F86230C2E74FF0FF30CDE7A5
:10430000CC4F00200000FF01F0B50025314C059E88
:1043100084F8655084F86650A5602561266084F8AD
:104320006300A5832C4CC4F8F015C4F8F42516B32B
:104330002322C4F8002300254FF0010C254F264E00
:104340000CFA05F2024005F1510417D1210106EBE8
:1043500004147250626006EB0514D4F81815013588
:1043600021F4006141EAC222082DC4F8182507F1A2
:104370000807E5D1F0BDC4F80063DCE7D7E9082100
:10438000B2F1FF3F23D05FEA123E05BF4FEA521E53
:1043900002F01F02A2F5805242EA0E2214BF42F040
:1043A000004242F080424FEA041E46F80E204A1CAA
:1043B0000FBF00214A0901F01F0141EA022118BF85
:1043C00041F0804106EB04141A466160C3E7002205
:1043D000E9E700BFCC4F002000500D5070B51F4DD5
:1043E00095F86040002C36D10126FF2085F86060EA
:1043F000FFF7D0FE1A4B1B49C3F80041D3F8002148
:10440000C3F80441D3F80421C3F81041D3F81021B4
:10441000C3F81441D3F814311C239A0806FA02F2A7
:1044200012F0330F1FBFA3F1AF22A2F57202146086
:1044300012681A1F920806FA02F212F0330F1CBF1C
:104440005C505A5808335C2BE7D1D520F0F726F89A
:104450000020286070BD6FF07700FBE7CC4F002094
:1044600000500D50FC500D50014B93F86200704706
:10447000CC4F00202DE9FF4105460F4616469846D1
:10448000FFF748FEF8B928460DF10F01FFF728FEA7
:104490000446A0B90D4B3246C3F8F805331E18BFC9
:1044A000012339462846CDF80080FFF72DFF084B41
:1044B0009DF80F2083F86420022283F860202046B4
:1044C00004B0BDE8F0816FF00F04F8E700500D5024
:1044D000CC4F00202DE9FF4707469946FFF71AFE0B
:1044E0008A461446064600283DD138460DF10F0194
:1044F000FFF7F6FD054638BB63889DF80F803BB398
:10450000B8F1010F32D8B9F1000F2FD022786378BB
:1045100012B1B3FA83F6760951463846CDF80090C9
:10452000FFF7F2FE6388134A0BB143F48053C2F8DD
:10453000F835114B83F86480227983F8686083F83A
:104540006720042283F86020284604B0BDE8F08785
:1045500022786378002ADFD0002BDDD1B8F1010F7B
:1045600004D80126D8E76FF00F05EDE76FF0850559
:10457000EAE700BF00500D50CC4F002030B51E4A76
:104580000446136973BB00F06043B3F1005F2CD1A4
:1045900092F86450B1FBF5F305FB131040BB0BB26E
:1045A000002B25DD92F86030052B06D8032B0CD8A4
:1045B000022B0FD06FF0760030BD062BFAD10F4BD7
:1045C0004D00C3F82C46C3F8305693683BB1C2E99E
:1045D0000441F1E78D420BD1C2E90245ECE7C2E9A3
:1045E0000241E9E76FF07700E6E76FF00C00E3E7E0
:1045F0006FF00600E0E700BFCC4F002000500D50E8
:104600002DE9F341564CA368002B00F0A58094F8E7
:104610006020022A06D0042A37D06FF0760002B05C
:10462000BDE8F08101204F4AC2F80005E168256825
:1046300081404DB1032584F86050C2F82C36C2F891
:10464000301610600020EAE7C2F82C36C2F83016A7
:10465000106000210120FFF7BFFD0028F9D00123E1
:10466000404C414D636029460220FFF7B5FD00280C
:10467000F9D00023C4F80831D4F80821C4F80C316B
:10468000D4F80C21C4F80035DCE70120354AC2F823
:104690000005216839B1052184F86010E168C2F88D
:1046A0002C368140CBE794F86410A58B019103EB85
:1046B000450349000093C2F82C36C2F8301610604A
:1046C00000210120FFF788FD0028F9D094F8683018
:1046D00063BB0123234D6B6069460220FFF77CFD1D
:1046E0000028F9D00023C5F80831D5F80821C5F80D
:1046F0000C31D5F80C21A18B94F864200A44E168B0
:1047000092B28A42A28321BF174AA383D2E902014F
:10471000C2E900014FF0000224BF23611846114B8B
:1047200038BF6FF00F00C3F8002578E74FF001089D
:1047300000260C4FD7F8F455EDB208FA05F5013D07
:10474000B542C6D9C7F8048000210420FFF744FD14
:104750000028F9D00136F3E76FF00B005FE700BFE8
:10476000CC4F002000500D50D44F002070B50246B1
:10477000FFF7D0FC002854D12B4E2C4C96F860301B
:10478000726086F86130072386F860300123C4F830
:104790000035D4F80453C4F80003E3603AB125F0BF
:1047A000C00545F033050020C4F8005370BD00215A
:1047B0001020FFF711FD0028F9D00023C4F80431C0
:1047C000D4F804311A4BC4F82C360423C4F830361C
:1047D0000123236000210120FFF7FEFC0028F9D00F
:1047E0000123124CA36000212020FFF7F5FC0028D4
:1047F000F9D00023C4F80431D4F80421C4F80831F6
:10480000D4F80821C4F8003596F8612086F86020B5
:10481000C4F81C31D4F81C21C4F81831D4F818316C
:10482000C1E76FF00F00C1E7CC4F002000500D50E2
:10483000E44F00207FB533206549FFF7CDFC10F031
:10484000100F0546624E0BD01022624BC3F80823AE
:10485000B218C3F82C260422C3F8302601221A60AD
:104860005D4CAA0694F8603010D5072B07D0594B41
:10487000D3F83436C3F34E03E36000232361554B72
:10488000D3F80433DB0601D5FFF752FCA8071AD58D
:104890000023A16894F860200291E168062A8DF84F
:1048A0000430ADF80C101AD0072A39D0032A0AD1E7
:1048B000484AC2F80035C2F80035022384F8603057
:1048C000236801A89847E90752D594F86030033B64
:1048D000042B4DD8DFE803F05D4C2B44610094F8C5
:1048E000673023B1236913B101223A4B1A60236860
:1048F00001A89847394B93E80300002386E803009A
:104900002361A368002BDED1324AC2F80035C2F819
:104910000035042384F8603005238DF80430CFE798
:10492000FFF706FC02238DF804306368C9E704230F
:1049300001A88DF8043023689847264BD3F8F82552
:10494000D20444BF01225A600623216984F86030F2
:1049500031B163691F4A5B00C2F82C16C2F83036C9
:1049600023692BB9032301A88DF8043023689847E5
:1049700094F86030072B0AD0164B1948D3F804334B
:1049800000211840FFF728FC012685094DB904B025
:1049900070BD01220F4B5A60EAE701220D4B9A606D
:1049A000E6E795FAA5F3B3FA83F306FA03F225EAEC
:1049B00002055A08DB4303F001038DF809308DF836
:1049C000046023688DF8082001A89847DEE700BF3F
:1049D000D44F002000500D50CC4F0020DC4F002061
:1049E000C0FF3F00184A11F0805F30B5174C18BF68
:1049F0001446036883EA010525420DD043F30904F8
:104A0000013409D001EA0204114A1A4042F09F42DF
:104A100042F4E002944203D100230360012030BD40
:104A20000A0D02F4E064B4F5806F05D1C3F3892464
:104A3000C1F389218C4201D20020F0E752B203EB8E
:104A400082230360F8E700BF00FCFF7F00FC0F70CB
:104A500000FC0F002DE9F04F064687B03C30914630
:104A60000F469A46D1E90383059317F0C5FFC9F3B2
:104A7000892B044680B1BBF1000F79D0F36BCAF3E8
:104A80008922C3F38923934204D16FF0010007B058
:104A9000BDE8F08F6CD2374C059D284617F089FF92
:104AA000031D4345F1D80423A8EB0008039305AB8D
:104AB000CDE901833B683246009300210423304650
:104AC00017F0DBFF0028E2D1059B1BBA6B4023F0F7
:104AD00000430593BBF1000F1ED02A0D02F4E063E2
:104AE000B3F5806F18D1AAEB0403C3F38920C5F393
:104AF0008921884210D323F07F4323F4700323F4E9
:104B00007F7323F0030343F0804343F48013AB42ED
:104B1000BBD052B204EB8224AAEB0401694011EA33
:104B20000901B9D145F309030133AED0129BC5F396
:104B30000909994528BF9946119BCDF80C9002931D
:104B4000109B32460433434401933B683046009344
:104B50004B4617F092FF002899D1129B0146A3EB18
:104B60000902119B03EB090020F0B1F960198EE7EF
:104B7000002491E700FCFFFF30B587B003AD144679
:104B8000084B094A009518F031F8002804DA831C14
:104B900000D1002007B030BD2946204617F013FF92
:104BA000F7E700BF0C00F07F0000F07F70B5084E03
:104BB0000446314620F0B0F931460546201820F071
:104BC000F4F90444605DB0FA80F0400970BD00BFA4
:104BD000F0B60400F0B503F1080C1C4640F2FF33B8
:104BE0009A4205460E4685B008D160461A49E9F753
:104BF00053FB02232370002005B0F0BD036F970222
:104C0000013343EA8223CDF800C0144A17F0EEFFC7
:104C10000028F1DB000D02AB2070009347F0005339
:104C2000314628460E4A43F0080317F0DFFF0028FC
:104C3000E2DB40F20223B3EB105F4FEA105202D1E5
:104C4000039B6360D7E740F201239A42D3D1C0F3BC
:104C500009006060CFE700BFF0B6040000FC0F78E9
:104C600000FC0F702DE9F04F00248946A046ABB040
:104C70000493CDE90A44BDF8E030BDF8DCB0BDF9DD
:104C8000E4A006900593049817F093FED9F80C3031
:104C900087189F4264D20423039309ABCDE90173C3
:104CA000069AD9F80030002100931046042317F02B
:104CB000E4FE002840F01881099B049A1BBA5A4070
:104CC00042F0004309930493D9F800300AAE0A93E6
:104CD0003B1D0B930999369B81EA08021A40844BCD
:104CE0001A403BD1369BC3F38923002B00F0A180EF
:104CF0003C256543049805F1A8036B4443F8700C08
:104D0000349823F85CBC43F86C0C359823F858AC05
:104D100043F8680C3698924643E919089346904642
:104D2000059843F8486C23F85A0C3A9843E91E97C3
:104D300043F8540C3B98013443E91401DDE90A01BE
:104D4000443B83E8030005F1A8030DEB0305A5F13F
:104D50004C033B93674B36923A9305923A4692E75F
:104D6000359B002B40F3BE80349B17461B6809938C
:104D7000349B5E6808333493359B013B3593A9E738
:104D8000B2F5817F1CD10025099BC3F3090295422E
:104D9000E4D2B168C3F38923534441EA83213378D1
:104DA000726803F5407341EA0351DDE93A309847F0
:104DB0000028C0F2998006F10C06CFD10135E3E757
:104DC00003EB8A213246DDE93A3098470028C0F2E9
:104DD0008B80C3D0002C00F087803C232AAA013CA2
:104DE00003FB042353F8702C53E91101049253F888
:104DF0006C2C53F8608C349253F8682C33F85CBCFC
:104E0000359253F8642C33F958AC369233F85A2C57
:104E100053F8486C059253F8542C53E91E973A9274
:104E200053F8502C3B9253F84C2C09920AAA82E872
:104E30000300369A099BC2F3892232B1C3F3892257
:104E40005A458BD305998A4288D2C3F30A52002A65
:104E500084D040F201118A4292D1264A07933A9BAC
:104E600093423FF47BAF3C222AAB02FB0435002186
:104E7000A5F1780020F02BF8049B25F85CBC45F8E0
:104E8000703C349B25F858AC45F86C3C359B45E9A3
:104E90001E9745F8683C369BB14645E91938059B95
:104EA0004FF0005825F85A3C3A9B002745F8543CEF
:104EB0003B9B013445F8503C079BC3F3090BC3F3FC
:104EC0008923A3EB0B0353440FFA83FA00230BF15E
:104ED00001020592084A3493CDE935324FF0FF3391
:104EE00004933BE7002075E72BB0BDE8F08F00BFCF
:104EF0000000F07FE549020000FC0F602DE9F04F53
:104F0000984685B0836E0F9C119EDB691546A219E9
:104F10009A4207468B464ED86FF0010A002E48D0C1
:104F200008F1FF392B68E868023318D1D5E901137D
:104F30000B449C4213D28C4211D3A3EB0409B1451C
:104F400028BFB146611A01444A4610981FF098FFE5
:104F5000109B4C444B441093A6EB0906DEE7C5F8C2
:104F600000A0BB6E5B69B4FBF3F203FB1242A21A12
:104F70006A60D7F868C0DCF814E009EB0E0323443C
:104F8000B3FBFEF10EFB11315B1ADCF828108B42EB
:104F900028BF0B465946AB60CDE901030092384665
:104FA0000E9B064AFFF756FD0028BBDA05B0BDE8A8
:104FB000F08F3046FAE76FF05300F7E700FCF7FF99
:104FC0002DE9F04F97B004AF7B60C36E14460646E0
:104FD0000D46126833B1934240F2CD8061688B4236
:104FE00040F2C98000214FF0040907F12803C7E906
:104FF0000A113046CDE9011300924B463246CDF8F6
:105000000C9017F03AFD804610B110F1540F5DD1AD
:10501000CDF80C904FF0000907F12C030293CDF866
:10502000049063683246009349460423304617F0E3
:1050300024FDFB6A804600284DD010F1540F45D165
:10504000494654F821304FF0FF382B6081F00103BE
:10505000BB6054F823306B6007F1480303EB810118
:1050600051F8203CAB600023EB6002237B614FF0E2
:10507000FF340422204605F10801C7E90C4402F080
:105080004DFA0023C146A246C7E903333862BB612B
:10509000FB61504617F08DFC0422FB69002103449C
:1050A000FB61B36E039207F124020292FA69304663
:1050B00001922A680092DB69324617F0DEFC044652
:1050C00098B114F1540F00F03D81A04640464C3792
:1050D000BD46BDE8F08FBA6A9B1A002BD4BF0021F1
:1050E0000121AEE701237B61C1E70422386A07F1A1
:1050F000240102F013FA7B6A38621BBA8AEA030BB6
:10510000BBF1000FC7F824B038DA4FEA1A5A0AF494
:10511000F06AAAF5A06044424441EB68002B40F0DD
:105120001381D5E90031B86807F1480202EB80022B
:1051300052F8202CC5E90013AA607A69012AD1D15E
:10514000A7480268520716D06C468CB004AAA54D39
:10515000536255614FF40073A34D1385956140F27E
:105160006A55A24BC2E907514FF4515142F8103F22
:1051700017F0F9FDA5466FF05308A7E7584617F05A
:1051800018FCB36EDA69FB69C3189342C5D8F96994
:105190002B6801F1040A4FEA1B5101F4F061B1F5EB
:1051A000A06F37D10421039107F14001CDE901A19E
:1051B0000093214613463046324617F05EFC044603
:1051C00000287FF47EAF3A6C3B6A9A4240F0BA8086
:1051D0007B6A04221B0DF06A07F120018BEAC37B76
:1051E00002F09CF9F062786A17F0E3FBFB6918445F
:1051F000BB69C5E9030BAB823B6BAB617B6BEB61BE
:10520000FB68EB754FF0FF333B624B46C846DA460E
:1052100099463EE707F120010438CDE900A002914C
:105220003046314617F022FD044600287FF449AF8E
:105230007B6A2868190D11F4E06C1ED1BA69C3F3BA
:1052400089239A4201D80133BB61796A3B6F786840
:105250004B4003402A683B600CD1D7E91E30C7E9B8
:10526000102A07F140029847041EFFF62AAF7B6A16
:1052700055D199464B46C146C8E7BCF5806F1DD154
:10528000BA6948B242FA81F18AB2BA61584A09EA67
:10529000020242F09F4242F4E002934202D149F0FE
:1052A0000049D2E7B9F1FF3FCFD0C9F38922C3F358
:1052B00089239A42C9D309EB8029C6E7BCF5C06FA0
:1052C00014D1082201F00103FB60B36E039207F1D1
:1052D0003002CDE901A20090214632463046DB691A
:1052E00017F0CBFB04460028AFD0EAE640F2FF53AC
:1052F000C1F30A029A42A8D10822B36E039207F1C1
:105300003802CDE901A20090324621463046DB69E1
:1053100017F0B3FB543015D001233B6195E7354AB4
:1053200089EA03010A4052B1022CA3D1C9F38922B0
:10533000C3F389218A429DD343F000499AE74FF095
:10534000FF3997E70024E8E60022AA751CB3B16E86
:105350008869B3FBF0F200FB1232E2B93A69D2B1CC
:105360004FF0FF323A6407F140020292BA6B3046C6
:10537000CDE90032CA692B68314617F077FC20B1BD
:1053800010F1540F01D08046A0E6D7E90F32991AE8
:105390004B424B41AB75294606F13C0017F02CFB04
:1053A00000283DD0F36BC8F38922C3F389239A42C6
:1053B00022D17A6F48F000433AB1A98AC3F3892217
:1053C0008A4228BF0A46796F0A80AA8AC3F38923D2
:1053D0009A4294BF4FF000086FF0010876E600BFD4
:1053E000D00F0020220705004C0705000600000131
:1053F00000FC0F0000FCFF7FB8F1FF3F0CD17B6F7A
:105400003BB140F2FF32AB8A934228BF13467A6F1A
:1054100013804FF0FF33D8E79A4288BFA8F5806821
:105420007A6F43463AB1A98AC8F389228A4228BFD3
:105430000A46796F0A80B8F1000FBFF647AEC4E79D
:105440002DE9F04F8DB00693036A15688B61436AAE
:105450008046CB612B780E460492002B00F08780AB
:10546000464C230D022B059304D1284644491FF0D6
:105470009CFD0544284642491FF04EFD0128074681
:1054800006D12B782E2B0CD105F101094D46E8E70A
:10549000022806D102463B4928461FF020FD00287D
:1054A00065D005EB0709CA464FF0010B5046344959
:1054B0001FF07BFD8244504631491FF02DFD02460E
:1054C000C8B1012805D19AF800302E2B10D1924492
:1054D000ECE702280CD107902A4950461FF0FFFC48
:1054E000079A28B9BBF1010BF1D10AF10209CDE706
:1054F0000BF1010BEBE72B78002B34D0049B1D60E4
:10550000059B022B36D140F2FF33C4F389249C4221
:1055100006F1180A1BD10DF1240B1B4B52460293C6
:10552000069B3146CDE9007340464FF0F043CDF87D
:105530000CB0CDE909850B97FFF742FD041E12DB85
:10554000A4D1F37D002BE8D16FF001040BE00F4BE9
:10555000314643EA842340460D4ACDF800A017F0B7
:1055600045FB041ED7DA20460DB0BDE8F08F6FF082
:105570001504F8E76FF01304F5E700BF00FC2F00F7
:10558000F0B604003F1005002DCD030008000020F8
:1055900000FC0F7098B50F4800AF036813F0060FBA
:1055A00014D06C468AB06A460B4B4FF412515361CB
:1055B0000A4B936141F27813D3614FF40073138463
:1055C000074B42F8103F17F0CEFBA5466FF0530093
:1055D000BD4698BDD00F0020720705004C0705009E
:1055E000040000012DE9F04F0123144600228FB082
:1055F000C4E906231A4B0AAD06460F460FCB85E8D1
:105600000F00DFF86090DFF860A0DFF860B004F111
:105610001808404617F0B2F9034610B16FF00100C8
:105620001BE029462046059317F0ADFB002814DB4C
:105630003A68059B08927A682146099207AACDE943
:105640000292CDE900A342465B4630460796FFF73B
:10565000B7FC0028DBD0831CD9D00FB0BDE8F08F99
:105660007062040005CC030008000020FF03F07FF7
:105670002DE9FF411446012300226D46C4E90623AB
:10568000134B06460F460FCB85E80F0004F11808B0
:10569000404617F073F910B16FF0010011E0294690
:1056A000204617F070FB00280EDB3946404617F005
:1056B0006FF930B142462146304617F057FB0028BB
:1056C000E6D004B0BDE8F0816FF05300F9E700BF09
:1056D000706204002DE9F04F9046CE6A4A6B07468F
:1056E000B2420C4685B05CD2B61A9E4228BF1E4616
:1056F000B146DFF8B4B001F1400AB9F1000F01D1B1
:10570000304618E0226B510304D5BB6EE16BDB69B8
:1057100099421BD1D202636B10D404F13C02029275
:1057200004F13802CDE900325146D4E90A23384663
:1057300017F068FB30B105B0BDE8F08F6FF00102E3
:10574000C4E90E23236B43F480232363BB6EE26B17
:10575000DB69216B9D1A4D4528BF4D4611F4801120
:10576000CDE90285019215D0A28838464BEA822203
:10577000009204F108015246FFF7C0FB0028DAD17D
:10578000636BA8442B446363E36BA9EB05092B44CB
:10579000E363B2E7A26B38460092524617F06DF908
:1057A000ECE70020C7E700BF000010202DE9F04F14
:1057B00095B004460D46164600211C220CA8059300
:1057C0001FF085FB012340F202291393494B08AFD8
:1057D0000FCB87E80F0012A817F0D0F820B1A76A06
:1057E000002F56D1384642E039460CA817F0CBFAC4
:1057F00000287BDB30461299A847002837D1304675
:105800001399A84798BB204612AA0CA917F0AEFA24
:1058100068BB8046DFF8E0A0DFF8E0B0BDF84420C8
:105820001FFA88F39A42D6D906AA0AEA8823009278
:105830002046334A43EA0B030CA917F0D7F9002896
:1058400004DA831C13D108F10108E7E7B9EB105F14
:105850004FEA10530ED1079B2246009300212046A9
:10586000CDE90156069B17F016FB0028EBD015B0CA
:10587000BDE8F08F059A002AE5D0B3F5007FE2D1AC
:1058800030460699A8470028F1D130460799A84725
:10589000EBE7BB79012B01D03F68A1E73B6B03F439
:1058A0008813B3F5803F13D03B6B03F49013B3F52B
:1058B000003FF1D1CDE901567B6B22460093204693
:1058C000BB6B07F1400117F0E6FA0028E4D0CEE701
:1058D000CDE90156FB6A224600932046BB6A07F1D8
:1058E000400117F0D8FA0028DED0C0E76FF053006F
:1058F000BDE700BF7062040000FCFF030800002049
:1059000000FC0F7038B5C26D436D00251344C26EA4
:105910000446B3FBF2F102FB1133826E4365C565A9
:10592000D36A016EDB008B4294BF83658165D26AC6
:105930002946406E1FF0CBFA012322462046044937
:10594000FFF734FF18B1E36EC4E91655236638BD7E
:1059500015CA0300B0B504460D4600AFA16DE36D56
:105960008B4209D3226E002A4ED12B48026852077F
:105970002CD16FF01B0021E0606EDA08825C03F02E
:105980000700C240D0071BD4626D1344E26EB3FB24
:10599000F2F102FB11332B60A56DE36D226E013332
:1059A000013AAB42E365226634D2616EDA08885C64
:1059B00003F00703D84010F00100EED1BD46B0BDA2
:1059C0000133E365236E013B2366C8E7626D134430
:1059D000E26E6C46B3FBF2F18AB002FB11336A4609
:1059E0000E4951610E49916140F2C221C2E907138B
:1059F0004FF4007393840B4B4FF4315142F8103F36
:105A000017F0B1F9A546B4E72046FFF77BFF002861
:105A1000A4D0D3E70020D1E7D00F002095070500E0
:105A20004C07050005000001002307B5044901AA41
:105A30000193FFF7BBFE00B9019803B05DF804FBCA
:105A400071CA03002DE9F04F04460D4687B0204689
:105A500005A9FFF77FFF064658B9DDF81480A06E50
:105A6000414617F08FFA0646002853D010F1540F24
:105A700056D0304607B0BDE8F08F2A6B0DF1130AFF
:105A800012F4801FCDE9017AA3EB0703CDF80C9047
:105A90001CD0AA882449204641EA8222009205F1BE
:105AA00008015A46FFF72AFA70B901232246204618
:105AB000CDE902A9CDE9008704F1100117F01AFB26
:105AC00060B110F1540F2BD00646D2E7AA6B5946AD
:105AD00000922046224616F0D0FFE5E70137EB6B37
:105AE000BB42CAD8A36EE1699A6AE86C1FF0C8F994
:105AF000236904F110012B6463696B64A369AB64CF
:105B0000A06E17F041FA2B6BC5F8388043F40033D0
:105B10002B63AEE707464FF0010905F1400BDEE7C6
:105B20004FF0FF33236192E7000010202DE9F04F82
:105B30000D46816E6B688A69C9691433571E8B42A2
:105B400094BFFF187F184FF0000AB7FBF2F304462A
:105B5000D1466FF0030B02FB13738BB0FF1A6E6814
:105B6000BE4219D34FF0FF322B690892A9EB030212
:105B7000CDE9003208AE0296214620462B6809F195
:105B8000040217F073F8002847D1089B534500F032
:105B9000B2806FF0530040E040F2FE32ABEB060300
:105BA0003B440436934294BFF618B618BE424FF0F9
:105BB000FF0335D38DF81F30A26ED2E90632D21A18
:105BC000964236D8012203920DF11F02CDE90162FF
:105BD0002A68002100922046224616F04EFF10B19E
:105BE00010F1540F19D1A36E21469A694FF0FF337B
:105BF000099309ABCDE90123009620462B68089252
:105C000017F034F810B110F1540F06D12946204690
:105C1000404A08AB17F0FCFB58B10BB0BDE8F08F61
:105C2000A7F11402964228BF1646BE428DF81F30D7
:105C3000C2D29DF81F206B68D243ABEB0308C2F3BE
:105C4000C01202F5A062B04448EA0258AB6848F4BA
:105C50007F2848F4406888EA03031BBA089308AB1E
:105C600019460422E86801F059FC082208ABE860F4
:105C7000039202936B68099001932B6804F1100161
:105C80000093224600232046059117F033FA00289E
:105C9000C3D10599B9F1000F04D16B68D5F80CA0F8
:105CA00003F104099DF81F30BE426FEA03034FEA77
:105CB000036303F0004383EA0803AB604FF0FF3354
:105CC0006E60EB6006D2A36E62699B6A13449E42CB
:105CD000FFF445AF4FF0FF332246236020460023F8
:105CE00017F0CCF9002898D1A06E036998470028D6
:105CF0003FF435AF91E70422CDE9009202962146A8
:105D000020462B6816F0B2FF002886D1089B002B96
:105D100083D03EE708FCFF5F2DE9F04F99B008AF54
:105D2000C7E90132B7F870308A68FB60836E0446B9
:105D30005B6A0D46002BB7F86C9002F101025CDD46
:105D4000013343F00103B2FBF3F103FB1123002BFA
:105D500053D101262846AA60BB62FE6207F12801E2
:105D600016F016FEC8B9B046002600234FF0FF32E9
:105D70006968C7E90B32C7E90D23A06EB962C36C2D
:105D8000002B41D0083BFB6317F0FCF800283DD006
:105D900010F1540F40F0C68046464FF0FF334FF0ED
:105DA00000084FF0010A2846C7E90A8A236107F173
:105DB000280116F0EDFD002840F0B8806248036825
:105DC00013F0060F16D06C468AB06B6808AA5F49BC
:105DD00051615F49916140F63D01C2E907134FF4FB
:105DE000007393845B4B4FF4325142F8103F16F02E
:105DF000BAFFA5466FF01B0094E04FF00008AA60C0
:105E0000B2E780465646B0E7C369BBE707F1280A08
:105E100004235146204605F1080217F0DAFA00285B
:105E2000B6D107F11403C7E9054A07934A4B024666
:105E30000693C9F100031BB20593FB682046CDE928
:105E40000393464B02937B680193BB680093B96E42
:105E50004FF0FF33FEF706FF002899D105F1180136
:105E6000084616F08BFD60B9EA7D0B463C4902F509
:105E7000C06241EA02522046514617F0C9FA002892
:105E800086D10023C7E907337B624EB904F13C0198
:105E900007F11C0016F097FD04F1300116F093FD98
:105EA00004F1480B07F11C00594616F08CFDFB6904
:105EB000024623F47F7323F0030329462046FB6147
:105EC000FEF75AFE70BB07F11C0016F089FD48B9B9
:105ED00051462046234A07F11C0317F099FA00287F
:105EE0007FF456AF51462046FFF720FE00287FF48E
:105EF0004FAFD5E90032C5E90023FB68A3EB0909E0
:105F0000FB6AA5F81490EB603B6B2B61A064CBE9B6
:105F1000010036B904F13C03303494E8070083E80B
:105F2000070030464437BD46BDE8F08F2046291DA6
:105F3000FFF710FD00283FF464AF10F11C0FF1D102
:105F4000002E3FF457AF10E7D00F0020B407050034
:105F50004C07050005000001BBD4030000FC0F4006
:105F600008FC0F000CFCFF7F2DE9F04F40F2FF4CC6
:105F70000D469B46002140F2014499B008AFFA60FB
:105F8000BA6ED7F86C80064603EBC200984240F028
:105F9000AB80002940F0CB80AB7D002B40F0E1804E
:105FA0004FF0FF333361B5F814904FF00008A9EBC0
:105FB000080ABAF1010F00F27981B8F1000F33D06D
:105FC0001FFA88F8CDE9018900955A4629463046DE
:105FD000BB6E17F029FB0446002800F0548110F135
:105FE0001C0F7DD1A948036813F0060F1CD0D5E91A
:105FF00000136C468CB008AADFF894C25362C2F852
:1060000014C04FF40073DFF88CC21385C2F818C0B7
:1060100040F6910CA04BC2E907C14FF4525142F82F
:10602000103F16F0A0FEA546B36E5A6A002A4BDD5B
:10603000AB680132013342F00102B3FBF2F102FB23
:106040001133002B40D14FF001082846BB62C7F83E
:106050002C8007F1280116F09BFC8246002833D1E2
:106060003046FFF7E1FC041E6FDBF36E1C1BB4EB44
:10607000D30F29D9CDE901A900955A4629463046C2
:10608000BB6E17F0D1FA0446002800F0488110F1E9
:106090001C0F25D17D48036813F0060F14D06C4601
:1060A0008AB008AA7D4B4FF412515361794B93612A
:1060B00040F6B103D3614FF400731384784B42F878
:1060C000103F16F050FEA5460023CDE90053CDF851
:1060D00008905A4629463046BB6EFFF71DFE04461F
:1060E000002C80F2B48030E01A684FEA125EC2F3EE
:1060F0000A52A24204D1AA8A0132AA82083345E791
:10610000624504D1AA8A0121013AAA82F6E70EF477
:10611000E06EBEF5C06FF1D15A681268AA615A6884
:106120005268EA611A68C2F30052EA75E6E7AB8A80
:10613000002B7FF431AF424629463046FFF798FAEC
:10614000044638B1831C3FF427AF20464437BD4690
:10615000BDE8F08F98F81730002B3FF41DAF0224F4
:1061600075E04FF0FF312B68EA68BB62C7E90D129A
:106170002B69B06EFA623B63C16C09B30839F963ED
:1061800007F1280807F114017E61C7F8188007910C
:106190004449304606910021CDE90411CDE90211B0
:1061A000B96ECDE900B12946FEF75CFD044648B161
:1061B00014F11C0F3FF4F4AE14F1540FC5D1EFE607
:1061C000C169DBE706F130094946C7E90700786293
:1061D00007F11C0016F0F7FB06F13C03194606F127
:1061E000480ABB6016F0EFFB514616F0ECFBFB696A
:1061F00023F47F7323F00303FB6116F0F1FB90B9E6
:106200002946304607F11C02FEF7B6FC044600287A
:106210009BD141463046244A07F11C0317F0F8F899
:1062200004460028C4D141463046FFF77FFC0446AF
:106230000028BDD1FB6AEB603B6B2B6106F13C0390
:1062400099E8070083E80700B464CAE90144FB68E1
:10625000D6F828801B68BB62FB685B68FB6206F1AE
:106260002003BB60B8F1000F3FF46FAF08F10809DD
:10627000484607F1280116F08BFB8246002850D0D3
:10628000D8F80080EEE7C1468FE600BFD00F0020AF
:10629000E10705004C0705000600000105080500A0
:1062A00004000001BBD403000CFCFF7F0023BB6291
:1062B00007F1280307934F4B1FFA88F206935342C6
:1062C0001BB2CDE904934C4B03920293BB6E0022A8
:1062D000CDE900B329464FF0FF333046FEF7C2FC4C
:1062E000044600287FF4FCAEB36EDA6C02B9DA69BA
:1062F000BAF1FE0F10D89869431E03EB5203B3FBAB
:10630000F0F100FB1131283A5B1A934228BF134683
:10631000BA6A9342BFF451AE08EB5A0847E6C14649
:10632000D2E6CC46AE46BEE80F00ACE80F009EE8D1
:106330000F008CE80F00FB68994508D040F2FF4140
:1063400040F20140BA6EB8F8043092451ED108F10F
:10635000200AB8F80420B8F81C309A4290D398F874
:106360001F1000298CD05046B9687B6016F010FBD6
:1063700018B17B68D21AA8F8042052464946304624
:1063800016F0F4FC0028E4D00446DEE65BF83A2080
:10639000C2F30A5C8C451CD1C2F389229A420AD10D
:1063A00098F80630022B03D04FF0FF33C8E90233D0
:1063B0000AF1010AC6E7FBD2013BA8F8043098F8BD
:1063C0000630022BF4D1D8F82830013BC8F8283029
:1063D000EEE78445ECD1C2F389229A42E8D8013332
:1063E000A8F8043098F80630022BE1D1D8F828300C
:1063F0000133EBE741CA030000FC0F402DE9F04FE9
:106400000546884691469A46866A9DB0002E60D120
:106410004646D8F800300CAC0493D8F804300CAFE2
:1064200005930FCE0FC496E80F0014AE84E80F005A
:106430004B46424639462846CDE900A6FFF794FD73
:10644000041E71DB404604A916F0A2FA48B9C446FE
:10645000BE46BEE80F00ACE80F009EE80F008CE8D7
:106460000F00022C2CD14146284605F14802FEF7C8
:1064700083FB0446002857D1149B98F817200493F7
:10648000159B02F5C06205939C4B019043EA0253B1
:10649000089308F118030993012331460093284615
:1064A00008AB04AAFFF760FD041E3DDBBC46B64600
:1064B000BEE80F00ACE80F009EE80F008CE80F006C
:1064C0004FF0000A012C40F0B78005F12003039340
:1064D00090E006F10800404501D1366896E7414654
:1064E00016F056FA0028F8D1B379012BF5D1336BA9
:1064F000D902F2D5AB6EF26A9B6A9A42EDD9736B00
:106500003146F363EB6E28462B66FFF79BFA044691
:1065100050B9336B314623F480132846336316F0A9
:10652000D2FF04460028D8D020461DB0BDE8F08F29
:106530000BF1080104A816F02BFA08B9CBE90224E4
:106540009BF80610022907D10BF12C0104A816F0C4
:106550001FFA08B9CBE90B24DBF800B055E00121A4
:10656000284616F077FA8446002875D1314605F1A1
:10657000300016F041FADDE91498C0B1296BC4F37C
:106580008923C1F3892221F0FF4121F4FF0121F485
:10659000F8419A42C5E90C1BC5F838B052D2CDE992
:1065A0000698A4F58064564B43EA822202E0CDE9C6
:1065B000069800220023CDE90934019302230892B2
:1065C00000933146284608AB06AA0B97FFF7CCFC90
:1065D000B0F1000C40DBBCF1010F3AD13C46B646AD
:1065E000E246BEE80F000FC49EE80F0084E80F00EB
:1065F000CDE90498039904A816F0CAF9DDE90C2442
:1066000008B9C5E90824D5F828B0BBF1000F8FD12F
:106610003246284604A9FEF7E5FF041E9FDAA21CB5
:1066200082D1D8463246284604A9FFF721F804460D
:10663000A0B1831C7FF478AFBAF1000F0CBF002427
:10664000032471E740F2FF339A42CDE90698AAD1BC
:10665000AFE74FF00108E5E7644665E72B6BC3F34E
:1066600009036BBB314605F1300016F0C5F9DDE9D1
:10667000144170BB002308939DF86730CDE90441B5
:106680001E4903F5C06341EA03530022CDE90A37EE
:1066900002230992019200933146284608AB04AACE
:1066A000FFF762FC041EFFF63FAFBC46B646BEE8ED
:1066B0000F00ACE80F009EE80F008CE80F0001E728
:1066C0002846C8F1000116F0C5F904460028C9D0D3
:1066D0002AE72A6BC2F3892322F0FF4222F4FF0249
:1066E00022F4F8422A630022C5E90D2240F2FF326B
:1066F0009342BFD0024A42EA8323BCE708FC0F0062
:106700000000F04F2DE9F0430446006B8846C0F3CB
:106710000900A1B0002800F0A7800025DFF8509103
:106720001C22002108A81EF0D2FB012300278DF8AF
:1067300037300F930EA816F021F920B1002F00F08A
:1067400087800025ECE720460EAA10A916F00EFB64
:10675000002840F089809DF8373043B9204618AAB8
:106760000EA9FEF73FFF00280CDB002D2FD008AE4E
:106770000DF1400CBCE80F000FC69CE80F0086E846
:106780000F00D7E7811C6FD1002DF0D0B8F1000FBA
:10679000EDD0204604F1480210A9FEF7EDF90028DB
:1067A00062D19DF85720334B02F5C06243EA025391
:1067B000049316AB05932046012304AA08A9FFF70A
:1067C0001DFE002850DB032808BF4746B2E702AE93
:1067D00003464A462046009618A916F007FA0028F4
:1067E00042DBDDE90E320299994202D103989042D0
:1067F000BDD0914202D1039A9342B8D008A904F1C6
:10680000300016F0F9F890B90023002204931A4BD7
:106810002046CDE9052308A9022304AA0796FFF71D
:10682000EDFD002820DB032808BF012782E7216B4C
:10683000124BC1F389220B4023630023C4E90D33BB
:1068400040F2FF339A42DFD00D4B43EA8223DCE76C
:106850000DB9012564E72046216B494249B221B0B8
:10686000BDE8F04316F0F6B821B0BDE8F08300BFF4
:1068700000FCFF7F08FC0F0008FC0F60FF03008096
:106880000000F04F73B514460E4600F14802214651
:106890000546FEF771F970B9E27D084B02F5C0625A
:1068A00043EA02530093183401236A4631462846CE
:1068B000019416F03FFF02B070BD00BF08FC0F004E
:1068C00010B5036B04469B0590B022D500F1200261
:1068D00008A916F04BFA002844D1234B6A460293CC
:1068E000A36E2046DB6908A90393E36E0493236F2C
:1068F0000593636F0693A36F07931C4B009302AB42
:106900000193012316F016FF60BB236B23F4007381
:106910002363E36B1B0D13F4E06F06D101212046C6
:1069200010B0BDE81040FFF7EDBE204604F1400274
:1069300008A916F01BFAA8B9E36B216BC3F38922EF
:106940000B4BA0630B40C4E90C300A4B08A943EA87
:106950008223CDE9023002AA0123204616F0EAFE86
:106960000028DBD010B010BD01000200180010207C
:10697000FF0300800000F04F2DE9F04713F0020FF5
:106980008AB006460D469846039237D1129B05F110
:1069900008072B65002339466B63EB63EB643046D5
:1069A000C5F830802B1D03AAFEF74AFD041E2EDA1F
:1069B000A31C1AD1DDF80C904846FEF7F7F8A0B1F9
:1069C0000123AB71B36A18F4807F2B60B5620CD0E1
:1069D000484676491EF0A0FA19F80020002A5AD13C
:1069E000336F83421ED26FF023042B6B294643F48E
:1069F000002330462B6316F008FF04E0FFF760FF2A
:106A000004460028C2D020460AB0BDE8F087012322
:106A1000AB71B36A18F4007F2B60B5623ED06FF0A3
:106A20001004E2E7AB886249DFF8888140EA8320FE
:106A300041EA832140F4801048EA8323CDE904121F
:106A4000CDE90832CDE9060903233946304604AAC8
:106A500016F070FE10F11C0F0446C4D00028C4D1FB
:106A600044464FF000084FF00C09DFF84CA12B6DA5
:106A70009A68424533D81B68002B60D0EB64B06E37
:106A800005F1400116F080FA40F20123B3EB145FE8
:106A90005FD00024B7E76FF01304A6E7240D012CA4
:106AA0007ED1AB8818F4806F4FEA832308D043F07F
:106AB00000542B6B44F4801443F480332B63D0E7F1
:106AC00005F1280243F000530092394630463B4A14
:106AD00043F0080316F08AF8041EC2DA85E72A6B31
:106AE000D00706D42B6B2A6D99071DD408F1010835
:106AF000BDE709FB08F25868B5F804C081188B6837
:106B0000825C496843EA8C2302F54072009143EAB3
:106B1000025339465246304616F068F80028E1DA4A
:106B2000831CDFD0044660E7526809FB08229168A5
:106B3000B26F914237D843F480332B63D6E7B36EFC
:106B4000986AEDF7EFFFE864002898D16FF00B0426
:106B50004BE72B6B6FF0010243F480132B63002390
:106B6000C4F30904AA62EC622A646B64B36E9A6A85
:106B7000AA64002C8DD040F2FE33934228BF134606
:106B8000A988EA6C43EA81230092394630460B4AD1
:106B900043F0005316F02AF8041EBFF67AAF24E73C
:106BA0006FF0140421E76FF01B041EE7F0B6040039
:106BB000000010400000102000FCFF7F00FC0F7060
:106BC00030B597B0054616F0EAF9044600284DD1D5
:106BD000AB6E0146DA6A686E1EF079F9D5E91A32B1
:106BE0006C65DB6A2846DB00C5E91742934294BF17
:106BF000AB65AA650EA916F087F90446002832D1C4
:106C00001C4B08AA0293AB6E0EA9DB690393EB6ED3
:106C100004932B6F05936B6F0693AB6F0793164B23
:106C2000CDE90830154B28460A93154B0B93154BAD
:106C30000C9302AB0D93032316F07CFD044690B930
:106C4000034602468DF84E000EA9284616F072FD46
:106C5000044640B9012300906A4628460EA90193D4
:106C600016F084F80446284615F0EAFF204617B0CF
:106C700030BD00BF01000200000010400800F00F0E
:106C800061D70400180010202DE9F04F9DB004AF2B
:106C9000044616F084F90646002840F09480014628
:106CA0001C2207F140001EF012F90123FB65954BF1
:106CB00007F118080FCB88E80F00DFF84C92DFF8D7
:106CC0004CA2DFF84CB207F1580015F057FE03460E
:106CD000B0B1236B04F1300203EBD373236304F1EF
:106CE0003C0307CA83E80700E26EE36A2266B3FB4F
:106CF000F2F102FB113363650023C4E9163362E04D
:106D0000414607F140007B6016F03DF8051E56DB5A
:106D100008227A6107F10C02C7E90349CDE902A212
:106D20007B68204601937B4B07F15802009307F1E3
:106D30004001794BFEF744F9051E40DB00F0D58099
:106D400045F30900013000F0D0803B6C20462362FF
:106D50007B6C714A636207F12803009307F14001DD
:106D60005B4615F043FF051E29DBBB6A190C02299F
:106D70009AB201D1012A2BD96848026852071CD067
:106D80006D468EB004AA664E9BB253624FF0020C61
:106D900001235661634EC2E90AC3966141F2BB16F4
:106DA0004FF40073C2E9076144F2404113865E4B21
:106DB00042F8103F15F0D7FFAD466FF0150520469D
:106DC00016F03CFD2E4630466437BD46BDE8F08FD8
:106DD000236B82F0010223F4007343EA422323630E
:106DE0007B6BE3B1216F8B4218D94C480268560780
:106DF000E3D06D468CB004AA4C4E5661494E966164
:106E000041F2D916C2E9076351624FF4007313854A
:106E1000474B4FF4515142F8103FCBE72367BB6B10
:106E20008BB1616F8B420DD93C4802685507C4D0C5
:106E30006D468CB004AA3F4E56613A4E966141F2BF
:106E4000E416DFE76367FB6BB3B1A16F8B420DD92B
:106E5000324802685207B0D06D468CB004AA364E54
:106E60005661304E966141F2EF16CBE7E26FA367B1
:106E70009A4294BFE267E367A36E396B1D6AEDB176
:106E8000A9421BD0254803685E0796D06E468CB099
:106E900004AA2A4B55625361224B936141F2FE13BF
:106EA000C2E907314FF400731385214B4FF4515160
:106EB00042F8103F15F057FFB5467EE7E166DB6903
:106EC000F96A994211D01548026852073FF475AF2C
:106ED0006D468CB004AA1A4E53625661114E9661EB
:106EE00041F20726C2E907618FE7204604F130022C
:106EF00007F14001FDF740FE054600283FF4E3AEF0
:106F00005DE700BF7062040061D704002DCD03006F
:106F1000180010200800F00F00FCFF7FD00F0020A9
:106F2000280805004C07050008000001540805006A
:106F3000060000017A080500A0080500C608050043
:106F4000EC08050070B598B004460391FFF7B8FC53
:106F500000285FD1034603AA204606A9FEF770FA6F
:106F6000002857DB40F2FF32C0F38923934253D00D
:106F7000A26A000D02280E924FEA832504AE21D1A9
:106F800045F000532046264A009643F0080306A920
:106F900015F02CFE00283DDB3246204610A915F0E6
:106FA000E5FE002836D1159B33F47F0330D1012153
:106FB000204615F04FFD68BB0EAB8DF83E00ADF8D6
:106FC0003C00A362002345F09F4505933246012310
:106FD000204645F4E00506A9049516F0ABFB0E9B90
:106FE000A362B8B9236BC3F309039BB14FF0FF3120
:106FF000204615F02FFD68B9204606AA10A9FEF715
:1070000037FB38B9204610AA06A9FFF73BFC01E080
:107010006FF0260018B070BD6FF01500FAE700BFE2
:1070200000FC0F702DE9F04FAFB00546CDE9061218
:10703000FFF746FC0346002840F020810DF12809A7
:107040004946284606AAFEF7FBF9061EC0F218813B
:1070500040F2FF37C6F38928B84505D16FF0150413
:1070600020462FB0BDE8F08F28460DF1160307AA81
:1070700012A9FEF7E5F9041E41DBC4F38923BB42E4
:10708000ECD0484612A915F083FCAB6A07461A9368
:10709000330DB3EB145F4FEA14526DD1BDF81630C7
:1070A00000286ED0022A48D1784A0DF1900A42EAAF
:1070B00083232846764ACDF800A012A915F096FD44
:1070C0000028C0F2A180524628461CA915F04EFEA9
:1070D000002840F09980219B33F47F0340F0928098
:1070E0000121284615F0B6FC002840F08D801AAB2F
:1070F0008DF86E00ADF86C00AB62F7B947E0A31CE9
:10710000AED1DDF81CA05046FDF750FD0028A7D0F9
:1071100012A9484615F03CFCAB6A07465D4950464B
:107120001A931DF0F9FE1AF80030CBB92B6F834289
:10713000C0F0A880BDF81630C7B12A6B564B023498
:1071400003EA020343EA882343F09F4343F4E00346
:107150002B630A9B6B630B9BAB6319D1C34609E09E
:10716000330D022BE2D06FF0130479E79845F5D385
:1071700008F1010B002311E0022AF4D16FF014048E
:107180006EE7984501D100246AE7022A8CD00027D7
:10719000C346BDF81620414B43EA82230024BDF8C4
:1071A000162024933E4B3B4943EA8223CDE9263403
:1071B000079B4FEA822A1846039325941DF0ACFEE4
:1071C000039B360D360529934AEA080346EA0A0668
:1071D00043F08053064343F48013CDE92A392896BF
:1071E00017B92E4C44EA8B24002328462D9324AA59
:1071F000052312A92C9416F09DFA044630B11A9B6F
:10720000AB622DE76FF02600044629E72A6BB7B181
:10721000130D13F4E06F12D01F4BA8631340C5E9A0
:107220000C301E4B494643EA8823CDE9083008AAB2
:107230000123284616F07EFA04460028DFD11A9B67
:10724000AB622B6BC3F30903002B9CD04FF0FF31D3
:10725000284615F0FFFB044600287FF401AF2846BE
:1072600012AA1CA9FEF704FA044600287FF4F8AE1F
:1072700028461CAA12A9FFF705FBC5E70446EFE65E
:107280003446EDE66FF02304EAE600BF0800002074
:1072900000FC0F70F0B60400FF0300800000F04F08
:1072A000000010402DE9F047A6B006460191FFF717
:1072B00007FB044688B9B36A30461C9301AA0DF156
:1072C00002031EA9FEF7BCF8831C044609D1DDF8B1
:1072D00004804046FDF76AFC40B9204626B0BDE870
:1072E000F0870028A8BF6FF01004F6E74046414938
:1072F0001DF012FE336F0746834277D3F36E04AD61
:1073000029463046336615F0FFFD04460028E4D1D7
:107310000CAC0DF1780CBCE80F000FC49CE80F001A
:1073200084E80F000DF1480A9DF84730002B54D136
:10733000DFF8C49001232946304602AACDE9029A1B
:1073400016F0F8F904460028C7D19DF88F300BB32A
:107350000121304615F07EFB04460028BDD11CAB50
:107360008DF87600ADF87400B3623046012314AA9C
:107370000CA9CDE9149516F0DDF91C9B0446B36207
:107380000028AAD14FF0FF31304615F063FB0446C8
:107390000028A2D1BDF80220184B47EA822743EA11
:1073A0008223149300231593154B304643EA82231E
:1073B000CDE918359DF88F3047F40017002B0E4BA0
:1073C00018BF002314AACDE91A351EA90423CDE95C
:1073D000167816F0AFF904467FE7524630460CA9FE
:1073E00015F0C4FC044600289ED076E76FF0230415
:1073F00073E700BFF0B6040008FC0F600000104007
:1074000008000020F0B501F1080687B003920C4691
:107410000023314603AA0546FEF712F800282ADBAE
:10742000030D022B29D140F2FF33C0F3892098428B
:1074300004AF15D12B6A04936B6A05933A46314623
:10744000284615F093FCB0B9A368A080E362E36816
:10745000A06223630223A371AB6A2360AC620AE0DB
:10746000074B314643EA8023064A2846009715F029
:10747000BDFB0028E2DA07B0F0BD6FF01300FAE7B9
:107480000800002000FC0F702DE9F04115460C4665
:1074900006464FF48472002128461DF018FDA36AA9
:1074A00063B9284602231B4900F8083BE6F7F4FEBF
:1074B0000120A36A0133A362BDE8F081012B1DD036
:1074C00004F1200804F10807A288A38B9A420AD18C
:1074D000E07F0028F0D042463946304615F046FCA1
:1074E0000028E9D1A0802B4639463046A288FDF716
:1074F00071FB48B9A3880133A380D9E7284602234A
:10750000054900F8083BD1E7831CD5D1A388013396
:10751000A380D9E7851D05003F10050030B50C4D4F
:107520000A44914200D130BD11F8013B83EA0004C6
:1075300004F00F0455F8244084EA101080EA131375
:1075400003F00F0355F8233083EA1010E9E700BF7A
:1075500024790400F8B50568C6685C1C2C44A64272
:1075600005D2006A082116F09EFD0020F8BD1478AF
:107570003BB19C1E062C8EBF00240E4F3C5D183480
:10758000E4B2B542EDD204F01F0444EA411129707F
:107590000168134401310160934204D183680133CF
:1075A00083600120E2E701684C1C046013F8014D80
:1075B0000C70F1E711090500034A044B0260282012
:1075C0009B1AB3FBF0F07047F051040048540400DC
:1075D0002DE9F04704460D4600AFEFF31189402333
:1075E00083F31288BFF36F8FDFF8CC80334AD8F86B
:1075F0000030966859075CD0042898BF304BEA46A3
:107600008AB0117C98BF53F820306A4688BF2D4B52
:10761000C2E9073140F201332B4893842B4BC2E976
:10762000050442F8103F00234FF431512248E9F796
:107630008FFCD54665B1EB69D8F80020C3F3080389
:1076400033B152071ED00121214A1B480FF0EFFA37
:10765000D8F800305B0715D016BB1E48E8468AB044
:107660006A461D4BD061C2E9053640F201331384EE
:107670001A4B42F8103F00234FF411510E48E9F71E
:1076800067FCC54629462046E7F7D8FF89F31188ED
:10769000BFF36F8F3046ECF7A5FEBD46BDE8F0871F
:1076A000304617F02DF90028D7D00378002BD4D01E
:1076B000D4E7002DBFD1E5E70810002038500020A6
:1076C0006479040018090500260905000500000179
:1076D0004E09050044E004006F09050004000001A4
:1076E00038B50A4B53F82040013053F82050A542DA
:1076F00000D838BD606830B1037FDB0701D416F0D5
:10770000F9FD0834F3E723689847FAE7787904002D
:10771000012270B5294B032086B01A70FFF7E0FFF5
:10772000ECF776FA0420FFF7DBFF254C254D2646C3
:10773000AE4204F1300410D301F034F9204C224E53
:10774000AC4226D301F042F9E7F706FD1F4A137B4E
:1077500023F00103137306B070BD54F80C3C05937D
:1077600054F8103C049354F8143C039354F8183C18
:10777000029354F81C3C019354F8203C009354E9C4
:107780000A2354E90C0100F039FE54F8303C5E65E0
:10779000CDE7D4E90A23B3F1FF3F08BFB2F1FF3FC1
:1077A00005D052EA0301206803D101F0F9F9303421
:1077B000C6E73146183001F0E7FBF8E7C97E002044
:1077C000C05C0400C05C040021EA0300C04100204A
:1077D000C82370B5144E86B003FB0066134B01221C
:1077E00005930F23CDE903320023CDE901331423A0
:1077F0004FF4A0720E4D0F4903FB0055044602FBE7
:1078000000110D4B3046009500F0F8FD737B2C7491
:1078100023F004037373094B013403EBC423EE60BC
:107820006B6006B070BD00BFF8400020D1090500B4
:107830003850002058F80020BDE4030058F0002024
:10784000BFB50020FFF74CFF2A4B03F5006282F31F
:10785000088883F30A88E023274C002584F8223027
:107860002023E37725766576A57684F82050636A31
:10787000224F43F4E023636284F82350ECF72AFD9F
:10788000ECF7A8FE4FF0FF33A362E362EDF754F884
:10789000ECF7C8FEE9F7F6F8194800F049FE0120B8
:1078A000FFF71EFF0220174CFFF71AFF01F0C2F886
:1078B000154B16495C61164B4FF48052059301231A
:1078C0002046CDE90353CDE901553B46009500F034
:1078D00095FD0646627B204622F00402627317F093
:1078E0005CF82846FFF774FF3A4631462046ECF72D
:1078F0004FFE00BF58F0002000ED00E011770200BD
:1079000070430020C04100203850002098F900202A
:107910003CB2040038B5064C064DAC4201D3002001
:1079200038BD2046D4E9011216F052FD1434F4E7B4
:10793000F0100020041100201FB5054CCDE90023F4
:1079400002940A46002116F001FD04B010BD00BFEC
:1079500001600300002038B5054C064DAC4200D351
:1079600038BD204616F058FD0028F9DB1C34F5E739
:1079700048100020F010002073B50C46EFF3118181
:10798000402585F31288BFF36F8FC5685DB1256010
:107990002B68C360836901338361002081F3118800
:1079A000BFF36F8F11E052EA030603D16FF00B00B3
:1079B0002560F3E7CDE900230246083000F01AFF06
:1079C00018B9034B9B681B69236002B070BD00BFF0
:1079D000385000202DE9F34104460E469DF8200062
:1079E00004F10808EFF31187402181F31288BFF3F7
:1079F0006F8F256AE1688D4247D22568AC4218D066
:107A0000BDB1284616F065FD05F1180017F0A6F87F
:107A10003146A26828691DF033FA00232846C5F8CC
:107A2000C03016F0BAFF4046394600F077FF00201C
:107A300038E0A268D8B13146E0691DF021FAE36967
:107A4000A26813446269E361934201D12369E3614F
:107A5000236A10210133236204F1240017F05DF939
:107A60000028E0D187F31188BFF36F8F1AE0A16976
:107A70002369994208BF6369314608BFA361A069C1
:107A8000801AA0611DF0FCF9E2E752EA03010CD074
:107A90000749404689680E61CDE9002339462246F0
:107AA00000F0A8FE02B0BDE8F0816FF02200D9E737
:107AB00038500020F7B50446084604F10807EFF3F4
:107AC0001186402181F31288BFF36F8F216A00294C
:107AD0003AD0A268A1691DF0D3F9A369A26825680C
:107AE00013446269A361934204BF2369A361236ABB
:107AF000AC4203F1FF33236234D02846002D32D04C
:107B000016F0E7FC05F1180017F028F8A2682969BB
:107B1000E0691DF0B5F9E369A2682846134462697B
:107B2000E361934204BF2369E361236A0133236263
:107B30000024C5F8C04016F030FF3846314600F04A
:107B4000EDFE204603B0F0BD52EA030110D00A4911
:107B500089680861CDE9002331462246384600F0A5
:107B600049FEEFE7002086F31188BFF36F8FE9E746
:107B70006FF02200F7E700BF385000202DE9F341F5
:107B8000044617461E46EFF31188402383F31288FC
:107B9000BFF36F8FC368334A7BB1806891688842B6
:107BA00019D057EA060318D188F31188BFF36F8FF5
:107BB0006FF00F0002B0BDE8F081916891F90E10EE
:107BC0000133E36093682161A36088F31188BFF3F8
:107BD0006F8F0020EEE72169F2E791F90E1090F91E
:107BE0000E306FF07E029942A8BF19469142B8BF8D
:107BF00011468B422DDD16F093FC05462246414688
:107C0000CDE90076184800F0F5FD0028E1D0EFF34B
:107C10001186402383F31288BFF36F8FA068D0B121
:107C2000236821699C420AD04BB193F90E309942E6
:107C3000A8BF19466FF07E039942B8BF194616F0E7
:107C40006FFC40B13146084800F068FE6FF00A0052
:107C5000B0E70025D2E7002DF4D186F31188BFF3F9
:107C60006F8FF3E738500020CA7E0020F8B5836894
:107C70000546002B40D0234A926893423FD1C36807
:107C8000012B03D9013BC3600020F8BDEFF311873E
:107C9000402383F31288BFF36F8F0169806816F069
:107CA0003FFC2C68AC4207D10023C5E9023387F3BF
:107CB0001188BFF36F8FE7E7002CF5D0D4E90032CD
:107CC000002613605A60637BC4E9006623F0020358
:107CD0006373A66004F1180016F040FFAC6094F9DD
:107CE0000E3020462B61C4F8C06016F056FE3946AF
:107CF000054800F013FEC7E76FF01500C5E74FF029
:107D0000FF30C2E738500020CA7E002037B5114648
:107D1000EFF31185402282F31288BFF36F8F04685E
:107D20009CB12368426823F003039442036008BFB8
:107D300043600121204616F080FC044685F311883B
:107D4000BFF36F8F204603B030BD51EA0302F5D078
:107D500000F10802CDE900131046294600F04AFD63
:107D60000028EFD1014B9B681C69EBE738500020DD
:107D700070B5EFF31186402383F31288BFF36F8F42
:107D80000468A0421BD0D4B1D4E9003200251360AE
:107D90005A60637BC4E9005523F002036373A56056
:107DA00004F1180016F0DAFE2046C4F8C05016F0B0
:107DB000F4FD3146BDE87040094800F0AFBDD0E9A0
:107DC00002329A4218BF013302218360103016F04C
:107DD000A4FF0028EDD186F31188BFF36F8F70BD2B
:107DE000CA7E002013B5EFF31181402484F312887A
:107DF000BFF36F8F846844B1013C846081F31188C4
:107E0000BFF36F8F002002B010BD52EA030406D109
:107E100081F31188BFF36F8F6FF00F00F3E7CDE9A7
:107E200000230246014800F0E5FCECE7CA7E002092
:107E30002DE9F8430546EFF31188402383F31288B8
:107E4000BFF36F8F00266FF00A0937462C68A542F2
:107E500016D0ACB1D4E9003213605A60637BC4E938
:107E6000007723F002036373A76004F1180016F093
:107E700075FE2046C4F8C09016F08FFD0126E5E798
:107E800000230221AB6005F1100016F046FF30B967
:107E90002EB988F31188BFF36F8FBDE8F883414690
:107EA000BDE8F843014800F039BD00BFCA7E00209C
:107EB00007B5074B4FF40062009306494FF0FF33BC
:107EC000054800F06DF9002003B05DF804FB00BF29
:107ED0009079040098090120884200202DE9FF4193
:107EE000044640274E4EEFF3118887F31288BFF304
:107EF0006F8FD4F8CC50F5B9022104F1E40016F0EC
:107F0000DDFB002868D004F1DC05002201212846B1
:107F100016F0C8FD0028F8D100234FF0FF3202937D
:107F20004FF0FF334146CDE900233E4804F1D4022F
:107F300000F002FFD7E7D4F8D0202B689542C4F8B0
:107F4000CC3008BFC4F8D030D4F8E43043F002039A
:107F5000C4F8E430EB6823F0040343F00103EB6062
:107F60006B6888F31188BFF36F8F28469847EFF34B
:107F7000118887F31288BFF36F8FEB68D80623F060
:107F8000010236D4EA60EB689A0716D5306823F010
:107F90000203EB6088B10021036870B1426895422A
:107FA00035D1036869BB72683360824200D1736067
:107FB000002340F8083BFFF7DBFED4F8E43023F061
:107FC0000203C4F8E43088F31188BFF36F8FDB0538
:107FD00089D400F037FD86E7D4F8E430D9069BD584
:107FE000C4F8E40088F31188BFF36F8F04B0BDE8D4
:107FF000F08123F01103EB6005F11000FFF7B8FEEC
:10800000C1E70B607368834208BF7160D0E723B19A
:108010001A68014618461346BFE71A46F9E700BF3B
:108020005C500020CA7E002070B5C3680546C3F3CB
:1080300040069B070C460DD50122002104F10800E3
:1080400016F02CFB00232360054B65605A681AB9B3
:10805000C3E90044304670BD14605C60FAE700BFBD
:108060005C500020F8B5C36804469A070F46C3F376
:1080700040062ED45B071CD40B680BB983680B60D9
:10808000E368DD0742BFA36802263B603D6858BF36
:108090000126002D3CD0204B9A68D5F8C8309A4272
:1080A0000AD0D5F8E430D807C3F3800214D46FF0B7
:1080B000120600233B6025E016F01CFCD5F8E430E6
:1080C0000028F0D1D907C3F3C002F0D552B15B0745
:1080D00008D46FF00F06ECE7002AFAD1C3F3C0030F
:1080E000002BF6D100232360D5F8D03063B9C5E961
:1080F0003344284616F0FDFAE36843F00403E360D6
:108100003B68A3603046F8BD1C60C5F8D040F0E77E
:108110006FF01506CDE700BF38500020F8B5C368F2
:10812000064603F00503002B0C4614BF0127002769
:108130001CD085680122002104F1100016F0AEFA6F
:108140002046134916F02DFBE36843F01003E3606B
:10815000F3685B0712D5336823606BB9D5F8D0306C
:1081600033B9C5E93344284616F0C3FA3846F8BD9A
:108170001C60C5F8D040F6E73460F4E7D5F8CC30A1
:108180002360D5F8D030C5F8CC40002BEBD1F0E718
:10819000D3E603000146014816F01FBB88420020C9
:1081A000F0B50446002089B0C4E933000E9D04F107
:1081B000D400C4E9350004F1DC00C4E9370055B34C
:1081C0002879002840F2011008BF0120C4F8E4001B
:1081D00000204FF0FF364FF0FF37CDE90330CDE9F7
:1081E0000100CDE9066720460C4B009400F074F9BD
:1081F00055B1296811B1204600F0AEF86B791BB17A
:10820000237B43F001032373204600F0C9FCC4F82C
:10821000C84009B0F0BD0120D8E700BFDD7E0200F4
:1082200037B501900846EFF31184402181F312889D
:10823000BFF36F8FC16811F01E0F16D153EA02050C
:1082400008D101A9FFF70EFF84F31188BFF36F8FE8
:1082500003B030BD41F00801C16001991030816167
:10826000034900F091FE0120EEE70020ECE700BF9B
:1082700067E7030001460148FFF7D2BF88420020AC
:10828000F7B50C4616461D460190EFF311874023C3
:1082900083F31288BFF36F8F084616F01BFA55EA76
:1082A000060309D1204601A9FFF7DCFE87F31188F8
:1082B000BFF36F8F03B0F0BDE368324643F00803AD
:1082C000E360019B0449A36204F110002B4600F017
:1082D0005BFE0120EAE700BF67E7030001460148B3
:1082E000FFF7CEBF884200202DE9F0410546EFF3AD
:1082F0001187402383F31288BFF36F8F0468A04275
:1083000022D00CB30026204616F0E7FA04F118003C
:1083100016F024FCB0462046C4F8C08016F03DFBA1
:108320002C680136A54208D03CB1204616F0D5FA9B
:1083300004F1180016F012FCEDE73946054800F08C
:10834000EDFA3046BDE8F08187F31188BFF36F8FF7
:108350000026F6E7CA7E002010B5044608B9054B92
:108360009C681F2204F188001CF0F9FD002084F8AD
:10837000A70010BD385000202DE9F84F0C46A1B3DE
:108380009AB390F80D90DFF868800846571EB9F14F
:10839000000F25D00025DFF85CA0B8F804B019EA7A
:1083A0000B0F19D0B8F806307E1B9E4228BF1E4620
:1083B000D8F8001032461CF063FD2E4439EA0B0950
:1083C00004EB06000CD0BD1B012D28BF0125514632
:1083D0002A461CF055FD354408F108086019DCE711
:1083E000002303702046BDE8F88F0348FBE700BF79
:1083F0009C790400201D0500671705002DE9F04F4A
:10840000984685B000F15803C0E91633129B002648
:10841000037304230F46044643730732119B22F073
:10842000070A5246837301EB0A05C0E906668660B7
:10843000C673AA213846DDF838B0DDF84C901CF040
:1084400046FD29462046EBF791FC109B073020F0B3
:108450000700C4F8B000C4E92A7A02930F9B2D1AD2
:10846000CDE900B32A46434639462046ECF774F876
:108470000F9BC4E91D8BE367109B666584F87060F1
:10848000C4F88030EFF31183402282F31288BFF3E7
:108490006F8F104F3A6A3C62C4F8842083F31188CE
:1084A000BFF36F8FB9F1000F11D01F22494604F1BD
:1084B00088001CF054FD84F8A760BB680BB1D3F8AA
:1084C000B4302846C4F8B43005B0BDE8F08F84F865
:1084D0008890F2E738500020F0B5002587B0059568
:1084E000109DDDE9127604950F9D044603950E9DBF
:1084F00002950D9D01950C9D0095FFF77FFFB6F14C
:10850000FF3F08BFB7F1FF3F05D056EA070305D18B
:10851000204600F045FB204607B0F0BD3A46334602
:1085200004F11800014900F02FFDF4E721EA0300EF
:1085300040F2011383810023C0E92A33C0F8B4302C
:10854000014B9860704700BF385000206FF00A015F
:10855000094A9368C3F8C0100849C3F8BC004B68C7
:1085600043F080534B60002383F31188BFF36F8F78
:108570009368D3F8C00070473850002000ED00E049
:1085800070B590F90D20437B002A36DBD90634D133
:108590001B4C63F07F032246437352F8183FE16996
:1085A000934207D1C0E900210860E06111E09942DF
:1085B000F8D01B68002BF5D090F90E5093F90E609F
:1085C000B542F4D0AE42F2DD5968C0E9003108602E
:1085D0005860A569954200D005B9E568A3685A7B43
:1085E000D20604D1DA897F2A01D9AA6932B1AB4215
:1085F00002D0284600F0E0FB656170BD6361FCE7D6
:108600003850002038B590F90D200146002A437BF0
:1086100004DA03F07F03437316F085F90D4D2A4603
:1086200052F8184FAB68944200D004B9EC688B4202
:1086300007D05A7BD20604D1DA897F2A01D9A269F0
:108640002AB1A34202D0204600F0B6FB23466B615C
:1086500038BD00BF38500020B3F1FF3F08BFB2F172
:10866000FF3F03D00249183000F08EBC704700BFB6
:1086700021EA030070B590F90D200146002A437BE2
:1086800004DA03F07F03437316F04DF91C4C4B7B67
:10869000224663F07F034B7352F8183FE069934220
:1086A00007D1C1E900200160E16111E09842F8D0F2
:1086B0001B68002BF5D091F90E5093F90E60B5426E
:1086C000F4D0AE42F2DD5868C1E900300160596073
:1086D000A569A368954200D005B9E5688B4207D02B
:1086E0005A7BD20604D1DA897F2A01D9AA692AB134
:1086F000AB4202D0284600F05FFB2B46636170BDA1
:1087000038500020F8B5394C0746A268824224D17F
:10871000EFF305830BBBEFF31186402383F312883D
:10872000BFF36F8F537B03F07F0343F0100353734A
:1087300016F0F9F8234653F8185F9D4200D005B9AA
:10874000E568A3689D4202D0284600F035FB30461C
:108750006561BDE8F840FFF7F9BEEFF311854023EE
:1087600083F31288BFF36F8F7B7BD90604D585F323
:108770001188BFF36F8FF8BDD90943F0100219D1EA
:108780007A73A6691A4B9E4200D006B9E668A368C0
:10879000B34202D0304600F00FFBA36866619F42EF
:1087A000E5D1EFF30583002BE1D13A7BD2070AD460
:1087B0002846CEE703F07F0343F0100338467B736F
:1087C00016F0B1F8DDE785F31188BFF36F8F83F3FF
:1087D0001188BFF36F8F0423184602DFEFF3118077
:1087E000402383F31288BFF36F8FB2E73850002025
:1087F00050500020F8B5DDE906670D4B0C4698682F
:1088000011460C4A1060EFF31182402282F3128865
:10881000BFF36F8F9D68284616F097F828463246BA
:108820003B46FFF719FF2046BDE8F840FFF78EBE34
:108830003850002064500020F8B50446EFF311874B
:10884000402383F31288BFF36F8F437B49B203F059
:108850001F02002A0CBF0126002639D103F07F0336
:108860002D4D437316F05FF82A46437B817363F006
:108870007F03437352F8183F934227D1E869C4E954
:1088800000200460EC610FE09842F8D01B68002BD8
:10889000F5D093F90EC06145F6D08C45F4DD5968EA
:1088A000C4E900310C605C60AC69944200D004B94A
:1088B000EC68AB689C4202D0204600F07DFA6C6107
:1088C00087F31188BFF36F8F3046F8BDE869DEE7A4
:1088D0009B071ED5856816F026F881732B689D428C
:1088E00009D16B68C4E900531C606C60E8E76A68F2
:1088F0009342F6D01B68002BF3D093F90E209142DF
:10890000F5D08A42F3DD5A68C4E9003214605C6035
:10891000D6E78173D4E700BF3850002049B9EFF3A0
:10892000058030B9054B5A699B689A4201D0FFF720
:108930000DBE81F31188BFF36F8F70473850002050
:1089400010B5EFF31184402282F31288BFF36F8FCA
:10895000427BD10604D484F31188BFF36F8F10BD1E
:1089600022F010024273FFF70BFE2146BDE81040D3
:108970000148FFF7D3BF00BFCA7E0020034648B9B5
:10898000EFF3058232B9064A51699268914201D0EB
:10899000FFF7DCBD83F31188BFF36F8F704700BF13
:1089A00038500020EFF31181402383F31288BFF386
:1089B0006F8F054B9A68D37B013BD37381F311888A
:1089C000BFF36F8F704700BF3850002070B5EFF3D2
:1089D0001186402383F31288BFF36F8F144DAB6869
:1089E000DA7B0132DA732A4652F8184F944200D0EB
:1089F00004B9EC685A7BD20604D1DA897F2A01D9FE
:108A0000A2692AB1A34202D0204600F0D5F923463C
:108A10006B6186F31188BFF36F8FEFF311804023F2
:108A200083F31288BFF36F8FBDE87040FFF7A6BFD6
:108A300038500020024B03F11802C3E906227047A8
:108A40003850002070B5EFF31186402383F312886D
:108A5000BFF36F8F1B4CA168E0690B68814214BFA4
:108A60001A46002249680B605960A368E1692AB977
:108A7000154AC3E900210B60E3610CE093F90E0095
:108A800092F90E50A84218D0854216DD5168C3E90C
:108A900000210B605360A5690B4B9D4200D005B9C6
:108AA000E568A3689D4202D0284600F085F965611B
:108AB0003046BDE87040FFF749BD8A42D8D0126801
:108AC000D5E700BF3850002050500020F8B550EADC
:108AD000010306460C4603D1FFF7B4FF0020F8BDA2
:108AE000EFF31187402383F31288BFF36F8F124D8A
:108AF000124BA8681860FFF785FDA8682346324628
:108B00000F49183000F040FAAA680446537B3846F3
:108B100043F004035373FFF719FDAB68D3E90A234D
:108B2000B3F1004F08BF002AD8D116F03FF8201A41
:108B300020EAE070D3E700BF3850002064500020E6
:108B400021EA030038B504460D46FFF7BFFFB5F133
:108B5000FF3F08BFB4F1FF3F0246204618D0002374
:108B60004FF47A7447F611201946C2FB040147F608
:108B70001222904271F100020BD3084B834243F65C
:108B800008538B4107D347F612220023E1F7A2FFD7
:108B900038BD1846FCE76FF00040F9E7ED85FFFFB0
:108BA00038B50446EFF31185402383F31288BFF3F1
:108BB0006F8F437B5B070FD5183015F0CFFF637BBA
:108BC000204623F004036373FFF7DAFC2946BDE86F
:108BD00038400448FFF7A2BE85F31188BFF36F8FBA
:108BE00038BD00BFCA7E0020014B9868704700BFA7
:108BF000385000202DE9F8430446077BEFF3118538
:108C0000402383F31288BFF36F8F437B190705D589
:108C100085F31188BFF36F8FBDE8F883D90943F05E
:108C2000080260D14273A36813B1204615F083FE99
:108C300004F1180015F092FFA66D04F15808B04534
:108C400011D04FF0000976B1304615F074FE06F1F0
:108C5000180015F083FF3046C6F8C090FFF790FC6F
:108C6000A66DB045EFD1DFF8C480D8F808309C423B
:108C700041D1EFF30589B9F1000918BF4FF001099F
:108C8000D8F818602A4A964200D00EB9D8F80C607D
:108C9000B34202D0304600F08FF82046C8F8146086
:108CA0000FF068FC204600F0DFF8B9F1000F02D0A9
:108CB0002048FFF73DFCD8F808309C4231D1EFF353
:108CC000058373BB227BD20718D42846FFF73EFCEE
:108CD000FB07A1D5002383F31188BFF36F8F042313
:108CE000184602DF98E703F07F0343F0080343735D
:108CF00015F019FE97E74FF00009C1E785F31188D9
:108D0000BFF36F8F83F31188BFF36F8F042318466F
:108D100002DFEFF31180402383F31288BFF36F8FDC
:108D2000D4E785F31188BFF36F8FD1E73850002067
:108D30005050002070430020D3B5DDE90667089C41
:108D4000CDE90067FFF756FD1CB1034B9B681B691B
:108D5000236002B0D0BD00BF385000200122044B78
:108D6000C01A044BC0105843034B1A54704700BF3D
:108D700038440020ABAAAAAACA7E0020C3897F2B50
:108D800012D80A4B1B6863B1094B90F90E201B687F
:108D90009A4209DB437BDB0606D1064BC31A18BF98
:108DA000012303F0010070470023FAE7040E0020BE
:108DB00068500020F840002070B50E4B0E4C1E7C11
:108DC000054606EB460304EBC304204615F0C6FE39
:108DD00000220A4B28469A55FFF7D0FF48B1084BAE
:108DE0002046BDE870401A680649013AD31700F0E2
:108DF000CBB870BD3850002038440020CA7E002017
:108E0000040E00205D8D020038B5EFF3118540237C
:108E100083F31288BFF36F8F104B114A9C68106860
:108E2000A04206D1FFF7C8FF85F31188BFF36F8F0B
:108E300038BD00211B7C11600A4AD35C002BF3D0A3
:108E40002046FFF79BFF0028EED0637BDB0602D1B4
:108E50002046FFF70FFC2046E4E700BF3850002013
:108E600064500020CA7E0020EFF31181402383F379
:108E70001288BFF36F8F0C4A136A834208D1D3F86C
:108E80008430136281F31188BFF36F8F70471346EC
:108E9000002BF7D0D3F884208242F8D1D0F8842078
:108EA000C3F88420EEE700BF38500020F8B505462F
:108EB0000E46EFF31187402383F31288BFF36F8FC1
:108EC000064B1C6A24B987F31188BFF36F8FF8BD76
:108ED00020463146A847D4F88440F3E738500020B4
:108EE000F8B506460F46EFF31183402282F312884D
:108EF000BFF36F8F15460C490C6A24B983F31188B0
:108F0000BFF36F8FF8BD83F31188BFF36F8F3946BE
:108F10002046B047EFF3118385F31288BFF36F8FBC
:108F2000D4F88440E9E700BF38500020024B1868AD
:108F3000984208BF00207047080E0020034B1B68B2
:108F40000BB9F7F79DBC0020704700BF6C500020A4
:108F500030B570B10B4B5B6898420AD0036843B1DF
:108F6000D3E90421D0E90445121941EB0501C3E915
:108F70000421D0E9003213605A600023C0E90033B5
:108F800030BD00BF080E0020B3F1FF3F08BFB2F1B3
:108F9000FF3F2DE9F84F0446994615461F467AD003
:108FA0008160EFF31188402383F31288BFF36F8F42
:108FB000B9F1000FDFF8E4A020DBFFF7BFFFDAE92B
:108FC0000027013549F100092D1849EBE0730646E9
:108FD0004FF00109C4E90453AD1843EB0707FFF74D
:108FE000A5FF0346DFF8B8E0DEF804A0EBB9C4E95A
:108FF00000EACAF80040CEF8044028E06FF0010310
:10900000DAE900125B1A4FF0FF3161EB02025B1BE1
:1090100062EB0902012B72F10001BCBF01230022A7
:109020004FF00009C0E90432D9E7D3E9041CD4E9C0
:1090300004208A4270EB0C0B24DA891A5A686CEB14
:109040000000C3E90410C4E9003214605C60FFF75B
:109050006DFF84420ED1134B1B685BB9B9F1000F51
:1090600002D1FFF76BFF0646304615F060FD002188
:10907000F7F736FC88F31188BFF36F8F284639461F
:10908000BDE8F88F521A60EB0C009A45C4E9042041
:10909000ADD01B68AAE700252F46EFE7504400201B
:1090A000080E00206C5000202DE9F047EFF31185E9
:1090B000402383F31288BFF36F8FDFF8A090002660
:1090C000C9F800000027FFF731FFDFF89480D9F8D6
:1090D0000030D8E900ECD91750B1D0E90442A342DE
:1090E00071EB020A1BDAE41A62EB0102C0E90442E6
:1090F000002413EB0E034CEB01012046C8E90031BC
:10910000C9F8004015F013FD2146F7F7E9FB85F398
:109110001188BFF36F8FBDE8F047FFF775BE14EB02
:109120000E024CEBE473C0E90467C8E90023FFF7C3
:109130000FFF85F31188BFF36F8F83689847EFF3B4
:109140001185402383F31288BFF36F8FD9F8003065
:109150001B1BC9F80030FFF7E9FEB8E76C50002090
:109160005044002010B5EFF31184402383F312889C
:10917000BFF36F8FFFF7E2FE0346054AD2E9000115
:10918000181841EBE37184F31188BFF36F8F10BDA2
:1091900050440020F8B50546EFF31187402383F3D0
:1091A0001288BFF36F8F036823B187F31188BFF371
:1091B0006F8FF8BDD0E90A46611C46F10002022912
:1091C00072F1000236D3012C76F10002BCBF0124FB
:1091D0001E46013C46F1FF3615F0ECFC013041F132
:1091E0000001001946EB0101012871F1000130DB9B
:1091F00015F0E0FC6FF00203013041F100010019AD
:1092000046EB010183426FF000438B4126DB15F0F2
:10921000D1FC013041F100016FF00102001946EB71
:1092200001034FF0FF31121A61EB030328461C497A
:10923000FFF7AAFE2B6B01332B632B6A93B93C46D5
:109240002B4653F8185F9D4200D0D5B984F311889E
:10925000ADE76FF001024FF0FF33E7E700224FF078
:109260000043E3E787F31188BFF36F8F28462B6A2B
:109270009847EFF31184402383F31288BFF36F8F75
:10928000DEE7284615F098FB0023C5F8C03084F3CC
:109290001188BFF36F8F2846BDE8F84015F07DBBFD
:1092A000959102002DE9F04105461C4690461F4667
:1092B000EFF31186402383F31288BFF36F8FB4F16D
:1092C000FF3F08BFB2F1FF3F05D186F31188BFF31E
:1092D0006F8FBDE8F081002C09DB012A74F10003D7
:1092E000BCBF0122002412F1FF3844F1FF372846A9
:1092F00015F034FCDDE906010023C5E90A012B6302
:1093000042463B4628460249FFF73EFEDDE700BFE6
:109310009591020038B50346EFF31185402282F3A0
:109320001288BFF36F8FC1600121816000688342A2
:1093300006D185F31188BFF36F8F0024204638BD16
:10934000D0E9003213605A600023C0E9003315F001
:10935000A1FC294604460248FFF7E0FAEEE700BF09
:10936000CB7E00202DE9F0434FF0000985B0054683
:10937000CDF8049000F10C07EFF31188402383F33C
:109380001288BFF36F8F8368594003EA02060A40D0
:1093900053400E4901AACDE9023915F0A6FB019C04
:1093A0003CB12046C4F8C0900021646E15F015FB56
:1093B000F6E7DDE9023223EA020338464146AB60B4
:1093C000FFF7ACFA304605B0BDE8F083DFED0300EF
:1093D000F8B507460C46164615F08CFA08B1002081
:1093E000F8BD0E4B9B68D3F8B450002DF7D0221D6A
:1093F000F5D2EFF31184402383F31288BFF36F8F0C
:10940000284647F00401B04784F31188BFF36F8FFB
:109410000028E4D040F8045BE2E700BF38500020A9
:109420000146024A0020FFF7D3BF00BF01600300DE
:109430002DE9F04F91B00F4615461C46CDE90810B6
:1094400093B9074A0CF0BAF8021E03DA054811B0C6
:10945000BDE8F08F08988242F8D2381A1044F6E737
:10946000130A050080D6FFFFDB6900931346AE4A5E
:109470000CF0A4F80028E9DB08998842E6D2099BA1
:10948000091AAA4A18442B46089109900CF096F83C
:109490000028DBDB08998842D8D2099B091A04F11D
:1094A000200218440891099001F070FC0028CDDBDF
:1094B00008998842CAD2099B091A9D4A18442B462A
:1094C000089109900CF07AF80028BFDB08998842CF
:1094D000BCD2099B091A04F1500218440891099062
:1094E00001F008FB0028B1DB08998842AED2099B45
:1094F000091A904A18442B46089109900CF05EF81E
:109500000028A3DB08998842A0D2099B091A04F11C
:10951000700218440891099001F0ECFA002895DBDC
:109520000899884292D2099B091A1844D4F8A430A9
:10953000814A0593D4F8A03008910493D4F89C3064
:1095400009900393D4F898300293D4F8943001939F
:10955000D4F8903000932B460CF030F80028FFF63A
:1095600075AF08998842BFF471AF099B091A184476
:10957000D4F8BC30714A0593D4F8B83008910493FC
:10958000D4F8B43009900393D4F8B0300293D4F8EF
:10959000AC300193D4F8A83000932B460CF00EF8B1
:1095A0000028FFF653AF08998842BFF44FAF099BDC
:1095B000091A634A18442B46089109900BF0FEFFE4
:1095C0000028FFF643AF08998842BFF43FAF099BDC
:1095D000091A1844D4F88C3104F12C02019394F840
:1095E00088310891009394F88931099001F026FCA4
:1095F0000028FFF62BAF089B9842BFF427AF1B1A39
:109600000893099B04F1CC0803444046099303F0F6
:10961000E9F90BAE02461221304601F035FC002874
:109620007FF415AFDDE908A9404615F013FF2B467E
:10963000CDE9006051464846424A0BF0BFFF002882
:10964000FFF604AF08998842BFF400AF099B091ADE
:109650001844D4F858310891DE0509902BD5D4F878
:109660005C21394B394E002A18BF3346384A0093E3
:109670002B460BF0A3FF0028FFF6E8AE08998842BE
:10968000BFF4E4AE099B091A1844D4F8603108917C
:10969000002B09900FDD2F4A013B0BF08FFF0028B4
:1096A000FFF6D4AE089B9842BFF4D0AE1B1A0893C5
:1096B000099B03440993D4F85831DDE908109A0650
:1096C00000F1E780DDE90810D4F85831DB0318D544
:1096D0002B46214A0BF072FF0028FFF6B7AE089B1D
:1096E0009842BFF4B3AE1B1A0893099B94F87821F3
:1096F000034408A909A8099301F0DEFE00287FF4BD
:10970000A6AEDDE90810D4F858315E0736D52B46F1
:10971000124A0BF053FF0028FFF698AE089B9842C0
:10972000BFF494AE1CE000BF330A05004D0A0500EB
:10973000640A05007C0A0500940A0500C90A0500B0
:10974000FE0A0500160B05000D0A0500080A0500B3
:10975000280B0500450B05006D0B0500850B05006A
:109760001B1A0893099BD4F86421034408A909A88B
:10977000099301F037FF00287FF469AEDDE9081096
:10978000D4F858311A0538D52B464F4A0BF016FF3E
:109790000028FFF65BAE089EB042BFF457AE099BAF
:1097A000361A03EB0008DFF824B1494BDFF824A197
:1097B0000896CDF8248004F5B47948460AA90793A1
:1097C0000BF060FD079B08B1CDF828B00A9A31462E
:1097D00000924046404A0BF0F1FE0028FFF636AEFC
:1097E000B042BFF433AED9F80C905346361A8044D9
:1097F000B9F1000FE1D1CDE90868DDE90810D4F82E
:1098000058311B0736D52B46344A0BF0D7FE0028BB
:10981000FFF61CAE089DA842BFF418AE099E2D1A93
:109820000644DFF8ACB0DFF8A490DFF8ACA0DFF8B6
:10983000A4800895099604F5A47420460AA90BF0A3
:109840003BFD08B1CDF828900A9B5246009329466B
:109850005B4630460BF0B2FE0028FFF6F7ADA8429B
:10986000BFF4F4ADE468C3462D1A0644002CE4D1DD
:10987000CDE90856DDE90810194A0BF09FFE0028D3
:10988000FFF6E4AD089B9842BFF4E0ADFF1A384400
:10989000DDE52B46134A0BF091FE0028FFF6D6AD0E
:1098A000089B9842BFF4D2AD1B1A0893099B04F1A0
:1098B000F8020344099308A92B4609A801F084FC87
:1098C00000283FF4FFAEC2E59D0B0500B50B050077
:1098D00067170500B90B050017C40400BC0B050091
:1098E00024160500560B05002DE9F34706460D46E4
:1098F00091461F460C46DFF86080DFF860A058F8FC
:10990000043C6BB957B14B4621463046144A0BF024
:1099100055FE002811DBA0420FD2241A281B0DE0AF
:1099200058F8082C174213D0009352464B46214654
:1099300030460BF043FE002803DA0A4802B0BDE8C7
:10994000F087A042F9D258F8083C241A06445F4038
:1099500008F10808D3E700BFE4790400CED704007B
:10996000D70B050080D6FFFFD0F85831024613F020
:10997000040011D0D2F8643121F4004222F0010237
:109980009A4308D148F2010223EA01031342034833
:1099900008BF002070470148704700BF00D8FFFF94
:1099A0002DE9F04FB3B0049300230A923D9A0DF1D4
:1099B000740904460691136018464A464FF0FF3179
:1099C0003C9F01330A2BC2E9000102F10802F8D1E1
:1099D000049B002B00F03482002F50D1002304F1AF
:1099E000CC052846059315F03CFD0146049815F07A
:1099F0002EFA18B1059B43F40043059329460498B9
:109A000015F0BFFA18B1059B43F48033059300238A
:109A10004FF001081D941E93079394F888313BB1D1
:109A20000122013B02FA03F3049A1268134203D1A4
:109A30004FF48043C9F8043094F88911049815F064
:109A400006FA28B1D9F8043043F40043C9F80430C9
:109A5000B8F1010F08D104F1700104F1500015F0C4
:109A600051FA002800F09E804FF0010B04F15003E2
:109A7000069E0893079BA8EB030309939DE03846D5
:109A8000E4F712FCD4F8583106469B0660D54FF037
:109A9000000A04F1F805A846D346D8F8003003F0D0
:109AA0001F03062B36D0072B37D0022B06D13246A8
:109AB0003946404615F090FA00288FD0D8F80C802F
:109AC000B8F1000FE9D1BBF1000F1ED038460DA947
:109AD00015F0CAFA8346C0B1A846D8F8003003F0A2
:109AE0001F03072B0CD1D8F804309B4508D15A46E8
:109AF000D8F808000DA91BF0F2F900283FF46EAF6A
:109B0000D8F80C80B8F1000FE7D1BAF1000F07D1F7
:109B1000042364E74FF0010AD0E74FF0010BCDE7D3
:109B20002B6803F01F03062B08D16B689E4205D1FA
:109B300032463946A8681BF0D2F920B1ED68002DF5
:109B4000EED14FF0FF30003818BF0120830046E708
:109B5000AF4D04F17008D8F80420032A0ED128462E
:109B6000D8F808101BF0BBF940B93246394608F165
:109B70000C0015F031FA00283FF430AFD8F8188007
:109B8000B8F1000FE7D1C3E7A268AB689A4204D1ED
:109B9000E968E0681BF0A3F900B3D5F89051002DF7
:109BA000F2D161E7069DFAE7089806F1700115F019
:109BB000A9F9054620B3D6F89061002EF4D1BBF187
:109BC000000F40F09F8032AA08F1FF3302EBC3037D
:109BD00053F8502C42F0080243F8502C1E9B059A73
:109BE00013431E931DAB03EBC804B8F1000F40F004
:109BF00000813D9B87481B68002B08BF00201CE1AB
:109C0000BBF1000F02D0F369022B09DDD6F85C31FD
:109C1000002BD0D004213046FFF7A6FE0028CAD181
:109C2000D6F86031002B02DD099A9342C3D394F831
:109C3000880102F08DFB824615F058FBD4E905211E
:109C400007460DAB504602F0D7FC70B1BBF1000FD8
:109C5000B1D1B8F1010F4FF0000B58D1D9F8043051
:109C600043F00803C9F8043039E006F1CC0A504645
:109C700094F8891115F0DAFB0028E7D0D4F8802198
:109C800094F8883194F889010392D4F88421CDE9BD
:109C900001720DAA0092D4F88C11524602F06CFEAB
:109CA000BBF1000F01D0002885D1B0FA80F7B8F1E0
:109CB000010F4FEA571710D004F1700104F1500062
:109CC00015F020F910B9079B01330793BBF1000F82
:109CD00003D1B8F1080F00F2AB80002FBED006F11F
:109CE000CC0319460498089315F04BF928B1D9F81C
:109CF000043043F48033C9F8043006F170030A9F3E
:109D00000B9310E04FF0000BD4F89061B2E65F4681
:109D1000D2E7BB692BB10B9907F1340015F0F2F8CB
:109D200020B1D7F8F070002FF3D106E002213046C1
:109D3000FFF71AFE98B145F01005D9F8043008F184
:109D400001082B43C9E90136002309F10809C9F8C4
:109D50000430BBF1000F7FF441AF34465DE697F865
:109D6000E8A0BAF1000F07D001230AF1FF329340B7
:109D7000049A1268134201D145F4003597F8E910AE
:109D8000049815F064F808B145F48025504602F0B7
:109D9000DFFA099015F0AAFAD7E9042182460DAB43
:109DA000099802F029FC0028C5D10899049815F0FB
:109DB000E8F808B145F48035D7F8E02097F8E830A6
:109DC00097F8E9000392D7F8E420CDE901A20DAAA3
:109DD0000092D7F8EC10089A02F0CEFD0028AAD124
:109DE0003946204615F02AF900289AD045F0020598
:109DF000A3E754F8043C08F1FF380D933E9B5BB990
:109E00003D9B0D9A1B68083C13433D9A1360ECE69A
:109E1000020C050000D9FFFF4246DDE93E5054F830
:109E2000081C0DABA8470028EAD010F51C5F00D134
:109E300004484FF0FF333D9A136033B0BDE8F08F14
:109E40000148F6E700D0FFFF00D8FFFF1FB5089CD0
:109E50000394079C0294069CCDE90034024BFFF763
:109E60009FFD04B010BD00BF847A04002DE9F04FBF
:109E70009BB00C4617461E460390002800F0EC836A
:109E8000002900F0E98305464FF00009EB69A3B112
:109E9000D5F890314BB94FF4CA71012005F0BAFDE5
:109EA000C5F8900120B9AA4C63E0A9461D46EDE72C
:109EB00015F082F9A946D5F890510023CDE90E336B
:109EC000CDE91033CDE91233CDE9143316934DB9F2
:109ED000B9F1000F01D0C9F890519E4C284605F009
:109EE0009FFD46E0302308AAE11909A8CDE90874CE
:109EF00019F045FA68B1284615F063F9964CB9F1A6
:109F0000000F02D00023C9F89031039BAB42E5D18A
:109F10002FE0DDE9083202EB030BABEB0401A96093
:109F20005EB3012005F076FD0990E860002800F09E
:109F300091832146AA681AF0A3FF01232B60AA6827
:109F4000089B0999D31A0B44099301EB020B099B57
:109F50005946AB6108AA302309A819F010FA044643
:109F600070B12846A4F5065415F02BF9002CC6D183
:109F7000002420461BB0BDE8F08FEC602E60E6E7C1
:109F8000DDE908371F44AB693946FB1A6B6117AA34
:109F9000A02309A819F0F3F908B310F1620F1AD140
:109FA000EC61394605F1200209A800F0DBFB04460C
:109FB00030BB05F12C06324639460EAB09A815F028
:109FC0004FF90446E0B9EB69022B1DD9284615F07C
:109FD000F8F8624C93E7A0F506548CB9E1E7099EC6
:109FE000179B05F11C021E44314609A819F029FAF5
:109FF00010B1A0F50854F0E7099B9E42D1D0584C0F
:10A00000284615F0DEF87AE70133EB6105F5C673F3
:10A010000093304605F2891305F5C4720EA900F0CD
:10A0200023FD04460028EBD1099B39462B6408AA7E
:10A03000302309A819F0A3F90446002891D1DDE9DD
:10A04000083105F15002194409A800F0B1FB04469B
:10A050000028D5D12A6C099B39469B1AEB6317AAB5
:10A06000302309A819F08BF9002855D0B0F5105409
:10A07000C6D1099B3946EB6408AA302309A819F018
:10A080007EF9044600287FF46CAFDDE9083143B166
:10A0900005F17002194409A800F08AFB0446002863
:10A0A000AED1099AEB6CC5F8C820D31A3946AB6417
:10A0B00005F1CC0209A802F041F8044600289FD11E
:10A0C000099BD5F8C8209A1AC5F8C420EA69023A53
:10A0D000012A04D89F4247D1099B9F4263D1EB6973
:10A0E000099A032B40F08C80974200F07E8239461B
:10A0F00005F1EC0209A800F0D7FC044600287FF423
:10A100007FAFD5E93C328246D3180493099B049A69
:10A110009A4263D874D066E1099E179B05F19002BC
:10A120001E44314609A800F0D1FB044600287FF404
:10A1300067AF314605F1A80209A800F0C7FB044645
:10A1400000287FF45DAF099B9E4292D0054C57E7F3
:10A1500080D7FFFF00D8FFFF80DEFFFF80DAFFFF20
:10A160009ADDFFFF9ADBFFFF1B783946C5F8D43034
:10A1700005F1D802A12309A819F001F958B110F18D
:10A18000620F03D0B0F506547FF43AAFEB69023B9F
:10A19000012BA1D9A3E7099BD5F8D820C5F8DC305D
:10A1A00013440993F2E71B783946C5F8E03005F10E
:10A1B000E402A22309A819F0E2F838B110F1620F05
:10A1C0008DD0B0F506547FF41BAF88E7099BD5F816
:10A1D000E420C5F8E8301344099380E7302304995C
:10A1E0000AAA09A8CDE917AACDE90BAACDF864A05F
:10A1F00019F0C5F868B1A0F51454002C7FF400AF35
:10A20000099B9F4200F0F181284614F0DAFFA84C28
:10A2100075E6DDE90923D4182146062318AA09A802
:10A2200019F0ADF80028E6D10623189A1793099B78
:10A230002146199309A813440BAA099319F0E8F8C9
:10A2400010B110F1620FD6D1042321460AAA09A841
:10A2500019F095F80028CED1099B0A9E05931E445B
:10A26000B44240F0C0800CA917A80AF0F1FFC0B1B9
:10A27000249A0B9B7AB1DDE92440099A2946009281
:10A28000019617AAA047044618B10B9B002B7FF438
:10A29000B7AE09963AE70994002B3FF437AF854CE7
:10A2A000AEE6D5F858210C9B12EA030140F0D681A6
:10A2B0001A43202BC5F8582100F0EC8010DC013B3C
:10A2C000072B00F28D81072B00F28A81DFE813F063
:10A2D0008D00730088015700880188018801F8000B
:10A2E000B3F5006F53D0B3F5803F00F0DA80B3F5DB
:10A2F000807F40F07581C5E95711302331460DAAA2
:10A3000009A819F03CF828B1A0F51454002C3FF42A
:10A31000FDAE75E6099B9E423FF4F8AE05F5AE78BA
:10A320004246314609A819F073F878B110F1620F6E
:10A33000EAD14246314609A819F083F80028E3D152
:10A34000D5F85C3113B10123C5F85C31099B9E42FD
:10A350003FF4DCAE314605F5B07209A819F071F88A
:10A360000028D1D1099B9E423DD16FF00042D5F823
:10A37000603193421DD00133C5F86031C6E63146E5
:10A3800005F5B27209A814F072FF0446BEE7062371
:10A39000214605F5B47209A80AF072FC20B1B0F5A7
:10A3A00014543FF4B3AE2BE6D5F87031002B7FF494
:10A3B000ADAE414C24E6002321460D930DAA0423A3
:10A3C00009A818F0DCFF0028E9D104230D9AC5F88C
:10A3D0000831099BC5F80C21C5F8103113440993C5
:10A3E0009C423FF493AE354C0AE6002331460D9370
:10A3F0000DAA302309A818F0C2FF002884D1099BB8
:10A400000D9A13449E42EED1802331460DAA09A82D
:10A4100018F0B5FF002839D104210D9A099BC5F821
:10A420001821C5F81C311344C5F814110993099B70
:10A430009E4228D9A12331460DAA09A818F09FFFF2
:10A4400000287FF461AF09990D9B05F590721944BE
:10A4500009A800F035FE044600287FF4D1AD822320
:10A4600031460DAA09A818F08AFF00287FF44CAFE6
:10A4700002210D9A099BC5F83421C5F838311344DF
:10A48000C5F830110993099B9E42AAE710F1620FAB
:10A49000CDD039E7214605F1F80209A800F078FE91
:10A4A00073E7214605F5BC7209A800F0FFFC6CE7D4
:10A4B0001ADEFFFF9EDAFFFF9CDAFFFF9ADAFFFF4A
:10A4C000302331460DAA09A818F059FF0446E0B11F
:10A4D000A0F51454002C3FF419AE14F5025F7FF47C
:10A4E0008FAD249A0B9B5AB1DDE92440059A294689
:10A4F0000092019617AAA04700283FF407AE0B9BD5
:10A50000002B3FF403AE574C7AE50D9A099B134498
:10A510009E427FF468AF002A3FF465AF05F5A4784A
:10A52000099B9E4205D84FF00003C8F80C30D1D0EB
:10A5300059E7302331460DAA09A818F020FF10B1C1
:10A54000A0F51454C6E7099A0D9B09A8D3180293E5
:10A55000029906230DAA18F012FF0028F0D10D9AD7
:10A56000099B042A069339D119463F4807921AF0ED
:10A57000B6FC3C4B079A002818BF1C46D8F8083098
:10A5800073B1D8F80C300792002B67D1102101204D
:10A5900005F040FAC8F80C00002861D08046079A00
:10A5A0000623C8F80030069BC8E90123099B0D9AD1
:10A5B0001344029A09939A420BD9302302990DAAA7
:10A5C00009A818F0DCFE0028BAD1099B0D9A1344A3
:10A5D0000993099B029A9A42A2D004E7214CCDE745
:10A5E0000B9B002B3FF455AE8DE7594611AB14AAD7
:10A5F00009A814F035FE044600287FF401AD2A6B4B
:10A60000159B9A4212D11699686B1AF068FC68B9CA
:10A610000E9A119B9A4209D10F9A129B9A4205D128
:10A620004AB1139910981AF05AFC20B1284614F038
:10A63000C8FD0E4C63E4594605F5BE7209A800F04A
:10A64000F7F9044600287FF4DBAC099B9B453FF4F7
:10A650008FACD9E5064C52E4064C8AE4064CCFE4B4
:10A66000064CCDE480DFFFFFD865040080D9FFFFF2
:10A6700080D7FFFF00D8FFFF00DBFFFF96DAFFFF68
:10A680002DE9F04F0D461746804689B000285DD071
:10A6900000295BD04AB18B1813F8016C2EB92846FB
:10A6A0002C491AF092FC00284BD13A4629464046E4
:10A6B00009B0BDE8F04F14F0B9BD05A814F0FFFDD6
:10A6C00004AB029300235946CDE90033224A2B46BE
:10A6D00005A801F0CFF98246D0B9DDE90512049B47
:10A6E0004046FF1A1D4414F0A1FD824605A814F04F
:10A6F000EBFDBAF1000F1CD14FF00109012FDCD89E
:10A70000B9F1000F24D1154B002C08BF1C4614E0F2
:10A7100010F5A45F10D010F5845FF1D005A814F0F7
:10A72000D3FD049ABF1A1544002C08BF54460136C5
:10A73000E4E71AF5225FF7D15446204609B0BDE898
:10A74000F08F3446B146DFF80CB0D7E7044CF4E79D
:10A750003446F2E7060C0500220C050080D8FFFF06
:10A7600000D8FFFF38B503681546CA1A002A044608
:10A7700016DD1A7802F07F02022A13D15A1C0260F9
:10A780002A461B7842F8043B18F0C5FD10B1A0F52D
:10A790000A5038BD23686A68AB6013442360F8E749
:10A7A0000148F6E70148F4E720DDFFFF1EDDFFFF6B
:10A7B0002DE9F74F05468A4690461446DFF8F8B073
:10A7C00031236A465146284618F0D9FD074668B13C
:10A7D000A0F50E54D8F8180018F019FF00232746EA
:10A7E000C8F81830384603B0BDE8F08F26462A680E
:10A7F000009B02EB030930234946284601AA18F0C2
:10A80000BEFD88B1A0F50E54002CE3D12B684B455A
:10A8100047D001202021307705F0FCF8B06108B95D
:10A82000264CD7E70646E6E7019A2B68002A03EB99
:10A83000020401DC224CCDE732461B78214642F867
:10A84000043B2846062318F09AFD0028DAD129682F
:10A850007068B1600B18E21A002A2B60EADD0A5C0E
:10A860001E2A05D01C2A1AD82BFA02F2D20716D5B6
:10A8700001332B600B5C06F1100221462846F36081
:10A8800018F049FD0028BDD12B683269736113446B
:10A890009C422B6001D1B061B8E70A4C9AE70A4CA0
:10A8A00098E7D1459ED02021012005F0B3F8044659
:10A8B000B061002884D1B3E70810581080D7FFFF9B
:10A8C00020DCFFFF1ADCFFFF1EDCFFFF2DE9F34752
:10A8D00003681446CA1A002A074640F39F801A7874
:10A8E000172A12D0182A40F09B804FF00408013339
:10A8F00038463B6001AA18F00EFD064640B1A0F5AF
:10A900001056304602B0BDE8F0874FF00208EEE77F
:10A91000019B08F10A029A4209D008F10B02934206
:10A920001BD13A681A4412F8012C5A2A15D13D68F5
:10A930002B4428463B6014F083FC002820600CDB8D
:10A94000B8F1040F0BD16423023503FB00F1284654
:10A9500014F076FC0028206007DA324ED1E7312867
:10A9600040F26C71D8BF4FF4FA612368A81C1944F7
:10A97000216014F065FC80466060281D14F060FCC6
:10A98000A0600746A81D14F05BFCE060824605F15C
:10A99000080014F055FC2061814605F10A0014F00E
:10A9A0004FFCB8F10C0F02466061D6D8012341F28A
:10A9B000AA5003FA08F3034228D113F4256F27D1D4
:10A9C000B8F1020FC9D18B0724D16420B1FBF0F399
:10A9D00000FB131303BB4FF4C870B1FBF0F300FB93
:10A9E0001313002B0CBF1D231C23013F9F42B4D225
:10A9F00042F20F739942B0D8BAF1170FADD8B9F13E
:10AA00003B0FAAD83B2A7FF67CAFA6E71F23ECE7D3
:10AA10001E23EAE71C23E8E71D23E6E7024E70E762
:10AA2000024E6EE700DCFFFFA0DBFFFF9EDBFFFFB7
:10AA300073B51546026804468B1A002B10DD167894
:10AA400001AA18F07EFD18B1A0F5125002B070BD39
:10AA5000019A2E606A602368AB6013442360F5E7B7
:10AA60000048F3E720DBFFFF10B50C4611461A46FD
:10AA7000029B1B687BB91AF0A8F910B1A0F5185019
:10AA800010BD2368052B00D03BB96268044B002A37
:10AA900018BF1846F4E70348F2E70148F0E700BFA3
:10AAA00000DDFFFF00D8FFFF73B543F0A00614469A
:10AAB00033460432054618F062FC18B1A0F5145074
:10AAC00002B070BD266029683023A1606468284602
:10AAD0000C44214601AA18F052FC0028EED1019A3C
:10AAE0002B681344024A9C4218BF1046E8E700BF97
:10AAF0009ADAFFFF2DE9F04F0024C9B00DF12009CB
:10AB0000CDE9011207464FF480722146484605946C
:10AB10001AF0DDF9DDE9015616B9019B581B12E068
:10AB2000B3680BB9B669F7E7029B9E4212D08C4B13
:10AB30008C4A2946002C08BF1A4638460AF03EFDCA
:10AB4000002803DA884849B0BDE8F08FA842F9D25E
:10AB50002D1A0744F3683046162B98BF834C05A97D
:10AB600096BF1C41012404F001040AF057FB38B9D8
:10AB700029463846059B7E4A0AF020FD80460FE0B4
:10AB80003246294638460AF0E5FB002820DD2D1A1A
:10AB9000074429463846774A0AF010FD01248046CA
:10ABA000B8F1000FCEDBA845CCD23269002C00F002
:10ABB000D380232306A989F8003004A80DF11E03D1
:10ABC000049318F02CFD041E0ADA6FF06D00BAE74A
:10ABD0000B30B7D029463846674A0AF0EFFCCDE77C
:10ABE000327B06A904A818F03EFD031EEDDB2344CA
:10ABF000CC460024C3F1060206A90A44A3421AD196
:10AC000000205B005C1C4B443269824228D8002340
:10AC1000A5EB0805474409F8043029464B46384659
:10AC2000564A0AF0CBFC00288CDBA8428AD2347F3B
:10AC30002D1A074476E712F801EB01340EF00F01EC
:10AC40004FEA1E10BEF19F0F94BF303037300929F4
:10AC500094BF303137318CF801000CF8021FCDE77A
:10AC6000621CFE2A3FF66EAF7269023412F800C011
:10AC700001300CF00F024FEA1C11BCF19F0F94BF82
:10AC800030313731092A94BF30323732597003F8E6
:10AC9000022FB9E7FF2C3FF455AF716911F80A1084
:10ACA00000295BD0364803911AF029F9039900BBBB
:10ACB000BAF1000F04D133481AF021F90399C0B951
:10ACC0000BF1FF3252451ED120291CD1FE2C04F17C
:10ACD00001023FF437AF5C2009F80400144609F87C
:10ACE00004100AF1010A0134D6F810B0D345D1D8C6
:10ACF0008DE7FE2C04F101023FF424AF4FF05C031A
:10AD000009F804301446A1F120025E2AE7D9E21CBA
:10AD1000FE2A3FF617AF4FF05C0301F00F0208095F
:10AD20009F2994BF30303730092A09F8043004F1E4
:10AD3000010E04F1020C94BF3032373208AB03F835
:10AD40000E0009F80C20D6F810B00AF1010ADA4515
:10AD500004F10304A1D35AE7A246C5E70A48F2E684
:10AD6000B90B05001E10050080D6FFFFFFEFB7FFEF
:10AD7000221005002810050026100500C4FD04005F
:10AD80002A1005003310050080DCFFFF2DE9F74392
:10AD900056688146202E0D4617463AD84EB3012EEE
:10ADA000926838D10C464FF0000813781E4A009282
:10ADB000214648461D4A0AF001FC00280EDA1C48CC
:10ADC00003B0BDE8F0834FF0010812F808301948CD
:10ADD000154A711E414588BF0246E8E7A042EED2FF
:10ADE00008F101084645A4EB0004814402D0BA688A
:10ADF000EBE70C467B68B34209D0214648460E4A31
:10AE00000AF0DCFB0028DADBA042D8D2241A281B87
:10AE1000D6E71C26926813782C46002BD3D04FF02F
:10AE20000008044AC3E700BF671705003610050095
:10AE300080D6FFFF6B0B05003D100500002337B5E2
:10AE400005460C46104601A9019319F0B1FF60B107
:10AE500021462846094A0AF0B1FB00280CDB084BC2
:10AE6000A04228BF184603B030BD21462846019BAA
:10AE7000044A0AF0A3FBF0E70148F4E7B50B05002C
:10AE800080D6FFFFC4FD0400134610B5054A0C46EA
:10AE90000AF094FB031E044802DBA34238BF0020E3
:10AEA00010BD00BF4210050080D6FFFF1FB5002374
:10AEB000144601AA01938DF80830039318F0D8FACC
:10AEC00018B1A0F5145004B010BD019B2BB1012B9B
:10AED00005D1039B1B782370F5E70346FBE7014888
:10AEE000F1E700BF9CDAFFFF2DE9F0410368064659
:10AEF00003F0DF03803B0C468CB0072B00F2D380BD
:10AF0000DFE813F00800AB008F00D100B300D100E0
:10AF1000800097008568436802951D4429460623F2
:10AF200001AA02A818F02BFAC0B1A0F5145000280D
:10AF300036D128222046002119F0C9FF043403AA83
:10AF40000BAD134603CBAB42206061601A4604F19F
:10AF50000804F6D118682060002021E0DDE90187AF
:10AF6000B8F1080F40F09F8042463946504819F02A
:10AF7000B6FF002840F0978006260597A0230837E3
:10AF8000294601AA02A8CDE90368029718F0F7F94B
:10AF90000028CAD1DDE9012313449D4203D045486E
:10AFA0000CB0BDE8F0813023294601AA02A818F0B0
:10AFB000E6F90028B9D1DDE9012313449D42EED121
:10AFC0003346294601AA02A818F0D9F90028ACD1C5
:10AFD000029B019A08931344029304230792294683
:10AFE0000DEB030202A8069618F0C9F900289CD1BF
:10AFF0000423019A0993029B0A920B9313449D42E6
:10B0000097D0CCE70D1D24220021284619F05FFFC0
:10B0100006232360336863607368A360B368E360EA
:10B020009AE70D1D24220021284619F050FF022323
:10B03000EFE70D1D24220021284619F048FF0723C1
:10B0400023607368042B01D0102B2ED1336863600A
:10B0500073686B60B368AB607EE70D1D242200212E
:10B06000284619F034FF0123D3E787680D1D2422F9
:10B0700000212846039719F02AFF042323607168F2
:10B08000302302AA394403A818F079F9002887D19F
:10B09000DDE902312A46194403A8FFF789FB00289D
:10B0A0003FF45AAF7CE704487AE7044878E700BFEA
:10B0B0004E1005009ADAFFFF80DFFFFF00D8FFFF88
:10B0C0002DE9F04705460F46904616468EB02C688F
:10B0D000BC4207D30023F3602B68294CBB4208BF56
:10B0E000002411E02822002104A819F0F0FE14F831
:10B0F000012B3946019228466A462C6018F00BF95C
:10B10000824628B1A0F5145420460EB0BDE8F08761
:10B110002B680393009B0293019B03F0C003802BD9
:10B1200028D10DF10409484604A9FFF7DDFE0446C5
:10B1300048B110F5025F06D0D8F80C0018F015FAE7
:10B14000C8F80CA0E0E704A814F0B2F8B36843B163
:10B15000F3688BB91021012004F05CFCF06068B149
:10B16000064699E8070086E807002B68029A134410
:10B170002B60ACE7034CC7E7034CC5E7034CC3E7C0
:10B180009ADAFFFF9EDAFFFF00DBFFFF96DAFFFF90
:10B1900073B53023164601AA04460D4618F0EFF8A1
:10B1A00018B1A0F5145002B070BD2368019A134481
:10B1B0009D4205D1324629462046FFF781FFF2E73E
:10B1C0000048F0E79ADAFFFF2DE9F04F81468A4602
:10B1D00017461E460C680568DFF86CB29DB037B99B
:10B1E0002F703B46CAF80040C9F800509DE000218E
:10B1F000282212A819F06BFE384612A9FFF774FE38
:10B2000098B110F5025F0CBF5A46904A334621466A
:10B2100028460AF0D3F90028C0F28680A04280F0C8
:10B220008380241A0544FF68D9E7129A072A00F29E
:10B23000FC80DFE812F008007E007E00FA00E800E3
:10B24000FA0067009300334621462846804A0AF0F8
:10B25000B5F9002868DBA04266D2149A241A082A9D
:10B2600005443BD115997B4819F039FEB0BB3346F4
:10B2700021462846784A0AF0A1F9B0F1000853DBCC
:10B28000A04551D2A4EB0804A844334621464046C9
:10B29000724A0AF093F9051E46DBA54244D2641BAC
:10B2A00045442146284616AA0AF054F800283BDBFC
:10B2B000A04239D2241A0544334621462846684A1A
:10B2C0000AF07CF900282FDBA0422DD24FF00008B5
:10B2D000241A05441A9B634A434503D812A813F065
:10B2E000E7FFA0E71B9B2146284613F808300AF029
:10B2F00065F9002818DBA04216D2241A054408F18B
:10B300000108E7E7334621462846574A0AF056F92E
:10B31000002809DBA04207D2149A241AA24205EBA6
:10B32000000313D300232B54504B18461DB0BDE827
:10B33000F08F4F494F4B2846022A08BF0B46214643
:10B3400000934D4A33460AF039F9E1E7184615995A
:10B3500019F096FD149A8518A41ABFE7474B2146A9
:10B36000009328463346444A0AF028F90028DBDBDC
:10B37000A042D9D2149B241AA34205EB0008D1D2D3
:10B38000042B159A12D1D178137802919178404606
:10B390000191527821460092394A0AF00FF9051EB0
:10B3A000C2DBA542C0D2641B454497E7102B24D1D1
:10B3B000D17B13780E91917B40460D91517B0C917E
:10B3C000117B0B91D17A0A91917A0991517A089166
:10B3D000117A0791D179069191790591517904916A
:10B3E00011790391D1780291917801915278214697
:10B3F0000092244A0AF0E2F8D1E7002388F80030EE
:10B40000A3F5205391E73346214628461E4A0AF009
:10B41000D5F8B0F1000801DBA04537D312A813F02E
:10B4200047FF81E7E518CC1A58E733465A462146CC
:10B4300028460AF0C3F80028FFF676AFA042BFF412
:10B4400073AF241A054449E76A1005007F10050010
:10B45000921005004E100500A5100500C71005004C
:10B46000F0100500420005001911050080D6FFFF0D
:10B47000571005005F1005003D1105004A11050039
:10B48000541105006011050088110500A4EB0801A6
:10B4900005EB0804204613AA1191FFF72BFB031EAE
:10B4A0001199BFDA12A8119313F002FF0022119B29
:10B4B00005F8082039E700BF2DE9F04188460C68FF
:10B4C00011060746164605683B4B0ED52146284611
:10B4D0003A4A0AF073F8002802DA3948BDE8F081E8
:10B4E000A042FAD2374B241A054472060BD52146E6
:10B4F0002846354A0AF062F80028EEDBA042ECD27A
:10B50000304B241A0544B0060BD5214628462F4A55
:10B510000AF054F80028E0DBA042DED2294B241ABE
:10B520000544F1060BD521462846294A0AF046F87B
:10B530000028D2DBA042D0D2224B241A0544320785
:10B540000BD521462846234A0AF038F80028C4DBE8
:10B55000A042C2D21B4B241A054470070BD52146CA
:10B5600028461D4A0AF02AF80028B6DBA042B4D2C9
:10B57000144B241A0544B1070BD521462846174A17
:10B580000AF01CF80028A8DBA042A6D20D4B241A12
:10B590000544F2070AD521462846114A0AF00EF85A
:10B5A000031E9ADBA34298D2E41A1D44C8F8004057
:10B5B00000203D6092E700BF67170500A01105005D
:10B5C00080D6FFFFB90B0500AD110500BA110500CB
:10B5D000C2110500D3110500DE110500E7110500B9
:10B5E000F21105002DE9F04107460568100688466E
:10B5F00016460C68424B0ED521462846414A09F0B2
:10B60000DDFF002802DA4048BDE8F081A042FAD20E
:10B610003E4B241A054471060BD5214628463C4A68
:10B6200009F0CCFF0028EEDBA042ECD2374B241A05
:10B630000544B2060BD521462846364A09F0BEFF1E
:10B640000028E0DBA042DED2304B241A0544F0068D
:10B650000BD521462846304A09F0B0FF0028D2DB3E
:10B66000A042D0D2294B241A054431070BD52146DC
:10B6700028462A4A09F0A2FF0028C4DBA042C2D211
:10B68000224B241A054472070BD521462846244A2A
:10B6900009F094FF0028B6DBA042B4D21B4B241A59
:10B6A0000544B0070BD5214628461E4A09F086FFFF
:10B6B0000028A8DBA042A6D2144B241A0544F107A7
:10B6C0000BD521462846184A09F078FF00289ADB56
:10B6D000A04298D20D4B241A054432040AD52146C3
:10B6E0002846124A09F06AFF031E8CDBA3428AD265
:10B6F000E41A1D44C8F8004000203D6084E700BF04
:10B70000671705000612050080D6FFFFB90B05007C
:10B710001A1205002C1205003F12050053120500F5
:10B7200063120500731205007E1205008E120500DB
:10B7300001680E4A0346914215D1C169A2F1102257
:10B74000A2F1EF1291420ED18268012A0BD8C26891
:10B7500012B101698A4206D0586928B19B691B1A47
:10B760005842584170470120704700BF55AA00FF5A
:10B7700070B50D4B9E68A6B13046FFF7D9FF044661
:10B7800078B9F3686BB935690DB9204670BD2846A4
:10B79000FFF7CEFF28B9EB68B34202D12E462D69E0
:10B7A000F2E70124F1E700BF705000202DE9F041DD
:10B7B000444B454C05461B6820468846984718B1BF
:10B7C00000242046BDE8F081A4F1140754F8144C7D
:10B7D000FB68DCB1BC68CCB1002D66D0B8F1000FBD
:10B7E00065D008FB05F6B6FBF5F5A84561D1311D1E
:10B7F0005FD8B20711D026F0030204321C4603E0E2
:10B800006168914257D2A469002CF9D12F4B2E4880
:10B810001B6898470028D4D0D2E73246EEE7891A51
:10B82000232904F120051CD80123A360D4E90523B2
:10B83000AAB19361A3690BB162695A610023C4E99B
:10B8400005333B69DB0703D5FFF792FF002835D1AD
:10B850003246002128462C4619F039FBD6E7FB601A
:10B86000E8E702F1200C04EB0C032039C3E90110D6
:10B87000DC6021691648196144F80C00A0F1102021
:10B88000A0F1EF10D86101B1CB6061695961A06985
:10B89000986141B18B61996901B14B6101212361CB
:10B8A000C4E90121CAE7FB60F5E72C46AEE7444650
:10B8B000ACE70446AAE7A0680028B0D0012009F050
:10B8C000ABFD00BF400E0020845000203C0E002045
:10B8D00055AA00FF70B5464B464C05461B682046EE
:10B8E0009847002840F08280002D43D054F8143C43
:10B8F000A4F11406002B3DD0B268002A3AD09D4234
:10B9000003D3726813449D4202D3012009F084FDE1
:10B91000A5F120042046FFF70BFF0028F5D155F8CC
:10B92000183C012BF1D155F8143C45F8180C3BB3E9
:10B930009A682ABB55F81C2C02F120015A680A4467
:10B940005A6055E905321A6155F8145C2B6903B148
:10B95000DD6020220021204619F0B9FA286910B1D3
:10B960008368002B2ED033699B0703D5FFF700FFB8
:10B970000028CAD1BDE870401F4B1E481B681847FD
:10B9800055F8100C00282AD0836843BB42686368CE
:10B9900013442033636003692361D4E905239AB912
:10B9A000CBB9436963618269A261B3B19C61A36948
:10B9B00003B15C61236903B1DC602022002119F02E
:10B9C00086FAD0E72C46E1E79361A369002BE8D023
:10B9D00062695A61E5E7F360F7E7F460E7E7F36867
:10B9E00045F8083C03B15C61F460BCE770BD00BF82
:10B9F000400E0020845000203C0E002038B50C463C
:10BA0000282200210546154819F061FA144B154803
:10BA10001B6898471449154804F008F8232C1CD9D2
:10BA200015F003031FBF043CE418C3F10403ED1831
:10BA300022460021284619F04AFA084B0C49C3E96E
:10BA40000054203C9D606C609A6811609A68A1F176
:10BA50001021A1F1EF11D161DA6038BD70500020E2
:10BA6000480E002084500020D5B80200ADB7020077
:10BA700055AA00FF2DE9F0430D469146984606462B
:10BA800085B020B93A4C204605B0BDE8F083184691
:10BA900019F09BFA074600285FD04946404619F046
:10BAA00094FA0446002858D0874256D22846E2F736
:10BAB000FBFB3B5C3D18202B08BF01352B780D2B81
:10BAC00008BF01352B780A2B47D14846E2F7ECFB3B
:10BAD000235C2218202B08BF0132137801350D2B6F
:10BAE00008BF013213780A2B08BF0132A2EB08020B
:10BAF0000E9BA4EB0508B8F1150F1A6005DD1622A0
:10BB000028461C4919F0EBF948B3AC4229D9002169
:10BB10002B460846CDF8008003AA09F0CFF82C3058
:10BB200021D003990029ADD0012003F073FF07460F
:10BB3000D8B12B460399CDF8008003AA09F0BEF8CE
:10BB4000044630B13846039914F059FFA4F58854DF
:10BB500099E7039B3760736095E7074C93E7074CC1
:10BB600091E7074C8FE7074C8DE7074C8BE700BF49
:10BB700080EBFFFF9E12050080EFFFFF00ECFFFF50
:10BB800000EFFFFFD4EEFFFF80EEFFFF7FB516460C
:10BB90000022C3E900229A6001AA1D4617F0EDFCBD
:10BBA000044620B1A0F56A54204604B070BD314669
:10BBB00001A809F09BFB10F12E0F09D1089901A8EB
:10BBC00019F013F908B10B4CEEE702233370EBE7E1
:10BBD0000028F8D13378012BE6D12B68052B00D053
:10BBE0002BB96A68044B002A18BF1C46DCE7024CDC
:10BBF000DAE700BF80C3FFFF80C5FFFFF0B5036831
:10BC00000446062B0D46B3B00ED101A909F088FBFE
:10BC1000002840F0608128469DF8041000F000FEE6
:10BC20000446204633B0F0BD02A814F00AF9A66815
:10BC3000636800961E44314668461AAA17F001FC54
:10BC400008B3A0F574541CBB1AA814F0FAF803F05A
:10BC500043F8064637463B780136002B00F0328128
:10BC60001AA814F021F916F8011C1AA803F054FEC2
:10BC70000446002800F0E6801AA814F015F93B7875
:10BC80008DF8043004E01A9B013B022B12D9934C2F
:10BC90000FA817F046FE03A817F043FE05A817F0FB
:10BCA00040FE07A817F03DFE09A814F0F9F8002C93
:10BCB000B1D0B6E730233146684601AA17F05FFBE2
:10BCC00004460028E4D1DDE900731F443946062309
:10BCD000684601AA17F053FB04460028D8D1019A00
:10BCE000072A40F0AD80009C7D49204619F0F7F806
:10BCF000002840F0A58007343946684603AA00941E
:10BD000017F0A3FB00289CD103A817F012FF009B9B
:10BD100011909F4201D0734CBAE7302331466846F8
:10BD200001AA17F02CFB04460028B1D1DDE900730D
:10BD30001F440423394668460DEB030217F01FFB2E
:10BD400000287FF47EAFDDE9001205A817F0FBFEA6
:10BD500000287FF476AFDDE900321344009304231A
:10BD6000394668460DEB030217F009FB00287FF403
:10BD700068AFDDE9001207A817F0E5FE00287FF4A0
:10BD800060AFDDE90032134400933946032368466F
:10BD900001AA17F0F4FA18B9DDE900321344009350
:10BDA000009B9F42B7D10423314668460DEB030246
:10BDB00017F0E5FA00287FF444AFDDE9002309A974
:10BDC00002A803F0EFF850B310F59D4F7FF45FAF7A
:10BDD000009B1B78023B012B3FF659AF03A817F0DD
:10BDE000ACFE019B411C994202467FF450AF009982
:10BDF00009A8013117F0A7FE00287FF448AF009B87
:10BE00000BA81978023917F068FE00287FF43FAFBD
:10BE100001210DA817F061FE00287FF438AFDDE99D
:10BE200000323146134468460FAA009317F00DFB09
:10BE300000287FF406AF0FA817F07BFE129003E7EF
:10BE4000294C25E7119A299B9A427FF403AF129A55
:10BE50002A9B9A427FF4FEAE1BA903A817F0E4FECA
:10BE600000287FF4F7AE1DA905A817F0DDFE002815
:10BE70007FF4F0AE1FA907A817F0D6FE00287FF4C4
:10BE8000E9AE27A90FA817F0CFFE00287FF4E2AE95
:10BE900021A909A817F0C8FE00287FF4DBAE25A968
:10BEA0000DA817F0C1FE00287FF4D4AE00210BA826
:10BEB00017F02FFE0021044623A817F02AFE844223
:10BEC0007FF4C8AE1AA813F0EFFF3B78074C002BA5
:10BED00018BF0024D4E6064CA3E600BF00C3FFFF52
:10BEE000B51205009AC2FFFF80C6FFFF80B1FFFFB9
:10BEF00000C6FFFF2DE9F04304461F46104600230D
:10BF000089B0CDE90533079304913023014403AA96
:10BF100004A817F034FA10B1A0F574503CE0DDE944
:10BF2000033202EB0308414602AA04A817F089FA7B
:10BF30000028F1D1029B012B76D10423414603AAAC
:10BF400004A817F01CFA0028E6D1DDE90365AB1957
:10BF5000434504932FD0A023414603AA04A817F019
:10BF60000EFA28BBDDE90323002A03EB02095DDD9D
:10BF70001B78062B059301D0302B59D1494606AAD0
:10BF800004A817F0FCF950B1B0F5745004D1214663
:10BF900005A8FFF733FE70B109B0BDE8F083049B3C
:10BFA000069A0793134499450493F0D02148F3E788
:10BFB00010F1620FB0D132462946204613F0A8F99D
:10BFC0000028E9D1049B434525D0A123414603AA7B
:10BFD00004A817F0D4F9D8B9DDE9033101EB03085F
:10BFE000414603AA04A817F0ACFA002894D1DDE971
:10BFF00003310B449845D9D12046A8EB010213F038
:10C00000A7F90028C8D010F59D4F04D00A48C3E70F
:10C0100010F1620F80D1109B3246009329463B46B7
:10C02000204613F085F9B7E70448B5E70448B3E7BD
:10C030000448B1E79AC2FFFF00C3FFFF80C2FFFFC1
:10C04000A0C2FFFF9EC2FFFF2DE9F0411F46002363
:10C050008AB08D18064606918DF80E308DF80F3097
:10C060002946302305AA06A817F089F928B1A0F5BA
:10C07000745420460AB0BDE8F081DDE9053202EBD8
:10C080000308414604AA06A817F0DBF90028EED100
:10C09000049B002B45D10DF10F030093414607ABE4
:10C0A0000DF10E0206A8FFF771FD04460028E0D14D
:10C0B0000423414605AA06A817F061F90028D6D145
:10C0C000059B83B39DF80E0000F0FEFB014608B906
:10C0D000164CCEE7304600F003FC04460028C8D1D9
:10C0E0009DF80E30023B012BF2D8314607A8FFF72E
:10C0F00085FD044648B9DDE90521109B30460093D3
:10C100003B46FFF7F7FE044618B1304613F07EF9C0
:10C11000AFE7DDE905231344054A9D4218BF1446E5
:10C12000A7E7044CA5E7044CA3E700BF80C3FFFFCB
:10C130009AC2FFFF80C2FFFFA0C2FFFF0023F0B53D
:10C1400089B016468DF80E308DF80F3004AA3023D2
:10C15000054617F014F920B1A0F57454204609B033
:10C16000F0BD2F68049B28461F440DF10F03009378
:10C17000394605AB0DF10E02FFF708FD0446002815
:10C18000ECD13946284604AA17F0DBF910B1A0F526
:10C190006C54E3E72B68049A13449F4225D19DF821
:10C1A0000E0000F091FB014608B3304600F098FB0A
:10C1B00004460028D2D19DF80E30023B012B12D844
:10C1C000314605A8FFF71AFD044640B929683046F4
:10C1D0007A1A13F0BDF82F6004460028BED030460E
:10C1E00013F014F9BAE7034CF9E7034CB6E7014C36
:10C1F000B4E700BF80C3FFFF9AC4FFFF2DE9F04FF3
:10C2000089B00546DDE913890E461C469246002A90
:10C2100057D005A80AF1FF3B13F051F816F80B3080
:10C22000ABBB129B04AFCDE900433B4A33463B49CD
:10C23000029705A8FFF71EFC0446E0B9022000F0B3
:10C2400043FB0146284600F04BFB044648B9DDE9B4
:10C25000051243462846CDF80090FFF74BFE0446F2
:10C2600010B1284613F0D2F805A813F02DF8204697
:10C2700009B0BDE8F08F10F59C5F48D010F5985FCD
:10C2800047D010F5845FF2D116F80B30DBB143468E
:10C29000524631462846CDF80090FFF7D5FEA0B3B0
:10C2A000284613F0B3F8284613F0ACF8022000F04B
:10C2B0000BFB0146284600F013FBE0B1284613F0C3
:10C2C000A5F8174CD3E7CDE901370093154A33465B
:10C2D000154905A8FFF7CEFB044640B9DDE9051274
:10C2E00043462846CDF80090FFF7AEFEB7E710F5BD
:10C2F000845FBCD1CBE74346524631462846CDF851
:10C300000090FFF7F7FD0028D8D10024AFE7074CD5
:10C31000ADE7074CABE700BFBD120500DA12050020
:10C3200000C3FFFFF91205001313050080C4FFFFCF
:10C3300000C4FFFF0538C0B2062805D8034B53F8E8
:10C34000200008B114F021BC00207047B07A04002E
:10C350000538C0B206289ABF024B53F820000020CF
:10C36000704700BF947A040010B50446002838D006
:10C370000368002B35D0806838B12279012A11D1A9
:10C3800014F0CDFDA06803F04BFBE06820B12368FA
:10C390009978490014F033FB2046BDE81040102185
:10C3A00003F08CBE1B78053B062BEBD801A252F89C
:10C3B00023F000BFD1C3020085C3020085C3020081
:10C3C000D7C30200D7C30200DDC30200DDC30200F1
:10C3D00013F050F8D6E713F0F8F8D3E713F0B4F9F8
:10C3E000D0E710BD70B50D461646044600B109B938
:10C3F000294870BD0023C0E9023301600878FFF7C7
:10C4000099FF60B14FF41371012003F003FBA060AA
:10C4100000283ED0012323718EBB0020E9E72B7852
:10C42000053B062BE4D801A252F823F049C40200D0
:10C43000F1C30200F1C302005BC402005BC402004E
:10C440006DC402006DC402005C21012003F0E2FA19
:10C45000A060F0B113F00AF8DEE76C21012003F0D0
:10C46000D9FAA060A8B113F0ACF8D5E7D821012023
:10C4700003F0D0FAA06060B113F062F9CCE70220BB
:10C48000A97803F0C7FAE0600028C6D12046FFF77C
:10C490006BFF0248ADE700BF00AFFFFF80AEFFFFBC
:10C4A0000422024B024912F082BF00BF75F3030061
:10C4B000B0AD040038B50446002838D00368002B1E
:10C4C00035D002791B78012AA3F1050312D1DBB222
:10C4D000062B8CBF0025174A806898BF52F823505E
:10C4E00014F01DFD2946A06814F024FDBDE8384075
:10C4F000FFF7D6BF062B1AD8DFE803F00419190995
:10C500000F1117008068BDE8384000F0F7BA01212C
:10C51000A068BDE8384001F053BA0021F8E70121D6
:10C52000A068BDE83840E2F7ABBB0021F8E702485D
:10C5300038BD00BFB07A040000AFFFFF10B590B166
:10C54000036883B10479012C06D1806814F012FDD0
:10C55000BDE81040FFF7A4BF1B78092B05D8072BB7
:10C5600010D8052B09D00A4810BD0A3B012BFAD878
:10C57000BDE81040806813F0ECB88068BDE810405A
:10C5800012F07DBF8068BDE8104013F023B800BFF3
:10C5900000AFFFFF07B5B0B10368A3B10279012A6C
:10C5A0000AD15A78806801AB019214F0F7FCFFF7CA
:10C5B00077FF03B05DF804FB1B78092B05D8072B28
:10C5C00012D8052B0AD00B48F3E70A3B012BFAD807
:10C5D000806803B05DF804EB13F00CB9806803B019
:10C5E0005DF804EB12F084BF806803B05DF804EBE3
:10C5F00013F02FB800AFFFFF70B586B00C460546AC
:10C600000392029330B30078FFF794FEDDE9022134
:10C61000B0B12B786E78053BDBB2062B96BF1A487B
:10C62000002050F8230005ABCDE9006313460A460D
:10C630002146059614F0C3FCFFF732FF06B070BD2B
:10C640002B78053B062B05D8DFE803F00604040C25
:10C6500013151C000D48F1E7204606B0BDE87040F8
:10C6600012F08FBF0123204606B0BDE8704013F0E2
:10C6700040B80023F7E70123204606B0BDE870402C
:10C6800013F037B90023F7E7B07A040000AFFFFFDB
:10C690002DE9F0410E461746054690B000286DD0B2
:10C6A0000368002B6AD0C268002A67D09B78BB421F
:10C6B00014D2FFF7FFFE044600283BD13A4631462C
:10C6C0002846FFF73BFF0446A0BB69462846FFF714
:10C6D00061FF044670BB6E462B685F782B68D5F807
:10C6E0000C809A783621404608EB020418F0EFFBE4
:10C6F0002B685C219A78204618F0E9FB0023191D6D
:10C700008F4208EB03021DD29F4223D80023191D3C
:10C710008F4204EB030224D29F4228D82846FFF719
:10C72000C9FE044630B92B68414628469A78FFF77F
:10C7300005FF04464021684603F0C0FC204610B0C7
:10C74000BDE8F081F25858F80300424048F8032051
:10C750000B46D4E7F05C11780133414002F8011B2D
:10C76000D2E7F258E0584240E2500B46CFE7F05C87
:10C7700011780133414002F8011BCDE7004CDDE7A1
:10C7800000AFFFFF10B430B1046824B1C36813B127
:10C7900010BCFFF7D3BE014810BC704700AFFFFFCD
:10C7A000F0B50D46044691B000B30368F3B1C66816
:10C7B000E6B169469F78FFF7EDFEA8B92046FFF77E
:10C7C00079FE88B9236820469A78F119FFF7B6FEFA
:10C7D00050B92368694620465A78FFF7AFFE18B96A
:10C7E00029462046FFF7D6FE11B0F0BD0048FBE712
:10C7F00000AFFFFF38B5044670B1036863B1C56888
:10C8000055B1FFF757FE40B92368294620469A786C
:10C81000BDE83840FFF792BE004838BD00AFFFFFCB
:10C8200070B504460D46D0E9000112F062FD0646DF
:10C8300094E8030012F05DFD03782BB929463046D9
:10C84000BDE8704003F068B894E8030012F051FDB1
:10C850000378AB42F2D0014870BD00BF00C3FFFFB8
:10C8600000F19903142B1AD8DFE803F017171919F0
:10C8700019191917191919191319191B150B0F0D56
:10C88000110009487047094870470948704709482E
:10C89000704709487047094870470948704712F0C7
:10C8A00069BD0848704700BF00C3FFFF80C6FFFF97
:10C8B00080C5FFFF00C1FFFF80C0FFFF80C1FFFFF9
:10C8C00000C2FFFF80C7FFFF0238C0B202289ABF34
:10C8D000024B53F820000020704700BFCC7A0400C0
:10C8E00038B504460D4669B103685BB94B6A13B9A4
:10C8F0000020256038BD984760600028F8D1A0F579
:10C900007E50F7E70048F5E780C1FFFF2DE9F047CB
:10C910000446DDE9088916460D46B1B923B9036816
:10C92000D3B91348BDE8F087002AFAD00268002A7C
:10C93000F7D022681769C7B1324629462046BC465F
:10C94000CDE90889BDE8F0476047002AE9D00268D0
:10C95000002AE6D0002BECD12846FFF7F9FC12F0B4
:10C96000C5FC03460028E4D1DBE70248DAE700BF54
:10C9700080C1FFFF00C1FFFF2DE9F14F0646DDE951
:10C980000A89DDE90CAB0F4614461D4613B9B9F10F
:10C99000000F06D0B8F1000F03D10F4801B0BDE879
:10C9A000F08F2368002BF8D03146204612F03EFD70
:10C9B00070B1062E0ED0002FEFD14B4642462946CD
:10C9C0002046CDE90AAB01B0BDE8F04F12F037BD0B
:10C9D0000248E3E70248E1E780C1FFFF00C1FFFF33
:10C9E00080C6FFFF18B103680BB158687047014853
:10C9F000704700BF3E1305002DE9F043002414608A
:10CA0000B1F80090064609F4E043B3F5804F0F46B5
:10CA100090469FB031D1039412F023FD02380228D2
:10CA200061D896E8030005AD85E80300284612F0BA
:10CA300018FD0238022858D80E460494307804A90C
:10CA400012F0C7FC40F4824081454AD1612321465F
:10CA5000009330462B4603AA13F00BFB041E08DBA1
:10CA600043462946039A384604F0C2F9FFF7F8FE18
:10CA7000044620461FB0BDE8F08312F0F2FC0238F5
:10CA8000022830D896E8030005AD85E80300284663
:10CA900012F0E7FC023802282AD80E4603943078B8
:10CAA00003A912F096FC40F4E240814519D1B6F892
:10CAB0006630B3B130232A46304604A9049402F00C
:10CAC000A9FE041ED5DB29464346049A384604F0E5
:10CAD0008FF9FFF7C5FE04990446284603F0EEFAE5
:10CAE000C7E7044CC5E7044CC3E704942378FFDE92
:10CAF0000394FBE700C1FFFF80C1FFFF0346002056
:10CB0000094AC3E900009A6002F18832DA6002F152
:10CB10002942A2F59612A2F68B621A61A2F188321E
:10CB20005A61024A9A61704701234567F0E1D2C316
:10CB30002DE9F04F4B68AFB01BBA08930B69D1F8E1
:10CB400000E093FA83F84B698E6893FA83FA8B6955
:10CB5000CD681BBA0A93CB6901901BBA12930B6A7A
:10CB60009EFA8EFE93FA83FB4B6A36BA1BBA0B937E
:10CB70008B6A2DBA1BBA0C93CB6A1BBA0D930B6B45
:10CB80001BBA0E934B6B1BBA03938B6B1BBA0493AC
:10CB9000CB6B1BBA059383680F93C3680293036939
:10CBA0000F9906934369029F10938369109A139318
:10CBB000069B83EA0200029B18405040DF4B139A09
:10CBC00003EBB7071A4402EBF16210440299069A8C
:10CBD000704482EAB1020F992F440A4006998EEA06
:10CBE000060E4A4010998EEA0B0E19440A44089921
:10CBF0000A440F9902EBF0624FEAB10C02998CEAF9
:10CC0000B104044084EAB1040699194431440C4447
:10CC10008CEAB001114004EBF26481EA0C014FEAA6
:10CC2000B202394482EAB00727409C4401EBF46128
:10CC3000C44482EAB40987EAB007674409EA0109F3
:10CC40000AEB030C07EBF1670CEBB00C4FEAB101F8
:10CC50000A9889EA0209E14481EAB40C0CEA070C5B
:10CC6000184410448CEAB40C129A09EBF769844416
:10CC700081EAB70000EA09001A4402EBB402484016
:10CC800010444FEAB9020CEBF96C82EAB7040BEBE3
:10CC9000030904EA0C0484EAB704894404EB09019B
:10CCA000DDF82C9000EBFC6082EABC04044099445F
:10CCB00001EBF06109EBB7094FEAB0000C9F54405B
:10CCC0004C4480EABC0909EA01091F44174489EA77
:10CCD000BC090D9A04EBF164B94480EAB10727401E
:10CCE0001A4409EBF46902EBBC024FEAB404DDF824
:10CCF00038C04740174484EAB10202EA09029C4462
:10CD0000844482EAB1026244DDF80CC007EBF967A3
:10CD100084EAB90038409C4402EBF7620CEBB10C9A
:10CD20004FEAB70704996040604487EAB90C0CEAFF
:10CD3000020C194421448CEAB90C059C00EBF2600A
:10CD40008C4487EAB20101401C4404EBB9047940E9
:10CD50000CEBF06C214401EBFC6903994FEAB00045
:10CD60008EEA010103EBF17E07910899BE4481EA46
:10CD700005070B9980EAB2044F40049904EA0C04B9
:10CD8000794084EAB204744403EBF17E0EEBB20EF8
:10CD90000C9A86EA080680EABC075640059A07EA1C
:10CDA000090756404740774403EBF67E86440D98CA
:10CDB00085EA0A054540079804EBF96485EAF070B6
:10CDC0001190119D08914FEAF0704FEAB90107EBFD
:10CDD000F467159081EAB400384003EBF57303EB78
:10CDE000BC03484018440A9B4FEAF67288EA0308DD
:10CDF0000E9B149288EA0308089B81EABC0288EA29
:10CE0000F3730993099D4E4B224082EABC0203EB67
:10CE1000F57C8C441299039D724402EBF7628AEA16
:10CE200001014FEAB70787EAB409694081EAF67160
:10CE300089EA0209E14403EBF17C0CEBB40C0A9C97
:10CE400000EBF26084EA0B08049C87EAB20A88EAE5
:10CE50000408119C8AEA000A88EAF478E24403EBA9
:10CE6000F87C129DBC440B9F09EBF06985EA070E24
:10CE7000059D4FEAB0008EEA050E099D4FEAF87451
:10CE80008EEAF57E03EBFE7716944FEAFE7580EA94
:10CE9000B20407EBB2070C9A1295079D84EA0904C5
:10CEA0008BEA02020AEBF96A644482EAF57280EACC
:10CEB000B90C04EBFA6482EAF1728CEA0A0C4FEACC
:10CEC000BA0A0A9203EBF27BBC440B9A8AEAB907CE
:10CED0000D9D6740834407EB0B0082EA0507089A23
:10CEE0000E9D87EAF27787EAF8720B9203EBF27BEA
:10CEF0000C9A0BEBB90B82EA050989EAF67686EA09
:10CF0000FE760CEBF46C8AEAB4074FEAF6750D9ADC
:10CF1000179587EA0C07039D5F4403EBF67BD34428
:10CF200082EA050A119A00EBFC608AEAF2754FEA80
:10CF3000BC0C0A9A8CEAB40904E000BF9979825AC1
:10CF4000A1EBD96E85EAF27589EA000907EBF06773
:10CF50008CEAB00AD94403EBF57B4FEAF5728AEA12
:10CF6000070A0BEBB40B0D920AEB0B040E9ADDF8DB
:10CF700010A009EBF76982EA0A0A099A4FEAB70793
:10CF80008AEAF27A0B9A04EBF9648AEAF27203EB0A
:10CF9000F27B87EAB00A8AEA090AE3440C920AEBB8
:10CFA0000B0C039ADDF814A00CEBF46C82EA0A0A6D
:10CFB0008AEAF17A8AEAF67203EBF27B039287EA55
:10CFC000B90A049A0BEBB00B07988AEA040ADA4410
:10CFD0004FEAB40B82EAF07484EAF87484EAF574D8
:10CFE0008BEAB90003EBF4784FEAF47280EA0C00A4
:10CFF000B8440E9200EB0807059A08980AEBFC6A01
:10D0000082EAF0700C9A80EAFE7080EAF2708BEA95
:10D01000BC0E03EBF0784FEAF07208EBB9088EEA29
:10D020000A0E1192C644149ADDF81C8007EBFA67C9
:10D0300082EAF8780A9A4FEABA0A88EAF278039AFA
:10D040000EEBF76E88EAF27203EBF2798AEABC081B
:10D05000D94488EA07080492C844159ADDF820905C
:10D0600008EBFE6882EAF9790B9A89EAF27989EA93
:10D07000F47203EBF27B8AEAB70989EA0E090BEB3B
:10D08000BC0B059209EB0B0C149ADDF824904FEAC7
:10D09000BE0E82EAF97989EAF67989EAF0794FEAEF
:10D0A000F97214928EEAB706159A03EBF97B86EAB9
:10D0B0000806D34406EB0B0A82EAF176049A86EA64
:10D0C000F57686EAF2764FEAF67203EBF67B159276
:10D0D0000BEBB70B169A099F0CEBF86C82EAF7770B
:10D0E0000C9A8EEAB80587EAF277059A85EA0C056C
:10D0F00087EAF27207925D4403EBF27B129A0AEB25
:10D10000FC6A82EAF1714FEABC0C039A8CEAB80718
:10D11000F34481EAF27187EA0A075F4481EAF97B06
:10D1200005EBFA658CEABA0E03EBFB7101EBB80173
:10D130008EEA050E169A8E440A9907EBF56782EA85
:10D14000F17181EAF47484EAF6744FEAF47203EB45
:10D15000F4781692E044129ADDF82CC04FEAB50537
:10D1600082EAFC7C079A8CEAF07080EAF2700EEB9F
:10D17000F76E85EAB70C03EBF0734FEAF07203EB3E
:10D18000BA038CEA0E0C12929C440A9A179B85EA09
:10D19000BA0183EAF272049B794082EAF37282EA6E
:10D1A000FB730893089AE74B414401EBFE6103EBE4
:10D1B000F272154441EABE020CEBF16C01EABE08C2
:10D1C00002EAB70205EBFC6542EA08022A44DDF8F0
:10D1D0002C800D9D85EAF875DDF8148085EAF875D8
:10D1E00085EAF4754CEAB108099508EABE080CEA2C
:10D1F000B10548EA0505DDF8248003EBF87808EB73
:10D20000B70805EB0807179DDDF8308007EBF267DC
:10D2100085EAF87888EAF97888EAF0784FEAF875CC
:10D220000B9503EBF87505EBBE0E42EABC0502EA6E
:10D23000BC0905EAB10545EA09050EEBF76EAE44F7
:10D24000DDF80C900D9D85EAF97585EAF676089D66
:10D2500047EAB20986EAF5764FEAF6750D9509EACE
:10D26000BC0907EAB20549EA050503EBF67909EBC3
:10D27000B1094D440E99DDF8309005EBFE6581EA69
:10D28000F971DDF81C9081EAF971DDF8249081EAEA
:10D29000F9710A9103EBF17101EBBC0C4EEAB70195
:10D2A0000EEAB70901EAB2010CEBF56C41EA09019B
:10D2B0006144DDF80C90DDF844C08CEAF97C8CEA1E
:10D2C000FB7C8CEAF87C45EABE09CDF80CC009EA83
:10D2D000B70905EABE0C49EA0C0CDDF80C9003EB2B
:10D2E000F97909EBB209CC440E9ADDF810900CEBF9
:10D2F000F16C82EAF97282EAF47484EAF6744FEA15
:10D30000F4720E9203EBF47202EBB70741EAB50236
:10D3100001EAB50902EABE0242EA090207EBFC672C
:10D320001744DDF81490119A82EAF97282EAF070DB
:10D330000A9A4CEAB10980EAF2704FEAF07211924F
:10D3400009EAB5090CEAB10249EA020203EBF079F5
:10D3500009EBBE094A44DDF850E0DDF8109002EB1D
:10D36000F7628EEAF97EDDF820908EEAF97EDDF82C
:10D370000C908EEAF97E03EBFE7909EBB50947EADA
:10D38000BC05CDF810E005EAB10507EABC0E45EA98
:10D390000E0509EBF269A944DDF814E0159D85EA54
:10D3A000FE75DDF824E085EAFE7585EAF4750595DD
:10D3B00042EAB70505EABC0502EAB70E45EA0E0ED9
:10D3C000059D03EBF57505EBB105AE441499079D7A
:10D3D0000EEBF96E81EAF57181EAF87888EAF07867
:10D3E0004FEAF871149103EBF87101EBBC0C49EAB8
:10D3F000B20109EAB20501EAB70129430CEBFE6C60
:10D400008C4415990EEAB90581EAFB7A04998AEAF7
:10D41000F67A8AEAF17A4FEAFA7115914EEAB90181
:10D4200001EAB2010D4303EBFA7101EBB701079E6C
:10D430000D44169905EBFC6581EAF6710A9E81EAB6
:10D44000F671059E81EAF67103EBF17707EBB207FF
:10D450004CEABE02079102EAB9020CEABE010A4395
:10D4600007EBF5671744129A05EABC0182EAFB7BD9
:10D47000039A089E8BEAF27B45EABC028BEAF87BB2
:10D4800002EABE02114303EBFB7202EBB902114444
:10D49000169A01EBF76182EAF67686EAF47686EA76
:10D4A000FA764FEAF672169203EBF67447EAB50283
:10D4B00004EBBE0402EABC0207EAB50E42EA0E0221
:10D4C00004EBF1641444DDF824E0129A82EAFE725F
:10D4D00082EAF070079A41EAB70E80EAF2720C9283
:10D4E0000C984FEAF27212920EEAB50E01EAB702F8
:10D4F0004EEA020203EBF07E0EEBBC0E089802EB44
:10D500000E0C0B9A0CEBF46C82EAF072049804EAAD
:10D51000B10E82EAF07282EAFB72089203EBF272B9
:10D5200002EBB50244EAB10505EAB70545EA0E0586
:10D5300002EBFC622A440D98099D0CEAB40E80EAC5
:10D54000F57501E0DCBC1B8F059885EAF07585EA6E
:10D55000F6704CEAB40505EAB10545EA0E0E03EB98
:10D56000F07505EBB7050990AE44DDE90A5080EA95
:10D57000F5750C9885EAF87585EAF0754FEAF57748
:10D58000179703EBF57707EBB10742EABC010EEB07
:10D59000F26E02EABC0801EAB40141EA080107EBB5
:10D5A000FE670F4403980D994EEAB20981EAF071C3
:10D5B000089881EAFA7181EAF07109EABC090EEA79
:10D5C000B20803EBF1734FEAF17049EA080803EB84
:10D5D000B4030D9008EB03040A980E9B4FEABE0AB1
:10D5E00083EAF07307988AEAB20E83EAF073099827
:10D5F0008EEA070E83EAF0730A930A98DF4B04EB76
:10D60000F76403EBF07808EBBC081198DDF80CC068
:10D61000C64480EAFC7C8CEAFB7C8CEAF57003EB68
:10D62000F07C0B900CEBB20C04980E9A8AEAB708C7
:10D6300082EAF07989EAF67989EAF1790EEBF46EFB
:10D640004FEAF97288EA04084FEAB4040E92E04403
:10D6500003EBF97284EAB70C52448CEA0E0C05987D
:10D660009444119A08EBFE6882EAF0760C9A0CEB6F
:10D67000F86C86EAF2760A9A86EAF2764FEAF67251
:10D680000C9203EBF67084EABE0200EBB70082EA6C
:10D690000802149F02444FEAB800DDF8108080EAC7
:10D6A000BE0A87EAF877DDF820808AEA0C0A87EA62
:10D6B000F877DDF82C8002EBFC6287EAF8774FEA16
:10D6C000F777039719971F442744BA44159C059F81
:10D6D0000AEBF26A84EAF774099F84EAF77484EA31
:10D6E000F9744FEAF4740494049F1A941F4480EA76
:10D6F000BC0407EBBE0754404FEAB20205923C441B
:10D70000149A079F04EBFA6482EAF77888EAF578BE
:10D71000059A88EAF6784FEAF87882EABC0508EBC1
:10D720000307159A074485EA0A053D4482EAFB7718
:10D7300087EAF1770399059A4F404FEAF77782EA33
:10D74000BA00F91801EBBC016040169A0844079929
:10D7500005EBF46582EAF1710A9A4FEAB40481EAB2
:10D76000F271049A84EABA0E51404FEAF171059AB7
:10D7700001EB030C94448EEA050E129AE644DDF8A0
:10D780002CC082EAFB7282EAFC7282EA08024FEA4B
:10D79000F27200EBF56084EAB50C02EB030B0BEBC5
:10D7A000BA0B8CEA000CDDF858A0DC44DDF820B0A0
:10D7B0000EEBF06E8AEAFB7A8AEAF97A8AEA070ABD
:10D7C0004FEAB0004FEAFA79CDF81490CDF87C908A
:10D7D00080EAB50A9944A1448AEA0E0A129CCA4416
:10D7E000DDF824900CEBFE6C84EAF97484EAF6749C
:10D7F0004C404FEAF4740794209480EABE061C441F
:10D8000004EBB50486EA0C062644179C039D84EAC3
:10D81000FB746C4054400AEBFC6A4FEAF4744FEA24
:10D82000BC0C8CEABE09E518054489EA0A09CDF862
:10D830006C801C971D911E92A9442194099D0D98FE
:10D8400006EBFA6680EAF570049D09EBF66968401C
:10D85000059D68404FEAF0708CEABA0500EB030BB7
:10D860000BEBBE0B7540DDF85CE05D44DDF828B0E5
:10D870004FEAB6068EEAFB7E8EEA080EDDF81C80C3
:10D8800005EBF9658EEA080E4FEAFE7E0EEB030B00
:10D8900086EABA08E34488EA0908DDF834C0D844C7
:10D8A000DDF82CB008EBF5688CEAFB7C8CEA070C01
:10D8B0008CEA040C4FEAFC7786EAB90407EB030C08
:10D8C0000CEBBA0C6C40DDF828A06444DDF838C0DD
:10D8D0004FEAB5058CEAFA7C8CEA010C8CEA000C64
:10D8E0004FEAFC7101EB030CB4440C9E229086EAD3
:10D8F000FB76564086EA0E0685EAB9004FEAF676D0
:10D9000004EBF864269685EAB80280EA08001E4413
:10D9100006EBB9066044624000EBF460324402EB6F
:10D92000F06C039E0E9A4FEAB4045640059A249771
:10D9300056407E404FEAF67627961E440C9A2E44B7
:10D94000049D84EAB8075540079A474055404D402A
:10D950004FEAB00018954FEAF5752591289584EAAD
:10D9600000011D4481EA0C01374405EBB80507EBC3
:10D97000FC674B190F994FEABC0201E0D6C162CA9D
:10D9800003EBF763CDF88CE02D942A972C90299324
:10D990002B920B4401998B60029B1F44069BCF6026
:10D9A0001A44109B0A611844139B48611C448C6103
:10D9B00018A8582102F082FB00202FB0BDE8F08F9C
:10D9C000012903462DE9F04143D8234A002918BF15
:10D9D0009046224A224F18BF964602F1794202F53C
:10D9E000740202F5016218BF94461E4A1E4818BF11
:10D9F00017461E4A1E4E18BF164602F1D14208BFF6
:10DA0000804602F5C0121B4802F51E6208BF86461A
:10DA1000194D1A4818BF1546194A08BF8446194CB3
:10DA2000194818BF1446A2F11162A2F50C22A2F205
:10DA30008E2218BF02460020C3E9128EC3E91000EF
:10DA4000C3E914C7C3E91665C3E918429966BDE87E
:10DA5000F0816FF07300FAE7D89E05C107D57C36D8
:10DA60003AF54FA539590EF767E6096A310BC0FF41
:10DA70007F520E5185AE67BB8C68059B72F36E3C7E
:10DA8000A78FF964ABD9831FA44FFABE03462DE9D3
:10DA9000F04F0C46D1B00490483348AD00F1680611
:10DAA0002A4618685968083303C2B3421546F7D1AD
:10DAB000002307A9E258043312BA402B41F8042F7F
:10DAC000F8D198490DF1180A5546DDE94DEBDDE92D
:10DAD0004876DDE94A328C46DDF83C81DDF830914C
:10DAE0000191A868DCF800104FEAF92484EAB9141F
:10DAF00001448BEA0E0084EA796400EA090080EAB6
:10DB00000B002144014441444FEA773888EAB708C2
:10DB100088EAB7580A44884447EA060107EA06003B
:10DB2000194001438844E868DCF804104FEA78346F
:10DB3000014489EA0E00104080EA0E005944014475
:10DB40004FEAF22080EAB21080EA726084EAB804F8
:10DB5000014484EAB8540B440C4448EA070108EA3B
:10DB60000700314001430C442869DCF808102035D7
:10DB7000014482EA0900184080EA09007144014426
:10DB80004FEAF32080EAB31080EA736001444FEA61
:10DB9000743080EAB40080EAB45001EB060E084409
:10DBA00048EA040108EA040639403143084455F8BC
:10DBB0000C6CDCF80C100CF1200C0E444E4482EA84
:10DBC000030909EA0E094FEAFE2189EA020981EAFE
:10DBD000BE1181EA7E614E440E444FEA703181EA03
:10DBE000B00181EAB05106EB0709314444EA00066E
:10DBF00004EA000706EA08063E43314455F8087C6B
:10DC00005CF8106C3E44164483EA0E0202EA0902F4
:10DC10005A4016444FEAF92282EAB91282EA79623E
:10DC200016444FEA713282EAB10282EAB152B0443C
:10DC3000324440EA010600EA010726403E433244EE
:10DC400055F8047C5CF80C6C3E441E448EEA0903D3
:10DC500003EA080383EA0E031E444FEAF82383EA2B
:10DC6000B81383EA78631E444FEA723383EAB2033F
:10DC700004EB060B83EAB25341EA02043344044046
:10DC800001EA0206344323442E685CF8084C34440D
:10DC900089EA080606EA0B0686EA09067444344453
:10DCA0004FEAFB2686EABB1686EA7B66344400EB25
:10DCB000040E4FEA733080EAB30080EAB350204488
:10DCC00042EA03040C4002EA0306344306196C6876
:10DCD0005CF8040C204488EA0B0404EA0E0448446F
:10DCE00084EA080420444FEAFE2484EABE1484EA4D
:10DCF0007E64204401EB00094FEA763181EAB601E7
:10DD000081EAB651014443EA0600104003EA0604E2
:10DD100020430F1816A9A9427FF4E3AE36A9059156
:10DD200002E000BFD87A0400DAF84010DAF80C40BC
:10DD30004FEAF14585EA7145DAF8080085EA912550
:10DD4000DAF82C100AF1200A01444FEAB44080EAC4
:10DD5000F41080EAD4002944014403918BEA0E00B8
:10DD60004FEAF92181EAB91100EA090081EA7961F3
:10DD700080EA0B000844019907EA0605096C08448B
:10DD800003990844404402440292CAF8281047EA22
:10DD900006024FEA773181EAB7011A402A4381EA45
:10DDA000B7511144DAF8242001444FEAF24585EADC
:10DDB00072455AF8100C85EA9225DAF81020DDF841
:10DDC00008C014444FEAB04282EAF01282EAD0025C
:10DDD0002C441444029A89EA0E051540019A85EAFA
:10DDE0000E05526CCAF82C405A4422441544029A3B
:10DDF0004FEAF22282EABC1282EA7C622A4403EBF6
:10DE0000020B47EA01054FEA713307EA010C83EA86
:10DE1000B103354045EA0C0583EAB1532B44134462
:10DE2000039A5AF80CCC4FEAF24585EA724585EA26
:10DE30009225DAF8142000EB02084FEABC4282EA8D
:10DE4000FC1282EADC02A8449044029A4FEA73353D
:10DE500089EA0200019A00EA0B00926C80EA09004C
:10DE60007244424410444FEAFB2282EABB1282EA27
:10DE70007B62024441EA030006EB020E85EAB30529
:10DE800001EA03063840304385EAB355054415449A
:10DE90005AF8086CDAF818204FEAF44080EA744027
:10DEA00080EA94200CEB02044FEAB64282EAF612B2
:10DEB00082EAD60204441444029A03EA050C82EA78
:10DEC0000B0000EA0E005040019ACAF83080D26C74
:10DED000CAF834404A44224410444FEAFE2282EAFF
:10DEE000BE1282EA7E62024407EB02094FEA7530F5
:10DEF00043EA050780EAB5000F4047EA0C0780EACD
:10DF0000B550384410445AF8047CDAF81C204FEA23
:10DF1000F84C8CEA784C16444FEAB7428CEA982CBD
:10DF200082EAF71282EAD70266441644019ADDF8C3
:10DF30000880126D8BEA0E0C0CEA090C32448CEA54
:10DF40000B0C424462444FEAF92C8CEAB91C8CEA6F
:10DF5000796C94444FEA703282EAB00201EB0C080B
:10DF600082EAB05245EA00010292194005EA000235
:10DF70001143029ACAF838600A444FEAF44181EA30
:10DF8000744181EA9421DAF820406244DAF800C052
:10DF90003C440C444FEABC4181EAFC1181EADC01BB
:10DFA0000C4401998EEA0907496D07EA08072144E4
:10DFB000594487EA0E070F444FEAF82181EAB81165
:10DFC00081EA7861394403EB010B4FEA723383EA4B
:10DFD000B20383EAB25340EA020702932F4000EAF9
:10DFE00002031F43029BCAF83C403B440B444FEAE8
:10DFF000F64181EA764181EA9621DAF82460DAF87E
:10E000000470664431444FEAB74686EAF71686EA5A
:10E01000D706314402910199DDF808C0896D89EA7B
:10E020000806614406EA0B06714486EA09060E44B6
:10E030004FEAFB2181EABB1181EA7B61314405EBA8
:10E04000010E42EA03064FEA7335CAF840C00640A3
:10E0500002EA030C85EAB30546EA0C0685EAB355E5
:10E0600035446E18DAF80810039D4FEAF44C3D442D
:10E070004FEAB14787EAF11787EAD1078CEA744C77
:10E0800001998CEA942C6544C96D3D4488EA0B07DC
:10E0900007EA0E072944494487EA08070F444FEA74
:10E0A000FE2181EABE1181EA7E6143EA060C394411
:10E0B00003EA06090CEA020C4CEA090C00EB010920
:10E0C00001984FEA7637203087EAB6070190059825
:10E0D00087EAB657CAF84450BC44504501EB0C07D8
:10E0E0007FF422AE4A93029BCDE9061C4693049B23
:10E0F0004B92CDF83C8103F144024594CDF838B100
:10E10000CDF834E149964795CDF83091489747A826
:10E11000643352F8041F50F8044F934221441160B5
:10E12000F7D106A84FF4947101F0C8FF002051B058
:10E13000BDE8F08F02460B462DE9F04FADF5437D6B
:10E140000D901032B2AD00F150062C4610685168A7
:10E15000083203C4B2422546F7D1194610AB01F18B
:10E16000800448680A6800BA083112BA43F8080FF8
:10E170008C425A60F5D1102512A88446D0E91C477C
:10E18000D0E90216E30CFA0C4FEAC70E4FEAC408B6
:10E190004EEA547E43EA473342EA443248EA57782B
:10E1A000A40982EA0E0244EA876483EA0803634012
:10E1B00082EA9712DCE91247DCE900EC14EB0E046A
:10E1C00047EB0C071B1942EB07024C084FEA112ED4
:10E1D00077084FEA162C47EAC1774CEA016C44EA0B
:10E1E000C6744EEA066EC90984EA0E0441EA466125
:10E1F000614087EA0C075B1887EAD61405F1010530
:10E2000042EB04020830502DC0E91E32B5D1BE9B4E
:10E21000DDF8E4C20693BF9BDFF830E00793BC9BB8
:10E22000DDE9C0AB0893BD9BDDE9BA200993B29B41
:10E23000DDE9B6890193B39B0293B49B0393B59B2D
:10E240000493B89B05930EAB02E000BF1866040070
:10E25000940B950C44EA804745EA8035840B44EAE8
:10E2600082466F40840CD50544EA823445EA502545
:10E270006F406640DEF80050C40544EA5224664010
:10E28000D3E904146D18DEF8041041EB04047D1981
:10E29000069946EB0404089E099F4E4007991640D4
:10E2A0004F40069907404E400799AD1987EA01078C
:10E2B000059944EB070415EB0A054BEB04046918B8
:10E2C000059144EB0C010A910199DDF804C00F0F90
:10E2D0000299DDF808A047EA01170E0F019946EAF6
:10E2E00001160299890741EA9C014FEA8C7C4CEAAD
:10E2F0009A0C4E40019987EA0C074FEA4A6C4CEAA7
:10E30000D11C490641EADA117940491986EA0C061E
:10E3100044EB0606039D019C049F2C435546DDF803
:10E320000CC03D43019F04EA080407EA0C0C574661
:10E33000DDF810A044EA0C0407EA0A0705EA09051B
:10E3400011EB040A45EA070546EB050BDEE9021668
:10E35000D3E906544919069D46EB04044919079D63
:10E3600045EB0404089D059F82EA0506099D3E4091
:10E370000A9F45403D40089F7E40099F891985EAD4
:10E38000070544EB0504059D0A9EAD0B45EA86454D
:10E39000B70B059E069147EA86474FEA964C0A9EC0
:10E3A00005994CEA863CB60C46EA813677400A9ECF
:10E3B00085EA0C05F60546EA51264FEAC15C0A9942
:10E3C0007E404CEA512C069985EA0C054D1944EB28
:10E3D000060615EB0801069146EB090107914FEA85
:10E3E0001B744FEA8B7141EA9A014FEA1A7744EAAB
:10E3F0000A144FEA8A7C4CEA9B0C47EA0B174C4004
:10E400004FEA4A6187EA0C0741EADB1179404FEA9B
:10E410004B6C4D194CEADA1C0199039F84EA0C04F9
:10E4200046EB04044AEA0101029E3940049F4BEA8C
:10E4300006063E40019F0AEA070C029F41EA0C01D2
:10E440000BEA070715EB010846EA070644EB060945
:10E45000D3E90856DEE904144919089D44EB060483
:10E460004919099D069F45EB0404059D82EA0506AE
:10E470000A9D3E40079F454056403D40891985EA28
:10E48000000544EB0504069D069EAD0B45EA874555
:10E49000BF0B47EA86474FEA964C079E08910699BC
:10E4A0004CEA863CB60C46EA81367740079E85EA00
:10E4B0000C05F60546EA51264FEAC15C07997E40F5
:10E4C0004CEA512C089985EA0C054D19039944EB47
:10E4D00006064919089104994FEA197441EB06019F
:10E4E00009914FEA897141EA98014FEA187744EAA5
:10E4F00008144FEA887C4CEA990C47EA09174C400B
:10E500004FEA486187EA0C0741EAD91179404FEA9E
:10E51000496C019F4D194CEAD81C4AEA080184EA6B
:10E520000C0401EA0701029F46EB04040AEA080C06
:10E530004BEA09063E4041EA0C010BEA090769185B
:10E5400046EA0706039144EB06010491D3E90A5415
:10E55000DEE90616491946EB04048918079D40EBCD
:10E560000404DDE9052050400A9A6A40089D2840CD
:10E57000099D2A40059D68400A9D091882EA050206
:10E5800044EB0204089A0998920B42EA8042850BF8
:10E59000089845EA8045860C0998089F46EA803627
:10E5A000800C40EA8730454009987240C00540EA37
:10E5B0005720FE05099F684046EA572672408A1890
:10E5C000019944EB000089180B910299039E41EBDD
:10E5D00000010C910399049F0D0F049945EA011560
:10E5E0000C0F039944EA01140499890741EA960142
:10E5F000B60746EA97064C40039975407E0646EA00
:10E60000D116490641EAD71169408A180399039D3A
:10E6100084EA060448EA010140EB040408EA05061E
:10E6200049EA070001EA0A0109EA0705314300EA5D
:10E630000B00521840EA0500019244EB00020292DE
:10E64000D3E90C01DEE908241218059844EB010116
:10E6500012180A98089C40EB01010698099D444055
:10E66000079868400B9D2C400C9D2840069D6C40EF
:10E67000079D121980EA050041EB00010B980B9FE2
:10E68000850B0C9845EA8045840B0B9844EA80443E
:10E69000860C0C9846EA8036800C40EA873044406D
:10E6A0000C987540C60546EA5726F8050C9F74403D
:10E6B00040EA572068401018019A41EB040402997F
:10E6C000120F42EA01124FEA117C0199019D4CEAB6
:10E6D000011C0299029E890741EA9501AD0745EAAE
:10E6E00096058CEA010C01996A40750645EAD11538
:10E6F000490641EAD6111AEB000A81EA02014BEB06
:10E70000040B039A091801988CEA050C44EB0C0CD5
:10E71000019D42EA00040398049A04EA0804284090
:10E72000049D32432043091805EA060502EA09025E
:10E7300042EA0502059106994CEB020CD3E90E4022
:10E74000DEE90A25121945EB0000521807990B9CC7
:10E7500041EB000008994FEA9A3681EA04050999CD
:10E7600005EA0A0581EA0704089904EA0B044D400A
:10E770000999521984EA010440EB04004FEA9B45D1
:10E780004FEA9B3445EA8A3544EA8A444FEA9A477D
:10E7900047EA8B376C4046EA8B464FEACA557E40C3
:10E7A00045EA5B254FEACB57754047EA5A2752198D
:10E7B00084EA070440EB040018EB0201069149EBE0
:10E7C0000001079105994FEA1C754FEA8C7444EAE1
:10E7D00091040E0F45EA01158F0747EA9C07654033
:10E7E00046EA0C164C067E4044EADC144FEA4C67BD
:10E7F00047EAD1177440A21885EA070540EB0505E2
:10E8000001990598059C41EA0006029941EA0C002D
:10E8100003990E400499084001990C400299344331
:10E8200001EA0C0712EB0408089940EA070045EBDF
:10E830000009D3E91045DEE90C20121940EB050070
:10E840005218099941EB00000B9981EA0A050C99CD
:10E8500081EA0B0406990D4007990C400B994D4035
:10E860000C99521984EA0104069940EB04008C0BC0
:10E87000079944EA81448E0B069946EA81468F0C3B
:10E88000079947EA81378D0C06997C4045EA813526
:10E8900007996E40CD05069945EA5125CF050799A0
:10E8A000754047EA51277C401419039A40EB05054F
:10E8B00012190892049A4FEA197042EB0502099264
:10E8C0004FEA897242EA98024FEA187640EA081045
:10E8D0004FEA887747EA9907504046EA09164FEA17
:10E8E00048627E4042EAD91272401419059A019991
:10E8F00042EA080606EA010602994FEA49674CEA2D
:10E90000090247EAD81702EA0102059980EA0700DE
:10E9100045EB000001EA080535430CEA09076119D7
:10E9200042EA070240EB02020492D3E91245DEE913
:10E930000E2014190B9A40EB0505A4180C9A0391AC
:10E9400042EB0505069A08998AEA0200079A0840F0
:10E9500009998BEA02020A4080EA0A00241882EA36
:10E960000B0245EB0205089A4033960B46EA8146B6
:10E970008A0B08990EF1400E42EA81428F0C0999E8
:10E9800047EA8137880C08997E4040EA813009992E
:10E990004240CF05089947EA5127C80509997A40AE
:10E9A00040EA51207040241845EB0205039A04996F
:10E9B000120F42EA0112080F039940EA011004996C
:10E9C0008E07039946EA91068F070499704047EA3B
:10E9D00091074E0603997A4046EAD1164F060499EC
:10E9E000704047EAD11703997A4048EA0107049931
:10E9F00049EA0106059906EA0C0639400A9103998D
:10EA000008EA0107049909EA01010B910A990F43E9
:10EA10000B99D719019A46EA0106029940EB0606BE
:10EA2000121941EB0500E119019145EB0601029134
:10EA3000AEA999427FF40CAC059BCDE9C0ABCDE902
:10EA4000B83C069BCDE9B689BE93079BCDE910760D
:10EA5000BF93089BCDE90E45BC93099BCDE9BA2035
:10EA6000BD93039BB0ACB493049BB593019BB2934D
:10EA7000029BB3930D9B03F10802483352F8081F21
:10EA800054F8085F50686668491940EB06009A42DE
:10EA9000C2E90010F2D10EA84FF4347101F00EFB60
:10EAA00000200DF5437DBDE8F08F00BF70B50C462A
:10EAB0000646114620461A4615F017FA0546A0B933
:10EAC000B36C33B921462046321DBDE8704015F0C5
:10EAD000A9BAB4F90430002B09DB204615F029F857
:10EAE000F36BB0EB430F09D9184D284670BD0146B2
:10EAF000204615F0E1F80028EFD0F5E72046B36C8A
:10EB0000984705460028F0D10436B4F90430002BAC
:10EB100004DA0021204615F0CFF868B931462046C6
:10EB200015F082F80028E0DB32462146204615F039
:10EB300023F90028F2D006E032462146204615F09F
:10EB40009DF90028E1D00546CFE700BF80B0FFFF68
:10EB50002DE9F04F012A80460E46914685B005D832
:10EB6000096805B0BDE8F04F10F002BF082110465B
:10EB700000F050FF0746002800F0AA8002A814F019
:10EB8000CBFE4946384610F0DBFE3168384610317E
:10EB900014F06EFF0446002846D1B24607F1080182
:10EBA0004FEAC90507EBC90B5AF8043F404610333A
:10EBB000A1F108020191FFF779FF0446A0BB01997A
:10EBC00008318B45F0D1A5F108023A44114608F10D
:10EBD000040315F04FFB044630BB103D09F1FF3A2A
:10EBE00006EB89063D44BAF1000F2BD005F1080B66
:10EBF0002B465A46404602A9FFF758FF044698B9EB
:10EC000056F8043C5A46294640461033FFF74EFF5B
:10EC1000044648B956F8042C40460832114602AB67
:10EC2000FFF744FF044690B102A814F07AFE38467C
:10EC3000494610F091FE384600F0F2FE204605B03D
:10EC4000BDE8F08F394602A814F012FFE0E702ABEE
:10EC50001A4619464046FFF729FF04460028E3D12B
:10EC600056F8042C4046114602ABFFF71FFF04463E
:10EC70000028D9D156F8042C40460832114602AB80
:10EC8000FFF714FF04460028CED1B8F80A1056F852
:10EC9000040C14F0BCFE04460028C5D156F8040C40
:10ECA000B8F80A10083014F0B2FE04460028BBD1B0
:10ECB00056F8040D0121103014F00FFF044600280F
:10ECC000B2D1083DBAF1000FAED00AF1FF3A8AE79F
:10ECD000004CB3E780B2FFFF70B50A48036853B930
:10ECE00009490C260C46094D06FB03F2AA5C22B921
:10ECF000E25401230360044870BD013301F8012B85
:10ED0000F2E700BF98500020CB7E0020D87B0400A3
:10ED10002DE9F14F9A461B6904460E4691460A9D1D
:10ED20001BB9724801B0BDE8F08F02F11007002155
:10ED3000384614F0C1FF30B95146304601B0BDE845
:10ED4000F04F11F0F2B80AF110080021404614F01B
:10ED5000B3FF08B94946F0E70121404614F0ACFF83
:10ED60000028DED13B463A4629462046FFF79EFE64
:10ED70000028D7D105F108083B462A4641462046DF
:10ED8000FFF794FE0028CDD153462A462946204657
:10ED9000FFF78CFE0028C5D14246414620460AF1C5
:10EDA0000803FFF783FE0028BCD14B462A462946BC
:10EDB000204610F080FE0028B4D109F1080B5B4614
:10EDC00042464146204610F076FE0028AAD1002196
:10EDD000284614F071FF014690B9404614F06CFFCC
:10EDE00040B92B464A463146204601B0BDE8F04FB7
:10EDF00010F00ABF304601B0BDE8F04F11F0AEB8D8
:10EE00002B463A46204606F11001FFF74FFE002838
:10EE100088D105F110072B462A4639462046FFF7D0
:10EE200045FE00287FF47EAF05F1180A2B463A46CE
:10EE300051462046FFF73AFE00287FF473AF4B4659
:10EE40003A4639462046FFF731FE00287FF46AAF84
:10EE50003946284614F00CFE00287FF463AF29469B
:10EE6000204610F084FE00287FF45CAF4346424603
:10EE700031462046FFF71AFE00287FF453AF2B4699
:10EE800032463146204610F016FE00287FF44AAF85
:10EE9000534632463146204610F00DFE00287FF4DE
:10EEA00041AF33463A463946204610F004FE00286A
:10EEB0007FF438AF43463A4639462046FFF7F6FD21
:10EEC00000287FF42FAF5B46524651462046FFF79D
:10EED000EDFD00287FF426AF53463A46204606F162
:10EEE000080101B0BDE8F04F10F0E5BD80B0FFFFB4
:10EEF0002DE9F047012A8246DDE908490E46904691
:10EF00001F4644D8043014F018FE0546504610F051
:10EF100081FF012882463CD1002106F1100014F047
:10EF2000CBFE48B9B9F1000F02D11B48BDE8F0870C
:10EF30002070C7F800A0F9E7B8F1000F17D16B00F7
:10EF400001334B453B60F0D8214604232A46304626
:10EF500001F8013B14F00DFE0028E7D12A46691C98
:10EF6000214406F10800BDE8F04714F002BE6B1C16
:10EF70004B453B60D9D8002106F1080014F0C9FDCB
:10EF80002146023001F8010B2A463046EBE70348E0
:10EF9000CCE70348CAE700BF00B1FFFF80B0FFFF26
:10EFA00080B1FFFF2DE9F04F87B00D4690461E4619
:10EFB000039023B9464C204607B0BDE8F08F039B71
:10EFC0001F1D384614F0B9FD8146039810F022FF4A
:10EFD0000128824641D198F800303BB9012EE9D191
:10EFE000284607B0BDE8F04F10F0B8BF09F1010B9B
:10EFF000B345DFD84A46284608F1010114F0A3FDC5
:10F0000004460028D7D1514605F1100014F065FDE3
:10F0100004460028CFD198F800A0BAF1040F0ED111
:10F020004FEA49020132B242C4D14A4608EB0B0111
:10F0300005F1080007B0BDE8F04F14F084BDAAF157
:10F040000202012AB6D8B345B4D10146384614F0BD
:10F0500060FD012805F1080601D01E4CABE7012137
:10F06000384614F056FD01288046F6D104A814F065
:10F0700053FC2A463146039810F088FD044618BB1D
:10F080004246394604A814F000FF0446E0B90221C4
:10F0900004A814F091FD0446B0B900903B463146F7
:10F0A000304604AA15F0DDF8044668B9014630463A
:10F0B00014F02FFD0AF0010A824505D03246394688
:10F0C000304614F0DEFE044604A814F02AFC72E771
:10F0D00080B0FFFF80B1FFFFF0B50D46064601216D
:10F0E00085B005F1100014F0E7FD044650B9304634
:10F0F00010F090FE012842D12146284614F0DCFD94
:10F10000002801DA1F4C37E005F108072146384690
:10F1100014F0D2FD0028F5DB341D2146284614F0FA
:10F1200083FD0028EEDA2146384614F07DFD0028E4
:10F13000E8DA684614F0F0FB02A814F0EDFB3B4659
:10F140003A4669463046FFF7B1FC044670B92A4694
:10F15000304602A910F01AFD044638B9684602A9E3
:10F1600014F062FD074B041E18BF1C46684614F0DD
:10F17000D8FB02A814F0D5FB204605B0F0BD024C28
:10F18000FAE700BF80B3FFFF80B0FFFF38B5054648
:10F1900010F040FE01280C4601460DD1204614F027
:10F1A0008BFD002806DB204605F1340114F03CFD00
:10F1B000002803DB024838BD0248FCE70020FAE7DC
:10F1C00080B3FFFF80B0FFFF2DE9F04FCDB003917A
:10F1D0001146044699460892FFF7D8FF07460028D3
:10F1E00040F0758249462046FFF776FF0746002823
:10F1F00040F06D82204610F00DFE0128049040F092
:10F200006C8204F1240109F1080014F00DFD07904F
:10F21000002856D0256CB5F5C07FC0F09680033528
:10F22000AD0807974FF0080804234FF0030ACDE913
:10F2300005831821059800F0EDFB0646002800F034
:10F240004A824FF0000B182707FB0B600BF1010BF4
:10F2500010F0E9FD5FFA8BF29045F5D81C220021F1
:10F2600013A815F034FE04211BA810F069FB4946D1
:10F27000304610F05AFE0746F0B981464FF0010BB8
:10F2800005FB0AFAD14562D113AB18460993002257
:10F29000012303EB43015B00DBB206EBC1019845A0
:10F2A00002F1010240F8041BF3D8204613A9FFF72E
:10F2B0004FFC074600287CD004211BA810F04CFB13
:10F2C0005DE0484604F11C0114F0AEFC226C1546CA
:10F2D00040BBB2F5C07FA36D2AD39BB1E36D8BB366
:10F2E0000422049F012102F1FF3A01FA0AF3013DD1
:10F2F00005931544B5FBF2F59DF81480069257B9B5
:10F30000079796E74FF0080804234FF0030ACDE96A
:10F31000058303329508A66D002E40F097800123E7
:10F32000079386E7B2F5C07F0FD30332950879E7DC
:10F3300053B1E36D43B9042201270132AA4228BF29
:10F340000222CFE70522F7E7049F0422F6E7B9FB84
:10F35000F5F118220BFA01F305FB1191DBB202FB68
:10F360000362A1B1114620461BAB10F04DFC0746CD
:10F37000E0B104211BA810F0EFFA002F61D0A26DBC
:10F38000964240F09481039810F08AFD9FE103F0CB
:10F39000FE0101EB5301104606EBC101099210F08A
:10F3A000C4FD099A07460028DCD0E2E709F101090B
:10F3B00068E7BDF91090DDF810A009EB490906EBEC
:10F3C000C909D3460AF1FF3ABBF1000F2AD1049BC9
:10F3D0005B00DBB298450493EBD81822059906F13F
:10F3E000180302FB0162099941F8043B1833934268
:10F3F0000991F8D1059B20465A1E13A9FFF7A8FBD7
:10F40000074600287FF458AF06F1100948460BF173
:10F41000010B14F086FA5FFA8BF2904509F1180996
:10F42000F4D8A6E7182303FB0AF11BAB009372186C
:10F430004B4620464944FFF76BFC07460028C0D0E6
:10F4400097E7079B13B1059BA665E36513A814F026
:10F4500063FA04F1340A0DA814F05EFA0021504654
:10F4600014F057FB012840F090800021089814F018
:10F4700050FB0899814613A814F0FAFA074630B1F8
:10F480000DA814F04EFA13A814F04BFA77E7514682
:10F49000089A0DA814F0F5FC07460028F0D1B9FA37
:10F4A00089F94FEA59194A460DA913A814F06BFAC5
:10F4B00007460028E4D101466A1C1BA80DF16C0A1E
:10F4C00015F005FDD346AF4228D100224FF0010CC4
:10F4D000AC453DD90DA80DF14C0A14F022FA504666
:10F4E00014F01FFA0DA810F09EFC0421504610F0F5
:10F4F00027FA05F598736B4413F8C43C3246009321
:10F5000020464346039910F09CFA074600283ED057
:10F510000DA810F01EFB04215046CFE6394600230B
:10F5200013A8CDE9041314F0F4FA059B069A00FA27
:10F5300003FC9BF800000499013340EA0C0093425D
:10F540008BF800002944EBD101370BF1010BBAE72E
:10F550009AF801009AF8003080EA020E6FEA0E0174
:10F5600001F0010113FB01F3104003EA0E0283EAEC
:10F570000E030AF8013F1AF8013C024343EAC113A3
:10F580000AF8013C0CF1010CA2E7554FF7E6569B37
:10F59000002B4DD00BA814F0BFF9579B022100930C
:10F5A000221D569B0BA814F002FF074638B10BA88A
:10F5B00014F0B7F917F10E0FAAD14A4FA8E7039B31
:10F5C000204603F1100211460BABFFF76FFA074616
:10F5D0000028ECD1039B204603F1080B5A465946FC
:10F5E0000BABFFF763FA07460028E0D10BAB1A46D6
:10F5F00019462046FFF75AFA07460028D7D1039A42
:10F60000204611460BABFFF751FA07460028CED132
:10F610005A4659460BAB2046FFF748FA07460BA857
:10F6200014F07FF917F10E0FC7D0002F7FF470AFE1
:10F630000DF16C0B0DB92F461EE0039A534611468F
:10F64000204610F0E1FA013D0746A8B915F80B3045
:10F6500032460093204643460DA910F0F2F90746C2
:10F6600050B9039A20461146CDF800A00DABFFF724
:10F670004FFB07460028DDD00DA810F06AFA0421E0
:10F68000504610F069F9002F7FF479AE4A462046C3
:10F69000039910F0B2F9074600287FF470AE2046B7
:10F6A000039910F065F9A26D074696420CD000242C
:10F6B000182505FB0460013410F0F2FBE2B290451E
:10F6C000F7D8304600F0ACF9002F7FF45CAE384636
:10F6D0004DB0BDE8F08F044F55E6014FF7E700BF8E
:10F6E00080B0FFFF00B3FFFF80B2FFFF2DE9F041C4
:10F6F00090B00546984610F08DFB01280E46144642
:10F7000030D102A808AF10F08EFB0421384610F06B
:10F7100017F922464346284602A910F03CFC04464D
:10F72000A8B9DDE916233146284610F034FC04461A
:10F7300068B9334631462846009702AAFFF7E8FA2F
:10F74000044620B93146284610F012F904463846DE
:10F75000042110F001F902A810F0FBF9204610B0C6
:10F76000BDE8F081004CF9E780B1FFFF10B4019CC7
:10F7700014B110BCFFF728BD014810BC704700BF92
:10F7800080B0FFFF73B505461E4610F043FB01280D
:10F790000C4601460ED113462046009605F1340270
:10F7A00014F005FE044B10F10E0F18BF0346184667
:10F7B00002B070BD014BFAE700B3FFFF80B0FFFF5E
:10F7C0002DE9F0410D46014628461746984600F0BF
:10F7D000A3F80446B0B9284610F01CFB012805F137
:10F7E000600612D142463946304614F0ACF9044660
:10F7F00028B931462846FFF7C9FC044610B1304607
:10F8000014F08FF82046BDE8F081014CF7E700BF07
:10F8100080B1FFFF70B5066C0D460736B3EBD60F0F
:10F82000114604464FEAD60203D200230A482B6051
:10F8300070BD2A60B0F866304BB110F0EBFA0128C9
:10F8400007D104F16000BDE8704014F092B903489C
:10F85000EEE76FF06D00EBE700B1FFFF80B0FFFF58
:10F860002DE9F0479A46037805460C461646A0B0A7
:10F8700023B9284C204620B0BDE8F0870A789A4288
:10F88000F7D101F168094946683014F0CDF9002834
:10F89000EFD104F17008414605F1700014F0C4F98D
:10F8A0000028E6D104F17807394605F1780014F014
:10F8B000BBF90028DDD102A810F0B5FA08A810F0B5
:10F8C000C0FA214608A810F046FB04F11C0304F11D
:10F8D0006002CDE9006A02A908A810F0BFFB044647
:10F8E00080B9494602A814F09FF950B9414604A8CE
:10F8F00014F09AF928B9394606A814F095F9044687
:10F9000000B1044C02A810F024F908A810F0CCFAB9
:10F91000B0E700BF80B0FFFF38B504460D4610F0D9
:10F92000C3FA204610F08DFA032D257005D0042D62
:10F930002AD000232548237025E0254B254AA364BF
:10F94000254B6260A360A361A3632362A362234B80
:10F95000234A63624FF001136261224A23636263A8
:10F96000214B224AE362E261201D14F0E2F8E063D9
:10F9700004F1340014F0DDF81D4B01222064002056
:10F980006264A365E06538BD1A4B1B4AA3641B4B38
:10F990006260A360A361A3632362A362184B194A48
:10F9A00063624FF001136261174A236362630E4B77
:10F9B000164AE362E261201D14F0BBF8E06304F133
:10F9C000340014F0B6F8124BD7E700BF80B1FFFF48
:10F9D000B1040400EC910400010008008C910400C3
:10F9E000CC9104006C9104000C920400AC910400D2
:10F9F000EC8B0400F5000400BC8B040001000C003B
:10FA00002C8B04008C8B0400FC8A04005C8B0400AB
:10FA1000FC7B0400014B1B68184700BF140E00203C
:10FA2000014B1B68184700BF100E0020024B1860E6
:10FA3000024B002019607047140E0020100E0020A9
:10FA4000022243680A70024A68334A608B6070473A
:10FA50005D1305002DE9F04F1F46436B05460E462A
:10FA6000144691B0002B00F08C800121384614F030
:10FA700023F9002804DA4449084611B0BDE8F08FA4
:10FA800005F134084146384614F0CEF80028F2DA81
:10FA90000AA810F0C8F906A813F03EFF08A813F052
:10FAA0003BFF4FF00C0905F11C0BB9F1010966D0C1
:10FAB0004FF00C0ABAF1010A61D0DDE91C2306A956
:10FAC0002846FFF75FFE014600284CD11F9B02909D
:10FAD00001931E9B0AA9009328465B4606AAFFF7DE
:10FAE00045FE014600283ED10AA94246304614F0A0
:10FAF00099FA0146002836D1304614F0DDF8002886
:10FB0000D8D008A92846DDE91A2310F074FE014672
:10FB100048BB31463A46204614F0E7F9014610BB8F
:10FB200008A90846224614F0A9F90146D8B9214689
:10FB3000434606AA14F09EFB0146A0B92146204682
:10FB400008AA14F0D2F9014668B921464246204677
:10FB500014F068FA014630B90590204614F0ACF86C
:10FB600005990028A1D00AA8059110F099F906A8D6
:10FB700013F0D7FE08A813F0D4FE05997CE70349DB
:10FB8000F1E7034978E700BF80B3FFFF00B3FFFF51
:10FB900080B0FFFF2DE9F04FC3B0046C05469DF81F
:10FBA0003801894692461F46FCF7D2FB073480464F
:10FBB000E408002843D009A823AE13F0ADFE304678
:10FBC00010F060FE224638460BA913F0D2FF8346A0
:10FBD00058BBDDE94C23284609A910F00CFE8346EA
:10FBE00018BB0BAB2246191909A813F0C2FF8346B4
:10FBF000D8B94146304663000BAA00F0F5F98346B8
:10FC000098B9519B52460693509B494605934F9B8A
:10FC10002846CDE903630B4B02934D9B01934C9B0C
:10FC200000933B46FFF716FF8346304600F030FA5C
:10FC300009A813F076FE584643B0BDE8F08FDFF810
:10FC400008B0F8E74500030080B0FFFF2DE9F0475A
:10FC5000054692B00CA89846DDE91A690C46924612
:10FC600010F0E1F804A813F057FE06A813F054FEB4
:10FC700008A813F051FE0AA813F04EFE6B6B002B80
:10FC800000F084800121304614F016F8002813DBC0
:10FC900005F134073946304613F0C6FF00280BDA69
:10FCA0000121484614F008F8002805DB394648468B
:10FCB00013F0BAFF002813DB354C0CA810F0F0F855
:10FCC00004A813F02EFE06A813F02BFE08A813F0CC
:10FCD00028FE0AA813F025FE204612B0BDE8F087E2
:10FCE00022465346284604A910F085FD0446002804
:10FCF000E3D13B464A4606A914F0BCFA0446002864
:10FD0000DBD106AA04A908A814F0EFF804460028DD
:10FD1000D3D108A93A46084614F084F904460028CD
:10FD2000CBD1314606AA0AA814F0DFF80446002811
:10FD3000C3D10DF128093A464946484614F072F9F4
:10FD400004460028B9D1CDE90180CDF800902846BD
:10FD500005F11C0308AA0CA9FFF7C8FC04460028FB
:10FD6000ABD10CA810F00EF90028A5D10CA93A4689
:10FD7000084614F057F9044600289ED131460CA8D5
:10FD800013F052FF0446002897D095E7014CA3E7F3
:10FD900000B2FFFF80B0FFFF2DE9F041A6B0DDF813
:10FDA000BC8004460F4615461E46B8F1000F5BD0D6
:10FDB00008A813F0B1FD0AA813F0AEFD319B009521
:10FDC0000593309B2046CDE90383CDE9016704F11B
:10FDD00060030AAA08A9FFF7DDFE0546002833D113
:10FDE000014664220C900DA815F071F826AB0AAA02
:10FDF0000CA907A8079313F05BFC041E23DB08AAD9
:10FE00000CA907A813F054FC061E27DB2644324633
:10FE10000CA907A813F003FC041E14DB302207A86A
:10FE20000DEB020113F01FFC002819DB2D9B34445D
:10FE30000444A34216D3224607992C9815F020F8C3
:10FE40002E9B1C602C46254608A813F06AFD0AA8C4
:10FE500013F067FD284626B0BDE8F0813446F2E78E
:10FE60000446F0E7014CEEE7014DF3E700B1FFFF78
:10FE700080B0FFFF2DE9F0478AB0924606AF129A94
:10FE8000804608AE38469D188946049313F044FD19
:10FE9000304613F041FD3023294605AA04A813F08B
:10FEA0006EFA58B1A0F59F44384613F03AFD30463B
:10FEB00013F037FD20460AB0BDE8F087DDE90432D3
:10FEC00013449D4221D13A46294604A813F0BDFAB5
:10FED0000028E7D13246294604A813F0B6FA0028D4
:10FEE000E0D1139B5246CDE9016349464046009755
:10FEF00008F16803FFF7AAFE04460028D4D1049A4B
:10FF0000034BAA4218BF1C46CEE7024CCCE700BF09
:10FF100000B4FFFF1AB0FFFF2DE9F047054692B08D
:10FF200000680F4690460FF0E1F9064697B3B8F126
:10FF3000000F0CBF4FF001094FF002090023294CBC
:10FF400005F1100A99458DF804301BD92846FCF7B5
:10FF500051FC0446B0B9324651462846FCF712FC23
:10FF6000044678B90122284601A9FCF70BFC044697
:10FF700040B9B9F1020F10D0284602A9FCF710FCD5
:10FF8000044698B102A8402100F098F8204612B02B
:10FF9000BDE8F0874FF00109D0E7424639462846D0
:10FFA000FCF7F0FB04460028E6D0EBE73246284693
:10FFB00002A9FCF76DFB04460028E3D13246514606
:10FFC0002846FCF7DFFB04460028DBD151462846D3
:10FFD000FCF7E6FB04460028D4D19DF80430013339
:10FFE000DBB2AFE700AFFFFF2DE9F041164601227B
:10FFF00004460D461F46FCF7F5F9F0B9104B04F125
:020000023000CC
:1000000068001B68984728460FF070F904F1100843
:10001000024641462046FCF73BFB70B928460FF0EC
:1000200065F901210246404614F051FF3A46314637
:100030002046BDE8F041FFF76FBFBDE8F08100BF8B
:10004000480E00202DE9F3410F4B00F168080546EA
:100050001B6840460E4617469847044678B9034643
:100060003A4631460090284610F069FC074B04469A
:100070001B6840469847002818BF6FF01D042046B3
:1000800002B0BDE8F08100BF400E00203C0E002011
:1000900010B5044678B103681BB1074B68301B6884
:1000A00098472046FCF760F97C21204600F006F8CE
:1000B00042F21073E36510BD440E002010B50A46ED
:1000C000044619B1024B00211B68984710BD00BFC0
:1000D000180E0020F8B50D4E0D4C0E4D33680E482D
:1000E000984767782B680C48984733680B489847BF
:1000F000022F08D12478E31F5C425C412B6807483B
:1001000098472046F8BD0024F8E700BF400E0020C5
:100110009C5000203C0E0020901100207C110020FB
:1001200038B5074D074B28461B689847064B2846AD
:100130001C78064B04F001041B689847204638BD24
:100140007C110020400E00209C5000203C0E00201E
:100150000E4B0340B3F1607F06D1B1F5885F14BF49
:100160006FF0860000207047B3F1707F0BD101F46F
:10017000E043B3F5005F06D111F4E06F0CBF6FF000
:100180008600002070476FF0860070470000C07F37
:100190009142F8B506460C4600F0358121F0FF0586
:1001A000AD498D420CD122F0FF03AB4242D114F095
:1001B000FF033AD0A94943F000738B4235D122E1C5
:1001C000A74885421AD0A74B9D4211D024F4FF7353
:1001D00023F00103B3F1062F0AD0A34FBD4207D08D
:1001E00007F57457BB4203D0A7F58447BB426FD1D4
:1001F00022F0FF038B4205D0834206E022F0FF038A
:100200008B4201D10022FEE0AB4225D184EA0203F9
:10021000FF2BF7D8924B9D4200F0F78091498D4219
:1002200040F03C8114F0FF010FD112F0FF0340F0C9
:10023000E0800FE18A498B420ED184EA0201FF2956
:10024000E0D814F0FF0100F0DB80844841F0007139
:10025000814240F03981D6E08248834200F0A2809A
:1002600022F4FF7121F00101B1F1062F0AD07E4F77
:10027000BB4252D000F58840814203D0A0F58440B3
:10028000814225D184EA0201FF29BBD8724824F4B7
:10029000875121F01F01814240F0FC8014F0FF01E2
:1002A000D3D170498B4200F0CC8022F4FF7121F051
:1002B0000101B1F1062F00F0C4806B48834200F0C9
:1002C000C0806A4B9942B0D0A3F584439942ACD028
:1002D00004F0FE45B5F1A06F2AD102F0FE43B3F160
:1002E000A06F8FD184EA020333F47E138AD12504F0
:1002F000C4F30543C2F3054002F4004140F1F2802B
:10030000002900F0EB80834238BF034624F47E12BC
:1003100042EA034242F4004275E084EA0201FF2906
:1003200040F2848004F0FE45B5F1A06F3FF46AAF5F
:10033000B5F1407F7FF466AF02F0FE43B3F1407F3A
:100340007FF460AF84EA020333F47E157FF45AAF82
:1003500031462046FFF7FCFE00287FF453AF14F42B
:100360007C1300F0C780C4F3054312F47C1104F43D
:10037000004702F4004500F0E280C2F30540002F80
:1003800000F013810146002D00F00B81994238BF27
:100390001946090401F47C1124F47E14214341F42C
:1003A000004230E084EA0201FF29BBD82A498D428D
:1003B00012D001F580518D420ED09D426ED114F0C5
:1003C000FF015ED041F0007324498B421BD0244BC7
:1003D0009D4236D02B4664E714F0FF033FF425AF6F
:1003E0001E4943F000738B420DD012F0FF033FF41F
:1003F00009AF1A4943F000738B427FF469AF6BE099
:1004000012F0FF0262D11046F8BD14F0FF0302D0D3
:1004100043F00073D8E712F0FF02F4D00F4B42F024
:10042000007199420CBF22460022ECE70A498D4236
:100430001ED114F0FF0304D0084943F000738B422F
:10044000E1D012F0FF03D4D104F0FE45B5F1A06F66
:100450007FF46EAF1A46D6E700030006FF000002E5
:100460000013000600020006000900060046000610
:100470004F498D42DDD0854210D114F0FF017FF449
:10048000E4AE4C498B42DCD112F0FF03B1D104F051
:10049000FE454DE747498D423FF400AF464824F4FE
:1004A0007F7121F0030181420AD044498D4207D077
:1004B00024F4FF7121F0010100F58440814203D151
:1004C00014F0FF017FF4C1AE1D4680E73C4B42F0C3
:1004D00000729A427FF496AE224694E7834288BF28
:1004E000002290E700293FF48DAE83422CBF2246C4
:1004F000002288E733492140B1F1607F0ED13248B4
:10050000E1B241F00071814217D001F17E4104391E
:1005100011293FF62AAF2D4B5B5C26E7B1F1707FC6
:100520007FF423AF06F4E041B1F5005F7FF41DAF27
:100530000123C6F302218B4017E7102315E721485A
:100540001040B0F1607F1DD11F4ED0B240F000705E
:10055000B04224D000F17E40043811280FD928463B
:10056000002F7FF410AF002DB6D183427FF44AAE46
:100570001B0403F47C1324F47E121A4343E714494A
:10058000085CFCE6B0F1707FE9D106F4E040B0F51C
:10059000005FE4D10120C6F30226B040EFE6102050
:1005A000EDE68B4288BF00222DE7002DDDD09CE7D1
:1005B0000013000600020006000400060009000601
:1005C000FF0000020000C07F03000002741305005A
:1005D000741305008A4270B506460D4600F0ED80A2
:1005E000784922F4FF7323F001038B4213D022F0E9
:1005F000FF0001F5885188420DD0734C22F47F71C1
:1006000021F00301A14206D07049884203D001F5D0
:1006100074518B422CD16E4B25F0FF0199420FD1C2
:1006200015F0FF000BD06B4B40F00070984240F08B
:10063000C68082EA0500FF288CBF0020012070BD23
:10064000654B9942ECD0A3F588539942E8D025F444
:10065000FF7323F00103B3F1062FE1D05B48814221
:10066000DED05E498B42DBD0A1F584418B42D7D0EE
:1006700005F0FE43B3F1A06F13D102F0FE43B3F1D6
:10068000A06F40F0888082EA050333F47E1340F0C7
:1006900082802E047FD5C5F30540C2F30542904207
:1006A000CAE74F498D420BD14E4B9A4200F08580EC
:1006B0004D4B22F47E10984214BF00200120BEE76B
:1006C000B3F1407F67D102F0FE43B3F1407F62D1C6
:1006D00082EA050030F47E145DD131462846FFF7EA
:1006E00037FD00286BD1414B12F47C1103EA020361
:1006F00018D0B3F1607FC2F305413DD13C48D3B27D
:1007000043F0007383423BD003F17E43043B112B43
:1007100001D83848C45C15F47C1FC5F3054331D1BA
:100720008C42C9E7B3F1607F0DD13148D3B243F0B9
:10073000007383421ED003F17E43043B112BDDD8AE
:100740002D49C95CDAE7B3F1707FE4D106F4E043E8
:10075000B3F5005F03D10121C6F30223994006F4EB
:10076000E043B3F5005FD6D10120C6F3022600FABC
:1007700006F4D0E71021C1E7B3F1707FCBD1EEE7EB
:100780001024C8E712F47C1F01D1A34215D02C0419
:1007900001D58B4250E725F0004323F47F03B3F1EA
:1007A000106F0CD102F0FE43B3F1106F07D1134864
:1007B000104040F01060A8427EE701203FE7002093
:1007C0003DE700BF00020006000400060009000625
:1007D00000030006FF0000020013000600460006AA
:1007E0000093C0040013C004000140050000C07F56
:1007F0000300000274130500741305000000FFF6E7
:1008000000F0FE43B3F1A06F47D1254B20F0FF026B
:100810009A4203D110F0FF002FD17047214B9A422A
:1008200028D0A3F588539A4220D020F4FF7323F0F8
:100830000103B3F1062F15D01B498A420ED01B4A83
:10084000934207D0A2F5844293421FD110F0FF00DB
:1008500013D1704710F0FF000FD1704710F0FF0068
:100860000BD1704710F0FF0007D1704710F0FF0068
:1008700003D1704710F0FF0011D00D4B40F0007015
:10088000984214BF00206FF08600704710F4004FAC
:100890000CBF00206FF0860070476FF08600704735
:1008A00000030006001300060009000600460006CB
:1008B000FF00000230B54368002B6CD003F0FE420D
:1008C000B2F1106F02BF23F01F6323F4702343F0D3
:1008D00000634A1C10D14A4A23F0FF01914237D1EC
:1008E000038903F40473B3F5047F54D1437A43F0CE
:1008F00004034372002030BD427A55074BD4404D6B
:1009000023F0FF04AC422FD140F2022399420AD0D7
:1009100040F20323994215D040F2011399420AD0C4
:100920006FF08600E7E7037A13F0180F33D143F036
:1009300008030372DEE7037ADC062CD4037A43F063
:100940001003F6E7910726D442F002024272D1E783
:100950002C4923F4FF7222F001028A4249D1037A22
:1009600013F0400FC2D116E0264DAC4239D005F548
:100970008075AC4222D140F2031399420ED0B1F5FA
:10098000827F21DA40F201139942C9D1037A03F040
:100990003003202BD2D06FF08800ACE7038903F43A
:1009A0009873202BF7D142F00102CFE7037A03F0CE
:1009B0005002102AEFD143F04003BAE7124A9342A3
:1009C000AAD06FF0850096E740F201239942EDD05E
:1009D000B1F5017FA4D1037A9A06DCD443F0200359
:1009E000A7E740F201239942E0D0B1F5017FC9D1D8
:1009F000F1E7054A9342E4D1037A13F0100FB1E70F
:100A0000000100080002000809060008124B20F44B
:100A10007E10984206D1073906298CBF6FF08600F8
:100A2000002070470D4B984206D0B0F1052F10D131
:100A30000C2907D10020704700290CBF6FF08600F9
:100A400000207047082914BF6FF086006FF0850002
:100A500070476FF0850070470001400500024005B7
:100A60002DE9F843884617461C4600F0B1FE0546BE
:100A700088BBD8F80060B6F8009009F4E043B3F5FD
:100A8000804FB36808BF27F0010737EA03031AD184
:100A90000CB3274B24F0FF029A421FD114F0FF033E
:100AA00004D0244A43F00073934236D0224648468D
:100AB000F168FFF78FFD074668B92246484631695D
:100AC000FFF788FD90BB6FF0840500233046C8F81F
:100AD000003000F0B1FE2846BDE8F883164B9A427C
:100AE000DCD0A3F588539A42D8D024F4FF7323F0C6
:100AF0000103B3F1062FD1D010498A42CED0104A5B
:100B00009342CBD0A2F584429342C7D004F0FE4377
:100B1000B3F1407F04D12304C8D56FF08605D4E734
:100B2000B3F1A06FF7D0034B9C42BEE73D46D2E73E
:100B300000030006FF000002001300060009000683
:100B40000046000670B5114B05461B6810480E465E
:100B50009847044618B16FF08F04204670BD6B694A
:100B600033602B7F012B04BF02232B77094B18BF67
:100B700030601B68064818BF6FF09604984700283D
:100B8000EBD0002CE7D06FF09604E6E7400E002093
:100B9000681100203C0E002038B500F0FE43B3F190
:100BA000407F04460D4602D06FF0860038BDFFF747
:100BB000CFFA0028FAD114F47C1F12D0C4F30543F5
:100BC000032B137022D9284A2240B2F1607F3DD115
:100BD000264AE4B244F0007494422BD1102BE5D99C
:100BE000E2E7214B2340B3F1607F15D11F49E3B207
:100BF00043F000738B4202D110231370D6E703F148
:100C00007E43043B112B04D9002313706FF0850041
:100C1000CCE71749CB5CD3E7B3F1707FF4D101F493
:100C2000E043B3F5005FEFD10123C1F302218B4014
:100C3000DBB2C5E704F17E44043C112CB4D80D4A64
:100C4000125D9342B0D8402BB0D9DFE7B2F1707F8C
:100C5000AAD105F4E042B2F5005FA5D10122C5F3A7
:100C60000225AA40EDE700BF0000C07F030000029C
:100C7000741305007413050000232DE9F34113607C
:100C80004768D0F8148004460E463846114610F0E6
:100C90003DFC054688B9384610F03AFC054660B977
:100CA000FFB277B9B8F1000F05D1A36823F00313A1
:100CB00023F47F4363B16FF08605284602B0BDE898
:100CC000F0810121606910F0FBFB0028EDD1F2E713
:100CD0004FF6F87362889A4227D8154B15481B685F
:100CE0002779984710B16FF08F05E6E707B901A89B
:100CF000314600F025FD104B05461B680D4898470E
:100D000010B1002DD9D1EEE7002DD6D10FCCD6F8F9
:100D100000C066460FC694E8070086E80700002F6B
:100D2000CBD1019BCCF81430C7E76FF08505C4E741
:100D3000400E0020681100203C0E002010B5044633
:100D400060B1074B07481B68984720460FF0A4FF87
:100D5000BDE81040044B03481B68184710BD00BF96
:100D6000400E0020681100203C0E002037B50446DC
:100D7000C0B101A900F02CFD044698B9194B1A48DE
:100D80001B689847194DF0B90198037F032B11D1C7
:100D900010F0A7FB2B6804461348984728B10CB9FC
:100DA0006FF08F04204603B030BD002C08BF6FF0F9
:100DB0008704F7E7022B12D1032303770379FF2B74
:100DC00008BF6FF08404019810F08BFB2B6800289B
:100DD00018BF0446044898470028E3D0DFE76FF0C7
:100DE0009604F0E7400E0020681100203C0E002021
:100DF0002DE9F04116461F46002288B003880546BB
:100E00008846CDE9042207963A60002E62D0B6F1FA
:100E1000005F80F09E8023F0FF03B3F5E24F02D025
:100E2000B3F5824F22D128460FF0FFFD044600287B
:100E300040F08380EB686BB16A885AB12B8803F469
:100E40004F41B1F5824F05D1DBB2222B37D02DD8DF
:100E5000122B39D04246002308EB060112F8010B91
:100E6000914243EA0003F9D1002B33D0284605AA6A
:100E700004A9FFF701FF0446A0B9049B9B6A63B372
:100E8000049B41465A882846069206AA029203F11C
:100E9000280201929A6A00925B6A324600F042FD93
:100EA000044678B30498FFF749FF46E0273BDBB2DE
:100EB0001B2BCFD8284921FA03F3DB07CAD5073209
:100EC000B6EBD20FC6D205E040F209239A42F6D122
:100ED000402EBFD86FF086042FE06B681B0A07D145
:100EE000079904980FF08DFE04460028C8D0D9E772
:100EF00032464146284607AB00F0BCFC04460028B9
:100F0000EED0CFE70499069B4A88D2B94B804FF6C2
:100F1000F873069A04989A4218D82B8813B102885D
:100F20009A4210D16B8813B142889A420BD139464C
:100F3000FFF708FE04460028B4D1204608B0BDE8FB
:100F4000F0819A42E3D06FF08604ABE76FF085043E
:100F5000A8E76FF08504F0E70102000C2DE9F743E4
:100F6000DDF8289007460D4616469846FFF7A2FC86
:100F7000044600285AD17B68B3F1082F0AD140F209
:100F8000011295421AD1338823F0FF03B3F5105FA5
:100F900042D010E0394A23F0FF0191420ED140F2D5
:100FA000011295420AD13388B3F5885F34D0B3F586
:100FB000905F31D083B36FF0860437E040F20122B6
:100FC000002E3FD09542318805D141F2010399426C
:100FD00022D009B3EFE717D8B5F5817F0DD141F2E3
:100FE0000322914218D0B1F5905F15D0A1B1B1F5AF
:100FF000105FE0D1B3F1082FCAE740F2011025F0ED
:1010000002028242EFD0D6E740F202239D4214D181
:1010100041F206239942D8D1434632462946384602
:10102000CDF8009010F0E6FA044610B1384610F002
:1010300013F9204603B0BDE8F083A5F20323032B88
:10104000B9D8C2E7954209D00FD8B5F5817F05D050
:1010500040F2011225F002039342ACD14B464246C6
:101060002946384610F0BAFADEE740F202239D42E4
:10107000F4D0A5F20323032B9DD8EFE70007000867
:10108000F8B5456806460F46002D5AD121F00043B9
:1010900023F47F03B3F1106F56D001F0FE43B3F198
:1010A000106F38D121F01F6424F4702444F00064E0
:1010B0004FF4C762002106F1100013F008FF254A23
:1010C00024F4FF7323F00103934207D1E3B243F00A
:1010D000007303F17E43093B012B38D8214630468B
:1010E00010F073FAB0B91C4A24F49F6323F007038D
:1010F0009342776017D1194BE4B244F000749C42DC
:101100000ED004F17E44043C112C02D8144B33F869
:101110001450F560F8BDB3F1006F15D10C46C7E768
:101120004FF47F65F5E70F4B9C4208D00E4D24F03D
:10113000FF04AC4214BF4FF0FF353025E9E720250E
:10114000E7E76FF08800E5E76FF08600E2E76FF011
:101150008500DFE70002000800010008030000022C
:10116000C0AD040009060008000300082DE9F043A3
:10117000054699466B68104603F0FE42B2F1106FC7
:101180000E4695B04FD14FF4804206A9FFF768FC98
:10119000044638BB01462C22089009A8DDF81880C7
:1011A00013F095FE6B68214A08AF1A4007AB049311
:1011B000302303931C9B0297CDE90093404642F0F5
:1011C0001063D8E90912079400F0F6FC044668B1F0
:1011D00038460799FEF772FF284610F03DF806984A
:1011E00000F02AFB204615B0BDE8F083079B0246BD
:1011F0003146009328463B46FFF7B0FE0446079968
:101200003846FEF75BFF002CE6D140F201139E4208
:1012100008BF2B7A069804BF43F001032B7200F03D
:101220000BFB0446DEE76FF08604DBE70000FFF609
:1012300038B504460D46FEF74DFF30B12A4621462B
:10124000BDE83840024810F0F5B96FF0880038BDAD
:10125000A05000202DE9FF41002203880A60CDE95B
:101260000122428806460D46002A00F023810288AA
:1012700002F4E042B2F5804F00F01C8123F0FF033E
:10128000B3F5E24F02D0B3F5824F04D130460FF0F0
:10129000CCFB0446F8B9304602AA01A9FFF7ECFCE2
:1012A0000446002840F0FB80019B9B6ABBB101997A
:1012B000304601F12803D1E9091200F00BFB044686
:1012C000002840F0F08029460198FFF73BFC0446D7
:1012D000002840F0E480204604B0BDE8F081776843
:1012E0003F0A40F0D480B6F80080718840460FF085
:1012F00090FB80B140460FF04CFC0446002840F0C3
:10130000CE8008F4E043B3F5805F02D0B3F5005F10
:1013100013D107315CE028F0FF03B3F5E24F40F052
:10132000C6804FF4824244F20E03984530D1C9087A
:1013300001EB410101F14A070FE008F44F42B2F519
:10134000844FE6D047F2010398450FD14908013197
:10135000C90801EBC10101F13B070397039901980B
:101360000FF04FFC04460028A1D098E044F201039E
:10137000984503D1C90801F11007EEE747F20E03C3
:101380009845D0D1C90801EB410101F15A07E4E7C2
:1013900028F0FF03B3F5E84F03D10731C9084F0028
:1013A000DBE7B3F5884F05D10731C90801EB4101EF
:1013B0004F1CD2E7B3F5EE4F65D0B3F58E4FA8D0F2
:1013C000B2F5824F08D15FFA88F2422A02D1083181
:1013D000CF08C2E7412A9CD0B3F5E24F99D0B3F5CC
:1013E000824F03D10731C9084900E1E744F20D03F8
:1013F000984523D844F201039845AED9A8F580401A
:1014000002380B28A9D801A353F820F05514030083
:101410005B130300631403005B1303005B130300FF
:101420006B140300751403005B1303005B130300CC
:101430007F1403005B1303007F14030047F20203D1
:10144000984522D047F20403A8EB030358425841C1
:10145000870182E74FF4A0734909594301F120073E
:101460007BE74FF4C073090AF7E70731C90801F1B8
:10147000180772E70731C90801F11C076DE707314A
:10148000C90802318BE7402767E7202765E7304628
:1014900003A900F007FA044600283FF45FAF019863
:1014A000FFF74CFC17E701980FF0EBFBF7E76FF045
:1014B0008504F4E76FF086040DE700BF70B51D4E9C
:1014C0001D4C33681D4898472378590744BF23F0C3
:1014D0000403237023789A0705D500F017F92378C1
:1014E00023F002032370164D14482B689847336885
:1014F00014489847637813B1134810F09EF80023FE
:10150000042111486370FEF7D9FD2B680D489847F8
:1015100033680A4898472378DB0705D510F001F8AF
:10152000237823F0010323702B680448BDE8704042
:10153000184700BF400E00209C5000207C11002066
:101540003C0E002090110020A05000202DE9F04119
:10155000FEF7C0FD18B100242046BDE8F081364FEB
:1015600036483B689847044620B16FF08F04FFF778
:10157000A5FFF1E7324D2B78D80706D40FF0CFFF47
:1015800004462B7843F001032B702E4E2B48336812
:10159000984710B1002CE8D0E9E7002CE7D13B6870
:1015A0002648984704460028DFD12B78990706D4AF
:1015B00000F0A4F804462B7843F002032B70336844
:1015C0001E4898470028E5D1002CD0D13B681B4825
:1015D00098470028C9D13368184895F80080984783
:1015E0000028C2D13B681848984704460028BCD15F
:1015F0006B7843B918F0010F05D0144810F017F8B4
:10160000022304466B7033680F4898470028C1D105
:10161000002CACD13B68094898470028A5D12B780D
:1016200006485A075CBF43F004032B7033689847A1
:10163000002890D099E700BF400E00207C110020C8
:101640009C5000203C0E002090110020A050002053
:1016500038B5074C074B20461B689847064B204679
:1016600093F88055054B1B689847284638BD00BF46
:101670007C110020400E0020A45000203C0E0020D1
:1016800000F140421F2A38B504460D460CD82C21E3
:10169000194B01FB02331A7F022A02D15A69824296
:1016A00018D06FF08B001FE001210FF009FFE0B1AF
:1016B000114A00201346117F022902D15169A1422B
:1016C00005D00130202802F12C02F4D1E9E72C22C8
:1016D00002FB00331A7F022A0AD11A6A511C07D072
:1016E000002001321A622B6038BD6FF08700FBE7E3
:1016F0006FF09600F8E700BFA45000200122024BD3
:10170000002083F880257047A45000202DE9F04187
:101710000A4C002526464FF0010803272046C4F84E
:101720002080277701350FF0B7FA202D04F12C0423
:10173000F4D1002386F88035BDE8F081A450002064
:10174000F8B506460F46FFF783FF002835D0002482
:101750001D4B22461D46197FF9B13CB9022905D11E
:10176000196A19B91979002918BF1C460132202AB3
:1017700003F12C03EFD114B96FF08C000BE0237F41
:10178000022B04D1236A5A1C1CBF0133236220465A
:101790000FF082FA10B100240DE01C46237F7BB9C4
:1017A0000123237736B1094B651BAD105D4305F16D
:1017B0008045356000203C60F8BD6FF08800EAE7A6
:1017C0006FF09600E7E700BFA4500020A38B2EBA6D
:1017D000002370B50B6004460D46FFF739FF08B3D0
:1017E000124B13481B689847064618B16FF08F04D8
:1017F000204670BD20462946FFF742FF10F18C0FAE
:1018000004460C4B07D01B68094898470028EFD0C6
:10181000002CEDD1EAE72E601B68054898476FF071
:101820008704E5E76FF08804E2E700BF400E002080
:10183000681100203C0E002010B50B4B04461B68BD
:101840000A48984718B16FF08F04204610BD204613
:101850000FF047FE064B04461B68044898470028D3
:10186000F3D0002CF1D1EEE7400E002068110020EB
:101870003C0E0020194610B4002443680C60074C4D
:101880001A0AB4EB132F02D0054B9A4202D110BCB6
:1018900000F06EBB6FF0860010BC7047004E8000F9
:1018A0004B4E800010B4002443680C60074C1A0AA9
:1018B000B4EB132F02D0064B9A4202D110BC00F0B9
:1018C00057BB6FF0860010BC704700BF004E800011
:1018D0004B4E80002DE9F041456804462D0A0E4626
:1018E0001746984606D00E4CA54214D06FF08600DD
:1018F000BDE8F08105886D0407D443463A46314679
:101900002046BDE8F0410FF0C8BD01F099F910F193
:10191000860FEDD1F1E7BDE8F04101F091B900BFCC
:101920004B4E80002DE9F04FDFF880B0D0F804E096
:1019300085B0BBEB1E2F0446DDE90E890D46164629
:101940001F46DDF840A04FEA1E2C1CD0DFF860E0F7
:10195000F44518D0BCF1000F22D1CDE9019ACDF8A1
:10196000008001F0A7F810F1860F1BD13B463246EC
:1019700029462046CDE90F9ACDF8388005B0BDE85C
:10198000F04F0FF061B93B46324629462046CDE97B
:101990000F9ACDF8388005B0BDE8F04F01F08AB855
:1019A0006FF0860005B0BDE8F08F00BF004E8000EC
:1019B0004B4E800030B44468240A06D0064DAC4239
:1019C00006D030BC6FF08600704730BC0FF081B994
:1019D00030BC01F055B900BF4B4E80002DE9F743F4
:1019E0000D46DDE90A891646134942681F46B1EBE8
:1019F000122F04464FEA12230ED0104A934200D011
:101A0000ABB93B46324629462046CDE9008900F075
:101A1000E3FF10F1860F0CD13B46324629462046A3
:101A2000CDE90A8903B0BDE8F04300F0D5BF6FF0FF
:101A3000860003B0BDE8F083004E80004B4E80006E
:101A400030B4064C4568B4EB152F02D130BC01F020
:101A50006FB96FF0860030BC704700BF4B4E8000FE
:101A60002DE9F74F0C9CDDE90D5601944468DDE942
:101A70000F7C240ADDE911E8DDE9139A03D0DFF8D1
:101A800030B05C450ED1019CCDE9139ACDE911E847
:101A9000CDE90F7CCDE90D560C9403B0BDE8F04FB5
:101AA00000F08CBD6FF0860003B0BDE8F08F00BF82
:101AB0004B4E80002DE9F74F0C9C4568DFF854B081
:101AC00000940D9CBBEB152F0194DDF850A04FEA5C
:101AD0001524DDE90E67DDE910CEDDE9128903D0BA
:101AE0000D4DAC4200D07CB9019CCDE9139A0D9408
:101AF000009CCDE911E8CDE90F7C0E960C9403B063
:101B0000BDE8F04F00F0BEBD6FF0860003B0BDE849
:101B1000F08F00BF004E80004B4E80002DE9F04159
:101B20004468DDF828E0240ADDE90656DDE9087C92
:101B300003D0DFF82080444508D1CDE909CECDE9B6
:101B400007670695BDE8F04110F03BB96FF08600DD
:101B5000BDE8F0814B4E800037B504464868000A66
:101B600002D0084DA8420AD10698009004F108005E
:101B700010F01CF908B90523236003B030BD6FF0E5
:101B80008600FAE74B4E800037B504464868000AE5
:101B900002D0084DA8420AD10698009004F108002E
:101BA00010F006F908B90523236003B030BD6FF0CB
:101BB0008600FAE74B4E80002DE9F04144681D464F
:101BC000DDE9087CDDE90636240ADDF828E003D0EB
:101BD000DFF82080444508D1CDE909E5CDE9077C4F
:101BE0000696BDE8F04102F03FB86FF08600BDE810
:101BF000F08100BF4B4E800010B50C4C206813F0F4
:101C000022F90B4A1368591C11604BB9094A482044
:101C1000D2F8003443F00703C2F80034E2F73EFC88
:101C20002068BDE8104013F014B900BF200E00205A
:101C3000285600200080045038B5164D286813F04F
:101C400002F9154B1C68013C1C60ECB94820E2F716
:101C500033FC0722114BC3F80823D3F8002422F0E9
:101C60000702C3F80024C3F80041D3F80021C3F8E9
:101C70000441D3F804214FF48072C3F80841D3F82B
:101C80000831074BC3F888212868BDE8384013F0B5
:101C9000E0B800BF200E002028560020008004502D
:101CA00000E100E070B5154D154E2B68B34222D00F
:101CB000FFF7A2FF02F082FE124A134B134952F8BB
:101CC000040B43F8040B8B42F9D102F0C7FE38B184
:101CD0000FF0B6FC0446FFF7AFFF3CB92E6005E0FD
:101CE00001F0A4FB044618B1FFF7A6FF204670BD23
:101CF00010F022FBEEE70024F8E700BF1C0E0020E6
:101D000011736500A092040000C080511CD3805163
:101D100000230B6010F0FF031FD043F0007303F1AA
:101D20007E43053B0E2B18D8DFE803F00817170F8A
:101D3000111315171717170A0A0A0A000C4B0B6024
:101D40000B6893B96FF0850070470A4BF7E70A4BB1
:101D5000F5E70A4BF3E70A4BF1E700F0FE40B0F17C
:101D6000007FEFD06FF0860070470020704700BF03
:101D7000B0A8040090A8040070A8040050A80400B3
:101D800030A80400302817D00DD81238C0B2192856
:101D900006D8012383401D481840A0BBDB071FD491
:101DA0006FF086007047412801D04228F8D1FF2902
:101DB00029D0B1F5E07F07E0B1F5A07F23D009D8A5
:101DC000E02920D0B1F5807F0CBF6FF085006FF067
:101DD00086007047B1F5C07F15D0B1F5007FF3E7FD
:101DE000B1F5C07F0BD006D8E0290CD0B1F5807FCB
:101DF000D6D1074B04E040F209239942E4E7054BB2
:101E00000020136070476FF08500704720022102A8
:101E1000ECA80400E0A80400A0F11203DBB21E2B22
:101E20009DBF0348D84000F001000020704700BF6C
:101E3000210221422DE9F0411D4B94B0D0F80480DD
:101E400006460F4601A8196802F026FEDDE9015496
:101E5000DCB922463146284603AB11F033F904467B
:101E600098B9284611F0D6F8DDE903120346384642
:101E700011F02CF8284611F08EF9284611F078F868
:101E80000446284602F032FE2CB1204614B0BDE8CC
:101E9000F0410FF0D5BB414603A80FF0CDFC03A8DD
:101EA00041460FF0C9FC204614B0BDE8F08100BFE8
:101EB000F8A80400F8B505460E4618461C2117463A
:101EC0001C460FF0B9FC6B6821491A0AB1EB132FBD
:101ED0001BD1204A337822611F4A13F00303E260CA
:101EE00066610CD0023303F00303012B26D86B8804
:101EF0000733DB086360194B23600020F8BD6B8853
:101F00000733DB086360164BF6E7164B9A4212D193
:101F10006A69154B1344022B13D90023224642F859
:101F2000183FC4E9033362616A69104B9A4201D1D8
:101F30002023E7E747B1C4E90067DEE76FF08400DC
:101F4000DCE76FF08500D9E76FF09600D6E700BFB9
:101F50004B4E8000BD2F03007D2E030000000020AB
:101F600040008151004E8000FF3F008004C0FF7F91
:101F700010B51E4C4368B4EB132F4FEA132215D152
:101F800042691B4B9A420CD003F5FF437D33134447
:101F9000012B03D80388B3F5105F24D06FF08600BF
:101FA00019E047F2121302889A42F6E7114B9A425F
:101FB000F4D1028802F44F43B3F5824F0CD1438829
:101FC00044F21210073382424FEAD30301D15B007F
:101FD000013300200B6010BDB2F5885F03D1438848
:101FE0000733DB08F5E70223F3E700BF004E80006C
:101FF00001C0FF7F4B4E80004FF480732DE9F04706
:1020000096B0804603A8039300240FF021FC4FF004
:1020100010091E4E0DF12F0525F01F0506F1200AAF
:10202000012210211A480FF076FB2B19009352461B
:10203000102320211548CDF8049002F083F90746BB
:10204000F8B9D6E90C321034013342F10002302CD9
:10205000C6E90C32E4D1B8F1000F04D02246414663
:1020600028460FF04BFB2E46084C0FCE0FC496E8C7
:102070000F00203584E80F0095E80F00103484E845
:102080000F00384616B0BDE8F08700BF5844002066
:1020900078440020F0B5194D194FAB6B8DB0BB42A1
:1020A00029D0184E306812F0CEFE40230022194687
:1020B00028460FF0B6FB302168460FF0D6FB0446E9
:1020C00078B96846FFF798FF044690B93023024676
:1020D000194668460FF0A5FB01220023C5E90C2331
:1020E000AF63306812F0B5FE20460FF0A9FA0DB0CC
:1020F000F0BD0E24F5E70020F9E700BF58440020AA
:10210000B4A5B4A5240E00202DE9F04F99B00DF12F
:10211000570802F10F0982460E46144628F01F08A0
:102120004FEA191922B100296DD0B2F5803F6AD863
:10213000364F374D386812F086FED5E90C3213431E
:102140000BD15046FFF7A6FF834630B1386812F036
:1021500080FE584619B0BDE8F08FD5E90C2319EB85
:10216000020243F10003B3F5803F14D3302102A8EB
:102170000FF07BFBE8B902A8FFF73EFF834600287B
:10218000E4D130230246194602A80FF04AFB002290
:102190000023C5E90C234FF4807302A802930FF0CB
:1021A00057FBDFF870A03CB92046FFF725FF8346B8
:1021B000CCE76FF0920BC9E7102C4FF001024FF003
:1021C00010015046A14628BF4FF010090FF0A3FAA6
:1021D000102352462021CDE900830D4802F0B2F8C9
:1021E00083460028B2D14A463046414612F048FEA6
:1021F000D5E90C32013342F10002C5E90C32A4EBFF
:1022000009044E44CFE76FF0860BA2E7240E0020AE
:1022100058440020784400200022074BC3F81021C6
:10222000C3F80C21C3F80021C3F80421C3F8082126
:10223000C3F81421704700BF0050045008B5FFF7E1
:10224000EBFF01230360104B0A6832B9D3F80C216D
:102250001AB9D3F80821002AF6D00B687BB90B4BCA
:1022600099420ED0A3F58473D3F80831002B0CBF2C
:102270004FF0FF306FF00200FFF7CEFF08BD0020E7
:10228000FAE74FF0FF30F7E70050045008510450D0
:1022900038B505460C4691B1002101200AF047FBF4
:1022A00008480949C0F80055C0F80445FFF7C6FFC3
:1022B0000021044608460AF03AFB204638BD6FF07C
:1022C0000104FAE70050045000510450034B044944
:1022D000C3F800050348FFF7B1BF00BF005004502A
:1022E000045104500450045010B50446002101204C
:1022F0000AF01DFB064B0749C3F800450648FFF7E7
:102300009DFF0021044608460AF011FB204610BD3F
:1023100000500450085104500850045038B50C4681
:1023200059B1074D0749C5F800050748FFF786FF73
:1023300010B9D5F80835236038BD6FF00100FBE710
:1023400000500450105104500C5004500B4B984254
:102350000BD003F58073984202D0094B98420AD102
:10236000A1F10C03584258417047C81F06288CBF82
:102370000020012070470020704700BF0001500579
:1023800000051005F0B590F89B300446012B85B090
:102390005AD0022B5CD0002B5CD190F84D500268D3
:1023A00029461046FFF7D2FF002846D02B4B9A4211
:1023B0001BD003F580739A4207D0294B9A422CD048
:1023C0006FF002000FF03CF939E094F8585094F89F
:1023D0009A30211D04F1400204F1A00015B910F05B
:1023E000A3F8EFE710F09EF8ECE794F89A3094F831
:1023F00058C0D4E91467211D0093CDE901672B462D
:1024000004F1400204F1A000BCF1000F02D110F071
:10241000A0F8D7E710F093F8D4E794F8585094F860
:102420009A30211D04F1400204F1A00015B910F00A
:10243000BAF9C7E710F0AFF9C4E76FF088000223DC
:1024400084F89B3005B0F0BDA03010F00FF9B9E76B
:102450000020F7E76FF09600F4E700BF0001500599
:10246000000510052DE9FF411546DFF85C800F4699
:1024700003AA414606460FF09EFA1DB3039839465B
:10248000C0F12004AC4228BF2C464044224612F042
:10249000F7FC4FF00108039A002330460A49CDF8B3
:1024A000008022440FF067FA48B9AC4207D00346D7
:1024B000CDF8008030462A1B39190FF05CFA04B0C1
:1024C000BDE8F0812C46E4E7CE7E00202DE9F84FF0
:1024D0008846DDE90AB4914619461388314A24F446
:1024E0007E16964205460DD002F58072964235D092
:1024F000B6F1052F34D02C4A964235D000274FF044
:10250000000C02E0294F4FF4105C9C4543D1BBF115
:10251000200F43D805F1200A5A46504612F0B0FC6D
:102520005A46514648462B1DFFF7C4FC78BB1D4B4D
:102530002F609E4285F8588018D003F580739E4224
:1025400014D0B6F1052F1FD184F0052383F4801336
:1025500033F47E131DD1C4F3054416E0144FD2E7C3
:1025600042F2040C134FD0E7134FC8E784F0AA637C
:1025700083F4807333F47E13EDD084F0AA6383F484
:10258000007333F47E13E6D0002485F89A40BDE84A
:10259000F88F0446F9E76FF08500F8E76FF08600E2
:1025A000F5E700BF000140050006000500015005E9
:1025B0000002500500051005000610052DE9F04F3A
:1025C000FBB00646DDE98BA90F46904600214FF48B
:1025D000EE7203A8899C9B46879D12F078FC00222E
:1025E000A245029249D332463B460121CDE9008BF8
:1025F00003A8FFF76BFF0646002837D1DDE98412F8
:1026000003A8CDE917540FF064F9064670BB039A8E
:102610001B4B9A4221D12A46869903A8FFF722FF35
:10262000064618BB009022468A9B889903A80FF0A3
:10263000A2F90646D0B98A9902ABAAEB040221445A
:1026400003A80FF05BF9064680B9029B2344C9F842
:10265000003030467BB0BDE8F08F01232A4600935E
:102660008699034603A80FF086F9D9E7002303A84B
:10267000C9F800300FF001FAEBE76FF08906E8E7E0
:10268000000150052DE9F04F04469B4689469246CD
:10269000FBB04FF4EE72DDE98687002103A8889E27
:1026A0008C9D12F014FC22464B460021CDE900AB74
:1026B00003A8FFF70BFF044658BB9DF8A620899B93
:1026C0009B1A8B9A2B60934235D8DDE9841203A8BC
:1026D000CDE917730FF0FDF80446D0B9039A174BF4
:1026E0009A421FD13A46414603A8FFF7BBFE044673
:1026F00078B9009031468A9B2A6803A80FF03BF90D
:10270000044630B9296803A831440FF01BF9044688
:1027100020B1002303A82B600FF0AFF920467BB057
:10272000BDE8F08F01233A4600934146034603A8D3
:102730000FF021F9DBE76FF08904EAE700015005AB
:10274000F0B40568049C002D3FD1234D14F47C1691
:10275000046005EA040509D0C4F30546B5F1607FBD
:1027600046602AD10494F0BC0FF0EFBBB5F1607F56
:1027700012D11A4FE5B245F00075BD4202D11025C5
:102780004560EFE705F17E45043D112D01D9466016
:10279000E8E7134E755DF3E7B5F1707F01D0466051
:1027A0000BE00D8805F4E047B7F5005FF7D101268F
:1027B000C5F3022506FA05F545600A4D24F47E149A
:1027C000AC4206D1F0BC00F079B86FF08800F0BCE4
:1027D00070476FF08500FAE70000C07F0300000239
:1027E0008D1305000002C00310B4046884B19AB1CF
:1027F0000C4B2340B3F1607F02D110BC0FF0D1BB72
:10280000094B24F47E149C4208D110BC0FF005BB88
:102810006FF0880010BC70471046FBE76FF0850032
:10282000F8E700BF0000C07F0002C0032DE9F041BF
:10283000046805460F461E4694B3A1B3436893420D
:1028400034D81C4BDFF870802340B3F1607F0DD08B
:1028500024F47E14444512D128460FF04BFB044665
:1028600084B1002333602046BDE8F0810FF007FCFF
:102870002B68044623F47E134345F1D1ECE76FF057
:102880009604EEE705F10C0138466A6812F0F8FA92
:102890006B684FF44371284633600EF0CDFFE2E7DA
:1028A0006FF08804DFE76FF08604DCE76FF08904DF
:1028B000D9E700BF0000C07F0002C0032DE9F0414E
:1028C0000E461D4633881146B3F5105F0446726804
:1028D0002DD10F2D06D8174BB3EB122F04D06FF06C
:1028E000860221E0202DFAD804F5D2772A46384610
:1028F00004F5C47812F0C4FA2A46434639463046F5
:10290000FFF7D8FA024678B9414604F1900001F089
:10291000D3FD024618B1BDE8F0410EF091BE102380
:10292000A360012384F88C301046BDE8F0816FF07D
:102930008502F9E74B4E80002DE9F0410388C76816
:1029400003F44F44B4F5824F08BF1D4603F4E0443E
:102950001F4B18BF002500209E46EDB21E78AE42E8
:1029600024D1D3E9026CD2F80080B4F5804F08BFBF
:102970006646B8F1000F0CD18E420AD1142303FB36
:1029800000E3596811601B7CB3B96FF08500BDE8A6
:10299000F081D3F804C0E04508D18E4202D06FF038
:1029A0008600F4E7142303FB00E3ECE7013013286F
:1029B00003F11403D2D1F2E7422D06D1054B9F4219
:1029C00003D003F20B139F42E9D10020DFE700BFE1
:1029D000BCA50400000800062DE9F74300240646C4
:1029E0009946DDE90A370088884615463C60002B89
:1029F00053D020F0FF00B0F5E24F43D13588718805
:102A000005F44F42B2F5824F1AD1EDB2422D18D8DB
:102A1000402D12D8A5F11202D2B21E2A11D8224896
:102A200040FA02F2D2070CD4CC1DE4086400013451
:102A3000A34206D26FF0890021E0CC1DE408F7E73D
:102A40002546284601AAFFF79DF9C0B97268174BC1
:102A5000B3EB122F24D0123DEDB21E2D20D8144B13
:102A6000EB40DB071CD549460423019A01F8013BE2
:102A7000404602F09DF80EF0E3FD00B93C6003B063
:102A8000BDE8F083B0F5824F0AD19342D2D34846D5
:102A900012F0F6F920463D60F1E76FF08600EEE7B0
:102AA0006FF08500EBE700BFDEFFFFBF004E800048
:102AB000210000402DE9F04F15460022A5B08A46BE
:102AC000DDF8C0B02F99DDF8B88099460646038836
:102AD000CBF800200A60B8F1000F60D04268554C76
:102AE000110AB4EB122F25D107A94769FFF740FA65
:102AF0000446D8B9079B434500F29580FFB22B46A8
:102B000052463946304600F06BFA044670B92F9BA6
:102B10002146CDE9008338464B460BAA00F0C4FCA1
:102B2000044618B9BDF82E30CBF80030204625B049
:102B3000BDE8F08F002979D123F0FF03B3F5E24F10
:102B400017D14388A8450B936DD329460BAAFFF7ED
:102B5000F3FE04460028E9D12B465246414648463A
:102B60000EF04DFED8B10B9BCBF800302F9B1D60B3
:102B7000DCE7B3F5824F59D143880788059307F402
:102B80004F43B3F5824FC368524603934FF0610140
:102B90002B460BA818BF00270EF031FE10B96FF0BE
:102BA0008604C3E7A8453ED32946304605AAFFF769
:102BB000C3FE04460028B9D1F8B21228059E01D000
:102BC000302828D19DF82C10F31DDB085A00042969
:102BD00002F10102E3D19542E1D1174A0399114074
:102BE00041F0106215498A4215D10DF12D020BA951
:102BF000CDE907325A1C0A44CDE90932314606AA0A
:102C0000FFF7C0F808B1044690E7069807A9FFF758
:102C100011F90028F7D12A4648460BA912F030F9DD
:102C2000CBF80060A2E76FF089047FE76FF08504BE
:102C30007CE700BF4B4E80000000FFF60000020959
:102C4000F0B4DFF838C044680588BCEB142F4FEAB5
:102C5000142702D1F0BC0FF0B4BA67B93AB125F02D
:102C6000FF04B4F5E24F06D1F0BC0FF03EBA6FF0AE
:102C70008600F0BC70476FF08500FAE74B4E80008D
:102C80002DE9F8430D461F464168264B9146DDE984
:102C90000828B3EB112F06463ED1048804F44F43B5
:102CA000B3F5824F0CD0B4F5885F0ED14A46294661
:102CB000384612F0E5F80020C8F80090BDE8F88327
:102CC000E4B2422CF2D0122CEFE773880733B2EB58
:102CD000D30F4FEAD30922D3134E306812F0B3F862
:102CE000284600F0CBF8044630B94A4638460F492A
:102CF00012F0C6F8C8F80090284600F05FF90546C3
:102D0000306812F0A6F8002D08BF2046BDE8F84351
:102D100018BF01200EF094BC6FF08B00CEE76FF06F
:102D20008900CBE74B4E8000280E002000000020D9
:102D30002DE9F04F0E461F4641682A4B87B0B3EB92
:102D4000112F0446DDE910AB48D1038803F44F414D
:102D5000B1F5824F02D0B3F5885F0ED105AB2046A6
:102D6000CDE901B331463B46CDF800A0FFF7A2FE06
:102D70000446204607B0BDE8F08FDFF86C80B0F85D
:102D80000290D8F8000012F05EF8304600F076F8B5
:102D90000546F0B905AB09F107022046CDE901B3BC
:102DA00012493B46CDF800A0D208FFF783FE044647
:102DB000304600F003F90646D8F8000012F049F852
:102DC00056B9002DD5D0284607B0BDE8F04F0EF01B
:102DD00037BC6FF09204EBE70125F4E76FF08B044A
:102DE000C7E700BF4B4E8000280E002000000020E7
:102DF00030B5ADF2646D1A2205460C460DF10E0099
:102E0000002112F064F84FF41053ADF80C30184B59
:102E100000210893174B4FF4C7620AA8049312F0DD
:102E200056F84FF008210AA800F054FEE8B903460E
:102E3000009040F2011103AA0AA80FF002FBA0B90A
:102E4000032340F201210C4A0AA800F0A5FE60B954
:102E500010232A4640F206210AA800F09DFE20B960
:102E6000202221460AA800F0CDFF0DF2646D30BD8E
:102E700002C0FF7F03004E809F130500F0B503786A
:102E8000064603F00303022B9DB018D0033303F072
:102E90000303012B11D86FF021000CE0707820445F
:102EA000FFF714FA00285CD101343378C3F38203AE
:102EB000A342F3D800201DB0F0BD0024F5E70BAF0E
:102EC00039464078FFF72AFA04460028E3D13578DE
:102ED000C5F38205AC4222D3182200210EA811F0BE
:102EE000F6FF4FF41053ADF834304FF480731E4E9C
:102EF0004FF400710DA8ADF8363010960FF09DF923
:102F000032231A4C00211C2215A8149311F0DFFF64
:102F1000204614A9FFF76CFF40B10E20CBE7707874
:102F20002044FFF7D3F9E0B90134D0E70CAB0893A4
:102F30004023CDE9064304F1100304930423CDE9B3
:102F400002730C23013D2D01CDE900430C90334663
:102F50002022059514A90DA8FFF794FB0028AAD0FC
:102F6000DBE70220A7E700BF0002500500000020B9
:102F70004029F8B505460E4618D80E4F386811F0AE
:102F800062FF2846FFF77AFF0EF05AFB044640B96D
:102F900009493246284611F073FF402106480EF0D9
:102FA0004BFC386811F055FF2046F8BD6FF08904DE
:102FB000FAE700BF280E00200000002008B50378C3
:102FC0009B0705D0054840210EF036FC002008BDC7
:102FD0000FF0B2F90028F5D00220F8E70000002039
:102FE0002DE9F04F88460021B5B0044617461DA8CC
:102FF0005C220B931C9111F06AFF0FF07AF90546E1
:1030000080B9064661690C90C1F3013262F305167E
:103010008DF8306016F0300608D1A368980710D0FC
:103020006FF08605284635B0BDE8F08F102E08D128
:10303000BDF8323023F4F87343F4A873ADF832309E
:10304000DCE0E368A448834200F0988024D8A348D9
:10305000834200F097800AD8A148834200F09A800A
:10306000A048834200F09280C9B2F82910E09E483F
:1030700083427FD09D488342F6D101219DF83230B2
:1030800061F303038DF8323042F204032188994240
:1030900032D06FF08505C5E7954883425FD009D8E7
:1030A0009448834257D094488342DDD104219DF84F
:1030B000323057E09148834205D0914883426DD029
:1030C00090488342D0D1238803F44F41B1F5824F19
:1030D000DFD1D9B21229DCD1A16811F4A05F04D1EB
:1030E00023F0FF03B3F5E24FD3D00B219DF832302C
:1030F00061F303038DF8323000234FF0010B9E463D
:1031000019461846D4F808C0DFF8FC9159F804AB0A
:103110001CEA0A0F08D00BFA00F343EA0E0303F08F
:103120007F0E012341EA0A0101300728EED12BB1BD
:103130009DF833306EF347038DF833303CEA0101DC
:10314000A7D16388FF2B65D03BD8802B64D0C02BE0
:103150009FD102233AE002219DF8323090E703210B
:103160009DF8323061F303038DF832302388B3F5D4
:10317000105F8DE705219DF83230F3E706219DF8B9
:103180003230EFE707219DF83230EBE709219DF857
:103190003230E7E70D219DF83230A9E7A3685904E2
:1031A0007FF577AF238803F44F41B1F5824F7FF469
:1031B00070AFDBB2122B7FF46CAF0E219DF8323072
:1031C00096E7B3F5807F7FF464AF04239DF8321057
:1031D00063F306118DF832101EB91CF0030F7FF453
:1031E0001FAF2379022B24D018D8012B7FF418AFFE
:1031F000BDF8321063F3C811ADF83210012A38D08F
:103200001CD90B9B412B29D1402301370B93DFF8AD
:10321000FC9034E00323D9E70123D7E7032B02D046
:10322000FF2B7FF4FDAE0221BDF8323061F3C813ED
:1032300004E7BDF8323043F4C073FFE62388B3F5EA
:10324000105F7FF426AF0B9B23F00802102A02D0F8
:10325000202B7FF4E5AEDFF8B89010E0103B102B88
:103260003FF6DEAE2B4A22FA03F3DB077FF5D8AE3A
:10327000CDE70B9B302B7FF4D3AEDFF89C90202E54
:10328000DDF82CA06ED13946002720AC52462046EE
:1032900011F0F6FD1C22394615A8149711F017FEFF
:1032A000182239460EA811F012FE4FF410524FF4B6
:1032B00080710F4B0DA80DF1700BADF83420ADF8F7
:1032C000361010930EF0B9FF102259463846FEF71B
:1032D0001BFF18B30546A5E60010C00400404004DB
:1032E000090080030002C003004440040001800480
:1032F000000250050005100500015005FF060006FC
:10330000000002090906000638A70400000000209A
:10331000400081510101010010840450584614A955
:10332000FFF766FD0028D5D10BAB089350230AF1B7
:103330000F0ACDE906432AF00F03CDE90443042325
:1033400003930CAB02930C233246CDE900B314A9CE
:10335000354B0DA8FFF732F90028BBD15F460B9B18
:1033600010330B934FF0000A0B9C0F342609B24523
:1033700016D11F2C1DD81C22002114A811F0A7FD66
:103380004FF0000B4FF0FF3AB34519D11F2C7FF6D9
:1033900049AEBA20FEF7A8FF00283FF443AE33E061
:1033A00008EB0A000EF08BFA00283AD00AF1010A65
:1033B000DDE7514640460EF084FF0028DBD089E768
:1033C00009EB0B124FEA0B131992BBF1000F1ED140
:1033D0000C9A1A92BDF832203B44C2F3C1121892E3
:1033E0000DF1500C03F1100E62461868596808334D
:1033F00003C273459446F7D114A908EB0B00FEF7FE
:1034000047FF38B10EF075FF6FF092050AE6CDF870
:1034100068A0DFE71C2114A80EF00EFA0BF1010BD7
:10342000B2E76FF08A05FDE50002500510B590B0D7
:103430001C22002101A811F04AFDF8200EF03FFAED
:1034400008B3202200200DEB0201FEF75DFE0446CA
:10345000F8B901A84FF480710EF0EFFE0E4B0F4942
:1034600004930F4BCDE901130E4BF8210693202353
:103470000DEB0302FFF7B4FD202104460DEB010024
:103480000EF0DAF905E0F9200EF019FA0028D8D18B
:103490000446204610B010BD0010C00400240001F6
:1034A000014B4E80F800FF7F2DE9FF41884601A9BE
:1034B000064614461D460A9F0EF0E8FE48B9B6F1CE
:1034C000F80348F1FF38022B78F1000804D26FF0BE
:1034D000860004B0BDE8F0810EF00BFF0028F8D1A3
:1034E000002CF4D09DF8041011F00F0240F0CE80B3
:1034F000BDF80630C3F3C113013BDBB2022B00F26F
:10350000C8806A4801F03001C05C694B102943EA69
:103510000003636039D1674B2360204602A9FEF7A0
:1035200027FD0028D5D1029BBB4200F2BB8044F2AC
:10353000121221880198914204BF042205F8012B40
:103540000B9A214613609DF804302A78C3F30113C7
:1035500063F301022A7003AA08BF07F1FF370EF0D8
:1035600076FE0028B5D12B78039A6E7062F384033F
:103570002B70238803F44F42B2F5824F40F08180D4
:1035800039462846FFF7F4FCA3E7134690469DF81A
:1035900007104948490899B9204641460EF04DFEAA
:1035A0009DF8060000F00F03013B0D2B77D8DFE8F4
:1035B00003F04B122024282C30763476387643479B
:1035C000CA0705D5062B67D850F8232048EA020819
:1035D00049080133DFE742F20403384AE260C0F3EE
:1035E0000212013A2380032A34D8DFE802F0314383
:1035F00045474FF41053324AF0E74FF41053314A25
:10360000ECE74FF41053304AE8E74FF410532F4AD9
:10361000E4E74FF410532E4AE0E74FF410532D4ADD
:10362000DCE744F21212A36813F4A05F47F212130E
:1036300008BF1346284AD1E74FF48853274ACDE7FD
:1036400047F21213264AC9E742F20403254AC5E7A6
:10365000802262809DF8042012F0300F7FF45DAF6D
:10366000B3F5105F03D118F0030F3FF456AF6FF0BE
:1036700096002EE7C022ECE7FF22EAE74FF48072C3
:10368000E7E7B3F5885F7FF424AF79E76FF0880050
:103690001FE76FF091001CE76FF0830019E76FF0F0
:1036A000920016E76FF0890013E700BFA31305002F
:1036B000004B4E800110800138A704000005100562
:1036C0000002500500015005004440040010C004F1
:1036D000004040040002C003FF060006090080030A
:1036E0000000020900018004F8B51C4683880646E4
:1036F000802B174602D0B3F5807F6CD140F20123B6
:1037000099425DD00AD840F20113994225D040F287
:103710000313994211D06FF086000DE0B1F5017FDF
:10372000F9D1802C5AD82246394606F5956011F019
:10373000A7FBC6F828450020F8BD3368294A23F0C6
:10374000FF039342E7D1B4F5807F47D8224639463C
:1037500006F2A23011F094FB27E0B4F5827F3DD849
:103760003368204A23F0FF03934221D1802CD2D822
:10377000D6F8A45406F5687335B92946184622468A
:1037800011F0A5FB2546034600216ABAA6F8A0233E
:10379000281D721982F8A21382F8A34339462246E3
:1037A000184411F06DFB04342C44C6F8A444C2E75D
:1037B0000D4A9342AFD12246394606F56870C9E7F3
:1037C000802C0BD82246394606F22C5011F058FBBB
:1037D000C6F8AC45AFE76FF08800ADE76FF08C003E
:1037E000AAE700BF0003000800020008F0B58BB094
:1037F000154606460F461822002104A811F067FB63
:103800004FF6F8724FF4A053B2EBC50F4FF6FF72AC
:1038100005934FEAC50338BF13463468ADF80E3040
:103820000B4B3A469C4215BF4FF488534FF410534C
:10383000E4B2084C18BF44F06074ADF80C3000944A
:103840002B4603A906F194000EF0B0FA0BB0F0BDC0
:10385000000280080002C003F7B51D4683881646A3
:10386000DA06044640F18A80132B00F0878040F28C
:10387000022291420CD040F20322914200F08B8050
:1038800040F2011291420FD06FF0860003B0F0BDFC
:10389000102B73D12A463146FFF7A8FF0028F5D137
:1038A0001123A3800020F1E70022102B019263D1A5
:1038B00000F2A137802138460DF0BEFF2278DAB140
:1038C00042F0007202F17E43D91E02294AD9A3F1C7
:1038D0000801012946D90A3B032B45D9384B9A42A6
:1038E00044D001339A4243D001339A4242D001334B
:1038F0009A420CBF4822002239462046FFF776FF45
:103900000028C3D104F194072A4631463846FEF711
:103910006BFF0028BAD112232278A38004F2A131D0
:10392000DAB142F0007202F17E43D81E022828D993
:10393000A3F10800012824D90A3B032B23D9204BEB
:103940009A4222D001339A4221D001339A4220D0A8
:1039500001339A420CBF48220022384601ABFEF7E1
:1039600065FF93E74022C7E78022C5E79022C3E7BF
:103970008822C1E76822BFE7112BC3D06FF088000F
:1039800084E74022E9E78022E7E79022E5E7882202
:10399000E3E76822E1E790F82835002BEED1802D8F
:1039A0000BD82A46314600F2A14011F069FA0123F2
:1039B000C4F8245584F8283574E76FF08C0065E767
:1039C000100000022DE9F3410478064664B33F4B32
:1039D00044F000749C4260D004F17E43043B012B10
:1039E0005DD93B4B9C425CD001339C425BD00133A0
:1039F0009C425AD001339C4259D001339C4250D052
:103A000001339C424FD003339C424AD001339C4245
:103A100049D001339C4248D001339C4247D0023305
:103A2000E31A5C425C41A40100232246304606F2C0
:103A3000A1310193FFF7DAFE0546002842D196F83E
:103A4000A03306F19407A3BB96F8A03338460133A0
:103A5000D6F8242586F8A03306F2A141FEF7C4FE6D
:103A6000054678BB0122384606F56871FEF7BCFEB4
:103A7000054638BB06F2214822464146384601AB8E
:103A8000FEF7D4FE0546E8B92246414606F110008D
:103A900011F0F6F986F8904014E01024C4E71424DD
:103AA000C2E71C24C0E72024BEE73024BCE7402442
:103AB000BAE72246384606F22141FEF795FE054652
:103AC0000028C1D0284602B0BDE8F0810300000202
:103AD000080000022A4A21F49F6323F0070393425F
:103AE000016015D1274BC9B241F0007199422ED027
:103AF00001F17E41043911293FD8DFE801F018189F
:103B00003E3E2A2224262A223E3E2A2224263E26E1
:103B10001D4A21F0FF039342E4D01C4A91421AD17E
:103B200000232022C0E902234FF4007306E014238F
:103B3000C3EB032383600023C36010238380002032
:103B400070472023F4E73023F2E74023F0E7102307
:103B5000EEE71C23ECE70E4A934208D180234FF096
:103B6000FF3283804FF0FF33C0E90223E7E7094AC1
:103B7000934202D14FF48073F1E76FF085007047F4
:103B80000001000803000002000400080906000804
:103B900000020008000300082DE9F0410668DFF884
:103BA000B88026F0FF0EC64504468C4615461F46D3
:103BB00003D008F54078C64507D13B462A46204643
:103BC000BDE8F0416146FFF747BEDFF89080C6458B
:103BD00010D140F201139942EFD1802F30D83A46EC
:103BE000294600F2A13011F04BF91223A3800020E6
:103BF000BDE8F081DFF868C0664516D18388B3F56B
:103C0000007F20D140F20123412F83801ED1137801
:103C1000042B1BD1531C00F56874213553F8042B79
:103C2000AB4244F8042BF9D1E1E70E4D26F4FF74C2
:103C300024F00104AC420CD1BDE8F041FFF754BDC3
:103C40006FF08C00D4E76FF08800D1E76FF086004A
:103C5000CEE76FF08500CBE7000100080005000803
:103C600009060008000200082DE9F04700241D465F
:103C7000604F0388B4B088469146DDE93F6203F4A3
:103C80004F41174022F00042B1F5824F22F47F02EB
:103C900018BF2346B2F1106F4188574A346047F08D
:103CA00010670AD197420AD1028822F0FF02B2F5CA
:103CB000E24F0CD06FF0860006E0974202D04F4BE7
:103CC0009F42F7D16FF0850034B0BDE8F087DFB2D6
:103CD000384602AAFEF756F8824600286FD1029BAA
:103CE0005C684C45E6D13846FEF796F80028E9D0E6
:103CF00012AB1022CDE90B34514623AB0EA80D9325
:103D0000CDE90348029F0A9411F0E1F83C9A630060
:103D100001339A42CED12B78042BCBD13E9B9C42CF
:103D20004AD86B1CCDE90E43631C1D4438460EA9CE
:103D3000CDE91045FEF77EF80028C5D14FF00A08FE
:103D40002F4B1B680193019905A800F0A5FEDDE942
:103D500005542CBB22463946284607AB0FF0B2F972
:103D60000446E8B928460FF055F90446024607997B
:103D700003A80FF082F8DDE9081223460EA80FF021
:103D8000A5F828460FF007FA28460FF0F1F8044688
:103D9000062C284615D100F0A9FEB8F10108D2D1B1
:103DA000DDE90A100DF048FDDDE90C100DF044FDD1
:103DB00020460DF045FC87E76FF0890084E7204638
:103DC00082E70FF063F9074628460FF023F90AABA4
:103DD0000246D7E900010FF069F8284600F086FE98
:103DE000002CDDD10A9A3D990AA80FF046F80A9BEB
:103DF0003360D5E70000FFF600000209000001096A
:103E000010A904002DE9F04305680E4617465149F4
:103E100025F49F6222F007028A42044685B025F00D
:103E2000FF0318D18288112A1BD990F82825C2B126
:103E300013228280484A934237D11323EDB2A380E4
:103E4000464B45F000759D420ED11022BA4214D95E
:103E50006FF0890026E0404A934215D18388112BE8
:103E6000EBD86FF088001DE005F17E45043D112D73
:103E700002D83B4B5A5DE9E70022304604F2A131FB
:103E800010F0FEFF00200DE0364A954225D06FF479
:103E900081610A44934232D002F58072934233D05A
:103EA0006FF0850005B0BDE8F0832F4A934226D01D
:103EB00002F58072934227D0DFF8B090D4E9023245
:103EC000BB4272F1000142D3DB1B62F10002C4E984
:103ED000023204F11008F7B9D4E7202203AB0193B2
:103EE00000F568713346224800920DF026FB002849
:103EF000D8D1039B202B18BF6FF09200D2E781230B
:103F0000DFF87090A380D9E740F20113F8E720466C
:103F1000C8470028C6D194F89050002DF7D0BD4274
:103F200028BF3D4630462A46414610F0A9FF94F886
:103F300090202E44521BD2B27F1B84F89020002A7E
:103F4000C9D0404608EB050110F0A7FFC3E76FF0AA
:103F50008E00A7E70001000800040008030000022B
:103F6000A61305000906000800020008C539030071
:103F7000090000026723040010B50368074A23F014
:103F8000FF039342044602D194300DF013FF204604
:103F90004FF4C7610DF050FC002010BD0001000877
:103FA0002DE9F041044690461F460D4619B10A68B6
:103FB0008B681AB953B96FF021064BE033B94B68DF
:103FC00023F00802102A01D0202B46D101232046DD
:103FD000A376E5610EF07CFA064600283AD1214628
:103FE0001F4B41F8843BA868112382068001C0B2B0
:103FF00002F0E042024342F4804204F1200000F06B
:10400000A9FAAB687BB9636A2A681A606B68626A4E
:1040100043F0005393602268636A92685268DA60E2
:10402000636A10336362636A0E4AC3F80080636A8E
:104030009A602268636A92689268DA60636A277697
:10404000103363620023C4E9023363612361236890
:10405000DB6863603046BDE8F0816FF04106F9E748
:104060007CA704000C000020F8B504461F460E464D
:1040700019B18B68096819B953B96FF0210550E07F
:1040800033B9736823F00801102901D0202B4AD1DD
:10409000FB074BD43B1F0C2B48D8D31F062B48D80B
:1040A000C2F10F02D2B2082A03D0069BD200D3403D
:1040B00042D101232046A376E6610EF009FA0546B7
:1040C00000282ED121461E4B079841F8843BB36847
:1040D0009A0602F0E0429B010243DBB21A4342F42B
:1040E0000052112304F1200000F034FAB3687BB9C8
:1040F000636A32681A607368626A43F000539360BF
:104100002268636A92685268DA60636A1033636295
:104110000023C4E902336361236123682776DB68E7
:1041200063602846F8BD6FF04105FAE76FF042057D
:10413000F7E76FF04305F4E76FF03F05F1E700BFE5
:1041400054A7040070B590F8203004460D46002BAB
:104150005CD003685A68052A0DD1016B9A69114237
:1041600009D0C2683AB982682AB90EF0A3F90028CA
:104170004FD0012070BD5A6AD4E904100E1896423F
:1041800007D220460EF096F90028F2D16FF0020017
:10419000F0E71B6904F1F402984770B1E36A626AC0
:1041A000C4331360636A1C4A9A602268636A926827
:1041B0005269DA60636A1033636220460EF066F972
:1041C000A26A237E1560A26A217E0F339160A26AE3
:1041D00023F00F0302F11001A162217E99420AD05F
:1041E00000211161217EA26A5B1A43F08043936033
:1041F000A36A1033A362002504F12000B621656094
:1042000004F184020EF0D7FA2846B3E76FF02000DD
:10421000B0E76FF05300ADE71000002070B590F8E4
:10422000203004460D46002B00F0838003685A6856
:10423000052A0DD1016B9A69114209D0C2683AB9B9
:1042400082682AB90EF036F9002875D0012070BDB9
:104250005A6AD4E904100E18964207D220460EF08E
:1042600029F90028F2D16FF00200F0E71B6904F190
:10427000F4029847636A002837D0E26AC4321A60B1
:10428000636A2F4A9A602268636A92685269DA60A8
:10429000636A65601033636220460EF0F7F8D4E974
:1042A0000A12C432237E0A60A26A217E0F33916013
:1042B000A26A23F00F0302F11001A162217E99424C
:1042C0000AD000211161217EA26A5B1A43F080436B
:1042D0009360A36A1033A36204F12000B62104F1B5
:1042E00084020EF068FA0020B1E7226892689269B1
:1042F00002F0C002C02A02BF53F8042C42F0200290
:1043000043F8042C626A237E15600F33626A23F03F
:104310000F0343F0005191602268207E9268616A29
:1043200092691B1A42EA0323CB60636A103363620B
:10433000B2E76FF020008AE76FF0530087E700BF15
:10434000100000202DE9F3411D464FF48073284CE6
:104350008046002017460E46019300F0B9FA01ABE3
:1043600023601123234A0121C4E9022304F110032D
:10437000636040F61103E36104F1200363612123CC
:10438000089AE3621C4B46F000561A60099A45F001
:10439000005542F00052C3E901122022C4F81080F7
:1043A000A6612762A5626162DA60BFF35F8F4FF09A
:1043B000A3421460BFF35F8FBFF35F8F1361BFF33E
:1043C0005F8FBFF35F8F03235363BFF35F8FBFF331
:1043D0005F8F9363BFF35F8F0EF061FA431C044657
:1043E000FAD0002000F09EFA204602B0BDE8F0812D
:1043F0003C560020040000202C5600202DE9F041FE
:1044000098464B680446202B0E46174648D1002597
:10441000C16185760EF05CF82146234B424641F897
:10442000843B04F12000142300F094F83268636A9E
:1044300028461A60636A1D4A9A602268636A926815
:104440005268DA60626A02F1100363624FF08073AF
:10445000C4F80431E36AD4331361636A144A9A607E
:104460002268636A92689268DA60636A03F11002F4
:1044700062621F61636A0F4A9A602268636A926887
:10448000D268DA60636A10336362069B237623681E
:10449000DB68C4E90355C4E901356561BDE8F08115
:1044A0006FF04100FAE700BFC0A704002000002021
:1044B000040000200C00002070B504460D4619B120
:1044C0000A688B681AB953B96FF021063BE033B91B
:1044D0004B6823F00802102A01D0202B35D120464A
:1044E00025610EF036FB064600282CD1184B04F14E
:1044F0007801236001236360AB6804F114009A061D
:104500009B01DBB202F0E0421A4342F480321123F5
:1045100000F020F8AB6893B92A68A3691A606B6849
:10452000A26943F0005393602268A369926992687C
:10453000DA60A3691033A36163680133636000220A
:104540001023C4E90223304670BD6FF04106FAE73C
:1045500004A80400026100F11402826000F110025C
:104560004160C2600A604268034991604268D3605A
:10457000436810334360704704000020C36870B57F
:104580007BB9C36900F128021A60C369454A9A6081
:104590004368C269DB6843F48063D360C369103346
:1045A000C361836A9B052FD40368C268DD6800F18C
:1045B000EC04302D34BF082610261D6901366B1E11
:1045C0001340EB1AB34238BF5B191C44D50004F802
:1045D000015C03F1EB045209044400F1ED05A5422E
:1045E0005CD1802280F8EC20426AC469C432226027
:1045F000C26993604468C269E468D460C2691032D9
:10460000C26102691A4402610269C469D31C23F0C1
:1046100003039B1A54F8042C42EA032244F8042CA6
:10462000C26952F8084C234443F0005342F8083C56
:10463000026A0368DB6811600168026AC9680333B3
:104640009160026A23F0030302F110010162016824
:10465000C96899420BD0002111610168026AC968DA
:104660005B1A43F080439360036A10330362836AEA
:1046700013F4806311D102685169D26891420CD061
:10468000026A13600268016A5369D2689B1A43F098
:1046900080438B60036A1033036270BD04F8012D00
:1046A000120A9CE704000020B1F5DE7F70B50546D4
:1046B0001BD303681C6814F0400419D100F11806DC
:1046C000304600F005F929460B4B30466B6051F837
:1046D0007C2B13231268FFF73DFF084B20466B61CC
:1046E0000123C5E90344AB6070BD6FF02200FBE716
:1046F0006FF00200F8E700BFD0A804007D4503007A
:10470000BFF35F8F094A1368BFF35F8F43F4807173
:10471000BFF35F8F1160BFF35F8F23F48073BFF32C
:104720005F8F1360BFF35F8F704700BF0010805131
:1047300008B5FFF7E5FFBFF35F8F064A1368BFF3C5
:104740005F8F43F00103BFF35F8F1360BFF35F8F91
:1047500008BD00BF0010805170B50026C0E900669A
:1047600005460C46FDF748FA01232B70FFF7C8FFFA
:10477000BFF35F8F204BDB68BFF35F8F9B08013B6C
:10478000ACB3226842B19A4205D9FDF755FA6FF0F1
:104790003F002E7070BD1346D4E90115E068002972
:1047A00008BF4FF40071002808BFF1202469BFF34F
:1047B0005F8F114A9360BFF35F8FBFF35F8F156404
:1047C000BFF35F8FBFF35F8F5064BFF35F8FBFF3A3
:1047D0005F8F5163BFF35F8F44F4802444F0010482
:1047E000BFF35F8F1460BFF35F8F0020D2E74FF4F9
:1047F0000071F1202546DAE70010805170B503788A
:104800000D461446002B53D0BFF35F8F2D4A136B18
:10481000BFF35F8F5908C3F34203052B4BD011F050
:10482000060F02D14FF0FF3070BD4368D3B9BFF31C
:104830005F8F5368BFF35F8F032BF3D9224B23495C
:10484000BFF35F8FD2F88060BFF35F8FBFF35F8FDE
:1048500043F8046BBFF35F8F8B42F1D1FFF768FF22
:1048600001234360BFF35F8F164B9A68BFF35F8FDE
:104870000132B4EB021F21D8BFF35F8F5A68BFF338
:104880005F8FB4EB820FCDD884B1BFF35F8FD3F8C5
:104890008020BFF35F8F291D05F8012B8D424FEA61
:1048A000122204F1FF34EFD0002CF5D10020BBE739
:1048B0006FF02000B8E76FF05100B5E76FF03F00F0
:1048C000B2E700BF001080511010805120108051BD
:1048D00010B50446FDF790F9104B186810F0B3FAC4
:1048E0000CB101232370BFF35F8F4FF0A34300226D
:1048F000DA61BFF35F8FBFF35F8F4FF0FF321A6350
:10490000BFF35F8FBFF35F8F3422DA61BFF35F8F36
:104910000122034BC3F8042310BD00BF280E002062
:104920000080045010B5044638B9FDF785F9BDE89C
:104930001040074B186810F08CBA03783BB1FDF7B4
:104940007BF9034B186810F084FA0023237010BD24
:10495000280E002038B5164CD4F80051C5B1BFF36D
:104960005F8F4FF0A343996ABFF35F8FBFF35F8FF1
:104970004FF0FF321A63BFF35F8F0023C4F800319A
:10498000D4F800310B4B1868BDE8384010F074BA09
:10499000D4F8083153B100F0A5F80EF0E1FAC4F8EC
:1049A0000851D4F808310121034BECE738BD00BFB2
:1049B00000800450300E00202C0E002008B5074B5C
:1049C000186810F048FA064B186810F044FABDE871
:1049D0000840002248201146DFF782BD300E00203B
:1049E0002C0E002038B5094B1C7864B1084B4FF0F1
:1049F000FF311D68284610F030FA4FF0FF310446B1
:104A0000284610F037FA204638BD00BFC97E002086
:104A1000300E002038B5074B4FF0FF311D68284697
:104A200010F01BFA04464FF0FF31284610F022FA2E
:104A3000204638BD2C0E002010B5064C236D3BB926
:104A4000214651F8503B98690EF0B2FB01232365D3
:104A5000014810BD6C560020BC56002038B500241B
:104A60000B4D0C4BEC662B6003F5C0436B60FFF7FE
:104A7000E3FF50B16B6D2046B3F5007FCCBF4FF420
:104A800080634FF40073AB6038BD0E20FCE700BFBD
:104A90006C5600200020805170B50E460E4B0F4C16
:104AA0000546186810F0CFF9C4E90464FDF7A4F8CE
:104AB00004220B4BC3F8042320460EF042FA38B907
:104AC00020460EF043FA18B9C5E90040284670BDEB
:104AD000FFF7A0FFF0E700BF340E00206C56002067
:104AE00000800450004870476C5600200422084B98
:104AF00010B5C3F808230446FDF79EF80023236190
:104B0000A364044BBDE81040186810F0A2B900BFC0
:104B100000800450340E0020244B0340B3F5806F16
:104B20002FD017DC402B2ED008DC102B2DD0202BC3
:104B30002DD0181E18BF012040007047B3F5807FAC
:104B400027D0B3F5007F26D0802B08BF0B2018BFDD
:104B500002207047B3F5804F1FD00ADCB3F5805FA9
:104B60001DD0B3F5005F1CD0B3F5006F08BF062061
:104B7000EDE7B3F5004F16D0B3F5803F08BF032033
:104B8000E5E7112070470A2070470C207047092084
:104B90007047082070470720704714207047052091
:104BA0007047042070470F20704700BFF0FF0100DE
:104BB0002DE9F0431E4B87B081460F4601A81968C6
:104BC0001646D2F80480FFF767FFDDE901545CBBAD
:104BD00022463146284603AB0EF074FA044618BB51
:104BE0004246494603980EF09EF9DDE9042331461A
:104BF00028460EF039FA28460EF0CDFA28460EF077
:104C0000B7F9044680B928460EF040FA42460168DA
:104C10000646384610F034F942467168B81810F06C
:104C20002FF92846FFF762FF204607B0BDE8F08362
:104C300010A9040070B50F4E0F4C0546306810F0F7
:104C400002F9206830B980220C49FDF75DFA70B98D
:104C5000202323602368094A013B2360002452F883
:104C600023202A60306810F0F4F8204670BD02243A
:104C7000F8E700BF380E0020DC560020E056002088
:104C800070B586B0CDE9043205460E4610460021C7
:104C900010221C4610F01BF904AB0393064BFF22B5
:104CA000029300233146CDE900332846E3B20EF0EB
:104CB00001FC06B070BD00BFE33204002DE9F84FDF
:104CC0004FF0000A07468946164698465546544610
:104CD000DDF828B05C4516D2002318F8040020281F
:104CE0000CD0ABEB0402012A41D00D283FD108EBD8
:104CF000040252780A2A6ED10134EBE70134A3454D
:104D00004FF00103E9D1A5EB0A0303F00303012BE4
:104D100030D0AA072ED1AD0805EB4505A5EB0A0555
:104D20003560B5BB002508EB040929463C46DFF891
:104D3000BCA0C14508D018F8010BA0F10A03DBB2F2
:104D4000162B2CD93D282ED1032D3DD12346C1F35E
:104D50008F2203F8022BC1F3970161701C46336860
:104D6000E41BA34214BF6FF06D00002004E00A288A
:104D7000C2D01BB16FF02B00BDE8F88F0106F9D44B
:104D80003D282AD10AF1010ABAF1020FF2D8013501
:104D9000B2E70FB14D45C5D96FF02900ECE74AFAEB
:104DA00003F3DB07C5D54FEA811B0EF0F1FC01359B
:104DB000042D40EA0B01BCD10B0C23700B0A63706D
:104DC000A17000250334B4E7022D04BFC1F30F1115
:104DD00004F8011BC3E7002BCCD1BAF1000FC9D1F5
:104DE0000EF0D6FC0028D2DAC4E700BFF6FFBFFF02
:104DF0002DE9F04F834699B00F461846002116461C
:104E000003930EF059FF002800F08981002401254A
:104E1000774B30461493039915ABCDE90B45CDE99B
:104E20000D45CDE90F45CDE9114513930EF0CDFEAB
:104E3000A04228DABBF1000F05D1E7B900242046D3
:104E400019B0BDE8F08F214658460EF046FE0446E4
:104E50000028F2D00BA80EF064FD0DA80EF061FD45
:104E60000FA80EF05EFD11A80EF05BFD0C2115A839
:104E7000FBF724F9E3E7314638460EF0F9FD044626
:104E80000028E7D1DAE731460BA80EF0F1FD044621
:104E90000028DFD103990DA80EF0EAFD0446002892
:104EA000D8D1F1880FA80231ADF83850ADF83050A4
:104EB0000EF045FD04460028CCD101460FA80EF0A7
:104EC0000CFE04460028C5D1F18811A802310EF06D
:104ED00036FD04460028BDD10DA80EF02AFE00F0D4
:104EE0001F001F2873D0C0F11F0319460BA80193A0
:104EF0000EF045FE04460028ACD101990DA80EF035
:104F00003EFE04460028A5D1BDF83250BDF83A80D7
:104F10000DA8A5EB080A4FEA4A1949460EF02FFEE4
:104F20000446002896D14FEA8A0A0DA90BA80EF074
:104F30007BFE00284DDA49460DA80EF03DFE0446E2
:104F4000002887D108F1FF3305939B0005F1FF3A54
:104F5000069305F1804508F18043023B013D9B002B
:104F6000A5EB08050893AB000293059B9A4541D831
:104F7000BBF1000F0DD058460FA90EF079FD0028A7
:104F800040F0C980039AB388928813FB02F3ABF810
:104F90000430002F3FF45EAF01990BA80EF00CFE19
:104FA000002840F0B880B3880BA93846ADF83030FF
:104FB0000EF05EFD0146002840F0AF8038460EF04E
:104FC0007BFE00287FF446AF0123BB8042E70194BB
:104FD0009AE70F9A0BA952F80A300846013342F8B3
:104FE0000A300DAA0EF04DFF044600289DD031E78F
:104FF000010003000D9B069A04931344DDF82C90E6
:105000000793049B4FEA8A089A5859F82A10A8F186
:1050100004030F9D0993029B91421D4476D2A8F18F
:105020000400002359F80000D5F754FD002914BFEF
:105030004FF0FF330346BAF1010F2B600EBF002380
:1050400009EB080353F8083C1593A8F1040359F839
:105050000330169359F80830DDF8108017932B6849
:1050600001332B60089B98442B680021013B2B6087
:1050700011A80EF032FD00284DD1059B002B48D021
:10508000D8F80020119B11A91A60079A08461268E7
:105090005A602A680EF095FF00283CD113A911A888
:1050A0000EF0C2FD0028DFDC2A680DA911A80EF061
:1050B00088FF80BB029B11A84FEAC30841460EF04F
:1050C0005EFD40BB0BA9084611AA0EF0DAFE0146B0
:1050D00018BB0BA80EF0F0FD002812DA0DA911A8DC
:1050E0000EF0C6FCB8B9414611A80EF048FD90B9C3
:1050F0000BA9084611AA0EF0C1FE60B92B68013B4E
:105100002B60029B0AF1FF3A043B2DE74FF0FF337F
:1051100091E7059AB6E704469CE60C469AE66FF0DE
:105120000B048CE68B4228BF0B462DE9F041044668
:105130000020069DC91ADE0803F00703013E05D2D0
:10514000013B44D201394BD2BDE8F08152F8087BD3
:1051500054F808CB52F804EC54F8048CE5FB67C013
:10516000E5FB6E8044F808CC44F8048C52F8087BC8
:1051700054F808CB52F804EC54F8048CE5FB67C0F3
:10518000E5FB6E8044F808CC44F8048C52F8087BA8
:1051900054F808CB52F804EC54F8048CE5FB67C0D3
:1051A000E5FB6E8044F808CC44F8048C52F8087B88
:1051B00054F808CB52F804EC54F8048CE5FB67C0B3
:1051C000E5FB6E8044F808CC44F8048CB6E700BFD9
:1051D00052F8046B2768E5FB667044F8047BAFE780
:1051E00023681B182CBF0120002044F8043BA9E7CA
:1051F00038B50546084C206810B90446204638BD2D
:105200006B6862689A4204D1A9680FF068FE0028B2
:10521000F4D01434EFE700BFB4A9040070B50E4613
:10522000054610B1094C206810B96FF02D0070BD13
:105230006B6862689A4203D1A9680FF050FE08B10A
:105240001434F0E723693360F1E700BF80AB04005A
:1052500070B50E46054610B1094C206810B96FF0C4
:105260002D0070BD6B6862689A4203D1A9680FF087
:1052700036FE08B11434F0E723693360F1E700BF6C
:10528000CCAA040070B50E46054610B1094C206842
:1052900010B96FF02D0070BD6B6862689A4203D13F
:1052A000A9680FF01CFE08B11034F0E7E368336022
:1052B000F1E700BF4CAA040070B50E46054610B1D8
:1052C000094C206810B96FF02D0070BD6B686268E2
:1052D0009A4203D1A9680FF002FE08B11034F0E73A
:1052E000E3683360F1E700BF2CAA040070B50E46F6
:1052F000054610B1094C206810B96FF02D0070BD43
:105300006B6862689A4203D1A9680FF0E8FD08B1A2
:105310001434F0E7237C3370F1E700BF64A9040084
:1053200070B50E46054610B1094C206810B96FF0F3
:105330002D0070BD6B6862689A4203D1A9680FF0B6
:10534000CEFD08B11434F0E7237C3370F1E700BFE1
:1053500028A904002DE9F3470C1E054617464DDB2E
:105360005368002B42D16FF05F0002B0BDE8F087B8
:10537000B3F1007F45D2BA68925D6BB102F07F0154
:1053800041EAC313110622D4A2450FD0424651462A
:10539000284600F013F912E0802A32D002F07F0391
:1053A000120614D4A245F1D14F2B19D93222503B09
:1053B00000935146134628464A4600F0FFF801285C
:1053C00022DD504520D20023AAEB000A0544013615
:1053D0007A68B242CCD8002BC5D1A4EB0A00C4E74E
:1053E000272B8ABF31223022283BE1E70026A24644
:1053F0003346DFF81C80DFF81C90E9E76FF06300AC
:10540000B3E76FF06700B0E76FF00A00ADE700BFE9
:10541000BA150500B815050008B5054B044613B1CB
:105420000021AFF3008000F053FC2046DFF72EFB95
:1054300000000000F8B54D4A0C4600234C4DD0E961
:105440000001D5F7F7FA002A4FF4616100F52F202B
:10545000B7BF02F5A83200F66C2000F66B2002F50B
:10546000C072B2FBF1F301FB13223C21A360B2FB3B
:10547000F1F301FB13226360C31C2260072293FB3C
:10548000F2F2C2EBC2029B1A52D50733A361A0F518
:105490000E33A3F52C7393FBF5F5364B48F6AC6150
:1054A00040F2B45740F26D1603FB05004FF0050CB7
:1054B000B0FBF1F1B0FBF7F30144C91A2E4BB0FB7E
:1054C000F3F3C91A48F69463B1FBF3F3B1FBF6F2B8
:1054D000B1FBF7F103445B1A992106FB123303EB8E
:1054E00083005E1C0230B0FBF1F779430231B1FB5F
:1054F000FCF1761A40F2F95188424FF4C8708CBF23
:105500006FF00901022100FB05253944012998BFEC
:105510000135B3F5997F11D3A3F59973A5F26C7595
:10552000E36100232046E6602362C4E90415F8BD68
:105530000028A361ABDB90FBF5F5AEE7970710D130
:105540004FF0640C92FBFCF70CFB17275FB992FB42
:10555000F0F700FB1722B2FA82F252093B331344F0
:10556000DCE70022FAE70122F8E700BF80510100E2
:10557000B13A02004FC5FDFFB03A0200F8B50E4B3C
:1055800006461D68AB789B0712D56F6816F8014B6D
:1055900029462CB90A20B847002805DB204609E037
:1055A0002046B8470028F1DAAB7843F00403AB702B
:1055B0004FF0FF30F8BD00BFBC6E04000CB430B536
:1055C00089B005460C461C22002101A80FF07FFC83
:1055D000022305958DF806300D4B029323462CB11E
:1055E000B4F1004F28BF4FF00043013B1D440DAA0A
:1055F0000C9901A80695009200F010F914B1059BD2
:1056000000221A7009B0BDE8304002B0704700BFF8
:10561000A35004000EB470B589B004461C220021CA
:105620000DAD01A855F8046B0FF051FC022301A841
:105630002A4631468DF80630094B0594029304F151
:1056400000430095013B069300F0E8F80028A4BF52
:105650000023235409B0BDE8704003B0704700BF79
:10566000A3500400242A2DE9F041044601D8012A60
:105670004CD1364B16220FF01DFD1A5001B10C60B3
:1056800000273846BDE8F08135462E4616F8010B56
:105690002028F9D0A0F109070346042FF4D92B28BC
:1056A00036D02D2837D14FF0010CAE1C6B78302B43
:1056B00038D1307840F0200078282FD132F0100017
:1056C0002CD173783446102202360CF100400027AA
:1056D0000138B0FBF2FE02FB1E08392B82BF03F13A
:1056E000FF3343F02003263B303B9A421ED97745D7
:1056F00002DC03D1984501D24CF0020C354607FB81
:105700000237344615F8013B2E46E6E70546BCE76E
:105710004FF0000CC9E74FF0000CC8E7002A08BFA3
:105720000822D2E7002A08BF0A22CEE701B10C60A6
:105730001CF0010F18BF7F421CF0020FA1D0034BD9
:10574000222207460FF0B6FC1A509AE70C00000020
:10575000242AF0B5044601D8012A40D12E4B162246
:105760000FF0A8FC1A5001B10C600020F0BD2F46CC
:105770003D4615F8010B2028F9D0A0F10906034693
:10578000042EF4D92B282CD02D282CD10126BD1C79
:105790007B78302B2DD1287840F02000782824D138
:1057A00032F0100021D16B782C46102202350020F7
:1057B000392B82BF03F1FF3343F02003263B303BFC
:1057C0009A421AD9A0FB02040CB9C01801D346F0C2
:1057D00002062F462C4617F8013B3D46E8E70746F0
:1057E000C6E70026D3E70026D3E7002A08BF082231
:1057F000DDE7002A08BF0A22D9E701B10C60F207F1
:1058000048BF4042B307B1D5034B22220FF052FCF0
:105810001A504FF0FF30A9E70C0000002DE9F04FBF
:1058200043688DB015468046029383789A0740F10D
:105830000D8100240E78002E00F00A81252E0BD059
:105840004B1C0393013441463046029B9847002885
:10585000C0F2F6800399EDE74E788B1C252E03935A
:10586000F0D00027B946BB46BBF11F0F38D8A6F1D0
:105870002003102B0AD8DFE803F02A0909300909B0
:10588000092109090928092D09091F00A6F130037A
:10589000092B33D92A2E37D11BF0400F55F8043B82
:1058A00040F08280002BA7BF4BF0200B9946C3F13C
:1058B00000094BF0280B01E04BF0010B039B13F8A0
:1058C000016B0393002ECFD130E04BF0020B4BF075
:1058D000040BF3E74BF0080BF0E74BF0100BEDE790
:1058E000BBF17F0F19D8A6F13003092BD2D81BF0DA
:1058F000400F03D00A2101FB0737DFE70A214BF0F5
:10590000200B01FB0939D9E72E2E06D11BF0400FE1
:1059100040F09E804BF0400BD0E76C2E31D02BD85E
:10592000682E36D06A2E3CD04C2E3AD0002F46F04E
:105930002003B8BF2BF04002A3F16501BCBF0027D4
:105940001FFA82FB022901D9612B2FD107350727C6
:10595000DFF8ACA225F0070508351BF0080F66D06C
:105960000AEB070B56465E4563D1A4EB0A0AA9EB86
:10597000070906EB0A026FE1742E9FD07A2E9DD0A4
:10598000D4E71BF0800F18BF4BF4007B4BF0800B6B
:1059900094E71BF4807F18BF4BF4007B4BF4807BB3
:1059A0008CE74BF4207B89E71F4687E7A6F163016C
:1059B000122900F2F080DFE811F013004F00EE0032
:1059C000EE00EE00EE004F00EE00EE00EE00EE0006
:1059D000EE00FE00E900EE00EE001B00EE00AF005E
:1059E00055F8043B01270DF1180A8DF81830B4E77B
:1059F00055F804AB834BBAF1000F08BF9A461BF071
:105A0000400F504614BF39464FF0FF3108F0E3F81D
:105A10000746A2E741462020029B984700280FDB5B
:105A2000013EB742F6D34C44B146A41B98E74E461C
:105A3000F7E7414616F8010B029B9847002892DAD7
:105A400098F8023043F0040388F802304FF0FF3436
:105A500020460DB0BDE8F08F1BF0800F34D01BF452
:105A6000007F2CD0073525F00705AA4669685AF84B
:105A7000080B2BF010050029ADB237DA404245F48F
:105A8000806561EB41010DF1180B0A235A460FF0B6
:105A9000B2FAA0EB0B0301936B0662D5019B25F0D4
:105AA00001019F4289B240F3A180002E00F099804D
:105AB00015F0100240F09C80BB460D4623E0AA463C
:105AC0005AF8040BC117D4E7AA461BF4807F5AF892
:105AD000041B01D10846F5E71BF4007F19BF48B24B
:105AE00041F3C01108B241F3C031C2E750EA0103EB
:105AF000C9D11BF0400FC6D0002FC4D12BF011022A
:105B0000BB46019795B240F2064115EA01021CBF5F
:105B10000BF1010B00222CE02BF010020A231FFADC
:105B200082FB1BF0800C49D01BF4007115BF0735B8
:105B3000AA4625F007055AF8040B1EBFAA46696855
:105B40005AF8080B50EA010545D12BF016051BF059
:105B5000400FADB242D0002F40D12BF01702019779
:105B600095B215F0100248D0019B002E42D103F1EE
:105B7000010B29075AD4EB0706D5D9456FDDA9EBF0
:105B80000B030199CB465F185B4649E04BF0100BC5
:105B900010237826C5E7782B04D1C6F1780343F0AB
:105BA0001003BEE741462520029B98470028FFF6D8
:105BB00047AF023447E608230026B2E7AA461BF4A3
:105BC00080715AF8040BBDD01BF400711ABFC0B22B
:105BD000614680B2B6E72BF0060295B20DF1180BC4
:105BE00054E725F01105BB46ADB28CE70D46B8E78A
:105BF0003B460D4603F1020BBBE7DDF804B082E73C
:105C00009A1E0500931E0500CDE90432414620206E
:105C1000029B98470028FFF613AF049B059A0133B7
:105C20009945F1DCA4EB0B019B46CC180AB3414625
:105C30003020029B98470028FFF602AF8EB901344E
:105C40002744391B019B994224DC1D4655BB019A10
:105C5000A9EB0B09554622441446914433E0019FB9
:105C600092E7023441463046029B98470028E7DA23
:105C7000E6E640F206410D42E2D015F0020F04F1D3
:105C80000104414614BF2B20202015F4806F18BF5B
:105C90002D20E9E741463020029B01349847002837
:105CA000CFDACDE606AB013D4146585D029B9847F1
:105CB0000028CBDAC4E641462020029B01349847F5
:105CC0000028FFF6BDAEA9EB0403002BF3DCC1E511
:105CD00038B5074D074C641BA41024B9064B0BB113
:105CE000AFF3008038BD013C55F824309847F4E705
:105CF00000000000000000000000000070470346A4
:105D00000A46F0B41979DB8800681343DC0287681F
:105D1000066906D513F4402F03D0DA0748BF83F491
:105D20004023012534688D4023F48012DB074CBFEB
:105D30002C43AC4334603B68F0BC184700F077BF9D
:105D4000012303FA01F103691B68194218BF82F0AD
:105D5000010212B18368DB68184783681B69FBE79F
:105D600038B50021044647F6122540F2E7304FF4DB
:105D70007A720023C4FB0501D4F7ACFEBDE83840BD
:105D8000F2F7E0BE00B5C3B06946DFF731FC00288A
:105D900003DB9DF800301BB9419843B05DF804FB6C
:105DA0006FF01400F9E70120D9F746BD00EBC10000
:105DB000408840087047F8B50346FFF7F7FFB0FA90
:105DC00080F0C0F11F0003EB800CDCF81060CA000B
:105DD000171D0C4606328DB256B9012101FA00F0AA
:105DE000D9680143D960CCF81040DD539D52F8BD0D
:105DF000F1000431585AD85303EBC0009E52C580BD
:105E00005D52F4E710B500EBC104E388994202F15A
:105E100004010AD1012303FA02F2C36823EA020350
:105E2000C360002340F8213010BDA28840F8213023
:105E300000EBC20100EBC300CB808280F4E708B521
:105E40000346FFF7B3FFB0FA80F21846BDE80840FA
:105E5000C2F11F02FFF7D6BF2DE9F843B1FA81F571
:105E6000C5F11F0900EB8908D8F8102003460E463B
:105E7000C2B10327D8F8104018462146FFF796FF15
:105E8000B04206D34A461846FFF7BCFF2046BDE89D
:105E9000F88303EBC404E088013FC8F8100001D088
:105EA0008242E7D14FF0FF34C5F120029440DA6816
:105EB0001440EBD094FAA4F2B2FA82F2111D53F816
:105EC00021402146DFE738B50346FFF76FFF0D4657
:105ED000044611461846FFF769FF0444600003EBCF
:105EE000C50568801846FFF761FF014423F831407B
:105EF00038BD38B50C460346FFF758FFA51A511AAE
:105F0000054403EBC4044800608003EBC2006C004E
:105F1000448023F8321018461146FFF747FF01442A
:105F200023F8315038BD38B50546FFF73FFF0C4622
:105F3000014405EBC1035B88DA070AD42846FFF762
:105F40007EFF21462846FFF731FF22182846FFF73B
:105F5000BAFF35F83410611A05EBC1035B88DB0723
:105F60000CD42846FFF76BFF35F834102246611A2F
:105F70002846FFF7A8FF35F83430E41A21462846B2
:105F8000BDE83840FFF717BF61B100680439091A4E
:105F900021F0070303445A88C90822F001025A80FD
:105FA000FFF7C1BF704770B5056809B9002070BD23
:105FB00001F007030B33CC0804EBD304AB6828468D
:105FC0009C4228BF1C462146FFF746FF0646002894
:105FD000ECD001462846FFF7E9FEA04207D9284643
:105FE0003219FFF786FF11462846FFF7E4FE05EB5E
:105FF000C60210465388043043F001035380D6E7AD
:106000001146FFF7D0BF2DE9F84301F1FF3919EA36
:1060100001090F46144606680CD04B420B40042B76
:106020001A464F4628BF0422994664B900252846DF
:10603000BDE8F883042904D8BDE8F8431146FFF70A
:10604000B2BF0422F1E7BA1A04F0070302F0070115
:106050000B330B44E10801EBD20101EBD301B36830
:106060003046994228BF1946FFF7F6FE80460028C1
:10607000DCD009F1040505EBC0057B1E35441D4449
:10608000B5FBF7F57D43A5EB09052C442B1F073421
:106090009B1B24F00704A41BB0EBD30F4FEAD307DC
:1060A0004FEAE40408D201463A463046FFF721FFA2
:1060B00041463046FFF77FFE39463046FFF776FE11
:1060C0003844844207D230462246FFF712FF214669
:1060D0003046FFF770FE06EBC706738843F00103F6
:1060E0007380A4E7043A2DE9F041CC1D114424F05B
:1060F000070421F007010E1BF708B7FA87F24FF0EB
:106100000008C2F12405AD000735C2F12002ED08F8
:1061100004604146A760C4F80C80920004F11000AE
:106120000EF0D5FE6B0043F0010363807B1B04EB94
:10613000C5025900A4F800805180A21924F83550F6
:10614000A2F80280A35304EBC7035A88294642F001
:1061500001025A802046BDE8F041FFF72CBE2DE930
:10616000F04706460D46174698462BB34FF0000AF7
:1061700098F8004093F80190DB78A40004EB430406
:1061800098F802301C444444CA4509D33946304685
:10619000AC46D8F8042008F10803BDE8F047604792
:1061A00014F8013B0AF1010A204648F82340D8F7C9
:1061B0007BF801300444E7E76FF01500BDE8F08795
:1061C00070B5002502462846144614F8013B0BB969
:1061D000184609E098B18D4207D1702B04D0A3F185
:1061E00040023A2A0BD8002070BDA3F140063A2E97
:1061F00005D853780135941C002BE9D00020252BBD
:10620000224608BF80F00100DEE7F0B4D1E9005477
:10621000D0E90032002A16DA002C08DA4FF00046E6
:106220005F4266EB0206BD4274EB06061ADB5B19A1
:1062300042EB0402C0E9003283688A681344836039
:10624000F0BCD9F749BF53EA0206F0D0012D74F132
:106250000006ECDBDE43AE426FF00046A6EB020622
:10626000A641E3E70020F0BC70470020704700F033
:106270003FBC0FB407B504A951F8040B019100F01D
:1062800037FC03B05DF804EB04B070470FB407B5FA
:1062900004A951F8040B0191FFF7E9FF03B05DF881
:1062A00004EB04B0704710B50369024613F0080010
:1062B00009D11368D4689C429BBF0120126AE31A7B
:1062C000D31A0B6010BD00231846FAE713B501A9D5
:1062D0000446FFF7E8FF20B1019BE268013B13444D
:1062E0000193206A019BC01A013802B010BD10B59D
:1062F000044650182269236AD20702D5013B184090
:1063000010BD984228BFC01AFAE710B504460A46E5
:10631000C168FFF7ECFF2369E06023F00803236105
:1063200010BD38B50D46C2698B00016843F0020309
:10633000044642F8213001682A46FFF7D8FFE36897
:106340006168984208BF2369206008BF43F00803D2
:106350002A46204608BF2361FFF7C9FF606038BDA9
:106360002DE9F74FC768C6699B4606EB8703009384
:1063700016F82730044603F00303022B88469146A3
:106380004FF000030BD01360CBF8003023699B075C
:1063900013D44FF0000A504603B0BDE8F08F56F812
:1063A000271013608908CBF80030EFD0FFF7ADFF5E
:1063B000E368A3604FF0010AEDE7A36906EB8700ED
:1063C000984716F82720054612F0010AE1D012F08E
:1063D00002021FD0B8F1000F03D041462046FFF75C
:1063E000A0FF61682A462046FFF781FFD4E9022119
:1063F0009142606006D12A462046FFF778FF4FF0B1
:10640000000AA060A2682260E260226942F00802ED
:106410002261C0E7014620460192FFF776FFE3685C
:10642000A360B8F1000F04D02168E369019A43F832
:10643000212005EB0802CBF8002021682046FFF759
:1064400056FF2369206043F00803236116F82730C4
:106450006FF3000306F82730009BC9F80030A9E766
:1064600070B504461546FFF742FF2368834205D105
:106470002369216023F00803236170BDE269AB004A
:1064800043F0020342F8213061682A462046FFF7B4
:106490002EFF6060F1E738B5036904465B0706D557
:1064A000456AFFF713FF85422CBF6562606238BD05
:1064B00038B50D4604461C2200210EF008FD0022CE
:1064C000EB68A361AB6863612B68E3616B68626230
:1064D00023622A6923B1591E194208BF42F0010202
:1064E0002261012204F128000021BDE8384008F0B3
:1064F000D5B82DE9F04F002587B00093036A044614
:106500008B420E469246A9460395059539D3EFF383
:10651000118B402383F31288BFF36F8F059AD846FF
:106520002AB129462046FFF79BFF0023059304A9C3
:106530002046FFF7B8FE04990746B1422AD32268E5
:10654000E369204613F8221003EB820921F00301CE
:1065500003F8221021683246FFF7C9FEE368206085
:10656000984212D0002788F31188BFF36F8F0399E8
:1065700029B162690AB12046904700230393002F96
:10658000C5D1484607B0BDE8F08F236943F0080342
:106590002361E7E718B12046FFF7C3FEE3E7009B5E
:1065A0005AEA03021CD0019108F0A4F90199B8B984
:1065B000BBF1000F14D187F31188BFF36F8F5246E0
:1065C000009B04F12800F1F70DFCEFF31188402344
:1065D00083F31288BFF36F8FB0FA80F77F09C2E7A9
:1065E000204605AB03AA2568FFF7BAFE0746BAE7BF
:1065F00070B50446836908460D4698470246EFF396
:106600001186402383F31288BFF36F8F2B782046C7
:1066100043F001032B706168FFF769FE606020465C
:10662000FFF739FF86F31188BFF36F8F70BD2DE937
:10663000F04104464027EFF3118687F31288BFF339
:106640006F8F236913F0080FA36802D16268934229
:1066500000D9226AD21AE16932B986F31188BFF3F0
:106660006F8F4FF0000833E011F8232001EB83080F
:1066700012F00300F1D0022803D151F82350AD08E5
:1066800005D1D00712D44046A36998470546A168B2
:106690002A462046FFF72BFE2946A0602046FFF73A
:1066A00034FE86F31188BFF36F8FC4E742F0020215
:1066B00001F82320A3694046A56898472946024669
:1066C0002046FFF714FEA06086F31188BFF36F8F9A
:1066D0004046BDE8F081F8B50446836908460D469A
:1066E00098470646EFF31187402383F31288BFF3E0
:1066F0006F8F2B786FF300032B7023699B0705D5F1
:10670000E268E36903EB82039D421AD12B786FF3B1
:1067100041032B70D4E90231994204D1324620461C
:10672000FFF7E5FDA06031462046FFF7EEFD87F359
:106730001188BFF36F8F04F12800BDE8F840F1F72E
:1067400017BB2B6860F39F032B60F0E7EFF3118119
:10675000402383F31288BFF36F8F036913F0080F90
:10676000836802D14268934200D9026AD31A81F346
:106770001188BFF36F8F181E18BF01207047038B5D
:1067800013F0070305D10368002B0CBF0020032082
:106790007047022B05D1408BB0FA80F04009800091
:1067A0007047012B05D10368002B0CBF002005208A
:1067B00070470020704710B50C4600B111B96FF05A
:1067C000150010BD081D00F0B7F80028F9D1A36826
:1067D000032BF6D9F3E72DE9F0410D46074619469C
:1067E000281D90461E4600F0BBF8044638B13346DB
:1067F000424629463846A446BDE8F0416047BDE818
:10680000F08110B4EFF31182402484F31288BFF3B7
:106810006F8F416110BC0121D9F704BF38B50C4618
:10682000054658B151B10B6843B14B6833B11C22D6
:1068300000210EF04CFB00202C6138BD6FF01500DC
:10684000FBE770B505460E46FFF7B5FF041E14DBE7
:10685000EFF31182402383F31288BFF36F8F4FF65B
:10686000FF716B8B2C8B8B4204F0070407D182F3F2
:106870001188BFF36F8F6FF00A04204670BD022CA1
:106880000CD101336B8382F31188BFF36F8F002328
:10689000224631462846FFF79EFFEEE7062C14D825
:1068A000DFE804F004131313041A04000023336018
:1068B0006B683BB9C5E90066ACB902212846D9F737
:1068C000B1FEDAE71E606E60F6E782F31188BFF36F
:1068D0006F8F6FF00404D0E782F31188BFF36F8FDE
:1068E0006FF08504C9E782F31188BFF36F8FC4E7A7
:1068F00010B5EFF31182402383F31288BFF36F8F3B
:10690000048B04F00704022C0AD0012C0CBF6FF09A
:1069100004006FF0850082F31188BFF36F8F08E0E9
:10692000438B013B9BB2438323B92146D9F77AFEBF
:10693000204610BD2046EEE7034640B1426802F013
:106940000302022A06D0032A04D0012A05D06FF0E0
:10695000150070471A68002AF9D000209860704727
:1069600010B54268034602F00302022A4FF0000409
:10697000816007D0032A02D05C60002001E0186823
:106980005C6010BD18685C600028F6D0F2F7C2FCAD
:10699000F3E770B506460C888888241A3069A4B2DB
:1069A000844285B224BF641BA4B22D1BA8B29842B6
:1069B00028BF18463368234413600B8803440B80B8
:1069C00070BD70B4838985880669ED1AADB2731BFA
:1069D000934228BF134670BC0A46011DFFF7D9BF7A
:1069E00070B40E460146C58831F80A3FEC1AA3B2CE
:1069F000934228BF1346324670BCFFF7CABF10B59A
:106A00004B880C88E41AA4B294420ED31A4492B272
:106A10008B884A800A800069D21A92B2824201D2DF
:106A2000002010BD03448B80FAE76FF01500F8E7F3
:106A30002DE9F34106460F4615464FF000082A4659
:106A4000304601A9FFF7BDFF044640B10246394672
:106A500001980EF015FA2D1BA0442744EFD14246B1
:106A60003046311DFFF7CBFF404602B0BDE8F08154
:106A70002DE9F34107460E4615464FF000082A4619
:106A8000384601A9FFF7ACFF044648B12EB10246D3
:106A9000019930460EF0F4F926442D1BA044EED1A6
:106AA0004246384607F10A01FFF7A9FF404602B007
:106AB000BDE8F081704703785B075FBF03684288D9
:106AC000C3F34A2303EB12105DBF173020F0070019
:106AD0008008002070470020704704F00FBF034675
:106AE000D3E8EF0F421CC3E8E12F0029F8D170472B
:106AF0001FB50023CDE902011A4619461846CDE913
:106B00000033DAF7ADFA05B05DF804FB0120D9F7E0
:106B100067BF0020704718B140680079DAF77CB988
:106B20004FF0FF30FAE738B504460D46436811468A
:106B3000DA71DAF7CFF9012263681D6063685A7170
:106B4000BDE83840D9F73EBF10B5436804465B79CD
:106B500013B10021DAF7BEF9002263685A7110BD43
:106B600070B515460C4669B1D2E901369B1B9942B6
:106B70000AD813680A46014698190EF081F9AB68E5
:106B80002344AB60204670BD6FF01B00FBE770B57F
:106B90000E4615461946044618B9BDE87040D9F7A7
:106BA0001FBF33B1C2F34A231030120D18440EF048
:106BB00067F9C4E900562046BDE87040DAF7D2B85C
:106BC0002DE9F3415F1C4FEA8708064608F11700DC
:106BD00020F0070080080C461546D9F77FFF0023F8
:106BE0008DF80470ADF805308DF8073068B10346B4
:106BF000019AA8F1040143F8102F2A46294452F8BB
:106C0000045B8A4243F8045FF9D100233146A201B4
:106C100002F4E07242EA482222F07F4222F470023B
:106C200022F03F0202B0BDE8F041FFF7B0BF07B568
:106C30000123019201AAFFF7C3FF03B05DF804FB33
:106C400007B5CDE9002302236A46FFF7B9FF03B079
:106C50005DF804FB1FB5CDE90123069B01AA039350
:106C60000323FFF7ADFF05B05DF804FBF8B506465A
:106C70000D4614461F4604B9F8BD214628463A463B
:106C8000B047241A0544F6E710B542680446D2E935
:106C9000002381680068FFF7E9FF002263681A603B
:106CA00010BD38B54B6805461A68CB680C469A4249
:106CB00002D10846FFF7E8FF6368D3E8EF2F511CC5
:106CC000C3E8E01F0028F8D1A36800209D5438BD18
:106CD0000A2838B504460D4602D10D20FFF7E1FF22
:106CE00029462046FFF7DDFF002038BD2DE9F0439F
:106CF000054687B008460E8891F800900C46D1F8FA
:106D000008801746DAF704FA011EC6F38216C9F3A3
:106D1000C2091EDB4846DAF737F80346214651F828
:106D2000102B6088C2F34A22002A01EB020408BF3C
:106D300000210022C0F30B10CDE90407CDE90214B5
:106D40002846414601960092DAF70EFA07B0BDE8F0
:106D5000F0830023E2E7036A1BB11B7900200B706C
:106D600070476FF057007047036A3BB1DB682BB187
:106D70001B6A1879B0FA80F040097047012070470B
:106D800070B5056A04460E460DB103232B712046EB
:106D9000FFF7EAFF98B103212046B047002802DA46
:106DA00010F1860F0BD1012125B920463346BDE8ED
:106DB0007040184720462971B04700232B7170BDE1
:106DC000036A1B7903F0FD03012B14BF6FF00F0062
:106DD00000207047002908DB8068884205D9401AE6
:106DE000904234BF00200120704700207047704758
:106DF00070B516461A4605460C46FFF7EBFF48B13C
:106E00006968E8682144826814683246A446BDE88F
:106E1000704060476FF0150070BD70B516461A4699
:106E200005460C46FFF7D6FF48B16968E86821447B
:106E3000826854683246A446BDE8704060476FF0EF
:106E4000150070BD10B50B460446FFF7C3FF30B107
:106E50006168E0681944BDE8104001F07EBA6FF047
:106E6000150010BDC0687047012008B5D9F720FA99
:106E7000002008B5D9F71CFA0B68834204BF012330
:106E80000B71704710B504468EB069460120D9F7E2
:106E90007DF905A96846FEF7CDFA204605A9DAF77F
:106EA0002BFE00200EB010BD03785B075FBF0368A8
:106EB0004288C3F34A2303EB12105DBF173020F062
:106EC000070080080020704783689B6903B118475A
:106ED000704708B54368197311B11868FFF7F4FFDC
:106EE000002008BD40681030E0F7ACBB10B540682A
:106EF0001C464830FFF7BCFD2060002010BD10B5D7
:106F00004068046800F5B47007F0A8FE2046FFF75B
:106F1000DBFFA3685B6A0BB120469847002010BDD9
:106F20002DE9F04145681E462B7B0C46174693B170
:106F300001EB0208A04507D137600120D5E90131F6
:106F400098470020BDE8F081286814F8011B836889
:106F50005B689847EEE705F13400FFF769FD012112
:106F6000306005F5D073D3E8EF2FC3E8E01F0028A9
:106F7000F9D1002AE5D1286883685B69002BE0D04D
:106F80009847DEE70023826882F856308268A2F8CC
:106F900052308268A2F850307047034610B5D3E8EB
:106FA000EF0F40EA0102C3E8E42F002CF7D110BD37
:106FB000034610B5D3E8EF0F00EA0102C3E8E42F5F
:106FC000002CF7D110BD0EB403B503AA52F8041B70
:106FD0000192DCF783F802B05DF804EB03B0704770
:106FE00008B510B1D7F760F980B208BDF7B504460F
:106FF00000260027204600F03AFDE06900F077FF08
:1070000005462046DCF7A4FAA368B3F8503023B154
:1070100040F2D5100021F1F795FD55B1A06800F5BB
:107020001F7000220121CDE9006707F006FF00284C
:10703000E0D003B0F0BD00F52270F0F799BE4FF03C
:10704000FF324FF0FF3300F52270F0F7CBBE00F5B2
:107050001E7019B14FF40061FFF79FBF6FF400611C
:10706000FFF7A6BF00F51E7011B10421FFF795BF11
:107070006FF00401FFF79CBF08B500F51D7029B142
:107080000121FFF78AFF00F0010008BD6FF0010148
:10709000FFF78EFFF7E708B500F52270F0F7A2FEC4
:1070A000B0FA80F0400908BD0028886814BF0823A2
:1070B000012300F51F70194607F0B4BE73B50446EE
:1070C00080680E46154600F51F7000220023CDE9AA
:1070D000002307F0B2FE58B1A06800F51F703146DA
:1070E00007F0A7FE20462B4602B0BDE870401847C7
:1070F00002B070BD10B5836804461A7D012A28D1FC
:10710000D3F87822510408D5D3F87422520704D456
:107110000146DA6CC06900F094FE43F60952002380
:10712000A068FFF7B8FF10B96FF00F0010BD08217D
:107130002046DCF7C3F86069DBF764F92046DBF72B
:1071400019FB204600F08EFDA068FFF774FF0020B9
:10715000ECE76FF08500E9E7F8B5044680681F4664
:10716000037D0D46022B164607D0BDE8F8404FF4CC
:10717000805100F51E70FFF710BF43F6095200233F
:10718000FFF789FF48B3A368D3F87822100508D425
:107190009A6C32B9D3F87432990602D5204600F0C1
:1071A00066FC3B4632462946204600F0BBFCA368FD
:1071B000D3F87822120508D49A6C32B9D3F8743215
:1071C0009B0602D52046DCF7C3F9606900F092F80F
:1071D000A068BDE8F840FFF72EBFF8BD0CB407B5B6
:1071E00004AB53F8042B0193FFF7B6FF03B05DF82F
:1071F00004EB02B070470EB403B503AB53F8042B95
:1072000002210193FFF7A8FF02B05DF804EB03B081
:1072100070470EB403B503AB53F8042B0821019358
:10722000FFF79AFF02B05DF804EB03B070470EB4AD
:1072300003B503AB53F8042B03210193FFF78CFF35
:1072400002B05DF804EB03B070470EB403B503ABB6
:1072500053F8042B01210193FFF77EFF02B05DF884
:1072600004EB03B0704770B504460E46A1B1084662
:10727000FFF7B6FE43F6095205460023A068FFF764
:107280000AFF10B96FF00F0070BD6B1C142BA068C3
:1072900000D825B9FFF7CFFE6FF01500F4E73146AF
:1072A000D6F7FAFFA36883F83C50A068FFF7C3FE47
:1072B0000020E9E710B543F6095204460023806830
:1072C000FFF7E9FE38B12046DBF762F8A068BDE8B9
:1072D0001040FFF7B0BE10BD18B18368D3F8A40208
:1072E00070476FF0150070478368996409B9FFF71C
:1072F00049BE704710B50269044683681268016888
:10730000C0689847002223691A6010BD38B5CB6861
:1073100005461B7C0C46022B04D10A2802D10D2005
:10732000FFF7F4FF236922681B68D55422691368AC
:107330000133136023691A6863689A4202D12046B8
:10734000FFF7D8FF002038BD08B510B1D6F7ACFF65
:1073500080B208BD2DE9F74F814601A81F460D46B2
:107360001646F0F729F928234FF00008019C03FB8B
:1073700000440198A04216D257B9DDF804B0DBF8FA
:1073800000A0BAF1000F1AD1019B28330193F0E756
:10739000012F0FD006F0CFFF0028EED00198283043
:1073A00084420190F4D800201CE0019828308442E7
:1073B0000190F8D906F0BFFF0028DED1F5E79AF872
:1073C0000030002BE0D04DB12846D6F76DFF514676
:1073D000024628460DF0B1FD0028D5D12EB9C14591
:1073E00008D1019803B0BDE8F08F5846B047002897
:1073F000F5D1C9E708F10108C6E710B5047B438958
:107400002244B2FBF3F0214403FB1022B1FBF3F062
:1074100003FB1010101A10BD10B5047B43892144E2
:107420001019B0FBF3F0B1FBF3F1401A10BD30B509
:10743000057B43892944B1FBF3F403FB14112A446F
:1074400001310180B2FBF3F103FB1122013484808E
:1074500001324C1CC480428030BD2DE9F74F00261C
:107460000746884614469946B24606602378002BA4
:1074700000F0BF80202B3AD0093B042B37D93B6862
:107480005A1C3A6048F823403B684B4500F0B180F5
:1074900000262278002AE9D0A6B9164623461C46C3
:1074A000272E04D05C2E25D0222E40F09680204638
:1074B000FFF74AFF611C024620460DF0EEFC2278E1
:1074C000002AD3D0B242A34604F1010420D1584689
:1074D000FFF73AFF2146024658460DF0DEFC9BF8C6
:1074E00000605C46002ED9D1C0E70026BEE704F854
:1074F00001ABBBE72046FFF727FF651C0246294684
:1075000020460DF0CAFC66782C46002EC8D1ADE7A7
:107510005C2A9BF80120D3D1B242104608D15846CC
:10752000FFF712FF2146024658460DF0B6FCB0E7C1
:10753000302A25D1022300251BF80300A0F13001D9
:10754000C9B2072919D8ED000133EDB2052B45EA80
:107550000105F1D1591E5944584601930091FFF796
:10756000F3FE019B0099023BC21A58460DF095FCB0
:107570009BF801208BF80050A2E7DBB2022BE9D187
:10758000782825D1022100251BF80130A3F1300015
:10759000C0B2092808D82D01EDB20543022901D057
:1075A0000423D7E70321EFE7A3F16100052805D8FD
:1075B0002D01EDB2573B1D43EDB2EFE7A3F14100C2
:1075C000052803D82D01EDB2373BF4E7022902D19B
:1075D0000BF1010474E70323BCE7202E85D0093E9C
:1075E000042E82D96678631C002E7FF458AF1C46A7
:1075F0003CE7304603B0BDE8F08FF8B50E461146C3
:10760000074615460DF0E1FC0446E0B12846FFF7B9
:107610009BFEA742054607D214F8013C202B02BF6F
:107620000135ADB204F1FF342046FFF78DFE3388FB
:10763000421C5B1B521B33802046611992B2BDE88D
:10764000F8400DF02ABCF8BD2DE9F0410F46164672
:10765000044686B070B1034601AC00F11005224625
:1076600018685968083303C2AB421446F7D118684A
:1076700001AC10604FF00008414632462046DBF76F
:1076800041FD08F10108054628B138462968D6F7BA
:10769000F9FD0028F0D1284606B0BDE8F0812DE9BB
:1076A000F0471C4600230F461646DDF820809DF863
:1076B0002490236023680546BB421BD256F8230062
:1076C00000F006FE2368824618B101332846236085
:1076D000F0E74246284656F82310FFF7B5FF48B1B9
:1076E00023685A1C2260B9F1000FE3D08045E1D134
:1076F000554623602846BDE8F087F8B50746FFF7F2
:1077000023FE054630BBF8BD54B18AB2AA1A013037
:107710002C1B013239443844A5B20DF0BEFB0024C5
:10772000334698B26A1E9042EDDA3A5C5E1C202A1B
:1077300002D0093A042AF3D8B1B28BB29D42EFD9F4
:107740007B5C202B02D0093B042BDDD80134A4B292
:107750000131F2E700231C46E3E7F8B584680646EA
:1077600094F856302BB9B368B3F85020A3F85220E0
:10777000F8BD04F15600B4F85030C21812F8012CCC
:10778000202A1CD0093A042A19D90022C2541346CF
:107790001D46425D0133202A9BB200EB0501F7D064
:1077A000093A042AF4D9002DDDD0B4F850707A1CBF
:1077B000521B7F1B0DF071FBA4F85070D3E7013B07
:1077C0009BB2A4F85030002BD5D184F85630CAE7CC
:1077D00000231A46FFF7BEBD02230022FFF7BABD01
:1077E0002DE9F74F054601A8EFF7E6FE2822019B99
:1077F00002FB00380DBB0024204603B0BDE8F08F2B
:10780000266876B13046D6F74FFD07462846D6F7AC
:107810004BFD874205D131462846D6F733FD002877
:10782000EAD0636A3BB11B682BB19A460026D3F8B5
:1078300000904E4505D128340194019C4445DFD386
:10784000D9E75AF804BF5846D6F72EFD0746284612
:10785000D6F72AFD874205D159462846D6F712FDAC
:107860000028C9D00136E4E70EB403B503AA52F8E4
:10787000041B0192DBF732FC02B05DF804EB03B0AD
:10788000704710B50446D6F70FFDB4F8503013FA20
:1078900080F038B1638FB0FBF3F203FB1200B0FA53
:1078A00080F0400910BD38B584682046D6F7FCFC4E
:1078B000D4F87452B4F85230C5F3400580B205FBD9
:1078C0000300638FB0FBF3F203FB1200B0FA80F009
:1078D000400938BD10B50446FFF7E5FF18B9A068A8
:1078E000FFF7CFFF20B16069BDE81040DBF778BC3F
:1078F00010BDF8B50546846804F13000B4F8502096
:10790000B4F85210FFF793FDA868A78EE68EFFF734
:10791000B8FF10B16869DBF763FCB74207D1218E6D
:10792000638E2846C91ABDE8F840DBF775BCE18EC6
:10793000A38E2846C91ADBF759FCF0E7F8B50446D0
:107940000D468068B0F85210B0F8502030300D4429
:10795000FFF76DFDA068ADB2B0F852102A46303086
:10796000FFF75AFD0746A0682A46B0F8521030309B
:10797000FFF743FD064679422046DBF737FC3146E8
:107980002046DBF749FCA368A3F85250F8BD2DE967
:10799000F0410C1E064636DA4FF0FF35644224B241
:1079A000A4B2AFB216E0B3680022B3F852C0B3F885
:1079B0005080614603F1560E81B96B1C02D0B8F1BC
:1079C000000F0FD1A1EB0C01304609B2FFF7B6FF53
:1079D000013CA4B2002CE6D1BDE8F081884501D17C
:1079E000012DEFD01EF8013023F020004138192876
:1079F00007D9303B092B04D9002AE3D1394489B295
:107A0000DAE70122FAE70125CAE78368B3F85210E2
:107A1000494209B2FFF792BF8368B3F85010B3F838
:107A20005230C91A09B2FFF789BF8368B3F85230E0
:107A30001BB14FF0FF31FFF781BF70478368B3F888
:107A40005220B3F850309A4202D20121FFF776BF9C
:107A500070478268B2F85210A2F850108368B3F8E9
:107A600052201344002283F85620DBF7ADBB10B53B
:107A700004468068B0F85020B0F852103030FFF75C
:107A8000D6FCA3682046198EC1F10101DBF7C4FBC7
:107A9000A3682046998E0139DBF7A8FB2046BDE894
:107AA0001040DBF791BB2DE9FF4105460F46144618
:107AB000002684B904B0BDE8F081D3F8782292079B
:107AC000FBD503F51E73D3E8EF1F21F00201C3E8D5
:107AD000E21F002AF7D1686822460368B919D3F873
:107AE0000C8003ABC047039A1644A41A002AE0D1C5
:107AF000AB68197D0329EED00229DED84FF0FF30A4
:107B00004FF0FF31CDE90001082103F51F7007F0A8
:107B100094F9A86800F51F70082107F08AF9DAE7E0
:107B2000FFF7C1BFF7B51E4683681546D3F8742228
:107B30000446D20613D593F83E208A420FD0DB8F3D
:107B4000ADF80430DBF7BAFB324629466069DBF753
:107B5000C5FA204601A9DBF7D1FB03B0F0BD3246E0
:107B60002946606903B0BDE8F040DBF7B7BA0CB452
:107B700007B504AB53F8042B0193FFF7D3FF03B011
:107B80005DF804EB02B070472DE9F04187680546C7
:107B9000B7F850608846B318FF2B144626DCB7F8B8
:107BA0005230F61A56331F44B6B2324639463819A7
:107BB0000DF073F92246414638460DF061F9AA6886
:107BC000B2F850302344A2F85030AB68B3F85020DC
:107BD0001344002283F85620AB68D3F87412890747
:107BE00006D4B3F852201444A3F85240BDE8F08103
:107BF00031462846BDE8F041DBF702BCFFF7C4BFC1
:107C000038B505468068B0F85220B0F85040A41A44
:107C1000A4B29CB156321044411C22460DF03DF9ED
:107C2000AA68611EB2F850302846013BA2F85030D5
:107C300089B20122BDE83840DBF7E2BB38BD10B5A0
:107C400083680446B3F850205AB1B3F8523043B1B8
:107C50004FF0FF31FFF772FE2046BDE81040FFF7FE
:107C6000CFBF10BD002370B505464FF47A7492B0B3
:107C7000019368684022036802A91E6901ABB047FE
:107C8000019B13B108B9013CF3D112B070BDF8B536
:107C9000C3695E695F6883683046D3F87452FEF743
:107CA000C6FCC5F30015044650B1014605F18E022D
:107CB0003846FFF71BF830462146FEF70CFD012041
:107CC000F8BD43681B68D3E90632D3E8EFCF8C4494
:107CD000C3E8E0CF0028F8D19368D3E8EF0F084459
:107CE000C3E8E20F002AF8D170472DE9F843436852
:107CF00007461E680D46F369B268D3F81480D2F8BF
:107D000074429A68D3F804901279C4F30014012ADB
:107D100003D0032A4CD0BDE8F883D8680B7847F627
:107D2000122E590740F2E73C4FF0000158BF2B6874
:107D3000E0FB0EC15CBFC3F34A246B884FF47A7238
:107D40005EBF04EB1314173424F007044FF0000354
:107D500060464CBF0024A408D2F7BCFE02460B4686
:107D600040462146FEF7C5FB814628B93846BDE8A6
:107D7000F8430121FFF7A5BF012CF7D9294651F897
:107D8000043B0268C3F39D0363F39F0240F8042B96
:107D9000621E92000DF074F840464946FEF728FC3A
:107DA000B06800F51F700221BDE8F84307F03AB84B
:107DB0003046FFF75CFE06F09DFD04F18E07044699
:107DC00000B3EFF31184402383F31288BFF36F8F66
:107DD000B368D3F878321A051ED53A462946484684
:107DE000FEF784FFB368D3F878321B0502D430461F
:107DF000DBF7AEFB06F07EFD90B184F31188BFF394
:107E00006F8F88E7B06800F522704FF0FF324FF0B7
:107E1000FF33EFF7E7FFDBE73046FFF728FEDCE74D
:107E2000B06800F52270BDE8F843EFF7A1BF134634
:107E300010B50C460A4601461846FFF771FE20466B
:107E400010BD70B504460D46D0E904101646FEF785
:107E50002FFB324629462068FEF765FE0022636844
:107E60005B685D60A3681A600122A3681A7170BD27
:107E700010B504460068FEF767FE0222A3681A7177
:107E800010BD10B5436801211C68606803689B68D9
:107E9000984738BB0322E3699B681A71A36803F50E
:107EA0001E73D3E8EF1F41F40051C3E8E21F002A1C
:107EB000F7D1A068B0F85020B0F852103030FFF77A
:107EC000B6FA4FF0FF312046DBF790F9A368204661
:107ED000198E4942DBF7A0F92046FFF7D8FE0028AB
:107EE000FAD110BDE069BDE81040FFF7C1BF73B51E
:107EF00004460021036882685B681D68AB68D3F89C
:107F00007432C3F30013D2E8EF6FC2E8E01F002819
:107F1000F9D126B14BB931466068D9F78FFA2846B6
:107F200002B0BDE87040FFF7B2BEAB682846DB8FF9
:107F30000121ADF80430DBF7C1F931466068D9F7AB
:107F40007DFA284601A9DBF7D9F9E8E70EB403B5B5
:107F500003AA52F8041B0192DBF7C0F802B05DF8E7
:107F600004EB03B070472DE9F843054690460F46F1
:107F7000002960D000243B5D202B23D0093B042B3B
:107F800020D93846D6F790F9AB6880B2598F001BDC
:107F9000A1EB0803984207EB040915D948460026CF
:107FA00010F8012B202A06D0A2F1090CBCF1040F15
:107FB00002D80A2A2ED0334608EB0602914228D96D
:107FC0000136EDE70134D6E74B460026B04208D132
:107FD00068694946FFF7BAFF6869BDE8F843DBF70F
:107FE000CFBA13F8012B0A2A11D16869FFF782F979
:107FF000324649462846FFF756FD01343444686945
:10800000DBF7BEFA41462846DBF706F9B9E7013649
:10801000DCE71E466869FFF76DF932464946284697
:10802000FFF741FD34443B5D202B02D0093B042B7C
:10803000E5D80134F7E7BDE8F8830020704783698D
:108040000020186070470EB403B503AA52F8041B51
:108050000192DBF743F802B05DF804EB03B0704720
:1080600008B50168FFF7FFF8002008BD836803F535
:108070001D73D3E8EF1F21F02001C3E8E21F002A9F
:10808000F7D100207047836803F51D73D3E8EF1F15
:1080900041F00801C3E8E21F002AF7D10020704731
:1080A000836803F51D73D3E8EF1F21F01001C3E8C7
:1080B000E21F002AF7D100207047836803F51D7383
:1080C000D3E8EF1F21F00801C3E8E21F002AF7D12F
:1080D00000207047836803F51D73D3E8EF1F21F07C
:1080E0000201C3E8E21F002AF7D10020704783682D
:1080F00003F51D73D3E8EF1F41F01001C3E8E21F41
:10810000002AF7D100207047836803F51D73D3E878
:10811000EF1F41F02001C3E8E21F002AF7D1002041
:108120007047836803F51D73D3E8EF1F41F0020128
:10813000C3E8E21F002AF7D10020704708B5836822
:10814000D3E900210A60516000211A89C3E90011B6
:108150005B8900681A440C32FEF78AFC012008BDD6
:108160000023C3607047F8B51F46034653F8044F19
:1081700016469C4202D100203880F8BDC568B1B9CE
:10818000002DF8D0AC4202D10023C360F3E76C6845
:10819000C460002CEFD02289304604F10C010CF0B1
:1081A0006FFE0022238901203B80F254E5E7002D79
:1081B000EED08368AB42E7D02C68E9E738B50446D7
:1081C000051D6368AB4204D02046FFF7B7FF0028C7
:1081D000F7D138BD2DE9F04F02F10C050368C5F168
:1081E00000091B6909F003094D4485B09D4204460E
:1081F0001746019110D80023C3606AB1466800F1A8
:10820000040AB2450BD05EB13389934208D106F11E
:108210000C000CF064FE18B905B0BDE8F08F1E46E6
:108220004FF0000B23685989DA88914204BFC3E9F3
:1082300001BBC3F80CB0206883898288011DD21A63
:10824000036992B29B1AAB4228BF2B4603AAFEF7E2
:10825000A0FB8542804628D9206883898288011D39
:10826000D21A036992B29B1AAB4228BF2B4603AACB
:10827000FEF78FFB854219D1738943447381A8446B
:10828000039D3A4601992F81A5F80A9005F10C004B
:108290000CF0F6FD63684246C5E9003A5D6020686F
:1082A0006560011DFEF7ABFBB6E7E9D02068002250
:1082B000011DFEF7A4FB63689A45B3D02046FFF783
:1082C0003DFFAFE7031DC0E901330023C3607047E2
:1082D00010B5044628B1D5F7E7FF002380B29842D5
:1082E00001D8002010BDE25C3F2A03D02A2A01D029
:1082F0000133F4E70120F5E710B5044680684FF438
:108300008072002100F5AB700CF0E1FDA068B0F8C0
:10831000502000F1560100F5AB700CF0B1FDA068E3
:1083200000F5AB70FFF7E9F9A46804F5AB70D5F779
:10833000BBFF0130A4F8540010BD10B5044680689E
:10834000B0F8542000F5AB7156300CF099FDA368DD
:10835000B3F85420A3F8502010BD70B583680D46C3
:10836000DB68044616469847417933462A4620463C
:10837000BDE87040DBF7D8BB0346D3E8EF0F421EE1
:10838000C3E8E12F0029F8D170470346D3E8EF0F87
:10839000421CC3E8E12F0029F8D17047D0E8AF0FA5
:1083A0007047034600200146D3E8EF0FC3E8E21F01
:1083B000002AF9D1704701234A0901F01F018B40BF
:1083C000DB4300EB8200D0E8EF2F1A40C0E8E12F3A
:1083D0000029F8D1704701234A0901F01F018B40A1
:1083E00000EB8200D0E8EF2F1A43C0E8E12F00290C
:1083F000F8D170474B0900EB8300D0E8AF0F01F0D4
:108400001F01084100F001007047012301F01F0225
:10841000934030B5DC43490900EB8100D0E8EF2FF1
:1084200002EA0401C0E8E51F002DF7D1134214BF92
:108430000120002030BD012310B501F01F024909C1
:10844000934000EB8100D0E8EF2F42EA0301C0E83F
:10845000E41F002CF7D1134214BF0120002010BDEF
:10846000008840BA80B27047030A0B7048707047AA
:1084700010B5044606F0A0FB204610BD10B504461A
:1084800006F0BFFB204610BD0023C0E90033704753
:10849000704700230B60436813B9C0E900117047AF
:1084A0001960416070470346006828B15968026846
:1084B00088421A6008BF5A6070470068704710B45D
:1084C00014461A46B4FBF3F310BC06F00FB808B517
:1084D00006F01FF8002818BF6FF00A0008BD08B5A5
:1084E000EFF7E8FA002818BF6FF0220008BDF0F798
:1084F000A9BA08B5EFF742FBB0FA80F0400908BD11
:1085000008B5EFF7B3FBB0FA80F0400908BD06F0FC
:1085100048B906F08DB910B5002486B0CDE9044401
:10852000089C039403AC0094EFF73AFE06B010BD2C
:1085300008B506F052F900EAE07008BD0CF0C7BCBF
:108540000CF09EBC01460068DBF79CBB08B5DBF76E
:1085500009FCBDE80840DBF729BC0A460121FEF70B
:1085600066BB00210120DBF78DBBD0F8A83083F378
:108570000B8870476FF08500704761B662B680F374
:108580001188BFF36F8F704772B6002383F3118891
:10859000BFF36F8FBFF34F8F30BF62B6BFF36F8FE4
:1085A000704772B6002383F31188BFF36F8FBFF358
:1085B0004F8F20BF80F31188BFF36F8F62B6704773
:1085C00040E800F313F4803FD8B208BF6FF0150005
:1085D000704730B50C684B6885B00A894D890094A6
:1085E000013B24F01F04234402F01F0242EA45121B
:1085F00023F01F0369468DF808200393DCF748F841
:1086000005B030BD08B5DCF75DFA08B5D1E9043135
:108610009847002008BD08B5DCF740FA002008BDE7
:108620000B0704D5A0F14103192B98BF20307047E8
:108630002DE9F04F87B08A4615460446029300287C
:1086400044D0002942D0002B00F022810A4605F0D8
:108650000103039305F002030493A046294618F88A
:10866000010BFFF7DDFF0346C0B23F28064617782F
:1086700027D013F0C00F0BD1C8B12A2836D0294615
:108680003846FFF7CDFF864202F101025BD01DE0C4
:108690005B287AD05C28F2D1EB07F0D46078FFF742
:1086A000BFFF10F0FF0618BF04F10208E7E7EC0671
:1086B00001D52F2F02D0381E18BF012007B0BDE80A
:1086C000F08F1FB12F2F03D1A8070DD50120F5E79B
:1086D0002E2F09D1690707D55245F7D0AB0703D52F
:1086E00012F8013C2F2BF1D001322CE06078FFF71B
:1086F00097FFC1B22A2918D02E2F09D16F0707D5AD
:108700005245E3D0AE0703D512F8013C2F2BDDD044
:1087100079B915F00200D1D0ED0600F1BB802F2110
:1087200010460CF0ECFB0038C6E7294618F8010F9C
:10873000DDE72F2909D1AC0707D510460CF0DFFB88
:1087400002460028C2D0444687E71646029B25F021
:10875000040A03F1FF3905F00207B34629469BF8E6
:108760000000FFF75DFF10F0FF0406F10106ADD039
:108770004B46524659464046FFF75AFF01289DD1C5
:108780002F2CEAD1002FE8D098E7002F9ED02F2F72
:1087900004D1A8079AD4294638460DE02E2FFAD1E5
:1087A000690707D5524591D0AB0703D512F8013CB4
:1087B0002F2B8BD029462E20FFF732FF637881467E
:1087C000212B01D05E2B15D101230234294614F848
:1087D000010B0193FFF724FFC6B25D2E4FF0000B93
:1087E0001ED02F2E09D1049BD3B15B2F7FF46EAF27
:1087F000444645E044460023E8E75C2E0AD1039B4B
:1088000073B920785D280BD050B12946FFF708FFD7
:108810000134C6B226B9B9F15B0F3FF465AF55E735
:1088200023782D2B2FD129466078FFF7F9FE10F021
:10883000FF0018D05D2816D05C2804F102030BD18C
:1088400015F0010F08D1E31CA0780593FFF7E8FEAF
:1088500010F0FF00DFD0059B4E451C4603DC484569
:10886000A8BF4FF0010B294614F8010BFFF7D8FE03
:10887000C6B25D2EB5D1019B5B45CCD0611CB4D096
:10888000A04601325FE74E4508BF4FF0010BEAE713
:10889000032013E7084611E74023FFF7C9BE7047DE
:1088A000002303824369C3607047416A8968DCF72B
:1088B00065BAEFF31182402383F31288BFF36F8F01
:1088C00000230B60436833B9C0E9001182F31188BB
:1088D000BFF36F8F704719604160F7E7034610B52B
:1088E000EFF31181402282F31288BFF36F8F00688B
:1088F00028B15C680268A0421A6008BF5A6081F320
:108900001188BFF36F8F10BD027A01320272704777
:10891000034618465B68002BFBD17047426810B5D0
:108920002AB10B461C465B68002BFBD1626041609C
:1089300010BD10B5044620B908460B7A01330B72FE
:1089400010BD034618465B68002BFBD1FFF7E6FF1E
:108950002046F5E783680B440360704703680B60AB
:1089600043684B6083688B60704783880268194452
:108970008180D018704730B484880568A31883803C
:10898000281930BC0CF07CBA10B5838802685C1CD6
:108990008480D154D01810BD034600689A88401ACC
:1089A00011441860998070470268531E03608388E1
:1089B0000133838002F8011C704703468288521AF3
:1089C00082800068084418607047034600689A88EF
:1089D000521A01449A801960704710B5036801214A
:1089E0001C78FFF7EAFF204610BD10B5036802218E
:1089F0001C88FFF7E2FF204610BD10B50368022176
:108A00001C88FFF7DAFF64BAA4B2204610BD0268E2
:108A10008068101A70478388C2888168D21A0368F8
:108A20005B1AD01A704713460A460121FEF708B9AF
:108A30000A460121FEF7FBB80020704708B5C2695D
:108A400000685143FEF7FEF9BDE80840DCF77ABF45
:108A500038B51446C5691A4605FB0141049B0068F8
:108A6000FEF7DBF9BDE83840DCF76CBF38B51446DB
:108A7000C5691A4605FB0141049B0068FEF7B8F979
:108A8000BDE83840DCF75EBF4FF0FF324FF0FF33F8
:108A900000F58070EFF772B8EFF7E8B8F8B50E465A
:108AA0001746044643681D692846FFF7EDFF3B461D
:108AB0003246216805F17C0004F0EAFE044605F523
:108AC0008070FFF7E9FF2046BDE8F840DCF72CBFD7
:108AD000F8B50E461746044643681D692846FFF759
:108AE000D3FF3B463246216805F17C0004F0E7FEE7
:108AF000044605F58070FFF7CFFF2046BDE8F8403B
:108B0000DCF712BFF8B50E461746044643681D69E8
:108B10002846FFF7B9FF3B463246216805F17C0045
:108B200004F0CFFE044605F58070FFF7B5FF04EAB8
:108B3000E470BDE8F840DCF7F7BE38B5044643689A
:108B40001D692846FFF7A0FF216805F17C0004F0AD
:108B500039FF044605F58070FFF79EFF204638BDBB
:108B600070B50E46044643681D692846FFF78CFF22
:108B70003246216805F17C0004F0A5FE044605F5A7
:108B80008070FFF789FF2046BDE87040DCF7CCBE5F
:108B900038B5044643681D692846FFF775FF21680C
:108BA00005F17C0004F072FE044605F58070FFF7C5
:108BB00073FF2046BDE83840DCF7B6BE70B504460A
:108BC00043681E693046FFF75FFF216806F17C00AD
:108BD00004F05AFE054606F58070FFF75DFF20465B
:108BE000DCF78EFE2846BDE87040DCF79DBE70B510
:108BF00005464368C2B01E690C463046FFF744FF85
:108C000029686A4606F17C00EEF73EFC054606F54B
:108C10008070FFF741FF002D17DD9DF8003002A99D
:108C20009A1E534253412370019BFF22C4F8043122
:108C3000601C0CF094F9002384F8003100252846CC
:108C400042B0BDE87040DCF76FBEF8D16570F5E763
:108C500038B50346084619461D69DCF745FE04464B
:108C60002846FFF711FF214605F17C00EEF76AF96F
:108C7000044605F58070FFF70FFF2046BDE8384039
:108C8000DCF752BEF8B5044608462146174625696A
:108C9000DCF72AFE214606463846DCF725FE044668
:108CA0002846FFF7F1FE2246314605F17C00EEF73B
:108CB000B9F9044605F58070FFF7EEFE2046BDE8E1
:108CC000F840DCF731BE38B50346084619461D6941
:108CD000DCF70AFE04462846FFF7D6FE214605F1DA
:108CE0007C00EEF7DFFA044605F58070FFF7D4FE4E
:108CF0002046BDE83840DCF717BE034670B5144681
:108D00001E690846D6F8E420194692692260D6F812
:108D1000E420D2696260D6F8E420126AA260DCF72F
:108D2000E3FD3046FFF7B0FE06F17C0004F059FE8B
:108D3000054606F58070FFF7AFFE002DA1BFA368C2
:108D40005B1B0025E3602846BDE87040DCF7ECBD06
:108D5000034670B50846C2B019461E691546DCF7D1
:108D6000C3FD04463046FFF78FFE21466A4606F1F2
:108D70007C0004F065FD044606F58070FFF78CFE6C
:108D8000002C10DB00249DF8003002A99A1E5342EB
:108D900053412B70019BFF22C5F80431681C0CF075
:108DA000DEF885F80041204642B0BDE87040DCF7AF
:108DB000BBBD03898B420AD9436803EBC10053F85A
:108DC00031302BB94368002B08BF002070470020CA
:108DD0007047F0B5037885888779C679002013F04D
:108DE000070FC3F3C10314BF03240124012B28BFC1
:108DF00001230860087844EAC30320F01F006DBA1D
:108E0000034352BA0B704A808D808F71CE71F0BDD2
:108E100037B50C4605460846FFF742FD08232046B5
:108E200045F8044B238250F80C4F1C44FFF7F3FD28
:108E300000220346009203212246284605F04CFA00
:108E400003B030BD2DE9F04F85B005460E46904683
:108E50001F4605F013F820B96FF04C0005B0BDE8CF
:108E6000F08F4FF01409002334464FF0010A09FB3C
:108E700008693B60284602A904F0FAFFDDE90232E6
:108E8000009368BB284605F024F80028E4D00020B1
:108E9000E4E7A14598BF344661688A4214D121684D
:108EA000009801920CF01BF8019A68B9237CD3B9A1
:108EB000D4E9023128469847C0B184F810A03B6835
:108EC000143401333B60D5E714340BF1010BD84562
:108ED000DFD10021284605F058F80028CAD1D1E793
:108EE0004FF0000BF3E76FF06F00B7E76FF0220071
:108EF000B4E70D2809D006D8022806D003280CBFF5
:108F00000520012070470E28F9E70320704710B5AF
:108F1000C2B00C466946DCF76BFB10F1160F09D0A6
:108F2000831C09D050B99DF800304BB9419B236098
:108F300042B010BD0220FBE70320F9E70120F7E76C
:108F40000420F5E7042804D8022807D808D0012017
:108F5000704706280CBF0520012070470520704788
:108F600003207047002008B5D7F7A2F900B5C7B0B5
:108F700021AB0190029301A804AB0393DDF75AFCE7
:108F800047B05DF804FB38B5044600F11005002237
:108F900000232846EEF7BAFE014600B938BD204648
:108FA000FFF7E4FFF3E7DBF767BF70B505460E4652
:108FB000DEF742FA044618B1336B1BB129469847D5
:108FC000204670BDEA7A05F1180118300BF058FF01
:108FD000F6E710B5044640B14B6B0BB1183098471B
:108FE0002046BDE81040DBF747BF10BD4FF480704E
:108FF000704710B50446006818B1FFF7D4FF00238E
:10900000236010BD10B586B003461446009103AA34
:10901000052104A8D7F764F9042104A8A04706B0E5
:1090200010BD2DE9FF41036804460E4615462BB1DD
:10903000012D09D8002004B0BDE8F081DEF7FCF96D
:1090400020600028F4D1F5E741F2044337889F42BD
:109050003BD040F606139F42ECD12068FFF720FC7E
:109060002068023D028A50F80C3F03EB0208FFF72C
:10907000D2FC00950146B31C404603AAD7F7AEF9CF
:1090800038BB2268039B118A0B44138240F60613F7
:109090009F4207D12068038A012B1AD90C30FFF7B1
:1090A000ACFCA0802368A1881A8A8A42C2D310D857
:1090B000D968002001F0CFFF034650B921680A8A21
:1090C000023A0A8220682360B5E723681B8A002BD6
:1090D000C6D12046FFF78DFFACE730B505461446F4
:1090E0000A8885B08B78ADF8002000210D220DF1A3
:1090F00003008DF802300BF0EAFE6A466946284606
:1091000003F036F928B9BDF800209DF8023022801E
:10911000A37005B030BD13B50C4601AA0331FFF7AB
:10912000DCFF48B90322204601A90BF0D8FEB0FAB3
:1091300080F0400902B010BD0020FBE710B50C46DE
:10914000017822788AB08A420FD06946DEF7DAFBCE
:10915000204605A9DEF7D6FB10220DF115010DF111
:1091600001000BF0BCFE0AB010BD012A06D0022A95
:1091700007D072B940886388C01AF4E74068636812
:10918000FAE71022611C01300AB0BDE810400BF074
:10919000A6BE6FF01500E6E7042A0AD0102A0DD00B
:1091A000022A4FF0000315D103700B884380012081
:1091B0007047012303700B684360F8E7022300F84F
:1091C000013B01F1100351F8042B994240F8042BA4
:1091D000F9D1ECE718467047012310B50621044683
:1091E00000F8013BEAF71CF818B9A37963F03F03D4
:1091F000A37110BD0B6803608B8883808B798371AA
:10920000037823F00203037070470078C0F3400036
:10921000704738B50446807ADBF786FD61690546FC
:1092200049B1637ADB0704D4436A20461B689B6814
:1092300098470023636121462846BDE8384005F081
:109240001FBA2DE9F04101F10C080C46054600F16A
:109250000C01404617461E46FFF780FB4046FFF7CD
:10926000D6FB012310FA87F068826B7239464046BC
:109270002F82FFF7A2FBE368284673600023628A0F
:10928000E360728163823460BDE8F08138B50C46DA
:10929000D1E900320546DA600B684A895A820868CB
:1092A000DBF7EAFD2046102200210BF010FE2846D5
:1092B000BDE83840FFF7ADBF438A23B9C068B0FAB4
:1092C00080F04009704700207047D0F8A43083B187
:1092D0005A7BD1070DD5D2060DD51B7B102B14BFA1
:1092E000032304234372807A98428CBF002001201C
:1092F00070470223F6E70323F4E70F2807D80D2869
:109300000BD8052808BF032018BF02207047132878
:1093100003D01A2808BF0120F6E701207047FDF7A7
:1093200086BCFDF78DBC034610B5D3E8EF0F40EACD
:109330000102C3E8E42F002CF7D110BD0023D7F7BA
:1093400007BED0E8EF3F0B40C0E8E23F002AF8D16B
:109350007047C0F30723537000231070000ED070C5
:10936000C1F30720090E9370137150719371D1717D
:10937000704710B5E0F7B4FC04466FF4807110300C
:10938000FFF7DFFF2046BDE8104000F047BAC36892
:10939000DB78012B01D1FFF7ECBF7047C368DB78A6
:1093A000012B01D1FFF7E5BF70470020704710B5D2
:1093B00003884288934219D8052B17D9B2F5486F14
:1093C00014D88388B3F5FA7F10D240F67644C0886B
:1093D000A0F10A0189B2A14208D801339BB25343DC
:1093E000B3EB800F34BF0120002010BD0020FCE74C
:1093F0004FF44070704708B5E5F756FF18B1C089C3
:10940000003818BF012008BD70B506460D464FF064
:10941000FF304FF0FF31DFF76FF8044618B9BDE8B1
:109420007040DEF7EBBB03210C30FFF79EFA06809D
:1094300085702146BDE8704042F22100DFF732BA64
:1094400070B506460D464FF0FF304FF0FF31DFF7A5
:1094500053F8044668B103210C30FFF786FA068002
:1094600085702146BDE87040002240F20640DFF7DB
:10947000A7BB6FF0680070BDC368187808B1DEF74D
:109480003BBC1846DFF740BD38B54FF0FF3105460D
:109490004FF0FF30DFF730F8044668B102210C309E
:1094A000FFF763FA2B88214603800022BDE838408D
:1094B00042F21600DFF784BB6FF0680038BDF8B5E4
:1094C00007460E464FF0FF304FF0FF311546DFF7ED
:1094D00013F8044678B106210C30FFF746FA3B88B2
:1094E0004680038085802146BDE8F840002242F294
:1094F0002200DFF765BB6FF06800F8BD2DE9F0478B
:10950000814688464FF0FF304FF0FF3117461E4628
:109510009DF820A0DEF7F0FF0546A0B107210C3032
:10952000FFF723FAB9F8003080F802800380C77093
:109530000671A0F805A02946BDE8F047002242F2D6
:109540003200DFF73DBB6FF06800BDE8F08708B57B
:1095500000200021DFF7C2FA18B1BDE80840DFF7AC
:109560009BB9BDE80840E1F747BB072208B50BF0FF
:10957000B6FCB0FA80F0400908BDFDF758BB0B6897
:1095800003608B8883808B7983717047D0E8AF0F3D
:109590007047F8B50F46144638BB4FF0FF304FF018
:1095A000FF31DEF7A9FF054610B327210C30FFF786
:1095B000DCF9224606463946FFF7E1FFC31D04F1F8
:1095C000100152F8040B8A4243F8040BF9D110221F
:1095D000002106F117000BF07AFC2946BDE8F8409F
:1095E000002242F22700DFF7EBBA6FF01500F8BD5A
:1095F0006FF06800FBE7037A02465B0705D501467A
:109600002A3211F8010BFFF7C4BF704738B54FF08D
:10961000FF3105464FF0FF30DEF76EFF044658B1CC
:1096200029460C30FFF7B0F92146BDE8384000224A
:1096300042F22D00DFF7C4BA6FF0680038BD10B4F5
:1096400000F11003D3E8EF2F22F40051C3E8E41F28
:10965000002CF7D1930403D5012110BC00F0DCB835
:1096600010BC704770B5044686B00E46013001311B
:10967000FFF77BFF2A3416220021054668460BF0CF
:1096800026FC1022694620460BF029FC40B110222E
:10969000204606F12A010BF022FC002808BF012514
:1096A000284606B070BD38B54B6805460C4673B900
:1096B0000B7A13B9037A5B0709D520682A780378F7
:1096C0009A4204D02946FFF7CDFF00B1656038BD4E
:1096D00000F1100208B503461046FFF757FFC10519
:1096E0000DD5D2E8EF0F40F40050C2E8E10F002999
:1096F000F7D11846BDE80840002100F08DB808BD3C
:1097000010B50C4630B919B1E5F78EFD00B1441C17
:10971000204610BD0024FBE718B111B10846DFF761
:109720001BBE6FF01500704713B5044680B10621CB
:109730006846E9F775FD48B99DF80530694603F0BC
:109740003F0320468DF80530FFF7E6FF02B010BD5D
:109750006FF01500FAE7003818BF01207047037A50
:10976000D90704D523F001030372DFF7A3BF9907DC
:1097700004D523F002030372DFF7B6BF7047034638
:1097800010F4004F0CBF07200620DA0348BF00F09A
:1097900005009B0348BF00F0FB007047D0E8AF0F07
:1097A0007047012303FA01F13AB1D0E8EF3F0B43D0
:1097B000C0E8E23F002AF8D17047C943D0E8EF3F44
:1097C0000B40C0E8E23F002AF8D1704770B506466A
:1097D0000D464FF0FF304FF0FF3186B0DEF78CFEC4
:1097E0000446B0B10C3095B10121FFF7CDF8204609
:1097F00006F1100203A908230095DEF76BFE002294
:10980000214642F20A00DFF7DBF906B070BD2946B7
:10981000EBE76FF06800F8E7FFF7D8BF183005F006
:1098200019B810B50446FFF7F9FF2046BDE810400F
:10983000502200210BF04BBB0368D90444BF43F412
:109840008063036003689A0444BF43F400630360C9
:10985000704701F12003013813F8012D8B4200F805
:10986000012FF9D1704700230B60436813B9C0E999
:1098700000117047196041607047D0F8B40000389B
:1098800018BF012070470846896918301160426886
:1098900000211A6010F80D2C0BF019BBFDF7D0B9A0
:1098A000034610B5D3E8EF0F40EA0102C3E8E42F06
:1098B000002CF7D110BD437B072B01D1E0F736BE5A
:1098C00070472438E0F7C4BE002203680BB918467D
:1098D00070478B4210D10B6842B9426803609142D5
:1098E00000D14360002301200B6070471360436880
:1098F000994208BF4260F5E71A461B68E6E710B5D3
:109900000446006918B1DBF7B7FA0023236110BDE4
:1099100010B500F1C802D2E8AF3F5BB1591CD2E8E4
:10992000EF4F9C4204D1C2E8EC1FBCF1000FF6D10E
:10993000F1D110BD1846FCE710B5437B0446073B48
:10994000012B02D80121E0F7D7FF637B2BB1204622
:10995000BDE810400021E0F7CFBF10BD10B5437B3C
:109960000446023B062B16D8DFE803F00904151560
:10997000150B0900017300212046E0F7BDFF002010
:1099800010BD0088FFF75CFD0028F9D1637B072B31
:10999000F5D10821F0E76FF07F00F1E710B504463C
:1099A000D0F8A40028B9207A04F17001E5F77CFC16
:1099B00038B1E278C3892AB913F0210F14BF01200E
:1099C000002010BD13F0240FF8E738B58378044663
:1099D000012B25D1437B072B25D10B0601F07F05F9
:1099E0000BD54FF400410430FFF75AFF2046A57213
:1099F000E4F7BEFE88B9002038BD437AAB42FAD204
:109A0000837AAB42F7D2031DD3E8EF1F21F4004164
:109A1000C3E8E21F002AE9D0F6E7637AA372EBE716
:109A20006FF01500E8E76FF07F00E5E78378012B22
:109A30000CBF407A0020704738B5037A04468B4249
:109A4000154615D100F17001072228460BF047FAA0
:109A500080B1E378072243B904F17E0128460BF078
:109A60003EFAB0FA80F0400938BD04F17701F5E71D
:109A70000020F9E70120F7E78378012B0CBF703055
:109A800000207047F8B507460D464FF0FF304FF005
:109A9000FF31DEF731FD0646D0B10E210C30FEF766
:109AA00064FF04460E2200210BF011FA3B88314678
:109AB00023802B88002263806B8842F21300A380EE
:109AC000AB88E380EB882381BDE8F840DFF778B806
:109AD0006FF06800F8BD8378012B01D101F062B905
:109AE0006FF015007047704710B50446EEF75AFF47
:109AF000234653F8482BD2F8B41061B9A164D2F8C8
:109B0000B81061B9C2E92D33EEF760FF2068BDE8F7
:109B10001040E0F7CDBE8B42F6D00968EDE70B6050
:109B2000C2F8B830F0E703682BB141681A688B427D
:109B3000026008BF4260704770472DE9F843446BEC
:109B4000002C55D054F8085905B1083D002701E014
:109B50002C461D46D4E900682EB3EEF723FF002201
:109B6000D6F8B43004F1480163B1994232D1A36C04
:109B700042BBD6F8B820C6F8B430914201D1C6F83D
:109B8000B830A764EEF722FF04F130090022002369
:109B90004846EEF7BBF80646F8B9D8F804300BB1E2
:109BA000204698472760E3680BB120469847D8F8CD
:109BB00020300BB120469847D5B1AB68002BC7D0F9
:109BC000083BC5E71360D6F8B830994208BFC6F81D
:109BD000B820D6E71A461B68C6E7B36923B16FF011
:109BE0006D02F169206898473046DBF745F9CDE70B
:109BF000BDE8F88338B5436B0D46BBB1184650F845
:109C0000084904B1083C53F8043C9B680BB1294651
:109C100098475CB12046A468436824B19B68083C1F
:109C2000002BF4D1F6E79B68002BF0D138BDF8B5D6
:109C30000F4600210546164600234FF224420846EF
:109C4000E1F722FC044620B92846BDE8F840E1F7D8
:109C5000DFBB04210C30FEF788FE0570477046809C
:109C60002046F8BD406B28B1838B08388B4201D069
:109C70008068F8E7704710B54AB989B2FFF7F2FF7C
:109C800028B143689B6913B1BDE81040184710BD67
:109C900038B50D460521FFF7E5FF002329461A4692
:109CA000E1F70CFC044610B12846DBF7E5F8204646
:109CB00038BD406B28B1838908388B4201D0806859
:109CC000F8E7704770470346006828B15968026892
:109CD00088421A6008BF5A6070470346002003B9E3
:109CE00070471A8A5B681044F9E710B5D4680231EE
:109CF000237813B92170012010BD8B42FBD0038A59
:109D0000023B038200201061F6E7FCF790BF2DE9CB
:109D1000F04104468868FFF7E0FF638D628B0D46D3
:109D2000934228BF134683421DD30027A165D1F873
:109D300008808F60EEF736FE41462046E1F7D4FDFD
:109D4000064638B1C5F80880A765EEF73FFE3046F5
:109D5000BDE8F081618D638B2846994228BF194682
:109D600000F0A0FEF1E76FF07906F0E773B5144656
:109D7000014605464FF49572206800F0EAFD207513
:109D800030B92946206800F090FE20B908232375D9
:109D9000002002B070BD237AB3B1A3F11802534280
:109DA00053419B000193638A29460093AE68238A3E
:109DB000E2682068B047002808DB238A98420CD16B
:109DC000002301202375E4E70223EBE710F1FF0FE6
:109DD00003D34042C0B22075DAE70E20FBE71FB57F
:109DE000CDE9012300231A460093E3F787F905B074
:109DF0005DF804FB38B504460D46E1F775FD30B15A
:109E0000294604F15C00BDE8384004F02EBC38BDA2
:109E1000F8B5936805460F461446166863B950684E
:109E200001210C30FEF7A1FDA0602B681B78002BF0
:109E300014BF022301230370A3681B78012B03D0F6
:109E4000022B1FD000201CE02B681B78002BF9D1BF
:109E5000606804210C30FEF788FDE06007802A6806
:109E6000E36852885A806168728D738B088A9A42BF
:109E700094BFC0EB0200C0EB0300042894BF002095
:109E80000120F8BD2B681B78022BDBD16068122102
:109E90000C30FEF76AFDE06007802B68E268591C11
:109EA0000232113351F8040B994242F8040BF9D1F4
:109EB0006168728D738B088A9A4294BFC0EB02006E
:109EC000C0EB03001228D9E770B405686A6A52B380
:109ED000136803B1A83BA2F1A8040022114600E0D8
:109EE000A83B844207D0668D648BB14238BF3146AF
:109EF000A24238BF22461C462BB1D3F8A830002B13
:109F0000EED18442EFD1438D408B8B4201D89042F9
:109F10000BD9824238BF02469942286838BF194699
:109F200070BCE3F7D7BD1146EDE770BC7047D06851
:109F30000431037813B90170012070478B42FBD0C4
:109F4000002091680B8A043B0B821061704770B54A
:109F500004460E46002200230846EDF7D7FE0546CC
:109F600058B101462046E1F7BFFC044618B1294626
:109F7000304604F085FB204670BD6FF00104FAE71F
:109F80002DE9F04F044685B0104690469946FFF7FC
:109F9000A4FE638B628D8B46934228BF1346834297
:109FA00040F29380636840460393FEF7B1FC4FF0A4
:109FB000000A06464046FFF790FE628B638D06F16D
:109FC0000C079A4294BFC0EB0205C0EB030538466C
:109FD000FEF721FD854217D24046FFF77EFE628BD9
:109FE000638D9A4294BFC0EB0205C0EB03058DBBA5
:109FF00098F80A00DAF798FE00220023FEF755FCD5
:10A00000064630B9574636E03846FEF704FD0546A9
:10A01000EDE701464046FEF78CFC4046FFF75DFE4B
:10A02000628D638B06F10C079A4294BFC0EB020568
:10A03000C0EB03053846FEF7EEFC85421FD24046D2
:10A04000FFF74BFE628D638B9A4294BFC0EB020513
:10A05000C0EB0305F168328ACDF80090DBF804709C
:10A060000A4403985946ABB2B847071E0CDABAF156
:10A07000000F18BF5746384605B0BDE8F08F384688
:10A08000FEF7C9FC0546E5E70E9BB3B9394606F174
:10A090000C00FEF76AFC4046FFF71FFE638D628BE3
:10A0A000B944934228BF13468342BA441FFA89F940
:10A0B000A8D9AF423FF47EAFA4E7394630460F9AA5
:10A0C0000E9B98470028E1D19CE70027D3E70022A8
:10A0D000036803B970478B420FD10B683AB94268E5
:10A0E0000360914200D1436000230B60704713600E
:10A0F0004368994208BF4260F6E71A461B68E8E7E2
:10A10000D0E8EF3F43F00802C0E8E12F0029F7D183
:10A11000C3F3C00070472DE9F041064690461F4644
:10A120000D46B9B104220121E1F71EFD044618B91C
:10A13000BDE8F041E1F756BC04210C30FEF715FCF8
:10A140000570A0F80180C77021463046BDE8F04197
:10A15000FFF750BEBDE8F08137B50C46054601F16A
:10A160000C00FEF742FC228A03460192E2681221AB
:10A17000009228461322E1F751FD03B030BD37B5F8
:10A180000C46054601F10C00FEF72FFC228A03461F
:10A190000192E2682846009200221146E1F73EFD56
:10A1A00003B030BD00232DE9F34117681446D7F8FA
:10A1B00004800146137306469522404600F0C9FB11
:10A1C0000546207330B93146404600F06CFC28B992
:10A1D00008232373002002B0BDE8F081CDE90055CB
:10A1E00031463846A388A268FFF7CAFE002807DA7E
:10A1F00010F1FF0F32BF0E204042C0B22073E9E7DA
:10A200000120E8E700232DE9F34117681446D7F849
:10A2100004800146137306469522404600F099FBE0
:10A220000546207330B93146404600F03CFC28B961
:10A2300008232373002002B0BDE8F081A068798D67
:10A240007A8B038A914294BFC3EB0103C3EB0203F1
:10A25000012BEFDD02210C30FEF787FBCDE9005525
:10A260008046A38831463846A268FFF789FE031E60
:10A2700006DA13F1FF0F2ABF5B420E23DBB2D8E7E9
:10A280000120A8F80030D6E707B5CA680C2113886A
:10A29000528800920D22E1F7F9FF03B05DF804FB4C
:10A2A00007B50022CB680A211B8800920B22E1F738
:10A2B000EDFF03B05DF804FBF8B5CB6805461F88D9
:10A2C000BBB2162B19D90321E1F798FE0646B0B1AF
:10A2D00002210C30FEF749FB00246FF008033146E1
:10A2E000037044702846FFF785FDF72328466B83EB
:10A2F0006F85FFF7E9FD2046F8BD0420FCE70E203E
:10A30000FAE7F8B5054650F8044C071F00F1500372
:10A31000D3E8EF1F21F00401C3E8E21F002AF7D1C0
:10A32000FCB16B6D83B9636873B1201DFFF7CBFC83
:10A33000064601463846FFF7EAFC90B16368336091
:10A34000A368666003B9A660384605F15801FFF7B7
:10A35000FEFD30B1384604F10C01BDE8F840FFF7CE
:10A36000F6BDF8BD2DE9F041446A074634B354F810
:10A37000A86906B1A83E002307F104081D4601E0C4
:10A3800034461646A26D92B905B983B94046FFF727
:10A390009AFC054650B101462046FFF7B8FC68B16B
:10A3A0007B682B60BB687D6003B9BD6023462EB11E
:10A3B000D6F8A820002AE3D0A83AE1E7BDE8F0816A
:10A3C00038B50546D1E8AF3FDB0716D550F8040C89
:10A3D00098B16B6D8BB90430FFF775FC044660B122
:10A3E0000146281FFFF793FC38B155F8043C5A6822
:10A3F00022609A685C6002B99C6038BDE2F72ABEB0
:10A4000008B5E2F741F908B3426A02B3136803B131
:10A41000A83B32F88E0C32F87E2C904228BF1046B2
:10A4200043B913E0934228BF1346984238BF1846F9
:10A43000A1F1A803D3F8A8105A8B5B8D0029F1D1A4
:10A440009A4228BF1A46904238BF104608BD1046AF
:10A45000FCE70A8A0023C968E2F744BA70B50E46E1
:10A46000E2F712F9044628B93046DAF705FD6FF035
:10A470007F0070BD00F10C052846314604F0F5F868
:10A48000606A38B150F8A84904B1A83C2946FFF7E2
:10A490005EFD20B90020ECE71C466FF00100002CA7
:10A4A000F8D0D4F8A83023B90230F5D020461C46A5
:10A4B000ECE7A83BF8E738B505460C46EEF772FA2C
:10A4C0002846E2F7E1F820B9EEF780FA6FF07F0056
:10A4D00038BD0023236083683BB9C0E90144FFF71E
:10A4E00041FFEEF773FA0020F2E71C608460F6E7A4
:10A4F0000120704708B5E2F7C7F878B1436A6BB13D
:10A50000A83B03F15402D2E8EF0F20F00800C2E8A4
:10A51000E10F0029F7D1D3F8A830F0E708BD08B55E
:10A520000421FFF7C6FB20B15030D0E8AF0FC0F3D5
:10A53000C00008BD10B5029CA36833B1B1F5807F9F
:10A5400028BF0E21CAB221469847A37DE268013B8D
:10A55000DBB2A37522B11BB92046BDE810401047FD
:10A5600010BD1060918000207047F0B50768064666
:10A570003D78144689B0E5B97B88B3F5245F04D0F3
:10A5800011D8A3F52053032B13D8ADF80A100222DB
:10A5900020460DF10A01E2F7FDFA70B16FF01502E5
:10A5A000C4F8182306E003F55643FF339BB2042B8F
:10A5B0001DD90125284609B0F0BD7B88022220461E
:10A5C0000DF10A01ADF80A30E2F7E4FA0028E5D10E
:10A5D000009003AA132331467768B847021EDFDBD9
:10A5E00003A92046E2F7D6FA0028E2D0D6E7ADF874
:10A5F0000A10022220460DF10A01E2F7CBFA0028E8
:10A60000CCD17B880222ADF80A300DF10A01E8E7CF
:10A61000072208B50AF063FCB0FA80F0400908BDD3
:10A62000D0E8AF0F7047012310B503FA01F1D0E86D
:10A63000EF3F43EA0102C0E8E42F002CF7D11942B2
:10A6400014BF0120002010BD0B6803608B8883803D
:10A650008B7983717047034610B5D3E8EF0F00EA9A
:10A660000102C3E8E42F002CF7D110BDF8B59942E0
:10A670000446DDE906070D46089E01D90020F8BD15
:10A68000914201D20120FAE760B98FB93388294697
:10A69000013B33802046099B0A9A98473388002B58
:10A6A000EDD1EBE72168FEF749FD0028EDD0E9E7A1
:10A6B000E368BB42E6D1E9E770B50D46064611F8FE
:10A6C000010BE0F735FD044610B12C89E0F7D8F80E
:10A6D000A87A05F10B01E0F72BFD28B16B8A9C42AB
:10A6E00038BF1C46E0F7CCF8AB8AA34207D0AB6971
:10A6F000AC8223B121463046BDE87040184770BD9A
:10A7000038B5BDF810401546A2420CD84CB16BB11B
:10A71000A21A8A42A8BF0A4694B2224659190AF0E0
:10A72000AFFB204638BD6FF00600FBE76FF00D0071
:10A73000F8E730B585B0C96814461D46E2F78EFAD1
:10A7400000B100890223ADF80E000093294620468F
:10A75000BDF820200DF10E03FFF7D2FF05B030BD8C
:10A760001FB50C461946E36810461C78BDF8182042
:10A770003CB110240133069404B0BDE81040FFF74B
:10A78000BFBF5B88ADF80E30022300930DF10E03BE
:10A79000FFF7B6FF04B010BD30B51D46002385B0ED
:10A7A00014468DF80C30E2F70BFA10B1037A8DF8ED
:10A7B0000C300123294600932046BDF8202003AB2E
:10A7C000FFF79EFF05B030BD2DE9F04114461D4650
:10A7D000BDF81870DEF75CF80646D3F765FD80B269
:10A7E000069033463A4629462046BDE8F041FFF739
:10A7F00087BF30B585B014461D46FEF7F9FD02232C
:10A80000ADF80E00009329462046BDF820200DF13A
:10A810000E03FFF775FF05B030BD106000207047D4
:10A8200038B504461546FFF763FE50B12046E2F7FF
:10A83000C7F930B1037ADB0703D500210C30FFF7ED
:10A84000F2FE35B9207A04F17001E2F7E7F900B1C0
:10A85000856038BD70B500F1700605463146007A56
:10A86000FEF7C9FD04463146287A3CB1E2F7D6F935
:10A8700018B1002303604360836070BDE2F7CEF936
:10A880000028FAD0046044608460F6E7022A10B51C
:10A8900008D1002300F170011A46007AE2F702FAAB
:10A8A000022010BDFFF7D6FFFAE713B5044610B932
:10A8B000002002B010BD00238DF8043042F60303DF
:10A8C000006801A9ADF80630FEF738FC0028EFD18A
:10A8D000E36898880028ECD12046E2F7DFFB0130DE
:10A8E00080B2E6E770B5CC681E46A37988B008460A
:10A8F0008DF80C301546FFF7D8FFADF80D00246831
:10A9000023786BB96388ADF80F3005230093314687
:10A910002846BDF8302003ABFFF7F2FE08B070BD4B
:10A92000631C0DF10F02113453F8041BA34242F8CB
:10A93000041BF9D11323E9E71FB5CDE90123002357
:10A940001A460093E2F7DAFB05B05DF804FBFFF767
:10A9500057BD38B54C8AD3070546C4F30E0404D559
:10A9600014F0950F2AD04B6843B3900704D514F424
:10A97000957F25D08B681BB3144014F4DE7F0DD077
:10A98000EB7A2BB92846FFF709F8D8B9052038BD6E
:10A9900014F0300F04D114F4C07F07D10020F6E783
:10A9A0002846FFF743F80228F5D8EFE7D5F8A4309A
:10A9B000002BEBD05B7BDB06E8D5EFE70220E6E778
:10A9C0000320E4E70F20E2E7F8B514460F4694228F
:10A9D00061680646FFF7BDFF20BB01223046616873
:10A9E000E2F7DEFC08B3A2891B2130460232E1F710
:10A9F00009FF0546E0B1A1890C300231FDF7B5FF32
:10AA000020F8027BA289A1680AF03AFAD4E904127C
:10AA100028460123E2F7ACF829463046BDE8F84065
:10AA2000FFF71CBD4FF0FF30F8BD6FF01500FBE7DE
:10AA30006FF00B00F8E7F8B506460F46E2F7C0F8EE
:10AA4000D0B1037ADB0717D500F10C042046FFF7DD
:10AA5000E7FD10F001050FD17FB16FF00201204634
:10AA6000FFF7F9FD10F00207304608D0FFF742FD6E
:10AA700029462046FFF7D7FD01252846F8BDFFF7F8
:10AA800037FD0028F9D03046FFF749FD0028F4D003
:10AA90006FF002012046FFF7DEFD3046FFF72AFD8A
:10AAA0003946E6E7704701207047012070470720CC
:10AAB0007047FCF7BCB8D0E8AF0F084100F00100C8
:10AAC000704738B50A46034609B9012038BDC88920
:10AAD00010F0240FF9D0197D5D7B147BA94228BFAB
:10AAE00029468C4201D90020F0E7810612D4527B1E
:10AAF000D207EAD51A7A002AF5D00521181DFFF7EA
:10AB0000DAFF0028E1D1187A0138012894BF00202B
:10AB10000120DBE70521181DFFF7CDFF0028E6D156
:10AB2000E1E701238B40DB43D0E8EF2F1A40C0E878
:10AB3000E12F0029F8D17047FCF782B808B506214B
:10AB4000FFF7B7F818B9BDE80840E3F76DB8EC387F
:10AB500008BD0720704701238B40D0E8EF2F1A4330
:10AB6000C0E8E12F0029F8D1704708B50E21FFF7A2
:10AB7000F2FF002008BD38B504210446E3F7DAF8F7
:10AB8000054698B110210C30FDF7EFFE04F12703C4
:10AB900004F1370253F8041B934240F8041BF9D127
:10ABA00020462946E3F766F8002038BD0820FCE778
:10ABB00070B5D0F8EC300446DB78012B19D1CD68A4
:10ABC000061D10213046FFF7ACFF2B4604F1B702FB
:10ABD00005F1100153F8040B8B4242F8040BF9D134
:10ABE00007213046FFF767FF28B109213046FFF7FC
:10ABF000B2FF002070BD0A213046FFF75CFF00283D
:10AC0000F3D12046BDE87040E3F77AB907207047DA
:10AC10000720704707207047012303FA01F1CA4358
:10AC200030B5D0E8EF3F03EA0204C0E8E54F002D5D
:10AC3000F7D1194214BF0120002030BD38B50446B9
:10AC40000025031DD3E8EF2FC3E8E15F0029F9D108
:10AC500004F5A07003F0FEFD2572D4E8EF3FC4E8D0
:10AC6000E25F002AF9D12046BDE838400121FFF714
:10AC700072BF70B500F1700605460C4607223046DB
:10AC800009680AF02CF9B8B963681A682A679A88C3
:10AC9000A5F874209B7985F87630D5F8A4305BB19F
:10ACA000A268934208D062681168C3F801109188C5
:10ACB000A3F805109279DA7170BD2DE9F84FDDF82F
:10ACC0002C80044692461F46BDF82890FFF736FFB9
:10ACD000054600285AD0061DB9F1000F27D15AEABF
:10ACE000070324D103213046FFF7E5FED0B301214D
:10ACF0003046FFF7E0FEA8B32C7D6B7B05F14701E2
:10AD00009C4228BF1C46224640460AF0B9F80F2C48
:10AD100006D80021C4F1100208EB04000AF0D7F8AD
:10AD200030460121FFF717FF0120BDE8F88FD4F866
:10AD3000A430F3B904F1700B5A462020217AE4F7CD
:10AD400057FAC4F8A40030B95A460120217AE4F732
:10AD50004FFAC4F8A400B9F1000F0AD15AEA070764
:10AD600004D006E0D4F8A430002BE3D0D4F8A4102B
:10AD700071B90F213046FFF79EFE20B10222062155
:10AD80002046E0F781F92846FFF758FF0020CCE77E
:10AD9000CB899B06EDD50C7B1A312246B4E76FF0C8
:10ADA0008500704738B5FFF7C9FE044610B96FF04B
:10ADB000150038BD051D0A212846FFF72DFF002884
:10ADC000F5D007212846FFF776FE28B1092128464D
:10ADD000FFF7C1FE0020ECE710212846FFF76BFECD
:10ADE00009210028F3D12846FFF765FE0028F1D09D
:10ADF0002046E3F785F801460028EBD02046E3F72C
:10AE000011FEE7E770B504460820E2F7C3FE0546E9
:10AE1000E0B1061D08213046FFF783FEBCB30721D1
:10AE2000FFF77FFE234605F1970204F1200153F856
:10AE3000040B8B4242F8040BF9D10A213046FFF78C
:10AE40003AFE70B109213046FFF785FE0720E2F790
:10AE5000A1FE0446E8B1E2F72FFF0146C8B1204643
:10AE600012E010213046FFF726FE09210028EAD122
:10AE70003046FFF720FE0028E8D02846E3F740F8E8
:10AE800001460028E2D02846E3F7CCFDDEE70B219F
:10AE9000F9E770BD70B50446A0F1EC0650F8543BDC
:10AEA000E83CD3F8A45003F0D5FC03212046FFF77B
:10AEB00002FEA0B108213046E3F71EFD3DB1EB894B
:10AEC00013B16B7B9B0702D5284600F029F830466A
:10AED000BDE870404FF4BC72002109F0F8BF0121B9
:10AEE0002046FFF7E8FD0028E4D10F212046FFF7B8
:10AEF000E2FD0028DED1E1E770B504460D461646B6
:10AF0000E4F776F938B931462846E4F73DF910B14F
:10AF1000C3891C43C48170BDC3891943C181704773
:10AF200010B5037A04465B0701D5DEF7DDFB20464A
:10AF3000BDE810404022002109F0C9BF531E19444A
:10AF4000024411F8013900F8013B9042F9D17047F1
:10AF500010B5431E00F11002073013F8011F12F85C
:10AF6000014D83421C701170F7D110BDF0B50E4633
:10AF700014461D4697B00146202205A81C9FFFF7E6
:10AF8000DDFF202231460DA8FFF7D8FF2146102211
:10AF900001A88DF85450FFF7D1FF3B46412205A987
:10AFA00001A8E4F729FA044610B93846FFF7D0FFA4
:10AFB000204617B0F0BD2DE9F04316461D4697B068
:10AFC0000446DDE91F98102205A8219FFFF7B6FF70
:10AFD0001022314609A8FFF7B1FF102229460DA81B
:10AFE000FFF7ACFF03221E9911A8FFF7A7FF494600
:10AFF00011F8013BD9F801008DF847308B88062203
:10B00000129012A8ADF84C30FFF798FF414611F8A6
:10B01000013B06228DF84E30D8F801300DF14F007B
:10B02000CDF84F308B88ADF85330FFF787FF2146BE
:10B03000102201A8FFF782FF3B46412205A901A883
:10B04000E4F7DAF9044610B93846FFF781FF2046E5
:10B0500017B0BDE8F0830A448A4200D1704711F866
:10B06000013B40BA80B25840C0F303134340180379
:10B0700080B24340580100F4FF505840ECE70020F4
:10B080007047ECF775BE0C220369C9B201FB0233AD
:10B09000186C00F00700704770B5C9B20369EFF390
:10B0A0001185402484F31288BFF36F8F0C2606FBB2
:10B0B0000134246C14F0C00408D0A24206D085F3F9
:10B0C0001188BFF36F8F4FF0FF3070BD01227143C5
:10B0D0000B441A6485F31188BFF36F8F43680B44E8
:10B0E0005B6898470020F0E78022FFF7D5BFF8B5EE
:10B0F000069F0469C9B2EFF31186402585F31288D3
:10B10000BFF36F8F0C2569430C44256C05F0070CC9
:10B11000BCF1010F0BD1276486F31188BFF36F8F49
:10B12000C4E90E2343685B5898470020F8BD05F03A
:10B13000C005AF4286F31188BFF36F8F0CBF6FF06D
:10B1400077004FF0FF30F1E713B580240094FFF74C
:10B15000CEFF02B010BD10B41C240069CBB203FBBB
:10B160000400002110BC10471046ECF701BE01F0AE
:10B1700050B9E8F707B9022804D0042804D1002008
:10B18000E4F7ACBD0120FBE7704740F27260704706
:10B19000084608B51146F6F74BF8002818BF6FF0BF
:10B1A000040008BD08B5F6F7D1F9002818BF6FF004
:10B1B000040008BD70B5037B04460BB101F03FF9F4
:10B1C0000026A06800B970BDB0F5007F28BF4FF41D
:10B1D000007005460246D4E90010E4F7B3FE636848
:10B1E0002B44636023680BB12B442360A3685B1B73
:10B1F000A360002BE5D0237B0136002BE1D0304645
:10B2000001F01EF90028DCD00120DCE7084600210F
:10B21000E4F7BCBE084611461A4609B1E4F7B6BECB
:10B220006FF015007047436800205B68DB680B60B7
:10B230007047436802EA01005B6821EA0201586036
:10B24000002099607047436800205B685960704730
:10B25000436800205B689960704743685A681368C8
:10B2600021EA03000B40506000209360704710B546
:10B2700003695868F8B1884219D19C680868A142EE
:10B28000586000D19860002008602AB15A680A60AE
:10B290009A68596002B99960002010E0814206D195
:10B2A0000868206098688142EDD19C60EBE7044615
:10B2B00000680028F2D1002AE8D16FF0150010BD17
:10B2C00000207047E8F754BB30B543681360057A37
:10B2D000446804EBC504A34202D36FF0010030BD03
:10B2E0005C798C4201D00833F0E70020F7E748B1E1
:10B2F0001F302CBF01210021400940EAC1604909EB
:10B30000EDF720BC704710B50469204603F010F932
:10B310000023636110BDF8B5876806467C689CB160
:10B32000436893F82630DB071DD405694FF0FF33DF
:10B330004FF0FF322846ECF721FC6B69002B05DC4F
:10B3400000242846ECF792FC2046F8BD013B6B61D7
:10B35000002BF5D17B6830469847041EBEBF6B6951
:10B3600001336B61EDE70024EEE7F0B4D0E901634F
:10B370001B693BB177688F4208DB3568954205DC75
:10B38000F0BC18476FF05700F0BC70476FF0150025
:10B39000FAE7F0B4D0E901631B6A3BB137698F4229
:10B3A00008DBF568954205DCF0BC18476FF05700E4
:10B3B000F0BC70476FF01500FAE770B4D0E9016295
:10B3C000956A03460C46A5B196F8242012B92B467F
:10B3D00070BC1847306A024410F8011BA14202D128
:10B3E00021461846F3E79042F6D16FF0850070BC15
:10B3F00070476FF05700FAE72DE9F3410E46D0E9A8
:10B40000014794F825108046FF2905690FD194F86B
:10B410002610C1F38101022914D0D8F80830003970
:10B420001B6B18BF01214BB96FF0570003E0FFF70A
:10B43000C4FF0028EBDA02B0BDE8F081404698472F
:10B440000028F8DBA268B2F1004F05D01146404653
:10B45000FFF78BFF0028EEDB6269B2F1004F05D0E9
:10B4600011464046FFF795FF0028E4DB2368B3F15F
:10B47000004F14D0D8F808305B69002BD4D0404678
:10B4800001A998470028D6DB2268019B9A421CDD5F
:10B4900011464046FFF769FF002805DACBE76FF059
:10B4A000004362689A42E5D19EB994F826309B0722
:10B4B00016D040463B6898470028BCDBA069FFF7E0
:10B4C00016FF6B6901336B610AE062689342EBDD42
:10B4D000DEE76B6901336B6194F82630DA0601D43C
:10B4E0000020A8E74046FFF716FFA4E7012303FA70
:10B4F00001F103691B68194218BF82F0010212B101
:10B500008368DB68184783681B69FBE708B54368F5
:10B51000986A38B1012293F82C10FFF7E7FF00EA90
:10B52000E07008BD6FF08500FBE743681868B0F174
:10B53000004018BF012070470346084631B95B68D8
:10B540001B68B3F1004F01D0136070476FF0150016
:10B5500070474368986A20B1002293F82C10FFF7D7
:10B56000C5BF6FF0850070470020704710B40269B6
:10B57000436811681B68D3F8304171B17CB1002475
:10B580004C611168C97B19B94FF48051C3F8081395
:10B5900011688C7B1CB100238B7310BC7047D3F8EF
:10B5A000141121B10021C3F81411D3F81431126819
:10B5B0001368002BF1D0516810BC184743681B6812
:10B5C000D3F88004C3F88004704742681368D3F846
:10B5D0004C0150B10020926A12780A70C3F84C01F5
:10B5E000D3F84C2101229A6270474FF0FF30704728
:10B5F000002A0FDD42681368D3F84C0158B10020CF
:10B60000C3F84C01D3F84C010120926A12780A70F9
:10B61000986270470020704710B543681C68036942
:10B62000EFF31180402282F31288BFF36F8F1A6804
:10B63000D17B39B9917301221B68DA734FF48053BF
:10B64000C4F8043380F31188BFF36F8F10BD036912
:10B650001A68D17B21B10121917300221B68DA7332
:10B660007047026903461168C87B40B15B681B687C
:10B67000D3F8300118B100234B61136898897047E3
:10B6800043681B68D3F84C01003818BF012070478D
:10B6900043681B68D3F8042312035CBF4FF40022F5
:10B6A000C3F80423704743681B68D3F804231203CC
:10B6B00044BF4FF40022C3F8082370472022436898
:10B6C0001B68C3F804237047202243681B68C3F833
:10B6D0000823704738B5436804461D68D5F804331D
:10B6E000DB0405D4D5F8040310F4002006D138BDDE
:10B6F000FFF7B7FF0028F5D00120F8E72046FFF755
:10B70000BFFF003818BF0120F1E70120704703692F
:10B71000186801601B685A60704773B543680E462D
:10B720000DF107011C681546FBF715FB9DF8073066
:10B730004BB9C4F83C67C4F84057C4F83031D4F86A
:10B7400030310123236502B070BD13B501AA044650
:10B75000FFF7BAFD002805DB019B226819791868FC
:10B76000E4F76AFE02B010BD10B5044600220121C4
:10B77000C720D8F7B5FEC720D8F790FE2046BDE811
:10B780001040E4F789BF10B5044600220121C6200D
:10B79000D8F7A6FEC620D8F781FE2046BDE81040A7
:10B7A000E4F77ABF0129F8B505460E4624D143686F
:10B7B0000021D868FFF7C9FF6F680021F8683C686E
:10B7C0002D69FFF7C2FF0823C4F800353B7A8BB917
:10B7D000BA6AC4F80427C4F80867C4F84C31D4F82E
:10B7E0004C31A6622B682BB11B7C1BB14FF400239C
:10B7F000C4F804330020F8BD00293ED146683468FF
:10B80000D4F850312BB30269116859B1D4F804331C
:10B81000C3F3C0430B7413681B7C1BB14FF40023AC
:10B82000C4F808330123E362D4F82431002BFBD0A1
:10B830000023C4F85031D4F85021C4F82431D4F88E
:10B840002421C4F84C31D4F84C21C4F81431D4F874
:10B8500014316B684FF47A751F68D7F8303123B90B
:10B86000012000F0F2FD013DF7D10121F068FFF762
:10B870006CFF0023C4F80035BCE76FF08500BAE721
:10B88000F8B50669054633689C8914339442A8BF0D
:10B8900014460122D3E8EF0F002803D1C3E8E72FB5
:10B8A000002FF7D10CBF134600231FD13368224667
:10B8B000986809F0E5FAEFF31187402383F31288C3
:10B8C000BFF36F8F6B6831681B68D3F830313BB9B9
:10B8D0001C464B6187F31188BFF36F8F2046F8BD7C
:10B8E000224628468968FFF718FFF3E71C46F5E76C
:10B8F00008B50220E4F75CFA002008BD08B5E8F7B7
:10B900004DF908BD70B5044600F58876304600F064
:10B910007CF80546B8B9D4F81801E5F7F7F92068BE
:10B92000C4E9465510B1E5F7F1F9256004F10800C6
:10B93000FCF72BFD201DFCF734FDC30706D5BDE841
:10B940007040E5F78DB8E5F7E1F9DFE770BD10B5B8
:10B95000262090B0E5F7C8F9044668B134220021EA
:10B9600003A809F0B4FA012304A8029300F05EF9D9
:10B9700030B12046E5F7CAF90024204610B010BDCA
:10B980000190204600F015F8262101AB02AAE6F747
:10B99000EBFA0028EDD12046019900F00EF8ECE713
:10B9A00010B44368D4184460083310BC184409F03C
:10B9B00067BA43680833184470474368194408332A
:10B9C0004160184470474068704741607047406864
:10B9D000704710B54268914228BF11460C46521A72
:10B9E000083142600144083009F057FA204610BD82
:10B9F00042680346914228BF1146521A08465A60CF
:10BA00007047FCF741BDFCF744BDFCF74CBDFCF7AB
:10BA100054BDD0E90032511C41601344187A70477C
:10BA20004368016803F10802023343608818FCF799
:10BA300017BD03681BB15B684068181A7047184649
:10BA4000704770B50546FFF7F4FF904228BF1046D7
:10BA500004460E466B68286803F10801234401443C
:10BA6000224630466B6009F00BFA204670BD10B5D7
:10BA70000246FFF7DEFF884221BF5368106803F1DA
:10BA80000804C91832BF00200019516010BDF8B574
:10BA900004460D46FFF79BFF06462046FFF793FF3F
:10BAA000002107462046FFF790FF02212046FFF7BE
:10BAB00084FF023E0146B0B2FCF7D6FC01212046CD
:10BAC000FFF77BFF037839461D4305702046BDE82C
:10BAD000F840FFF77ABFF8B50F4615461C460646F4
:10BAE000FFF79EFF38803046FFF793FF00F01F01FD
:10BAF0002970003918BF0121069BC0F38012217004
:10BB00001A70079BC0F3C0101870F8BD08B5FFF796
:10BB10005EFFC0F50070033008BDFFF758BF10B5D9
:10BB20000C460221FFF749FF01462046BDE81040C0
:10BB3000FCF79ABC10B5E6F729FA044660B1022179
:10BB4000FFF73BFF01460020FCF78EFC0121204659
:10BB5000FFF733FFC0230370204610BDE6F72CBA71
:10BB6000C021FFF794BFF8B5044608680D46D2F728
:10BB70009BFB064614B96FF00B00F8BD2046FFF79B
:10BB8000C5FFAF687B1D33449842F4D302212046A1
:10BB9000FFF713FF0146B8B2FCF766FC022120460E
:10BBA000AF88FFF70AFF01463846FCF75DFC01212C
:10BBB0002046FFF702FF0670324620462968FFF74D
:10BBC000EFFED5E902212046FFF7EAFE0020D4E788
:10BBD0007FB5002305930DF10D03019303AB049092
:10BBE00000930DF10A020DF10B030DF10E0104A8F3
:10BBF000FFF771FF9DF80B305BB19DF80D309DF89C
:10BC00000C209DF80A1004A8E5F78EF807B05DF83F
:10BC100004FB04A8E5F7CAF8F8E708B5E6F72CF83E
:10BC2000BDE80840E6F73AB9E5F7AEBF012380F872
:10BC30002830E5F7B1BFE6F761B9E5F7F5BF034690
:10BC400030B1006820B15868003818BF0120704733
:10BC50007047E5F7D3BB13460A460121FAF7F0BF58
:10BC600010B5012104461830FCF7CFFB20B1206A43
:10BC7000F5F77CF80023236210BD38B504460D4665
:10BC800018300121FCF7B6FB18B10020A584A06292
:10BC900038BD6FF00F00FBE700B1C160704770B5B1
:10BCA00004460D4602F0E7F818B9002000F0010044
:10BCB00070BD2946204602F0B9F830B12B68FF2B41
:10BCC00007D90C21206AFFF7E7FF204602F003F9AD
:10BCD000EBE7204602F0CFF80028F6D0204601F02E
:10BCE000EEFE08B30021204605F1080602F0B9F87F
:10BCF00098B13146204602F0BBF870B100232046CF
:10BD000085F8303001F0E2FE204602F0E0F800282D
:10BD1000DBD0204602F0DBF8C8E7204601F0D2FE77
:10BD200030B9204601F0D2FE204602F0D4F8CCE72C
:10BD30000121204602F095F80028F2D0204602F0BA
:10BD40009AF80028EDD0204601F0B9FEC8B120468F
:10BD500002F091F870B13146204602F086F830B119
:10BD6000EB68102B11D00C21206AFFF795FF2046BD
:10BD700002F0B1F8204601F0A5FE00BB204601F01C
:10BD8000A5FE204602F0A7F8CBE7204602F09FF878
:10BD90000028EFD0002320462B7601F097FE0122E9
:10BDA000204605F1190102F030F80028E9D06B7E39
:10BDB000012B27D90B21206AFFF76EFFE1E7204610
:10BDC00002F059F80028D9D03146204602F04DF84B
:10BDD00030B1EB68082B07D00C21206AFFF75CFF1D
:10BDE000204602F078F8C9E7204606F1080102F083
:10BDF00020F80028F4D0204602F069F80028BDD0D1
:10BE00000123C8E70122204605F11A0101F0FDFFD8
:10BE10000028B6D0AB7E013B012BCBD8204605F1E4
:10BE20001C0102F003F80028ABD0EB69FF2B01D90D
:10BE30000C21C0E7204605F1200102F016F8002889
:10BE40009FD06B6A062BF3D1204602F040F8002801
:10BE50003FF467AF204605F1280101F0E7FF002815
:10BE60003FF45FAFAB6AB3F5803F04D30C21206A87
:10BE7000FFF712FF55E7012341E770B50D46022198
:10BE8000044602F018FA18B9002000F0010070BD55
:10BE90002B68FF2B07D9236A0BB10C22DA602046EE
:10BEA00002F015FAF0E72946204602F0C8F900280A
:10BEB000F5D00321204602F0FEF90028EFD095F8D6
:10BEC0003060B6B93146204602F0C9F9002838D0B2
:10BED000204605F1080102F0D9F990B3032120466C
:10BEE00002F0EFF90028DAD00221204602F0E9F949
:10BEF000CBE7012E25D13146204602F0B0F900B340
:10BF00000521204602F0D7F9D8B12B7E002B3BD17A
:10BF10003146204602F0CFF980B1EB68102B04D0F7
:10BF2000236A43B10C22DA6005E0204605F10801DE
:10BF300002F0A9F948B9204602F0C9F9204602F0FA
:10BF4000C6F9204602F0C3F9A9E70121204602F014
:10BF5000B8F90028F2D0697E002931D1204602F0DC
:10BF60007EF90028EAD0A97E02292CD1204602F0D1
:10BF700076F90028E2D0EB69FF2B27D9236A002B42
:10BF8000DCD00C22DA60D9E7012BD7D10221204680
:10BF900002F091F90028D1D0EB68082BC0D105F14F
:10BFA00008063146204602F06EF90028C3D020462C
:10BFB00005F1100102F046F90028BCD00221C5E7C6
:10BFC0000129BBD1CAE70129B8D1CFE7204605F145
:10BFD0001C0102F034F90028B0D06B6A062BCDD1D9
:10BFE000204605F1200102F04EF90028A6D00521D7
:10BFF000204602F066F90028A3D0AB6AB3F5803F73
:10C0000005D3236A002B9CD00C22DA6099E72046E6
:10C0100005F1280102F013F95FE7E5F705B8E5F748
:10C02000DDB808B5E4F7E2FF002008BD43680BB1B6
:10C0300008461847704770B5012300264160868185
:10C04000837304468868D8F76DFDA06070B12368DB
:10C050001B6813B90025284670BD9847054600287F
:10C06000F8D0A068D8F778FDA660F4E76FF00B056C
:10C07000F1E738B50025044685738068D8F76CFD74
:10C08000C4E9015538BD38B5036805465B680C4600
:10C090000BB10846984784F001046400AC7238BDC7
:10C0A00010B50446103002F0D5FBA37A012B05D160
:10C0B0002046BDE810400021FFF7E5BF10BD012973
:10C0C00010B502D86FF0150010BD047804F0070316
:10C0D000640753700DD5042BF4D10229F2D100234B
:10C0E000C2E90133137043780BB10C235370002065
:10C0F000EAE7437802390230137090605160F6E746
:10C10000032901BF037813704378537003BF83780A
:10C11000002093706FF01500704738B50B46154638
:10C12000044610B96FF0150038BD0029FAD0002A76
:10C13000F8D0427802F007020A7041784A070AD51F
:10C140002A68012AEED9891001F0020159700223F0
:10C1500000202B60E8E78268002AE3D002785A705A
:10C160008168981C814202D0626808F089FE636889
:10C170000233EDE703780B7043784B7083788B7054
:10C18000704770B5D30706460D4651F8084C01D4E8
:10C19000022070BDFEF7DBFB032808D9237E143D87
:10C1A000033866612561A06023B1012B09D06FF0CF
:10C1B0000D00EEE72146E069E6F732F90028E7D006
:10C1C000F5E72146E069FFF736FFF7E713214069FD
:10C1D000FDF7C4BBF0B50D46D0E90476144687B030
:10C1E00018220021684608F072FE69463046CDE903
:10C1F0000175ADF80C40E1F73BFB07B0F0BD084618
:10C2000008B511461A46C368187E20B1012808D027
:10C210006FF00D0008BDD869E6F720F90028F9D0C5
:10C22000F6E7D869E5F7CEFFF8E7CB0710B508D4F5
:10C2300050F8084C237E2BB1012B07D00023C4E912
:10C24000043310BDE069FFF72BFFF7E7E069FFF764
:10C2500010FFF3E710B54FF0FF304FF0FF31E6F776
:10C260006DFA044628B9C4F791FA044618B1E6F706
:10C270006DFA204610BDE6F769FA2046DBF7B4FBFD
:10C28000F7E738B50B8A0D463BB101F10C00FCF71E
:10C29000A4FB012818D0022803D06FF01504204613
:10C2A00038BD4FF0FF304FF0FF31E6F747FA044654
:10C2B0000028F4D1E868CEF795FD0446E6F746FA83
:10C2C000ACB1E6F749FAEAE74FF0FF304FF0FF3143
:10C2D000E6F734FA04460028E1D1E868E6F756FCB0
:10C2E0000446E6F733FA002CD9D1E6F735FA2846AA
:10C2F000D8F7C2FD0024D2E7E6F796BB10B531228D
:10C300000021044608F0E3FD202323708023A3705E
:10C310006FF03F0363710423A3722823A3730223E6
:10C32000E3730423A3756FF0080363760323A376F6
:10C330006FF00F03E3767E232377302384F82030D9
:10C340006FF03F0384F82130792384F822306FF0B6
:10C35000010384F82330012384F82430802384F8F7
:10C360002630042384F82730402384F82D3010BD74
:10C3700008B50323D1F7BFFE002008BD08B5E6F7D6
:10C3800065FF002008BD08B5F5F7E0F848B10023C7
:10C3900083F31188BFF36F8F0423184602DF6FF019
:10C3A000040008BD08B54FF0FF314FF0FF30E6F74D
:10C3B000C5F9D1F7A8FEBDE80840E6F7C7B9684659
:10C3C00020F007018D4601B5CCF736FFBDE80140EE
:10C3D00085467047684620F007018D4601B5CCF7C9
:10C3E0001FFABDE8014085467047684620F0070106
:10C3F0008D4601B5CCF706FABDE801408546704789
:10C40000E7F7DCBDE7F7F6BD08B5D1F7AFFC0020D4
:10C4100008BD7047012802D10020CDF72FBC70471E
:10C420007047CDF7E1B908B5CEF7B4F830B1EFF306
:10C4300005800338032894BF0020012008BD704701
:10C440000120704703460020184701F04FBF024605
:10C4500010B5116891B1B1FA81F3C3F11F00012346
:10C46000834021EA0303D2E8EF4F8C4204D1C2E8B3
:10C47000EC3FBCF1000FF6D1EBD110BD6FF00B001B
:10C48000FBE710B50368CB40DB0710D401238B40DA
:10C49000026843EA0201D0E8EF4F944204D1C0E8B9
:10C4A000EC1FBCF1000FF6D1F2D1002010BD6FF0EF
:10C4B0001500FBE7F7B51646DDE90847019001A82E
:10C4C0001D46E7F705F9019BB6F1000C18BF4FF0C8
:10C4D000010C00EB83000B1E18BF0123002D43EA63
:10C4E0004C0314BF4FF00C0C4FF0000C002C43EA2F
:10C4F0000C0314BF4FF4706C4FF0000C002F43EA94
:10C500000C0314BF4FF4403C4FF0000CD0F88020D7
:10C5100043EA0C0322EA030301B109780EB136782D
:10C52000760019430DB12D78AD0031430CB124785C
:10C53000240229430FB13F783F040C433C43C0F829
:10C54000804003B0F0BD1FB50DF10F030193002330
:10C550008DF80F101A4619460093FFF7ABFF05B090
:10C560005DF804FB10B504460846E7F7C1F804EB94
:10C570004004A08AC0F3401010BD10B50446084620
:10C58000E7F7B6F804EB4004A08AC0F3400010BD02
:10C5900010B504460846E7F7ABF804EB4004A08A60
:10C5A000400B10BD70B5044608461646E7F7A0F8E4
:10C5B000083034F810300D46DA0509D5C3F34323AB
:10C5C00004EBC3023146284654F83330526898478A
:10C5D000A3682BB131462846E268BDE87040184791
:10C5E00070BD10B504460846E7F782F800B204EBC8
:10C5F0004000838ADA051DD5C3F3432123F4F853A1
:10C60000838204F1120204F1580032F8023F13F45D
:10C61000807F03D0C3F3432399420BD08242F4D1ED
:10C62000002204EBC1035A6004F16000BDE8104031
:10C63000FFF727BF10BDF0B50446002001270546CF
:10C64000844695420AD1D4F8443133B10023C4F86A
:10C650004431D4F8443140F40030F0BDEBB29B00DB
:10C6600003F580769B0807FA03F3194208D054F8C3
:10C6700006E0BEF1000F03D044F806C0A6591843E7
:10C680000135DEE738B504460D46FFF76BFFB0B164
:10C690002046FFF772FF90B92046FFF779FF01238C
:10C6A00022688340C2F81833236800B203EB80038A
:10C6B000D3F8102522F00302C3F8102538BD284610
:10C6C000BDE838400021FFF73EBF2DE9F043174693
:10C6D000044685B00846E7F70BF8D7F800800E4609
:10C6E0000546B8F1000F1FD02046FFF746FF18B1EE
:10C6F0002046FFF737FF30BB00230DF10F02CDE9D5
:10C7000000338DF80E308DF80F30304643460DF172
:10C710000E01FFF7CFFE2AB204EB4202938A23F008
:10C72000020343F0010393827B68002B34D031462F
:10C73000204693F80080D3F80490FFF71EFF28B13D
:10C74000B9F1000F1FD06FF0150028E028B204EBFC
:10C750004000838A23F4604323F020038382B9F1ED
:10C76000000F10D0B8F1030FEDD87B6821685B682B
:10C7700093F800C001EB8C01B8F1000F12D1C1F8A1
:10C780001085C1F810852AB204EB4202938A23F087
:10C790001C0343EA88039382BB6853BB002005B0A7
:10C7A000BDE8F083D1F8102522F00302C1F810256E
:10C7B000226802EB8C03D3F8102522F4473222F4CE
:10C7C0007C72C3F8102541F6F072D3F8101502EA16
:10C7D000061242EA08420A43C3F8102504EB4C0350
:10C7E000A3F86460838A43EA4C3343F020038382D6
:10C7F000C9E73146D3E900782046FFF7F2FE002F63
:10C80000CCD063689F4206D004F16000FFF71FFEA2
:10C81000002804DAC3E7A3689845F5D1002004EBAB
:10C82000C003C3E901782DB204EB4505AB8AC0B261
:10C8300043EA402343F48073AB82AFE7C0E90312BD
:10C84000704770B504461546FFF78CFE48B10846A0
:10C85000E6F74EFF04EB40040020A38A5B0B2B702D
:10C8600070BD6FF01500FBE790F87400003818BF3A
:10C8700001207047E6F772BF2DE9F34104461746E1
:10C88000FFF770FE0D46266800B32046FFF775FEE1
:10C890008046D8B92046FFF77BFE05B2AD0005F50E
:10C8A000807246F802802168B2582944D1F81025D8
:10C8B00042F00102C1F810252FB10122216802FACD
:10C8C00000F3C1F8143302B0BDE8F081D6F8143398
:10C8D00028469B035CBF4FF40033C6F81433E6F7D9
:10C8E00007FF04EB4004A38AC3F38203042B11D097
:10C8F000052B11D001A80195E6F7EAFE019BC1685E
:10C90000D94001F001010231284602B0BDE8F041F2
:10C91000FFF719BE0321F7E70221F5E7FFF7B2BEE3
:10C9200008B5E7F783FBBDE80840FFF77ABDC9B259
:10C93000E7F7B4BB10B50124A1F580739B0804FA96
:10C9400003F318400CD001F1502101F55021086883
:10C9500030B1002008602046096811681943116051
:10C9600010BD08B50246E7F7D5FB20B9BDE8084081
:10C970001046E7F777BC6FF00F0008BD036801337E
:10C9800004D04068431C584258417047012070470A
:10C9900010B504680B689C4209D040684968884219
:10C9A00005D08C4203D0181A18BF012010BD0020FA
:10C9B000FCE740F30903B3F1FF3F08BF0130C0F3C8
:10C9C0000900043070470A680368534003604A68EE
:10C9D0004368534043608A6883685340836070476C
:10C9E0000346006830B95A682AB99868B0FA80F0EE
:10C9F000400970470020704708B5036802461B0DC8
:10CA000013F4E06005D0101DFFF7C2FFB0FA80F00C
:10CA1000400908BDC36E426D1944891AB1FBF3F297
:10CA200003FB1211836D8B4208D90123406ECA08A3
:10CA300001F007018B40815C0B4383540020704759
:10CA4000024608B50846FFF7B4FF136803441360B5
:10CA5000002008BD036B1944C1F30903003B18BF54
:10CA6000012321F0004141EAC371016300207047B6
:10CA7000036801330360002070472DE9F04F87B051
:10CA80000493836E139EDB691746DDE91148A219F2
:10CA90009A4281468A4600F2A680C36E1BB1109A64
:10CAA000934240F2A080049B013B05930EB3BAF180
:10CAB000000F3ED0DAF80030109A934239D1DAE90B
:10CAC000015305EB030BA34533D9A54213D8ABEBB8
:10CAD000040BB34528BFB346DAF80C10651B40467B
:10CAE0005A46294408F0CCF9B6EB0B06D8445C440E
:10CAF000E0D1002074E02D1BB54228BF35463B68CD
:10CB0000109A93421BD1D7E901130B44A34216D9C3
:10CB1000A14210D81B1B9D4228BF1D46FB68611A0D
:10CB200040462A46194408F0ABF9A8442C44761B29
:10CB3000BCE73546E3E7091B8D4228BF0D46049B41
:10CB4000B34220D8D9F868004369B4FBF3F203FB81
:10CB50001242C2B9B34216D8B5FBF3F203FB12532B
:10CB6000A5EB030BCDF800B00393436822469C4627
:10CB700010994346E047002832D1039BD8445B1B01
:10CB80005C441E4492E7109B05993B60D9F86830DD
:10CB90005A69B4FBF2F302FB1343E21A7A60D9F844
:10CBA00068501B1BD5F814C001EB0C002044B0FBEF
:10CBB000FCF10CFB1101401AE969884294BF1B1873
:10CBC0005B18A96A8B4228BF0B46BB60D9F8680086
:10CBD00000934568FB681099A84700283FF467AFA9
:10CBE00007B0BDE8F08F6FF05300F9E71FB5C3F34E
:10CBF00009040294069C019400240094E7F72AFF9C
:10CC000004B010BD30B5134604460268082087B052
:10CC100004AD916E03900295586801901B68104610
:10CC20000093CB6902F11001FFF727FF30B92846C6
:10CC3000211DFFF7ADFE003818BF012007B030BD41
:10CC400010B5836E04465B6B13B9C068D7F784FFD9
:10CC5000A36E9B6B13B9E069D7F77EFFA36EDB6B06
:10CC600013B9606ED7F778FF002010BD2DE9F04FA3
:10CC70000646884691469A46002487B0119F0DF1DA
:10CC8000100BA74203D8002007B0BDE8F08F3D1B72
:10CC9000082D28BF0825109B4246E318CDE900A3C4
:10CCA00000213046CDE902B5A9EB0403FFF7E5FE0C
:10CCB0000028E9D1129B2A4618685946EAF72EFC4B
:10CCC000129B2C441860DCE72DE9F04F074688469C
:10CCD00091469A46002487B0129E0DF1100BA64291
:10CCE00001D800201BE0351B082D28BF0825109B0C
:10CCF0004246E318CDE900A300213846CDE902B54C
:10CD0000A9EB0403FFF7B9FE48B9119B2A46584620
:10CD1000191908F0E4F8002804D005DA012007B05A
:10CD2000BDE8F08F2C44DAE70220F8E730B513466F
:10CD30008268C1F30905AA4228BF2A4685B002923B
:10CD40004168044601915968009101681B680846D2
:10CD5000FFF7BAFF28B9A368AB4202D034BF012065
:10CD6000022005B030BD0023D4F7F2B81FB5002370
:10CD7000CDE9023301934FF0FF330093E8F720F938
:10CD800005B05DF804FB30B4D1E9003482699A4201
:10CD900002D1C569A54204D0A24205D1C469A3420B
:10CDA00002D130BCE8F7F6BBD1E90234A34206D188
:10CDB0000A60C2695B004A600022CB608A608B68AF
:10CDC000002030BC01338B607047F8B5C6690D6830
:10CDD000083EB5420F4613D3B5FBF6F00138D1F744
:10CDE0006BFA841CA5EB8404B4FBF6F42046D1F75F
:10CDF00063FAA5EB8005204604FB16553D60F8BD9F
:10CE00000020FCE72DE9F04F89B006460F46DDF81B
:10CE10004C8005924BB94FF0FF32C8F8002000203B
:10CE2000149A136009B0BDE8F08F846E013B07A926
:10CE300020460793FFF7C9FF12A905462046FFF7D2
:10CE4000C4FF4FF0040A81460DF1140BA945059A61
:10CE500003D3129BC8F80020E1E795FAA5F3A5EBF0
:10CE60000904B4FA84F4B3FA83F3C4F11F049C42B6
:10CE700028BF1C46A300CDE90023002104233A4625
:10CE80003046CDE902BAFFF7F8FD0028CAD10123E8
:10CE9000A340ED1ADAE72DE9F04F89B00746DDE946
:10CEA000120A884691461E46E0B10138059005A950
:10CEB000B86EFFF78AFF04460DF1180B314614983F
:10CEC000D04778B974B104F00105C5F102039B00A5
:10CED000CDE900604A4641463846CDE902B3FFF746
:10CEE000CCFD10B109B0BDE8F08F069925B91498B2
:10CEF000D0470028F6D1012008AB03EB8000023DAB
:10CF000050F8086C2C44D9E77FB50C46043106462E
:10CF1000E8F720FD054680BB21463046E8F71AFDBC
:10CF2000054650BB2246042342F8080FCDE90223F0
:10CF3000019022680146009230463246FFF79DFD7F
:10CF400010B110F1540F1BD1B36E5A6A002A0BDDD9
:10CF5000A368013242F00102013B1344B3FBF2F13A
:10CF600002FB11329B1AA3604FF0FF330422C4E985
:10CF700003230022C4E90523E361284604B070BD01
:10CF80000546FAE7C368184710B50C46826AFF21C8
:10CF9000E06807F09CFF4FF0FF33236010BD38B509
:10CFA00081660B6A0446C3664B6B0D46002B3BD073
:10CFB000C360AB6B002B43D0E36128462146FFF7EB
:10CFC000E3FFA06E04F11001FFF7DEFFA56EEB6B2F
:10CFD000002B3CD063662B6C002B08BFFF2323671C
:10CFE0006B6C002B08BF6FF00043636740F2FE33A9
:10CFF000AA6C002A08BF1A46A2672B6D591CE3676A
:10D000002CD10023E36700204FF0FF33C4E90A006E
:10D01000C4E90833C4E90F00C4E90C00C4E91200F4
:10D020006064A063206538BD886AD7F77BFDE06047
:10D030000028BED12046FFF703FE6FF00B00F2E799
:10D04000A86AD7F76FFDE0610028B6D1F2E7E86A79
:10D05000D7F768FD60660028BDD1EBE7002BD2D181
:10D06000EB6CA96A43B18A4228BF0A46DB089A42A0
:10D0700094BFE267E367C6E7EB69F4E72DE9F043A5
:10D080000D4609689846CB1C0646174685B003D95D
:10D09000002005B0BDE8F083806EAC68826914445E
:10D0A000013CB4FBF2F302FB1343E41A0094D0F802
:10D0B0000890EB686A68C8470028EAD1B8F1000F09
:10D0C00004D12946B06EFFF75FFFE1E74FF0FF3371
:10D0D0003B600294EB68224601936B6839460093EB
:10D0E00030462B68FFF7F0FD0028D2DBE9D06FF067
:10D0F0005300CEE72DE9F74F0646DDE90D5A0C4601
:10D10000904699464FF0000B0F9F67B9384638E0BC
:10D110000C9B2360B36E9A69B5FBF2F302FB1353C9
:10D12000EB1AC4E9013B23680C9A9342F0D1606882
:10D13000A842EDD8B36E9A6A0244AA42E8D9521BBB
:10D14000BA4228BF3A46E368281A51461844019269
:10D1500007F096FE019A636815449244BF1AA268CC
:10D16000EB1A934238BF1346A360B26E926A9A429A
:10D17000CBD14B46424621463046FFF77FFF002881
:10D18000C3D003B0BDE8F08F2DE9F04F91B0CDE9E9
:10D1900007230B6B0646DC020D461BD54C6B089B28
:10D1A000CA6AE318934238BF1346C26F9A4211D23B
:10D1B000CC63C36E0366E8F745FC2B6B044630B1C5
:10D1C00043F400232B63204611B0BDE8F08F23F415
:10D1D00080132B63089B059305F140030493059B83
:10D1E0000BB9089CEFE72B6B9A030CD5B26EE96B79
:10D1F000D269914240F0A680DB021FD56FF0010397
:10D20000AB636B6B3CE013F48013F7D16A6BAAB18C
:10D210000F930FAB0293013A05F13803019300928B
:10D220003046D5E90A230499FFF7ECFD044608B11E
:10D230002B6BC5E70499B06EFFF7A6FEF36E33665D
:10D24000AB6B09936B6B0693013B0B9330460DA9B7
:10D25000E8F780FB04460028EAD1DDF83490B06E90
:10D260004946FFF78FFE044630B114F1540FDFD169
:10D270004FF0FF332B64E9E7069B1BB9C5F83890E4
:10D28000EB635BE0B76E0B9B38460EA90E93FFF77E
:10D290009CFD0E9B03F10108FB69CDF83880984591
:10D2A00073D1013090FAA0FBBBFA8BFBA046099B1F
:10D2B0000BF1010A0F930FAF4FEA88030A9304237F
:10D2C000CDE902734FEA8803CDE90093324601238A
:10D2D00030460499FFF70EFF0F9B04460028C4D187
:10D2E000C34557D108F10108C245E5D8C5F83890C3
:10D2F0004FEA8A03C4E7099B324600930021304677
:10D30000CDE9027BCDF804A0A8EB0A03FFF7B5FB3B
:10D31000044600288CD1012332463046CDE9027BF9
:10D32000CDE9009A0499FFF7E5FE044600289CD158
:10D330000AF1010AD045DED8C5E90E982B6B43F4FB
:10D3400000332B63B36EDF69EB6BFF1A059B9F42C3
:10D3500028BF1F46079B03970293EB6B324601934E
:10D36000AB6B3046009304990123FFF7C3FE0446DC
:10D3700000B310F1540F7FF45BAF29463046E8F755
:10D3800061FB04460028E5D052E7A2464FF0010BAE
:10D390000FAFCFE70422CDE902720A9A0146CDE928
:10D3A0000032304604233246FFF767FB044600286C
:10D3B00098D03DE76B6B3B446B63EB6B3B44EB639B
:10D3C000079B3B440793059BDB1B0593F36E33667A
:10D3D00005E7F0B585B0CDE902231D464B680C4644
:10D3E00001930B68174600930246002300F11001D9
:10D3F000FFF780FE064640B92A463946E068EAF75C
:10D400008DF86368E0602B446360304605B0F0BD82
:10D410002DE9F04F064687B010469946FFF7C9FA46
:10D420004B6893464A69034493420C46804641D870
:10D430008B682BF0004A8AEA03031BBA0593304637
:10D44000042305AAFFF7C5FF054678BBBBF1000F13
:10D45000A8F1040720DA0DF1130B2FB30123CDE956
:10D4600002B3D9F804303246043B4344DB1B01933A
:10D47000D9F800300021009330463B46FFF7FDFA13
:10D4800040B901235A4621463046FFF7A2FF013F2B
:10D490000028E2D0054609E03B464A462146304690
:10D4A000FFF797FF0028F5D1C4F808A0284607B079
:10D4B000BDE8F08F6FF01B05F8E713460A46D0E988
:10D4C0000001FFF7A5BFF0B50B6B0C4659030546ED
:10D4D00097B008D5DA0258BF4FF0FF3223F480230B
:10D4E00058BF22642363216B8B0302D4002017B042
:10D4F000F0BD11F48011666BE76A3FD1542201A898
:10D5000007F0E5FCA36ACDE90B37012311AFCDE9A4
:10D510000D3695E80F0087E80F004FF0FF372F60BA
:10D52000626BE36A9A4212D304F1400701232A4650
:10D5300039462846FFF7A2FD20B310F1540FD6D18B
:10D5400021462846E8F77EFA0028EFD0CFE70123EE
:10D5500028460DF1030201A9E8F7BCF80028C6DB54
:10D560000123214628460DF10302FFF70DFE002896
:10D57000BDDB2B680133D3D01197D0E7BE422CBF5F
:10D5800066636763A36BA362636BE362236B23F43D
:10D59000003343F48033C4E90C36A7E72DE9F743A1
:10D5A0001E460B6B17465A0305460C4619D4216BD1
:10D5B0000B051DD4D4F834806B6F08EB06029A4239
:10D5C0002FD811F4003919D033463A46214628465F
:10D5D000FFF7DAFD002808DB236B23F40023236325
:10D5E00003E0FFF770FF0028E1D003B0BDE8F0834F
:10D5F000E36A626B934288BF6363DBE7E36A984543
:10D60000E2D96363636B9845DED90123214628463E
:10D610000DF107028DF80790FFF7B6FD0028F1DA4B
:10D62000E3E76FF01A00E0E72DE9F0438DB00C4618
:10D6300004A9054617469846BDF85490FFF764FCC8
:10D64000064628BBE37D3A468DF82730A369284675
:10D650000A93E36904A90B93BDF85830CDE901930F
:10D66000149B00934346E8F757FB002814DB012383
:10D67000049F059A2046A761E261E37505F1200148
:10D68000FFF786F920B9B9F1000F01D1C5E9087299
:10D6900030460DB0BDE8F0830646F9E72DE9F341C9
:10D6A000064614460D46486B726F13B1012B29D103
:10D6B000044494422AD8844221D02B6B5B0331D599
:10D6C000D6F86880EA6BD8F81C309A422AD06946AE
:10D6D00000904046FFF779FB01A9074640460194B8
:10D6E000FFF773FB87421DD16B6C019A934219D8E7
:10D6F000A96C0B449A4215D26C63EA63204602B0CF
:10D70000BDE8F081022B04D09042F8D96FF01500EB
:10D71000F5E7D1E90B31890302D5834238BF0346CF
:10D720001C44C6E729463046FFF7CDFE0028E6D167
:10D730006C63E3E710B50446E8F760FE002806DBFB
:10D7400005D02046BDE810400021E8F7DBBF10BD42
:10D7500070B50B6B05461E030C4686B053D4FFF71D
:10D76000B2FE216B20B141F40021216306B070BDEF
:10D77000CA0348D504F108063046FFF7FFF8002831
:10D7800041D111F480131FD040F20120E36CE26A12
:10D79000A18842EA812242EA0052CDE90223226DA9
:10D7A0002846936843EA812343F0815304935368E6
:10D7B0003146059302AA0223FFF7BCFF236BF8B1A1
:10D7C00043F400232363D1E74FF0FF322946284674
:10D7D00041F8102B2A46FFF751FC0028C6D1A86E4D
:10D7E000036998470028C1D1236BDB02CCD4D4E96C
:10D7F0000A016B46082283E8030040F20220C7E7D3
:10D8000023F4803323630020B0E770B505460C464F
:10D81000FFF79EFF0646AB6A05F128021BB19C424A
:10D82000196808D11160236D1B6813B9E06CD7F734
:10D8300093F9304670BD1A460B46EFE7FFF700BA82
:10D8400070B58AB001911646002301AA02A90546C7
:10D85000E7F7F6FD041E0FDB2F21019807F04FFBC1
:10D8600010B1230D022B0AD1C4F389223346284676
:10D8700002A9E7F7AFF9044620460AB070BD6FF081
:10D880001304F9E7E9F778B8FFF7BFBFFFF760BF08
:10D890002DE9F0411F460B6B05469B030C461646CF
:10D8A00007D43B46324621462846BDE8F041E7F71B
:10D8B00011BFFFF708FE0028F3D0BDE8F081FFF7A5
:10D8C0006DBEFFF7EBBE2DE9F041161E05460C4676
:10D8D00086B074DBD1E90B3292034F6B02D5BB42A9
:10D8E00038BF3B469E424FD2EB6F9E422ED800235C
:10D8F00021461A462846FFF7D1FE00285CDB4FF090
:10D90000FF3321462B6028463346EA68E7F7E2FEFC
:10D91000002851DB236B6FF0010243F4A81323634B
:10D920000023C4E90A2622646364AB6E32469B6A14
:10D93000E06CA364E96807F0A3FA00233A462146A5
:10D940002846FFF7ABFE00EAE07035E021462846A6
:10D95000FFF7B9FD80BB05AB029304F138030193D7
:10D96000731E0093059004F140012846D4E90A2370
:10D97000FFF748FA00BBA36B6663C4E90A36236B62
:10D9800043F4A0232363D8E7D7D9022300222146FA
:10D990002846FFF783FE00280EDB4FF00008636B7C
:10D9A0009E42CAD901232146284605AA8DF8148033
:10D9B000FFF7F4FD0028F2DA06B0BDE8F0816FF061
:10D9C0001500F9E7486B7047836A00F128021BB124
:10D9D0009942186802D11060002070471A46034629
:10D9E000F5E7E8F721B830B5026A0346D2E901400D
:10D9F00084424FF0000002D30123D36030BD18747D
:10DA00005068242501305060186A4268541E02682C
:10DA1000184605FB04225C1950F8045BA04242F84A
:10DA2000045BF9D101209960E8E7F0B506460446A9
:10DA30008BB001AD0F4694460FCE0FC50FCE0FC56C
:10DA4000216A33684A682B602068A56822B90223DE
:10DA5000CB6000200BB0F0BDFB0713D524260B686C
:10DA6000013A06FB02337E0703D41A7C0AB10F2366
:10DA7000EEE7224603F1240153F8046B8B4242F88F
:10DA8000046BF9D1B90741BF226A536803F1FF3330
:10DA90005360AC4505D2236A002BDAD00422DA6049
:10DAA000D7E77A0748BF20603B0701D40120D1E7C0
:10DAB000143406AB93E8070084E80700F6E78168B2
:10DAC000FFF791BF01218268FFF7AFBF0221826893
:10DAD000FFF7ABBF10B502601A44029B01298360B7
:10DAE0004FF00003C26003740375836101D80362C1
:10DAF00010BD24224A43243A841804628350026AE7
:10DB00008C1E94600124026A02295360026AD36069
:10DB1000026A1474026A53741EBF036A24301860C8
:10DB2000E6E7182871F100030ED3B0F5807F71F19C
:10DB300000030BD3B0F5803F71F1000308D3002937
:10DB400014BF09200520704701207047022070474C
:10DB50000320704737B50024002508290A46CDE97F
:10DB600000450AD80146684607F08AF9DDE9000158
:10DB700003B0BDE83040FFF7D4BF002003B030BD94
:10DB80002DE9FF411C46002390460A9FCDE9013351
:10DB90000D9B0246009306460B4638460D460C99EF
:10DBA000FFF798FF0B9B414638469847034640B91C
:10DBB0003A6A12B1D068D36000B91F2004B0BDE842
:10DBC000F0810CB90020F9E73B689B1BAB4294BF86
:10DBD00023602560F6E703460020884200D17047A5
:10DBE0001A5C002AFBD00130F7E700B1C160704732
:10DBF00043680360836801338360006AFFF7F5BF01
:10DC000008B50268C3689A4205D3006A0821FFF785
:10DC1000ECFF002008BD0120FCE738B504460D46A6
:10DC2000FFF7EEFF40B123681B78B5EB531F04D01C
:10DC30000A21206AFFF7D9FF002038BD10B504463D
:10DC4000FFF7DEFF38B123681A78FF2A05D00A21D2
:10DC5000206AFFF7CAFF002010BD01332360FBE7F5
:10DC600010B5027D044632B1FFF7E8FF48B100234A
:10DC70004FF0FF3223752046BDE810400721FFF723
:10DC8000D4BE10BD2DE9F84F04460E4691461D4600
:10DC9000FFF7B6FF804628B1A36843B90321206A85
:10DCA000FFF7A3FF4FF000084046BDE8F88F226859
:10DCB000177807F01F0BBBF11F0F12D12DB3206A8D
:10DCC00008B1037C0BB11521EAE701232B70002575
:10DCD0002368013563602B442360A368013BA36084
:10DCE000E2E7BBF1170F14D9ABF11803D9B203293E
:10DCF0000BD801259D40A94509D3E36805F1010A28
:10DD00005244934207D20821C9E70721C7E70521FA
:10DD1000C5E70025F1E74A460021304607F0D7F86D
:10DD200015B986F800B0D2E72268711E531913F8AE
:10DD300001099A4201F8010FF9D1236A13B11B7C42
:10DD4000002BC5D00737FFB2022FC1D94946304654
:10DD5000FFF700FF8245BBD01521A0E738B50C4680
:10DD600011460546FFF759FF08B9002038BD0422C7
:10DD700000232846A118FFF785FF0028F5D02B685F
:10DD80002360F3E7002337B504468DF80330FFF72F
:10DD900044FFA8B1042220460DF103030DEB02015C
:10DDA000FFF770FF60B19DF8035065B901992046F7
:10DDB000FFF719FE50B963682360A3680133A360BD
:10DDC000002003B030BD6FF00F01F0E72575F8E7D4
:10DDD00038B504460D46FFF7C1FF48B12268E36835
:10DDE0009B1A6A689A4204D908212046FFF700FF6F
:10DDF000002038BD38B504460D46FFF7E9FF18B1DD
:10DE000023686A681344236038BD70B50D4600214D
:10DE100004461646FFF701FF38B132462946204630
:10DE2000BDE870400023FFF72DBF70BD0422FFF74F
:10DE3000ECBF0822FFF7E9BF73B5694604461646F2
:10DE40001D46FFF7F6FF48B1DDE90023AB4208BFEE
:10DE5000B24204D00B212046FFF7CAFE002002B0D8
:10DE600070BD0A460023FFF7E7BF0222FFF7C2BFDB
:10DE70000322FFF7BFBF0421FFF784BF10B50521C0
:10DE80000446FFF77FFF50B1237D4BB96FF000428E
:10DE9000A368934205D305212046FFF7A9FE002081
:10DEA00010BD5B00A360FBE7037D23B98068B0FA77
:10DEB00080F0400970470368C268934205D2187821
:10DEC000A0F1FF0358425841704700207047FFF708
:10DED000C7BEFFF7C5BE4FF0FF320721FFF7A5BD54
:10DEE00070B50D4607210446FFF797FE48B1236839
:10DEF0001E7806F01F06182E05D90A21206AFFF7A2
:10DF000074FE002070BD0023012229462046FFF741
:10DF1000B9FE0028F5D0182EF4D12B781F2BF1D89C
:10DF200015212046FFF764FEEBE737B50C460DF1EF
:10DF300007010546FFF7D4FF58B19DF80730143BA1
:10DF4000DBB2012B8DF8073006D90A212846FFF7EE
:10DF50004FFE002003B030BD03F001032370F9E74A
:10DF600038B50D4606210446FFF757FE08B90020D4
:10DF700038BD0023042229462046FFF783FE0028EF
:10DF8000F5D0A3680133A360F2E7F0B58FB0044683
:10DF9000FFF736FE00285DD0236800221D7800239D
:10DFA000CDE9022323466D0905AA04F12007164690
:10DFB00018685968083303C6BB423246F7D118685F
:10DFC0003060062D1CD02A1F0023012A4FF00802C2
:10DFD0008DF804300DEB020198BF01AB05A8FFF7E7
:10DFE00051FE0646002835D0042D3BD019D8023DFD
:10DFF000012D21D9059B2360A368013BA3602AE082
:10E0000001A905A8FFF7ACFF20B3059B089A93422E
:10E0100004D30821206AFFF7E8FD1BE01D786D0995
:10E02000CFE7052DE6D1DDE90232B3F1004F72F101
:10E03000000113D32946EDE7E3682168029A5B1AD1
:10E040009A4203D8059B13440593D3E70821204641
:10E05000FFF7CEFD002630460FB0F0BDDB18524171
:10E06000CDE902329DF8045025B16FF00F02002374
:10E07000CDE90223029B8DF82850079305A8FFF7EE
:10E0800013FF014638B1002DB4D005A8FFF7D6FD27
:10E090000028AFD1DEE705A8FFF777FF0028EDD114
:10E0A000D8E7FFF717BD00B1C160704770B50546EE
:10E0B0000E46104619461446FFF74CFD22463146DF
:10E0C000431E2846BDE87040E9F744BAF8B5174644
:10E0D000C368026804469A420D4606D30821206AA6
:10E0E000FFF7E1FF00263046F8BD9B1A4A689A42C6
:10E0F000F4D80E4656F8043B53B104213046FFF7DE
:10E1000029FD6A6823681344E26803449A42E5D310
:10E110003246042339462046FFF7C8FF064600284A
:10E12000E0D020682968884202D06A6806F0B5FE0F
:10E1300023686A6813442360D5E737B5019100214D
:10E1400004461546FFF74FFC10B9002003B030BD60
:10E150000423294620460DEB0302FFF7A7FF002802
:10E16000F3D0A368013BA360F0E72DE9FF410191E3
:10E1700004218368042A18BF5B08044606680DEB77
:10E18000010017460393FFF7E5FC0421054603A8A9
:10E19000FFF7E0FC4FF0FF32804603212046FFF7F7
:10E1A00044FC40B16B1E08F1FF32934208D20421B7
:10E1B000206AFFF778FF0027384604B0BDE8F081F9
:10E1C00039460423204603AAFFF770FF07460028BC
:10E1D000F1D0454509D02068A5EB08010144761A25
:10E1E000324606F05AFE23681E442660E4E7082AF9
:10E1F00073B513460C4606D9006A0521FFF753FF95
:10E20000002002B070BD8E1816F9012C002A0FDA1A
:10E210000A4669460C46B24204D101212246FFF764
:10E2200045FFEEE712F8015BED4301F8015BF2E711
:10E230000021F3E713460A460021FFF737BF042207
:10E24000FFF7F8BF0822FFF7F5BF07B504220191D9
:10E250000DEB0201FFF7CBFF03B05DF804FB07B540
:10E26000042201910DEB0201FFF7E4FF03B05DF81A
:10E2700004FB07B5CDE9002369460822FFF7DAFF62
:10E2800003B05DF804FB0222FFF720BF0322FFF773
:10E290001DBF07B5CDE900126946FFF7F4FF03B0D3
:10E2A0005DF804FB07B5CDE900126946FFF7EEFF04
:10E2B00003B05DF804FB0422FFF73FBF0522FFF720
:10E2C0003CBF0422FFF751BF0522FFF74EBF4FF0BE
:10E2D000FF320321FFF7A9BB1FB50024CDE901449C
:10E2E000069C0094FFF7F6FB04B010BD08B1D6F70A
:10E2F00015BE704710B5436904463BB90020E2687B
:10E300004042537843F00103537010BD98470028F2
:10E31000F4D00028B8BF4042FF28A8BFFF20E36820
:10E320001870ECE7C3685B78DB0701D4FFF7E2BF46
:10E330006FF07700704740B1C368587810F0010063
:10E340001EBF1878B0FA80F0400970472DE9F04FF1
:10E35000054689B0DDE9126805924346324606A8B3
:10E360000F4605F1140A00F027FCDDE90634CDE97B
:10E370000234EFF311844FF0400989F31288BFF3A0
:10E380006F8F05F10C0B39462846059A149B984768
:10E3900030B184F31188BFF36F8F09B0BDE8F08FFF
:10E3A00056EA0806F5D0DDE9022306A800F029FCAC
:10E3B000DDE906685A4621465046CDE90068EAF78D
:10E3C00019FAEFF3118489F31288BFF36F8FDAE73C
:10E3D00010B400F10C04C0E9034410BCF7F782BE8E
:10E3E00038B50446EFF31185402383F31288BFF359
:10E3F0006F8FF7F7C9FD04F10C0000F033FB30B16B
:10E40000294604F11400BDE83840EAF787BA85F3DD
:10E410001188BFF36F8F38BD4169826842EA0103FA
:10E4200013F003030FD1C3600369013B03FB012217
:10E43000002B01DA00207047C168013B116041697F
:10E44000C260521AF4E76FF0150070472DE9F041F1
:10E4500005460F46EFF31188402383F31288BFF37C
:10E460006F8FC668FEB90468A0421CD0DCB1D4E945
:10E47000003213605A60637BC4E9006623F0020334
:10E480006373A66004F1180000F068FB2046C4F82E
:10E49000C060276100F081FA414605F10800BDE83F
:10E4A000F041EAF73BBA3E60AB69EF60013BAB611C
:10E4B00088F31188BFF36F8FBDE8F081402408B561
:10E4C000EFF3118384F31288BFF36F8FFAF75CF8D0
:10E4D000F6E7D0E9003213605A600023427BC0E9BE
:10E4E000003322F00202427383607047C0E90223C6
:10E4F00003FB02120023036280F82C3000F1240396
:10E50000C0E90521C0E90000C0E909330161C1612A
:10E51000704713B501240094E9F75CFA02B010BD0E
:10E5200090F90E308B4201D0EAF786B9002070478F
:10E5300003460020C3E90033C3E902007047D0E975
:10E54000003213605A600023427BC0E9003322F09E
:10E5500002024273836070472DE9F84391460446F6
:10E560000D469DF8202000F10807EFF311864021A9
:10E5700081F31288BFF36F8F02B14568D4F8088029
:10E58000474518D0B8F1000F15D04046FFF7D7FF28
:10E5900008F1180000F0E2FA00234046C8F8C03045
:10E5A000C8F8109000F0F9F938463146EAF7B6F9A4
:10E5B0000020BDE8F883A3B10820EAF731FF002866
:10E5C00038D00122C0F804900260016801F0030114
:10E5D0005DB922680A430260626820606AB96060BF
:10E5E0000BE04846C9F80030EFE72A68032A16D83E
:10E5F0000160616869B9C4E90000042104F11000F8
:10E6000000F08BFB0028CFD186F31188BFF36F8F0A
:10E61000CFE70A6802F0030202430A60DFE722F054
:10E6200003020A4302602A6802F0030240EA02037E
:10E630002B60E2E76FF00B00E6E710B5044630B15F
:10E640000268930703D0446809B100F0F9FB204643
:10E6500010BD0023C0E9003300F10803C0E9023314
:10E6600000F11003C0E904337047012307B500939C
:10E6700000230A461946FFF76FFF03B05DF804FB5D
:10E68000002307B50A4600931946FFF765FF03B05C
:10E690005DF804FB00210068FFF7CFBF5AB18A4242
:10E6A00009D300F11003C0E90212C0E90000C0E97B
:10E6B0000433002070476FF0150070470123026893
:10E6C0008B4022EA0303036022FA01F000F001000C
:10E6D0007047704710B5032104460C30FFF7EEFF7A
:10E6E00030B104F1100000F039FAB0FA80F04009BE
:10E6F00010BD20B10022D430114600F0D3B97047CC
:10E7000070B5C3680446C3F340069B0716D48568FA
:10E7100002210C30FFF7D2FF80B1D5F8CC206AB1CE
:10E7200094421DD122689EB9D5F8D030C5F8CC20CE
:10E730009C4201D1C5F8D02000232360E36813F088
:10E740001F001EBF43F00203E36040F0020070BDF3
:10E750003260D5F8D020944208BFC5F8D060EBE70E
:10E7600016461268DBE773B50446EFF311854023C4
:10E7700083F31288BFF36F8F0023A0F110060321EB
:10E7800004380193FFF79AFF28B1A369304601A925
:10E790000193E9F767FC85F31188BFF36F8F02B02F
:10E7A00070BD38B504460D461022002106F08FFBDF
:10E7B000656038BD13B501900846EFF3118440231E
:10E7C00083F31288BFF36F8F01A9E9F74BFC84F341
:10E7D0001188BFF36F8F02B010BD10B5FFF7EAFFCD
:10E7E000041E08DDEFF31180402383F31288BFF38A
:10E7F0006F8FEAF7C3F8204610BD70B50D46EFF3F2
:10E800001186402383F31288BFF36F8FE9F786FCEC
:10E81000044686F31188BFF36F8F38B14FF0FF3293
:10E820004FF0FF3305F11000E9F7DCFA204670BD28
:10E8300008B5E822002106F04AFB08BD38B53022B1
:10E840000D460021044606F042FB4FF480736560DC
:10E85000E36038BD38B50446EFF31185402383F3F8
:10E860001288BFF36F8FFFF735FF2046FFF748FF91
:10E8700085F31188BFF36F8F38BDF8B504460D4698
:10E88000EFF31186402383F31288BFF36F8FC368C1
:10E8900003F01F03002B14BF0127002705D186F3C7
:10E8A0001188BFF36F8F3846F8BDFFF713FF20467E
:10E8B000FFF726FF29462046E9F7B6FB86F31188C5
:10E8C000BFF36F8F0028EED04FF0FF324FF0FF33D1
:10E8D00005F10800E9F786FAE5E7D0E900321360B0
:10E8E0005A600023427BC0E9003322F002024273E7
:10E8F00083607047EFF30580003818BF0120704730
:10E9000088307047002310B58B4202D1002013607D
:10E9100010BDC45CAA2CF9D10133F5E70A46D0E951
:10E920002A01FFF7EFBFD0E9003213605A600023DD
:10E93000C0E90033704708B5FFF7F5FF437B23F0CC
:10E94000020343730023836008BD38B504460D46B7
:10E95000E9F758FE637B43F002036373E5B1A560FA
:10E960002B689D4209D16B68C4E900531C606C6040
:10E9700012E06A689A42F6D01B68002BF3D094F933
:10E980000E2093F90E108A42F3D09142F1DD5A68BD
:10E99000C4E9003214605C6038BD10B5EFF3118437
:10E9A000402383F31288BFF36F8FE9F7E9FD84F307
:10E9B0001188BFF36F8F10BD08B5EFF311814022AE
:10E9C00082F31288BFF36F8F83680BB1FFF7B3FF39
:10E9D00081F31188BFF36F8F08BD38B5EFF3118451
:10E9E000402383F31288BFF36F8F002390F8705099
:10E9F000427B80F870302DB121B184F31188BFF3D0
:10EA00006F8F38BD12F0280FF7D183680BB1FFF775
:10EA100092FF437B23F004034373E9F7B1FDECE776
:10EA200001211838FFF7D9BF08B50346EFF311816C
:10EA3000402282F31288BFF36F8F0068834207D0B1
:10EA400008B1FFF778FF81F31188BFF36F8F08BD1E
:10EA50000020F8E710B5FFF7AFFFBDE81040183011
:10EA600000F07CB838B5054604680020AC4200D1FF
:10EA700038BD002CFCD02046FFF7ECFF2046FFF706
:10EA80008CFF2C680120A542F1E708B5C3171F30A1
:10EA900043F10003400940EAC360C117EAF716F8E2
:10EAA000400108BD38B5EFF31185402383F3128888
:10EAB000BFF36F8F0468A04213D0A4B1C4F8C01094
:10EAC00022612046FFF737FF04F1180000F046F8F6
:10EAD0002046E9F755FD012085F31188BFF36F8FBC
:10EAE00038BD0020F8E72046F6E72DE9F04105465D
:10EAF0000E461746EFF31188402383F31288BFF3C5
:10EB00006F8F0468A0420FD1002088F31188BFF3F3
:10EB10006F8FBDE8F08139462046B0470028F4D118
:10EB20006B68A342F0D02468002CF4D1ECE708B560
:10EB30000246EAF7FBF970B1D0E904319B1A61EBA8
:10EB4000E272B3F1004F72F1000104DA002AACBFA7
:10EB50001846002008BD6FF00040FBE7024638B5BC
:10EB6000EFF31185402383F31288BFF36F8F03689F
:10EB7000CBB1EAF7DBF904461046EAF7E9F90022DF
:10EB80004FF000438442C0E9042306D1EAF7D6F9E6
:10EB9000FFF7CDFF0021E1F7A3FE002085F31188E8
:10EBA000BFF36F8F38BD6FF01500F7E708B5EAF7D0
:10EBB000D9FA08BDEAF7D6BAB3F1FF3F08BFB2F100
:10EBC000FF3F70B506461D46144614D01A4316D0B2
:10EBD000002B08DBEAF7C6FA041941EB0501C6E988
:10EBE0000041304670BD6FF001031C1B4FF0FF3336
:10EBF00063EB0501F3E74FF0FF342146EFE7002414
:10EC0000FBE7B3F1FF3F08BFB2F1FF3FF8B507469E
:10EC100016461C4610D054EA020311D0EAF7A2FAB5
:10EC2000B0420A46A14103460AD2F31A64EB020439
:10EC3000C7E900343846F8BD4FF0FF331C46F7E70C
:10EC40000023FBE70023C0E9081200F11802C0E925
:10EC50000622C0E9003303634363704710B50446DE
:10EC6000FFF77CFFA8B9636A0BB12046984704F10F
:10EC70001800FFF7D9FE60B1FFF78FFEEFF31180A8
:10EC8000402383F31288BFF36F8FBDE81040E9F78C
:10EC900075BE10BD2DE9F041846805460E46D4B11D
:10ECA0006378012B22D114F8533C9A0711D5A4F1B3
:10ECB00060073846FFF7CEFE082E0CBF6FF0030347
:10ECC0000023236614F8533CDB0602D13846FFF7D5
:10ECD00064FE002323700020EB68A860C3F3863233
:10ECE000164366F39433EB60BDE8F081022BF0D15C
:10ECF0002378002BEDD054F8048CB8F1000FE8D045
:10ED000004F11400FFF72AFF0023A4F11407394689
:10ED10004046E362FFF74EFDDBE738B5EFF31185C0
:10ED2000402383F31288BFF36F8F0468A04211D091
:10ED3000D4E9003213605A6000232046C4E900334E
:10ED4000FFF7A8FF85F31188BFF36F8F201E18BF50
:10ED5000012038BD0024F5E72DE9F3470446DDE93D
:10ED60000A9815460E4659B302F0010AE9F73CFF2E
:10ED70000746EFF31181402383F31288BFF36F8FAF
:10ED8000A80744BF0023A360A36803EA0600BAF102
:10ED9000000F0CD086420CD16A0744BF8343A360A6
:10EDA00081F31188BFF36F8F02B0BDE8F0870028B0
:10EDB000F2D159EA080305D181F31188BFF36F8FAF
:10EDC0000020F1E7C7E91A652246CDE9009804F171
:10EDD0000C00E9F70FFD0028F2D1B86EE4E710B59A
:10EDE0004B68D0E91A4212F0010F03EA040301D084
:10EDF0009C4210D17BB18366520744BF8A681A4394
:10EE00000B6848BF8A6043660123086080F8703051
:10EE10001830FFF7A3FE002010BD0023C0E900005A
:10EE2000836070470A46EAF79DBA4FF0FF32EAF76F
:10EE300099BA0A460021EAF795BA5200FFF78CBF4B
:10EE400020B1011F50F8040CFFF7CABA704749B14E
:10EE50000123426801398B4013420CBF4FF0FF3051
:10EE6000002070474FF0FF30704770B50024944287
:10EE700001D1002070BD035D0D5DAB4283EA050644
:10EE800006D0202E06D123F02003413B192B01D8B8
:10EE90000134ECE74FF0FF30ECE770B500250023BC
:10EEA0001C46064632780130303AD2B2092A14D8CC
:10EEB00033B914B14FF0FF3070BD13460124F0E7B1
:10EEC000013403EB8303E4B202EB4302032C93B25D
:10EED000E7D1FF2BEED8064603E0FF2BEAD8002C43
:10EEE000E8D00135EDB201F8013B042D337804D0B0
:10EEF0002E2B06F10100D2D0DCE7181E18BF01202E
:10EF00004042D9E7F8B505460C462A6823689A427C
:10EF100034D163686A689A4230D1A168A86805F064
:10EF2000DEFF58BBEF68E668B74208D123692A695B
:10EF30009A4204D16169686905F0D1FF80B10C2F54
:10EF400001D0132F1AD10C2E01D0132E16D1236904
:10EF50002A699A4212D161696869FFF786FF68B928
:10EF60002A7F237F9A4209D1AD69A46925B9201E61
:10EF700018BF01204042F8BD002CC6D14FF0FF3031
:10EF8000F9E737B5054608460C4600F06AFA831ED5
:10EF9000DBB2022B03D94FF0FF3003B030BD6B461C
:10EFA00094E8030083E80300184600F05AFA023898
:10EFB00002280ED8019B1B78002BECD00122013BCC
:10EFC00002FA03F3AA6813420CBF4FF0FF3000208F
:10EFD000E3E700231B78FFDE70B5456806469542DF
:10EFE0000C4604D181682046FFF73FFF28B3204636
:10EFF000CFF75AF9022D024609D9B06803782A2BB7
:10F0000005D143782E2B02D100239A4202D14FF032
:10F01000FF3012E0E15C2E2901D00133F5E7002B2F
:10F02000F5D0013DD21AAA42F1D1E1180130FFF723
:10F030001CFF003818BF0120404270BD38B505469E
:10F0400001F18404206900B938BD6A6A824204D1A2
:10F050006169A86A05F043FF20B1E46B002CF1D18F
:10F060002046F1E70120EFE7F0B50F4685B03A21E1
:10F07000054605F044FF48B939462846FFF70DFF1D
:10F08000B0FA80F04009800005B0F0BD4FF0FF34C9
:10F090000026002108462B4615F801CBACF13002C2
:10F0A000D2B2092A08D90CF0DF02A2F1410CBCF15E
:10F0B000050F09D8373AD2B2013142EA00100429CB
:10F0C00080B2E8D12B4600E051B340BA2DF81600CB
:10F0D00018780DEB4601721C002869D02E2817D134
:10F0E000062A09DCA3F1040C1D4613F8010D3A2889
:10F0F00004D06345F8D170B30020C5E72846FFF778
:10F10000CCFE08BB651CF7D0B21C062A25DDF3E750
:10F110003A28F1D1082A03F101053DD026460AE03C
:10F120000134E9D11A783A2AE6D15A7836B1002A60
:10F1300038D05D1C324634461646AAE73A2ADBD15F
:10F140009A7892B39D1CF5E72B78002BD4D1601CE4
:10F15000D2D0324601E0611CCED0C2F10806121BAB
:10F160000DEB440506D0A019294652000DEB4000D6
:10F1700005F093FE00212846720005F0A8FE6A46BD
:10F1800004AC134603CBA342386079601A4607F1FA
:10F190000807F6D1102077E75B78002BACD101345B
:10F1A000AAD1ECE734463246AFE708266D46E1E7E0
:10F1B000631CAAD1082AF3E74FF4CA72002105F0B4
:10F1C00086BE70B50546044604B970BD04F1CC0096
:10F1D00000F01CF9A06E04F01AFAD4F8880004F0CC
:10F1E00016FAD4F8740104F0C0F9D4F8040104F05C
:10F1F000BCF9D4F8540104F0B8F9D4F82C0104F0A7
:10F20000B4F9E06820B1236813B1A16801F0F7FBFD
:10F210004FF4CA712046D4F89061F0F74FFFAC422A
:10F2200002D02046F0F7FCFB3446CDE7002307B5BB
:10F23000CDE900330123EAF719FE03B05DF804FBC2
:10F2400003784078303B092BA0F1300005D809281D
:10F2500003D80A2202FB030070474FF0FF307047CB
:10F2600008B504F08AF908B1A0F50C5008BD7FB5C7
:10F270000023144601AA01938DF80830039304F08B
:10F28000F7F818B1A0F5145004B070BD019D2060CE
:10F29000002DF9D00346039EF15CDA00914022680C
:10F2A00001330A439D422260EED0042BF4D1EBE7F8
:10F2B0000368042B02D1C06904F0A9B97047002388
:10F2C000036043608360704710B5044668B100680E
:10F2D00010B1616801F093FBA068F0F7A1FB204634
:10F2E000BDE810400C21F0F7E9BE10BD00B1407838
:10F2F000704707B56B4683E80300184600F0B1F885
:10F30000023802288CBF0020019803B05DF804FB8E
:10F3100038B50C4603C81546FFF7EBFF2B460146F0
:10F3200022460078F0F74CFA08B1A0F5745038BDC9
:10F3300007B5049A4068CDE9003200F1680100F198
:10F340001C0300F1600200F089FE03B05DF804FBCD
:10F3500038B54468134604F168050A462046294634
:10F36000EFF720FE28B929462046BDE83840EFF7E0
:10F37000B3BE38BD10F1860F13D010F1850F0BDA34
:10F3800020F0020393330FD010F1970F0CBF6FF0F2
:10F390006D004FF0FF307047003818BF0120404229
:10F3A00070476FF0710070476FF06F00704730B4B6
:10F3B0000024944201D130BC184731F924508542D1
:10F3C00001D00134F5E701EB8401B1F9020030BC52
:10F3D0007047032805D0042807D0002318460B6087
:10F3E00070474FF480731220F9E74FF4C073FAE7C7
:10F3F000084608B51146F1F71BFF002818BF6FF04B
:10F400003B0008BD0023C0E90033704710B5044637
:10F4100058B103681BB19B6A0BB1406898472046FE
:10F42000BDE810400821F0F749BE10BD034608466C
:10F430001BB11B680BB1DB681847002070471FB574
:10F4400000240294079C0194069C0094EDF75EFA58
:10F4500004B010BD18B103680BB19B6818470020B9
:10F46000704710B1006800B1007870475C2200213D
:10F4700005F02DBD10B15C21F0F720BE70472DE9DD
:10F48000F84305460E4614467AB3036803F03F0777
:10F490009B18036022BF4368013343609FB1C7F1EB
:10F4A00040094A450FD300F11C084A4608EB070003
:10F4B00005F0E6FC41462846EDF73AFBB0B93C447E
:10F4C00007464E44403C264404E02846EDF730FB16
:10F4D00060B9403C3F2CA6EB0401F6D82CB105F1F5
:10F4E0001C002246384405F0CBFC0020BDE8F88320
:10F4F000F8B50E468021036800F11C0703F03F03B6
:10F500005A1C382A03440446197707EB020028D80E
:10F510000021C2F1380205F0DAFCD4E900315A0FBB
:10F5200042EAC102DB0012BA1BBA394620466265C4
:10F53000A365EDF7FDFA054670B9A3681BBA336001
:10F54000E3681BBA736023691BBAB36063691BBAB3
:10F55000F360A3691BBA33612046FFF78BFF28468F
:10F56000F8BD0021C2F1400205F0B1FC3946204649
:10F57000EDF7DEFA05460028EED10146382238467E
:10F58000C9E7F0B599B0064601A815460F46FFF742
:10F590006DFF01A8EDF7B2FA044658B93A46314674
:10F5A00001A8FFF76CFF044620B9294601A8FFF720
:10F5B0009FFF044601A85C21F0F780FD204619B0AA
:10F5C000F0BD6C22002105F082BC10B16C21F0F777
:10F5D00075BD70472DE9F04105460E4614467AB3D5
:10F5E000036C03F03F079B18036422BF436C013395
:10F5F00043645FB3C7F1400842451CD342463844D8
:10F6000005F03EFC29462846EEF740FAC8B92744E3
:10F61000A7F140043F2C46440BD900272846F11996
:10F62000EEF734FA78B94037E31B3F2BF6D81C4687
:10F630003E442CB1002722463146E81905F020FC53
:10F640000020BDE8F0814FF0FF30FAE73F2AE4D810
:10F65000F1E770B50D468021036C044603F03F03CB
:10F660005A1C382AC154104433D80021C2F1380240
:10F6700005F02DFCD4E910315A0F42EAC102DB003B
:10F6800012BA1BBA21462046A263E363EEF7FEF9E5
:10F690000646C8B9A36C1BBA2B60E36C1BBA6B603F
:10F6A000236D1BBAAB60636D1BBAEB60A36D1BBA15
:10F6B0002B61E36D1BBA6B61236E1BBAAB61A36E4A
:10F6C00013B9636E1BBAEB612046FFF77EFF30462D
:10F6D00070BD0021C2F1400205F0F9FB2146204631
:10F6E000EEF7D4F906460028EED10146382220462E
:10F6F000BEE7F0B5012B06460F4615461C469DB0E9
:10F700001BD801A8FFF75DFF214601A8EEF758F9C5
:10F71000044658B93A46314601A8FFF75BFF044654
:10F7200020B9294601A8FFF794FF04466C2101A8DF
:10F73000F0F7C4FC20461DB0F0BD6FF07304F9E78C
:10F74000D822002105F0C3BB10B1D821F0F7B6BC18
:10F7500070472DE9F84304460E461546002A40D06E
:10F76000D0E9003203F07F075B1952F100024FF03D
:10F77000000128BF0121C0E9003231B1D0E90232D5
:10F78000013342F10002C0E9023287B3C7F18009B8
:10F790004D451FD304F1500831464A4608EB070097
:10F7A00005F06EFB41462046EEF7C4FCD0B9803D23
:10F7B0003D447F2D4E440BD900272046F119EEF72A
:10F7C000B9FC88B98037EB1B7F2BF6D81D463E4429
:10F7D0003DB1002704F150002A463146384405F077
:10F7E0004FFB0020BDE8F8834FF0FF30FAE77F2D94
:10F7F000E2D8EFE7F8B50D468021036800F1500725
:10F8000003F07F035A1C702A0344044683F8501007
:10F8100007EB02005DD80021C2F1700205F057FB32
:10F82000D4E90013D4E90262580FD200DB0042EAA7
:10F83000567240EAC60043EA5173C90000BA12BAD0
:10F8400009BA1BBAC4F8C400C4F8CC102046394623
:10F85000C4F8C020C4F8C830EEF76CFC0646002897
:10F8600032D1236962691BBA12BA2A606B60A3693C
:10F87000E2691BBA12BAAA60EB60236A626A1BBA19
:10F8800012BA2A616B61A36AE26A1BBA12BAAA6150
:10F89000EB61236B626B1BBA12BA2A626B62A36BB9
:10F8A000E26B1BBA12BAAA62EB62D4F8D0305BB931
:10F8B000236C626C1BBA12BA2A636B63A36CE26C92
:10F8C0001BBA12BAAA63EB632046FFF73DFF30462E
:10F8D000F8BD0021C2F1800205F0F9FA3946204650
:10F8E000EEF728FC06460028EED101467022384685
:10F8F00094E7F0B5012B06460F4615461C46B7B0F7
:10F900001BD86846FFF71CFF21466846CFF7B8F9B9
:10F91000044658B93A4631466846FFF71AFF04468E
:10F9200020B929466846FFF765FF0446D821684696
:10F93000F0F7C4FB204637B0F0BD6FF07404F9E770
:10F9400038B500EBC104A04200D138BD00F1080574
:10F9500003F0E2FF2846F6E738B500EBC104A04209
:10F9600000D138BD00F1080503F0DBFF2846F6E7BB
:10F970002DE9F34101F1100506460F462846002106
:10F9800004F09AF90446A0B3684603F0C5FF2A467E
:10F9900069460020331D04F06DFC044630BB07F1BE
:10F9A00008086B46424641463046EFF77FF804466A
:10F9B000E0B96B466A4669463046EFF777F8044689
:10F9C000A0B96B463A4639463046EFF76FF8044621
:10F9D00060B96B46424641463046EFF767F8044649
:10F9E00020B90121284604F078F80446684603F05F
:10F9F00098FF204602B0BDE8F081F7B50D460446F9
:10FA000008356846164603F087FF0021284604F0B3
:10FA100053F9211D07462A46684604F032FA044687
:10FA200048B9002F0CBF002206F0010269462846A3
:10FA300003F0A9FF0446684603F073FF204603B0B5
:10FA4000F0BD2DE9F74F06460C461F464FF0000B60
:10FA50009DF8308002F10805C8F3450901F1080A54
:10FA6000BB450ED1214630464FEAD812FFF7C5FFFD
:10FA7000F0B9012104F1100003B0BDE8F04F04F02B
:10FA80002CB85FFA8BF2A2EB09035A425A41204686
:10FA9000A5F10801019203F076FF48B929465046C6
:10FAA000019A03F070FF0BF1010B18350028D7D035
:10FAB00003B0BDE8F08F70B50C46064611462046EF
:10FAC0001A4604F0DEF9054648B90436B4F90430A4
:10FAD000002B04DA0021204604F0EEF808B928468D
:10FAE00070BD32462146204604F0C8F90028EDD00A
:10FAF0000546F4E770B50C460546114620461A4601
:10FB000004F0BCF9064630B904352946204604F015
:10FB10008BF8002801DA304670BD2A46214620467F
:10FB200004F02AF90028F0D00646F4E738B50C4670
:10FB3000051D2946204604F077F8002801DA002048
:10FB400006E02A462146204604F016F90028F0D0A7
:10FB500038BD10B5044603F0E4FE04F1080003F0DC
:10FB6000E0FE04F11000BDE8104003F0DABE38B545
:10FB70000C4605460121204604F001F828B921462B
:10FB80002846BDE83840FFF7D1BF38BD2DE9F04128
:10FB9000134605460C461646EEF788FF40BBEB6859
:10FBA00043BB03222146204604F087F900BB2F1DEA
:10FBB000B4F90430002B04DA0021204604F07CF86C
:10FBC00078B93346224621462846EEF76FFF78B9CA
:10FBD00022462146284605F11403BDE8F041FFF70F
:10FBE00089BF3A462146204604F048F90028DFD074
:10FBF000BDE8F08122462146284605F10C03FFF7B7
:10FC000079FF0028DDD0F3E72DE9F84F1E4603F118
:10FC10000805C36804468A469046002B40F0C08021
:10FC200002F110031A462946EEF740FF002840F083
:10FC3000EF8006F110072B46424639462046FFF773
:10FC400059FF002840F0E48006F118092B4642468F
:10FC500049462046FFF72FFF002840F0D9804B4649
:10FC60003A4629462046EEF721FF002840F0D08092
:10FC700003222946304604F0A4F9002840F0C88049
:10FC800031462046FFF752FF002840F0C18008F1BE
:10FC9000080B06F110075B465A4639462046EEF738
:10FCA00005FF002840F0B48039462046FFF75FFF8B
:10FCB000002840F0AD803B46424629462046EEF7FC
:10FCC000F5FE002840F0A48029462046FFF74FFFAC
:10FCD000002840F09D8006F118093B463A46494607
:10FCE0002046EEF7E3FE002840F092804946204689
:10FCF000FFF73DFF002840F08B80334632463946FF
:10FD00002046EEF7D3FE002840F082802B463A468C
:10FD100039462046FFF7CFFE002879D12B463A46D8
:10FD200039462046FFF7C7FE002871D13B462A46D8
:10FD300029462046FFF7BFFE002869D133462A46F0
:10FD400029462046EEF7B2FE002861D14B462A46EE
:10FD500029462046FFF7AFFE002859D15A464946AA
:10FD6000204608F11003EEF7A1FE002850D14946C5
:10FD70002046FFF7FCFE00284AD13946504603F0E2
:10FD800077FE002844D129460AF1080003F070FEEE
:10FD9000F0BB49460AF11000BDE8F84F03F068BE19
:10FDA00013462946EEF782FE90BB032229463046D1
:10FDB00004F007F960BB31462046FFF7B7FE38BBB9
:10FDC00004F10C070146384603F076FF00283FF4A3
:10FDD0005EAF08F110031A4629462046EEF766FE8C
:10FDE000B0B906F110092B462A4649462046EEF7DF
:10FDF0005DFE68B93B464A4629462046EEF756FE68
:10FE000030B92B46324631462046FFF773FE3BE7BA
:10FE1000BDE8F88F0346C06920B15B6A002B14BFB0
:10FE200001200220704710B5044603F075FD04F16F
:10FE3000080003F071FD04F11000BDE8104003F06C
:10FE40006BBD38B50025044600F8045B03F064FD83
:10FE500004F10C0003F060FD04F1140003F05CFDFC
:10FE600004F11C00FFF7DFFF04F1340003F054FD40
:10FE7000C4E90F55C4E91155C4E91355C4E9155532
:10FE8000E56538BD10B50446FFF7DBFF04F16000FF
:10FE900003F042FD04F16800BDE81040FFF7C3BF66
:10FEA00008B1FFF756BE704770B5044660B3436CA7
:10FEB000012B11D00C3003F034FD04F1140003F0D9
:10FEC00030FD04F11C00FFF7EBFF04F1340003F0F8
:10FED00028FD201D03F025FDA36D4BB1E36D3BB163
:10FEE00000251826D4E91603AB4207D8EFF798FD92
:10FEF0002046BDE870406021F0F7E0B806FB050041
:10FF0000FFF7CEFF0135EDE770BD10B5044658B1DF
:10FF1000FFF7CAFF04F1600003F003FD04F168007D
:10FF2000BDE81040FFF7BCBF10BD38B504460D4614
:10FF300003F09EFD70B905F1080104F1080003F01B
:10FF400097FD38B905F1100104F11000BDE8384003
:10FF500003F08EBD38BD0978EFF7DEBC10B5012186
:10FF6000044603F0BAFD60B9012104F1080003F072
:10FF7000B4FD30B9014604F11000BDE8104003F0B3
:10FF8000ACBD10BD002108B5103003F095FEB0FAED
:10FF900080F0400908BDF0B5144685B0074602A8B8
:10FFA0000D461E4603F0B8FC0021204603F084FEF7
:10FFB00078B931463846EFF78FF8044618B9284625
:10FFC000FFF7CCFF044602A803F0ABFC204605B0C7
:10FFD000F0BD0121204603F06FFE58B93146384686
:10FFE000EFF77AF804460028EDD131462846FFF7AE
:10FFF0009CFFE7E74FF0FF31204603F05DFE18BBA2
:020000024000BC
:1000000031463846EFF768F804460028DBD1314620
:100010002846FFF78AFF04460028D4D10835014658
:10002000284603F049FE2A460646391D02A803F079
:1000300028FF04460028C6D1321E18BF01222846D8
:1000400002A903F0A0FCBDE700232246CDE900335E
:10005000294633463846EFF7B7F8B3E71FB5002413
:100060000294079C0194069C0094EFF77FFB04B078
:1000700010BD13B5049CCDE9003413460A4600F1C7
:100080006801EEF735FF02B010BD03685B1803602E
:10009000137843F1000313707047137810B50468A8
:1000A0008C4238BF013B137003685B1A036010BDBC
:1000B0000023F0B55609056855F82340E44345F898
:1000C00023400133B342F6D9002307689D0057F857
:1000D0002340013447F823400468013365590DB9C2
:1000E000B342F2D94FF6FF73D2088380A3585B1A4C
:1000F000A350F0BD002373B5192104468DF80330D9
:1001000003F01DFC0646002840F0AA8125680DF189
:1001100003022B6801A8296B0193FFF7B6FF696DF5
:10012000FFF7B3FF296DFFF7B0FFE96DFFF7B5FFEC
:10013000019B9DF903102B60256800296B688DF8E1
:100140000360019380F28F814942FFF7A6FF0DF112
:10015000030201A8696BFFF798FFA96DFFF795FFF0
:10016000E96DFFF792FF296BFFF797FF296DFFF706
:1001700094FF019B9DF903106B602568AB680193A8
:10018000002399428DF8033080F270814942FFF7D5
:1001900084FF0DF1030201A8A96BFFF776FFE96D5B
:1001A000FFF773FF696BFFF778FF696DFFF775FF66
:1001B000019B9DF90310AB602568EB680193002358
:1001C00099428DF8033080F254814942FFF765FF70
:1001D0000DF1030201A8E96BFFF757FF296BFFF749
:1001E00054FF296DFFF751FF696DFFF74EFFA96BB3
:1001F000FFF753FFA96DFFF750FFE96DFFF74DFFC4
:10020000019B9DF90310EB6025682B690193002386
:1002100099428DF8033080F22F814942FFF73DFF6C
:100220000DF1030201A8696DFFF72FFFFFF72DFF06
:10023000296CFFF72AFF696BFFF727FF296BFFF790
:1002400024FF296DFFF721FFA96DFFF71EFFE96B62
:10025000FFF723FFE96DFFF720FFFFF71EFF019B6C
:100260009DF903102B6125686B6901930023994266
:100270008DF8033080F203814942FFF70EFF0DF144
:10028000030201A8A96DFFF700FFFFF7FEFE696CEE
:10029000FFF7FBFEA96BFFF7F8FE696BFFF7F5FEB2
:1002A000696DFFF7F2FEE96DFFF7EFFE296CFFF7CE
:1002B000F4FE019B9DF903106B612568AB69019306
:1002C000002399428DF8033080F2DC804942FFF729
:1002D000E4FE0DF1030201A8E96DFFF7D6FEFFF77A
:1002E000D4FEA96CFFF7D1FEE96BFFF7CEFEA96B38
:1002F000FFF7CBFEA96DFFF7C8FE696CFFF7CDFED7
:10030000019B9DF90310AB612568EB690193002304
:1003100099428DF8033080F2B8804942FFF7BDFE64
:100320000DF1030201A8E96CFFF7AFFE296CFFF79E
:10033000ACFEE96BFFF7A9FEE96DFFF7A6FEA96C1D
:10034000FFF7ABFE019B9DF90310EB6125682B6A5B
:100350000193002399428DF8033080F2998049423D
:10036000FFF79BFE0DF1030201A8296DFFF78DFE3B
:10037000696CFFF78AFE296CFFF787FEE96CFFF7CF
:100380008CFE019B9DF903102B6225686B6A01931B
:10039000002399428DF803307DDA4942FFF77DFE54
:1003A0000DF1030201A8696DFFF76FFEA96CFFF75D
:1003B0006CFE696CFFF769FE296DFFF76EFE019B0D
:1003C0009DF903106B622568AB6A01930023994283
:1003D0008DF8033062DA4942FFF75FFE0DF1030248
:1003E00001A8A96DFFF751FEE96CFFF74EFEA96C5D
:1003F000FFF74BFE696DFFF750FE019B9DF903105F
:10040000AB622568EB6A0193002399428DF80330B3
:1004100047DA4942FFF741FE0DF1030201A8E96DF9
:10042000FFF733FE296DFFF730FEE96CFFF72DFE75
:10043000A96DFFF732FE019B9DF90310EB62236863
:1004400021EAE1721A6300200C23E28801339A4208
:100450002AD8002904DA4FF4C0722046FFF728FE9C
:10046000304602B070BDFFF710FE70E6FFF70DFEDC
:100470008FE6FFF70AFEABE6FFF707FED0E6FFF7D1
:1004800004FEFCE6FFF701FE23E7FFF7FEFD47E76A
:10049000FFF7FBFD66E7FFF7F8FD81E7FFF7F5FDE6
:1004A0009CE7FFF7F2FDB7E7226842F82300CCE7AC
:1004B0000023F7B5112104468DF8033003F03FFA0D
:1004C0000646002840F0398125680DF103022B68AB
:1004D00001A8296A0193FFF7D8FD696AFFF7D5FDE6
:1004E000E96AFFF7DAFD296BFFF7D7FD696BFFF7C4
:1004F000D4FDA96BFFF7D1FD019B9DF903102B6083
:10050000256800296B688DF80360019380F21881DB
:100510004942FFF7C2FD0DF1030201A8696AFFF726
:10052000B4FDA96AFFF7B1FD296BFFF7B6FD696B52
:10053000FFF7B3FDA96BFFF7B0FDE96BFFF7ADFD6A
:10054000019B9DF903106B602568AB680193002344
:1005500099428DF8033080F2F6804942FFF79DFD05
:100560000DF1030201A8A96AFFF78FFDE96AFFF701
:100570008CFD696BFFF791FDA96BFFF78EFDE96BB1
:10058000FFF78BFD019B9DF90310AB602568EB68BD
:100590000193002399428DF8033080F2D7804942BD
:1005A000FFF77BFD0DF1030201A8E96AFFF76DFD7E
:1005B000FFF76BFD296BFFF768FDFFF766FD696BC1
:1005C000FFF763FDE96BFFF768FD296AFFF765FD3B
:1005D000696AFFF762FD019B9DF90310EB602568D6
:1005E0002B690193002399428DF8033080F2B1808A
:1005F0004942FFF752FD0DF1030201A8296BFFF7F5
:1006000044FDFFF742FD696BFFF73FFDFFF73DFD3E
:10061000A96BFFF73AFD696AFFF73FFDA96AFFF78B
:100620003CFD019B9DF903102B6125686B690193CB
:10063000002399428DF8033080F28E804942FFF703
:100640002CFD0DF1030201A8696BFFF71EFDFFF7FA
:100650001CFDA96BFFF719FDFFF717FDE96BFFF70D
:1006600014FDA96AFFF719FDE96AFFF716FD019B62
:100670009DF903106B612568AB69019300239942D2
:100680008DF803306BDA4942FFF707FDAF6B0DF1D0
:10069000030201A83946FFF7F8FCFFF7F6FCE96B07
:1006A000FFF7F3FCFFF7F1FC3946FFF7EEFC696B4F
:1006B000FFF7EBFC296AFFF7F0FC696AFFF7EDFC36
:1006C000019B9DF90310AB612568EB690193002341
:1006D00099428DF8033045DA4942FFF7DEFC0DF10F
:1006E000030201A8E96BFFF7D0FCFFF7CEFCFFF790
:1006F000CCFC296AFFF7C9FCA96AFFF7CEFCE96ABE
:10070000FFF7CBFC296BFFF7C8FC696BFFF7C5FC53
:10071000019B9DF90310EB61236821EAE1721A62E3
:1007200000200823E28801339A421ED8002904DA07
:100730004FF480722046FFF7BBFC304603B0F0BD9B
:10074000FFF7A3FCE7E6FFF7A0FC09E7FFF79DFC36
:1007500028E7FFF79AFC4EE7FFF797FC71E7FFF7F2
:1007600094FC93E7FFF791FCB9E7226842F8230075
:10077000D8E7002070477047023802288CBF00205D
:10078000012070474368D86B7047023801288CBF3E
:10079000002001207047031F58425841704710B590
:1007A0000446FFF7B2FB2046BDE81040EFF738B92A
:1007B00010B580210120EFF72DF9044608B1FFF7AD
:1007C00061FB204610BD49684068EFF749B84068B2
:1007D00000F03DB807B511461A46059B00934068E6
:1007E000049B00F046F810F5984F08BF00F59850AC
:1007F00003B05DF804FBF8B5046C0E460734E4085A
:100800009C4228BF1C46114605462246304603F04E
:100810009AF90746C8B92B6CE100B3EBC40F0DD3AE
:1008200034352946304603F0FFF900280DDB2A460F
:1008300031463046BDE8F84003F023BB3046C91AC4
:1008400003F0BAF90028EBD007463846F8BD10B5DA
:10085000002486B005940C9C04940B9C03940A9C81
:100860000294099C0194089C0094EFF795FA06B055
:1008700010BD13B500240194049C0094EFF7FAFA1C
:1008800002B010BD10B57C220021044604F01FFB0D
:1008900042F21073E36510BD2DE9F04104460F46A6
:1008A00016469846456DE0B0DBB105EB45025208AF
:1008B000B6F5807F3DD83244B2F5C07F39D84FF4C9
:1008C000C0720021684604F002FB2A466946236E86
:1008D000606E984738B16FF00806304660B0BDE8EA
:1008E000F0812A46E4E7656DB8F1000F0AD0236E67
:1008F000606E6A080DEB050198470028EBD1636D27
:1009000005EB53053FB136B10DEB050032463946D4
:1009100004F0B6FA35442A4669462046EFF7FCFA59
:10092000064608B90123236529466846EFF7C6FB4A
:10093000D3E76FF00406D0E70023FFF7ADBF2DE942
:10094000F84F15460446006888461E460A9FFEF783
:10095000CDFCB5F5806F81464BD8B7F5807F4BD87D
:10096000236ED3B1A36D012B03D0226DE36D9A42A8
:1009700013DD3A4631462046FFF7DEFFC0B90027B7
:1009800004F1100AB5B93A4631462046EFF7C4FAE9
:1009900070B9236D013323650AE0002EF0D0002FDB
:1009A000EDD03A4631462046EFF7B6FA0028E7D0B8
:1009B000BDE8F88F4D452046AB4628BFCB46EBF748
:1009C00019FF0028F4D14A4651462046EBF7DAFEDB
:1009D0000028EDD151462046EBF7E2FE0028E7D192
:1009E00040465A46514604F04BFAD844A5EB0B0555
:1009F000C8E76FF00200DBE76FF00400D8E710B53E
:100A0000044608B1EFF75AFB2046BDE81040EFF767
:100A100007B800F4E040B0F5805F04D0A0F50053C3
:100A2000584258417047012070470346C068E0B102
:100A30005888D0B11B8803F44F42B2F5824F09D1D8
:100A4000DBB2272B2AD008D8172B0FD0222B34D07B
:100A5000122B16D06FF085007047302B2FD0413B02
:100A6000012BF7D8FF2839D100207047C028FBD0D0
:100A7000E128F9D0B0F5807F0CBF00206FF0860030
:100A8000704720F02003C02BEED020F08003B3F598
:100A9000807FE9D040F209239842EDE7E928E3D0CE
:100AA000EF28E1D040F21B139842DDD040F29913B9
:100AB0009842D9D040F23B23EEE7E928F1E720F055
:100AC0002003C02BD0D020F04003B3F5807FCBD0E3
:100AD000B0F5C07FC8D0B0F5007FCDE7B0F5E07FBE
:100AE000CAE73AB1002918BF00232121D21A1844BD
:100AF00004F0EDB970472DE9F04F9B46002389B013
:100B00008DF81B30159B9146DDE912A7002B0D4691
:100B10000B460CBF4FF400624FF4806207A9DDF86A
:100B20005080EFF79DFF0446D0B9079E28463188D4
:100B30000DF11B02F0F730F8044688B99DF81B3020
:100B4000BB421FD8CDE90338CDE901BACDF80090FA
:100B50002B46D6E909123046F0F7E0FF044608B10B
:100B6000C8F800703A4621465046D8F80030FFF7E2
:100B7000B8FF0798F0F760FE002C18BF204609B0B8
:100B8000BDE8F08F6FF08904EAE708B5EFF7C8FA1F
:100B900008BD42F20703984223D029D841F2062328
:100BA00098421AD8B0F5905F09D241F201039842F9
:100BB0000CD0B0F5885F09D06FF0850070476923CD
:100BC000A0F5905080B2C340DB07F5D511F0070FB8
:100BD0000CBF00206FF08600704742F20403984279
:100BE000EAD1B1F5807F0CBF00206FF0860070471E
:100BF000B0F5105FE0D121F04003802BF1D100204F
:100C0000704770B5446A05460E463CB90120EEF7C0
:100C100001FF686228B12046AE6270BD6FF08A00A5
:100C2000FBE76FF08C00F8E7F8B50F461146064673
:100C30001546FFF7E6FF044620B92A463946706A92
:100C400004F01EF92046F8BDF8B504460F461E46CE
:100C50001546008892B1FFF7DCFE78B1089BD10001
:100C600019602088FFF795FF044628B939463046B9
:100C700004F006F9079B1D602046F8BD6FF085045F
:100C8000FAE710B50446406A10B1A16AFFF7B7FE53
:100C90000020C4E9090010BD38B50546FFF7F1FF93
:100CA0002B7F0446012B0ED0023B012B0ED82B6A62
:100CB000012B18BF6FF096042C220021284604F067
:100CC00006F9204638BD2B6A002BF2E76FF0960438
:100CD000F2E7F8B50488154620461E46069FFFF742
:100CE00098FEB0B944F2010324F440529A4210D065
:100CF00004F44F43B3F5824F0BD0B3F5884F08D0BF
:100D0000B3F58E4F05D0803C24F0FF04B4F5485F66
:100D10000ED1BD420FD82A46304604F0B1F800216A
:100D20007A1B701904F0D3F80020079B1D60F8BDF2
:100D30006FF08500FBE76FF08900F8E77FB50E469E
:100D40001D461446BAB1002301222B6003A9EFF718
:100D500087FE70B9CDE9004503983346D0E9091202
:100D6000F0F728FE04460398F0F766FD002C18BF44
:100D7000204604B070BD6FF08900FAE7F0B50F4669
:100D80001E46154685B00AB3002303A91A463360F0
:100D9000EFF766FE044638B9039803885B0406D46F
:100DA000F0F74AFD6FF08604204605B0F0BDCDE9AE
:100DB00000563B46D0E90912F0F710FE04460398AE
:100DC000F0F73AFD002C08BF0446EDE76FF0890408
:100DD000EAE72DE9F04F0E460027844615468FB00E
:100DE00007AC88460FCE0FC496E807003B4684E860
:100DF00007002F600222604603A9CDE90377CDE901
:100E00000577EFF72DFE044640B9B8F80030039C93
:100E100073B122889A420BD06FF086040498EFF7E2
:100E20008DFF0398F0F708FD20460FB0BDE8F08F66
:100E3000B8F8022063880AB19342EDD1ADF81E30B4
:100E40002788DDF828A0D4F80C9051464A46384649
:100E5000ADF81C70EFF79CF90646DDF82CB0D4F81D
:100E60001080594642463846EFF792F92EB9BAF14A
:100E7000000F02D0B9F1000FCED128B9BBF1000F9D
:100E800002D0B8F1000FC7D1A268099B0B901340A4
:100E900004A905AA07A8CDE90936EFF7EDFE044637
:100EA0000028BBD1DDE903305A684168120AB2EB71
:100EB000112F31D1089A120A29D006A907A8F0F7F4
:100EC000F1FC04460028A9D106990498FFF799FE81
:100ED00004460028A2D1DDE9031303F128020192A0
:100EE0009A6A07A800925B6AD1E90912F0F7A8FD97
:100EF0000446002892D129460498EFF723FE0446C1
:100F000000288BD10398F0F797FC04468CE7D3E9CF
:100F10000912FFF789FEEBE76FF085047EE710B555
:100F20000368044623B100F028FB0023236010BDB2
:100F30001846FCE738B50C4601680546A1B904F02F
:100F4000FE43B3F1007F12D14FF41272043003F06C
:100F5000BEFF2146284600F0F2FA044610B12846AA
:100F6000FFF7DDFF204638BD6FF08804F7E76FF02C
:100F70008604F4E738B50468054664B112B9002464
:100F8000204638BD00F0E4FA04460028F7D0284691
:100F9000FFF7C5FFF4E76FF08804F8E770B50026A7
:100FA0001E60046805463CB100F0DBFA04462846A2
:100FB000FFF7B5FF204670BD6FF08804FAE730B444
:100FC0000025039C256000F0FE44B4F1007F02D1AF
:100FD00030BC00F0B2BA6FF0860030BC704710B57C
:100FE0000368044653B100F0E8FA00232360A388A5
:100FF00023F4FF7323F00103A38010BD1846FCE720
:101000002DE9FF41984600230C4601680546174626
:101010000393A9BB4FF44372083003F058FFB8F1B3
:10102000000F20463B4614BF4FF480624FF400622D
:1010300003A9EFF715FD044620BB039E384631880F
:101040002A1DEFF7A9FD0446E0B96B79314668F334
:1010500000036B7100972846D6E90923B8F1000F09
:101060000BD0F0F779FD044660B90398F0F7E4FB84
:101070000446204604B0BDE8F081F0F785FDF2E7B4
:101080006FF088042846FFF7AAFF0398F0F7D4FB17
:10109000EFE70123FFF7B4BF38B50468054664B134
:1010A00012B90024204638BD00F072FA0446002828
:1010B000F7D02846FFF793FFF4E76FF08804F1E7D5
:1010C0002DE9F0411746026805460E46984682B162
:1010D0004279D2070DD502795AB1BA4216D800F03A
:1010E00060FA044638B9A6B92846BDE8F041FFF7D2
:1010F00076BF6FF088040023C8F800702B7146B9E2
:101100002846FFF76CFF2046BDE8F0816FF08904A8
:10111000F1E721463A463046D8F80030FFF7E1FCC7
:101120002846FFF75CFF002C08BF0446EBE71FB51D
:1011300001240394089C0294079C0194069C00944B
:10114000FFF7D9FC04B010BD2DE9F04F4FF0000AB5
:101150008DB08046DDE91B6B0846CBF800A00C463D
:1011600017461D46EFF74CFB814668BB23464FF4FC
:10117000807240460BA9EFF773FC814620BB2946DD
:101180002046EFF743FC8146D8B91A9BCDE9076B9F
:101190000693199B0B980593189B00970493179B34
:1011A0000393169BCDE901532346D0E90912F0F7CA
:1011B00057FC814628B126B1324651461A9803F0B1
:1011C00086FE0B98F0F738FB48460DB0BDE8F08F6F
:1011D0002DE9F04F4FF0000A8DB08046DDE91B6B22
:1011E0000846CBF800A00C4617461D46EFF708FB53
:1011F000814668BB23464FF4007240460BA9EFF7C7
:101200002FFC814620BB29462046EFF7FFFB814695
:10121000D8B91A9BCDE9076B0693199B0B980593D8
:10122000189B00970493179B0393169BCDE90153DA
:101230002346D0E90912F0F73DFC814628B126B1DA
:10124000324651461A9803F042FE0B98F0F7F4FA32
:1012500048460DB0BDE8F08F38B54468054614B176
:1012600000F0DDF9044628464FF4C961EEF726FF89
:10127000204638BDF8B5C368044693420F4616466B
:1012800011D300F0C3F9E36805469B1BE36040B14E
:101290002046FFF7E1FF27B132462121384603F00F
:1012A00016FE2846F8BD00F0BAF900236FF08E054F
:1012B000E360F0E700232DE9F04F136089B0CDE93A
:1012C00004334388044688469146002B00F09980F9
:1012D0004FF0FF314046EFF7EDFA834600286FD11B
:1012E00098F8087007F00307012F40F08D80204622
:1012F00005AA04A9EFF7C0FC834668B96288049D7B
:10130000D41DE40806920794298801F4E043B3F55C
:10131000804F05D16FF0860B0498EFF70FFD4FE07B
:101320000846FFF776FB60B112F00702F2D11746CC
:1013300021460120EEF76EFB064688B96FF08C0B54
:10134000EAE721F0FF03B3F5E24F02D06FF0850B1F
:10135000E2E747F24213994204BF0832D408E7E7B4
:10136000069B6B806B681B0A2ED128460799FFF7F6
:1013700048FC834678BB05F1280A224631464046A0
:10138000FFF778FF834668B9D5E9093247B3CDE95D
:10139000002A31462246284600F0C4F883461BF155
:1013A0008F0FEAD021463046FFF729FBBBF1000F33
:1013B000B2D149460498EFF7C5FB83460028ABD16C
:1013C000584609B0BDE8F08F284607A9F0F76AFA39
:1013D00083460028C9D021463046FFF710FB9BE723
:1013E00006A9CDE901A10092314622462846F0F730
:1013F00099FA6988069A83469142D0D06FF0860B9D
:10140000D0E76FF0860BDBE76FF0840BD8E707B50A
:10141000009313460022EFF7A1FD03B05DF804FB33
:101420002DE9F04705469A46002388B0079325F03A
:10143000004323F47F03B3F1106F0846DDE91096F3
:101440001746DDF848801CD12B464FF4804207A98F
:10145000EFF706FB0446B0B9CDE90368CDE901A971
:10146000079800972B46D0E90912F0F7A5FB044630
:1014700048B90798F0F7E0F90446204608B0BDE8FF
:10148000F0876FF0860431464846EFF7D1FE0798A3
:10149000C8F80060F0F7D0F9EFE710B500880C4607
:1014A0001146FFF7B6FA20B12046BDE81040EFF72D
:1014B000BFBE6FF0850010BD1C22002103F007BDE8
:1014C00003466FF040420846591E914207D338B197
:1014D00003F1404393428CBF00200120704701205C
:1014E0007047034668B1017F8A1E012A0BD8032981
:1014F000026A03D1012A01D1FFF7CEBB1AB1013A2A
:101500001A62002070476FF0960070470020704705
:10151000C0B2002814BF6FF0850000207047F0F7BC
:10152000C1BB704710B44468240A02D110BC00F05B
:1015300081BE6FF0860010BC704700F048BB10B54C
:101540000446043000F080FB08B90523236010BD79
:101550000368052B02D1043000F08CBB6FF08800CB
:10156000704710B40468052C03D110BC043000F09F
:10157000E7BB6FF0880010BC704708B50368052B07
:1015800004D14FF41271043000F056F9002008BD68
:101590000368052B02D10830F1F726B96FF08600F9
:1015A000704710B40468052C03D110BC0830F1F763
:1015B0003DB96FF0860010BC70470368052B02D15F
:1015C000083000F0F7BB0020704710B5044610301B
:1015D000F2F780FA08B90523236010BD10B404683F
:1015E000052C03D110BC1030F2F7D6BA6FF088008A
:1015F00010BC704710B40468052C03D110BC103027
:1016000000F01FBF6FF0880010BC70470368052B07
:1016100002D11030F2F7F6BB6FF088007047036814
:10162000052B02D11030F2F7A7BC00207047002034
:10163000F0F730BD0020F0F767BD002000F03DB9A5
:101640000A2840DCC31C22DA10F1400F47D010F109
:101650003F0F2BDA10F1410F44D010F1550F44D059
:1016600010F1490F08BF6FF0840018BF6FF08600BB
:10167000704709282AD8DFE800F00529290816292B
:101680003829292F6FF09800704700207047C31C3D
:101690000D2B1BD8DFE803F0072F1A1C1A1A1A1A91
:1016A0001A1A1D1A1A1D6FF08500704710F1210FCC
:1016B0001ED00BDB10F1200F1DD010F1100F08BF52
:1016C0006FF09400D1E764380928D2D96FF0860012
:1016D00070476FF0940070476FF08C0070476FF0A8
:1016E000840070476FF0890070476FF09300704777
:1016F0006FF0880070476FF09200704710B50138A6
:101700000A44914200D110BD10F8013F11F8014B7D
:1017100063400370F5E70144814200D1704711F83E
:10172000013D1A440A70120AF6E730B5002503F5A8
:101730008073013A002A0DDAFF2BDAB28CBF002148
:10174000012152EA050003D0FF2B94BF00200120A5
:10175000401A30BD845C1C448B5C013AE41A230AB5
:10176000E4B2FF332543E5E72DE9F8430E4617467B
:1017700008994FF4DE7204461D46DDF8248001F01E
:10178000DAF8B8B981464D4509D14146204601F005
:101790007DF978B92046BDE8F84301F0A6B92046A6
:1017A00057F8292056F8291001F0F2F810B909F17C
:1017B0000109E8E7BDE8F8831FB5CDE90221069AE3
:1017C00003A9CDE90032012302AAFFF7CDFF05B03E
:1017D0005DF804FB002313B58DF807308B4206D16A
:1017E0009DF80700B0FA80F0400902B010BDC45C5B
:1017F0009DF80720013322438DF80720EEE78B4246
:1018000030B50CD8002421469C4203D1081E18BFD5
:10181000012030BD155D055529430134F4E7002052
:10182000F7E710B58B4294BFC4184418A04200D10A
:1018300010BD00F8012BF9E700231A4682B0019091
:101840008B4201D102B070470198C2540133F7E7CF
:101850000368D90444BF43F48063036003689A04B7
:1018600044BF43F4006303607047F7B506460D4676
:10187000202D2F46A8BF202700216846F2F76CFFD5
:10188000044670B93A4631466846F2F7B7FF10F1A0
:10189000520F044608D0431CF4D0684601F0CEFA3B
:1018A00034B1204603B0F0BD684601F0C7FAE3E763
:1018B000EC1B3E44F5D02546DAE70020704707B51B
:1018C00001A9F0F72BFD003818BF012003B05DF827
:1018D00004FB70B504460E46006811461546F0F745
:1018E00035FD40B1314604F1400003F0C9FA002053
:1018F00084F84D5070BD6FF08500FBE770B51E4653
:1019000090F89A300446934219D800F1A005284671
:10191000F2F718FC18B1BDE87040FFF791BE2846F9
:1019200000F01FFF05460028F5D194F89A304FF4D7
:10193000EE7120463360FFF77FFF284670BD6FF0E1
:101940008905FAE738B500F1A00405462046F2F70C
:1019500065FC18B1BDE83840FFF772BE204600F0C4
:1019600000FF04460028F5D128464FF4EE71FFF73A
:1019700063FF204638BD2DE9F04104460D4616466A
:101980001F469DF81880F0F7FDFC90B904F1A00007
:10199000B8F1000F07D03246294600F0E4FDBDE85B
:1019A000F041FFF74DBE3B463246294600F014FE9B
:1019B000F5E7BDE8F0812DE9F0411646026D90F89B
:1019C0004D30003A18BF0122C3F10F07C3F10E03D7
:1019D00003F00703054643EA821390F89A2008466D
:1019E000023A02EBD272920002F03802134300F87E
:1019F000013B0C4695F84D2005F1400103F040FAFB
:101A000000210A4695F84D301FFA87FED5F854801C
:101A100013FA87F7274472450ED3102333602B6DDA
:101A200043B1B3F57F4F19D263741B0A2374336833
:101A300002333360BDE8F081D300C3F1200CA3F181
:101A4000200001FA0CFC28FA03F343EA0C0321FA04
:101A500000F0034307F801390132DCE7FF23237468
:101A6000FE2363742B6D1A0A637522751A0C1B0E04
:101A7000E274A37433680633DBE708B54FF4EE7104
:101A8000FFF7DAFE002008BD70B514464FF4DE7291
:101A900005460E4600F04FFF98B9304601F02FF88A
:101AA000234602462018984205D121462846BDE823
:101AB000704000F06DBF197881F0360103F8011B0A
:101AC000F1E770BD2DE9F047044608461E460D4675
:101AD0009146DDF8208001F010F8B042074606D9A3
:101AE000204600F025FF6FF04000BDE8F087284653
:101AF00001F005F808EB000A06465146204600F0C2
:101B0000C5FF0028F1D1204600F0EFFF0028ECD1FE
:101B100043469A4509D12B4641462046CDF82090B0
:101B2000BA19BDE8F047FFF747BE1A7882F06A029B
:101B300003F8012BEDE72DE9F74F1C46DDE90C6BAF
:101B400005460F46924600F0D8FF8146284600F031
:101B5000D6FFA042804618D222462B465146384630
:101B60000096FFF729FE0246D8B9A8EB0903ABEBB4
:101B7000090106EB0900FFF754FE324629463846B4
:101B800003B0BDE8F04FFFF77FBF22465146304615
:101B900003F076F90022A8EB0403ABEB0401301943
:101BA000E9E703B0BDE8F08F10B5044694F844327D
:101BB000043043B14FF4DE72216800F0BCFE08B976
:101BC00084F8440210BDBDE8104000F0B8BEF0B586
:101BD000F1B007460D46164600214FF4DE7201A80B
:101BE0001C4603F074F90023694638460093F0F769
:101BF0008FF898B9009800F080FF769B984220D823
:101C0000009800F07AFF779B4FF4DE72186000991D
:101C100001A800F090FE18B1FFF712FD71B0F0BD01
:101C20003246294601A800F0B3FE0028F4D121462F
:101C300001A800F02BFF0028EED101A800F055FF0D
:101C4000EAE76FF08900E9E738B50446084621461F
:101C5000F0F75EF8054660B90123206884F8443245
:101C600000F04DFFC4F8C0012846BDE83840FFF73A
:101C7000E7BC38BD2DE9F84304460F461546AAB126
:101C8000D0F8C031934214D9006800F038FFD4F87E
:101C9000C02104F5E273801A18442A46394603F03D
:101CA000EFF8D4F8C0315B1BC4F8C0310020BDE8A8
:101CB000F883FFF779FF18B1BDE8F843FFF7C0BC20
:101CC000206800F01CFFD4F8C02104F1040804F5DA
:101CD000E279821A4946404600F05AFE0028EBD1CC
:101CE0002068D4F8C06100F00AFFAE1BB6FBF0F329
:101CF00003FB1066AD1B2A463946404600F048FEFD
:101D00000028D9D1404600F072FE0028D4D14046C8
:101D100000F0EBFE0028CFD1206800F0F0FE80211B
:101D2000C4F8C0014846FFF787FD002EBED03246FA
:101D30004846791903F0A4F8D4F8C0319B1BB3E7E7
:101D4000F8B50446006815460F461E4600F0D5FE5D
:101D5000A84228D82046FFF727FF18B1BDE8F84071
:101D6000FFF76EBC254655F8040B00F0C8FED4F80A
:101D7000C02104F5E271821A284600F009FE00280D
:101D8000ECD13946284600F081FE0028E6D12846ED
:101D900000F0ABFE05460028E0D1206800F0ADFE63
:101DA00030602846F8BD6FF08905FAE7F0F7C8BC47
:101DB000F0F7C6BC08B54FF44371FFF73DFD0020B6
:101DC00008BDF0B504461F460D461646ADF5477DE5
:101DD0004FF44372002103A803F079F821463346FB
:101DE0002A46009703A8F0F7ABFC044670B9DDE97A
:101DF000CC1203A8F0F7F8FC044638B9DDE9CF238C
:101E0000CE9903A8F0F712FD044610B103A8FFF71E
:101E1000D1FF20460DF5477DF0BD2DE9F041044688
:101E200080680F469042154609D3201A1C3003F0F3
:101E300027F8A3685B1BA3600020BDE8F08194F83D
:101E40008C3043B904F1900000F037FF18B1BDE8C1
:101E5000F041FFF7F5BBA26832F0100309D0A01AD9
:101E600039461C3003F00CF8A3681F44ED1A002318
:101E7000A360A3686E1E26F00F069BBB102204F120
:101E80000C0104F1900000F087FE0028DFD1102241
:101E900084F88C00A2604EB13246394604F19000BD
:101EA00000F07AFE0028D2D184F88C0004F190086A
:101EB000404600F057FF0028C9D1404600F0B1FF6E
:101EC0000028C4D1802104F10C00FFF7B5FCAA1B47
:101ED000B2D0B91904F10C0002F0D2FFA3685B1B69
:101EE0003344A8E7002ED7D194F88C30002BDDD0F6
:101EF0002A46EEE738B543680446102B22D890F8FE
:101F00008C3000F190053BB9284600F0D6FE18B1A0
:101F1000BDE83840FFF794BBA2680C34102A07D004
:101F200021462846C2F1100200F036FE0028EFD10B
:101F30002146284600F062FE0028E9D1284600F03C
:101F400070FFE5E76FF0860038BDF0B51F4600234F
:101F500085B005469DF8280003A940F0007016469C
:101F60000393EFF7D5FE044680B9C023019305F52E
:101F70001373009332463B46039805F19001FFF737
:101F8000DAFD044628B1FFF75BFB0446204605B0A6
:101F9000F0BD039800F0B3FD0123A86085F88C30F4
:101FA000F4E700232DE9F74F0546007889461646E9
:101FB000019308B140F0007001A9EFF7A9FE0446B3
:101FC000F8B9019800F09BFDAB688046B3420CD98C
:101FD000A8EB030305F10C0018443246494602F011
:101FE0004FFFAB689B1BAB600BE095F88C3005F1A5
:101FF000900A53B9504600F0A2FC30B1FFF720FB25
:102000000446204603B0BDE8F08F0023AA6805F11E
:102010000C0B5946504685F88C30A8EB020200F0B4
:10202000B7FC0028EAD1AF684946F31BB3FBF8F3CD
:1020300008FB037750463A4600F0AAFC0028DDD1A1
:10204000504600F0D4FC0028D8D1504600F04DFD99
:102050000028D3D1A6EB070A80215846C5F808808E
:10206000FFF7EAFBBAF1000FCBD05246584609EB16
:10207000070102F005FFAB689B1B3B44B3E700235D
:10208000F0B50446007885B0039308B140F00070C5
:1020900003A9EFF73DFE18B1FFF7D2FA05B0F0BD86
:1020A000039800F02AFD039800F029FD94F88C3085
:1020B000064604F1900523B9284600F040FC0028AC
:1020C000EAD1A26804F10C0739462846B21A00F09A
:1020D0005FFC0028E0D104F5137480233A462846BB
:1020E00003990094FFF7EEFCD6E72DE9F04F4FF08F
:1020F000000B91461E46448805888FB005F44F4377
:1021000000940734B3F5824F82460F464FF02C02FD
:1021100059464FEAD40803A818BF5D46CDF808B069
:1021200002F0D5FEC845C6F800B041D8B4F5C47F6A
:1021300041D26A4649465046F0F7FEFB044640BB92
:10214000EDB22846009901AAEFF71CFE044600BB39
:10215000A5F14103012B20D8424602A9EFF7D4FF95
:1021600020BB414602A8FFF735FB38BB412D05D106
:10217000B8F1200F02D102A801F04CF842463846CF
:1021800002A902F07DFE302102A8FFF755FBC6F838
:10219000008020460FB0BDE8F08F4A4639460198CE
:1021A00001F043F80028EED0FFF74AFA0446F0E7C2
:1021B0006FF08904EDE76FF08504EAE76FF09304B0
:1021C000E7E72DE9F041458817460735B5F5847FE7
:1021D00004460E46984602888EB028D222F0FF01AF
:1021E000B1F5E24F13D1202206A9FFF77EFF58B9BF
:1021F000628805AB0732CDE901832046334600975C
:10220000D20806A9F0F756FC0EB0BDE8F081B2F591
:10221000105F06D0B2F5885F03D042F204039A4201
:1022200005D1EA0806A90020EFF76EFFDFE76FF09F
:102230008500E9E76FF085007047CA0448BF41F4A4
:1022400080618B0448BF41F4006181607047C0F336
:102250000253042B05D8012B07D80DD06FF098003E
:102260007047052BFAD1032306E00B8844F21211C4
:102270008B420CBF0423022300F03000202813609F
:1022800001D00020704702331360FAE713B50C4603
:10229000F0F744F8C31C0FD0013009D004224FF0EE
:1022A000FF3321460DEB0200019302F018FE30B916
:1022B0006FF08B0002B010BD6FF08400FAE70020D1
:1022C000F8E730B589B0054618220C4601A8002170
:1022D00002F0FDFD012344EA052401A9BA20079478
:1022E0000593EFF7D5FF002818BF6FF0920009B0F3
:1022F00030BDF7B5BA2001A9F0F710F8044610B1C7
:10230000002003B0F0BD019D2F0AEDB2AC4205D113
:10231000BA20EFF7E9FF0028F2D008E0E6193046CE
:10232000EFF7E2FF30B13046FFF7C9FA10B96FF0AE
:102330009200E6E70134E9E708B5F820FFF7BFFAB5
:1023400018B9F920FFF7BBFA10B16FF0920008BD81
:10235000F820EFF7BBFF0028F7D1F920EFF7B6FF21
:102360000028F4D0F1E72DE9F3410446007808B1E4
:1023700040F0007001A9EFF7CBFCFFF761F90028EE
:1023800058D1019800F0B9FBD4F8B03504F568775E
:102390000133054639462046D4F8A424C4F8B035A4
:1023A000F1F724FA002845D1D4F8B03504F19406A9
:1023B000012B42D13046D4F8AC2504F22C51F0F771
:1023C00013FAB8BBD4F8282504F595613046F0F728
:1023D0000BFA78BB04F2B4586B462A4641463046A5
:1023E000F0F724FA30BB39462046D4F8A424F1F79C
:1023F000FDF9F8B92A4641463046F0F7F5F9C8B973
:102400003046D4F8AC2504F22C51F0F7EDF988B938
:102410003046D4F8282504F59561F0F7E5F948B978
:102420006B462A46304604F11001F0F7FFF908B96F
:1024300084F8905002B0BDE8F0812A4604F2B4510D
:10244000C4E710B404681A46B4F1082F019B02D007
:1024500010BCF1F7A1BB6FF0850010BC70470020E5
:102460007047C000C90002F1080303F8010D934250
:102470004FEA1020F9D103F11002083302F8011DD0
:102480009A424FEA1121F9D101207047836883B144
:102490000022836A1A608368816A0F3323F08043C5
:1024A00023F00F0343F080438B60836A8260103314
:1024B0008362704738B5C2690546146914B1506922
:1024C000A047044605F12000F2F72CFA204638BD5B
:1024D00037B5837E05468BB905F12000F2F7F8F990
:1024E000AB7EA3B1019800F001FA044678B128460A
:1024F000FFF7E0FF002818BF012405E001A8F2F76C
:1025000099FB04460028E7D0204603B030BDEA69B5
:10251000D3680BB90024F7E75069984704460028B0
:10252000E5D1F7E7F1F73CBD10B50446F1F738FD0A
:1025300020B92268236B12681343236310BD10B4C3
:1025400000240294039C1A46019B019410BCF1F7ED
:102550008BBD10B401240294039C1A46019B019484
:1025600010BCF1F781BD38B590F8204003466CB33C
:10257000B2F1807F04D3FFF79DFF50B3012038BD37
:10258000046934B1FFF796FF0028F7D16FF04800D7
:10259000F5E740695D6A1044586198681044986096
:1025A000296002F10F00596A20F00F0040F0005539
:1025B0008D601D68801AAD68596A2A6942EA002256
:1025C000CA605A6A204610325A62D8E76FF020007B
:1025D000D5E76FF03F00D2E7F8B51E4690F82030FF
:1025E00004460F461546002B3DD0B2F1807F07D33D
:1025F000FFF760FF002814BF01206FF03F00F8BD17
:10260000FFF744FF0DB90020F9E7436A05F10F0217
:102610001F60436A22F00F0242F000519960236864
:10262000406A9B68511B5B69954243EA0123C36082
:10263000636A03F11003636223692B44C4E9035303
:10264000A36A1E60A36A9D60A36A03F11000A062E2
:10265000D9D000221A61A36A41F080419960A36A2F
:102660001033A362CFE76FF02000C8E738B590F8C9
:1026700020300446002B43D1FFF72AFF05460028EF
:102680003CD12368226B596922EA010222639969CD
:1026900098680A43036804F1840104F12000F1F70B
:1026A00059FFE3699A6882B9626A1B681360E3693B
:1026B000626A5B6843F0005393602268636A9268C1
:1026C0005268DA60636A103363622368616A1A6A67
:1026D000E36AC2F5857213440B602368626A1B6A61
:1026E00043F0005393602268636A92689268DA60EC
:1026F000636A103363620023C4E90233284638BD9D
:102700006FF02005FAE7F8B590F8203005462BB3B6
:1027100000F0C5F8431C044605D030B12846FFF749
:10272000C9FE00B101242046F8BD2B682A6B5B6905
:102730001340F3D169680029F0D02E7E05F1F40032
:102740009E4204D8002C18BF6FF00F04E6E7CA5C65
:1027500010F8017B01337A401443F1E76FF0200455
:10276000E1E710B504462046FFF7CDFF431CFAD041
:1027700010BD10B5531ED41D03F8010FA3424FEA3C
:102780001020F9D10F3203F8011F93424FEA1121B3
:10279000F9D1012010BD07B500930023F1F72EFEFB
:1027A00003B05DF804FB07B500930423F1F726FEA0
:1027B00003B05DF804FB4368A3F11001914241D8D6
:1027C000012243F80C2C53F8042C42F0200243F869
:1027D000042C53F8082C42F0005243F8082C83686C
:1027E00000F11402A3F1100191422FD8012243F805
:1027F0000C2C53F8042C42F0200243F8042C53F81C
:10280000082C42F0005243F8082CC36803F154022C
:10281000BFF35F8F4FF0A3431A60BFF35F8FC268AF
:102820000432BFF35F8F1A61BFF35F8FBFF35F8F17
:1028300003225A63BFF35F8FBFF35F8F9A63BFF3C7
:102840005F8F7047103242F80C2CB7E7103242F815
:102850000C2CC9E738B5BFF35F8F4FF0A344E5698F
:10286000BFF35F8FBFF35F8F10236363BFF35F8F8F
:10287000012002F003FBBFF35F8F00236363BFF30C
:102880005F8FBFF35F8FE36BBFF35F8F5B06F8D49F
:1028900025B1BFF35F8FE561BFF35F8F38BD08B52A
:1028A000F2F7A0F830B9BFF35F8F4FF0A343986AF7
:1028B000BFF35F8FBFF35F8F4FF0A342D36BBFF3C4
:1028C0005F8F10F0240F03F0230304D0FFF7C2FF43
:1028D0006FF01F0008BD4FF0FF30002BFAD1BFF39F
:1028E0005F8F1063BFF35F8F1846F3E710B59EB09C
:1028F000024646F611031AA901A8F1F72BFE0023A0
:10290000039A10211360039A01A89360039B1AAAEB
:1029100010330393FFF74FFFFFF7C1FF431C04463B
:10292000FAD001A87421FEF787FF20461EB010BD23
:102930001830F1F7F7BF0160CB691146184738B579
:10294000036804460BB3027EFAB94FF4DE71DB690B
:10295000C5689847C0B92368E5605A69636AE16948
:10296000C2F5CA7213440B602368E2695B6943F0E5
:10297000005393606268E3695268DA60E369103378
:10298000E361A3680233A36038BD6FF02000FBE76A
:1029900008B5037E43B32AB38368062B05D91830E4
:1029A000F1F7C0FF6FF0440008BDB2F1807F05D39E
:1029B0001830F1F7B7FF6FF03F00F5E7C369196012
:1029C000C3699A604168C369C968D960C369103333
:1029D000C361036913440361C3681344C36083681C
:1029E000013383600020DFE76FF02000DCE770B583
:1029F000037E0246002B46D050F8183BD1681C6974
:102A0000B1FBF4F504FB151121B1F1F78BFF6FF069
:102A1000450070BDD3E905452C44D02C04D9F1F70D
:102A200081FF6FF02200F4E79D68946A166A6C409B
:102A300094625D68654095625C69556AE31CC4F503
:102A4000CA74254435601568146A6D6923F0030360
:102A5000A560146A04F11005156215686D699D4240
:102A60000AD021611468116A64691B1B43F080431A
:102A70008B60136A103313624FF4A0717C32FFF73E
:102A80009AFE0020C5E76FF02000C2E710B5037E74
:102A90000446ABB1D0E903239A4204D00268836AAA
:102AA00052685340836220466369984704F11800D6
:102AB0004FF4A07104F17C02FFF77DFE002010BDF1
:102AC0006FF02000FBE738B5037E054653B1FFF7F2
:102AD000E6FE431C044603D005F11800F1F722FF7F
:102AE000204638BD6FF02004FAE710B504462046B2
:102AF000FFF7E9FF431CFAD010BDC06870470069BA
:102B0000704738B502690546146914B15069A04789
:102B1000044605F11400F1F705FF204638BD08B55D
:102B20008268034662B902681169426A114207D09D
:102B3000FFF7E7FF002814BF01206FF0530008BD26
:102B400003F11400702103F17802FFF734FE002036
:102B5000F5E773B5064601A8F2F76CF8044678B9B4
:102B600006F11400F1F7B4FE0198FFF7BFFE04462A
:102B700048B93269D3681BB150699847054618B9FE
:102B8000204602B070BD05463046FFF7BAFF002868
:102B90000CBF2C460124F3E710B5047D03463CB37B
:102BA000B2F1807F04D3FFF7ACFF20B3012010BD4A
:102BB0004468062C06D9FFF7A4FF0028F6D16FF071
:102BC0004400F4E70AB90020F1E7806901609969DF
:102BD0008A60186899698069C068C860996910310D
:102BE0009961596801315960996811449960EAE71F
:102BF0006FF02000DBE76FF03F00D8E710B4037DF3
:102C0000002B56D08368C3B9836900F124021A608F
:102C1000036882691B68013343F0005393600468C2
:102C200082692368A4690133E4681B0203F4F85342
:102C30002343D360836910338361036882681C680F
:102C4000131923EA040384699B1A54F8042C42EAFA
:102C5000032244F8042C826952F8084C234443F0C0
:102C6000005342F8083C03681A68C368134423EA17
:102C70000203C2691160C269C1689160C26902F150
:102C80001001C161C1688B420AD000211161C16885
:102C9000C2695B1A43F080439360C3691033C36118
:102CA0000368DA68436A23EA0203436210BCFFF751
:102CB00036BF6FF0200010BC704738B5037D044666
:102CC000002B49D103685B69002B48D0FFF741FF17
:102CD000054600283ED1214651F8783B626A9B693F
:102CE00004F114001B68F1F735FC012363602369CC
:102CF0009A689AB9A2691B6813602369A2695B6824
:102D000043F0005393602268A36992699268DA6085
:102D1000A3691033A361636801336360236AA26906
:102D2000C43313602368A2695B6943F00053936066
:102D30002268A36992695268DA60A3692268103335
:102D4000A3616368013363601269636A134363625A
:102D50000023A360284638BD6FF02005FAE76FF026
:102D60004705F7E738B5027D0346002A3FD00268E1
:102D7000816894688C4205D9FFF7C3FE002839D0DA
:102D8000012038BD5468B1FBF4F504FB151434B1CF
:102D9000FFF7B7FE0028F3D16FF04500F1E7416A75
:102DA000D06801435962D3E90701C4315269016017
:102DB0001868D96940690F328860D96922F00F021A
:102DC00001F11000D8611868406990420AD00C6186
:102DD0001868D9694069121A42F080428A60DA693B
:102DE0001032DA611846BDE83840FFF798BE6FF040
:102DF0002000C6E76FF05300C3E738B5037D0546F2
:102E000063B1FFF74CFD431C044605D02846FFF78D
:102E100078FE002818BF0124204638BD6FF020043A
:102E2000FAE710B5037D04462BB12046FFF7E5FF16
:102E3000431CFAD010BD6FF02000FBE710B50378FB
:102E400004461BB1EEF7F8FE00232370002010BDEE
:102E5000F8B50668054696420C46A2EB060701DD6A
:102E6000F5F7D0FB3946204600F03FF83246696856
:102E7000E019BDE8F84000F056B8FFF7E9BFF8B533
:102E800007461646D2E900208A420C460BDB551A4B
:102E9000294600F02AF82246394670682844BDE8E1
:102EA000F84001F0EDBF891A3944F8E770B51446CF
:102EB0000E461D4621461A46FFF7E1FF21463046E1
:102EC00005F10802BDE87040FFF7D9BF70B50546AF
:102ED00016461C461A46FFF7BBFF2246314605F14F
:102EE0000800BDE87040FFF7B3BF38B503460C4695
:102EF000A9B1580706D00022013C03F8012B01D0EC
:102F00005907F9D124F00F052A460021184601F08F
:102F1000DEFF03460021421923449A4200D138BD06
:102F200002F8011BF9E78B18991A12B110F00F0F74
:102F300001D101F0A5BF0978013AC9B200F8011B1F
:102F4000F2E70368D868C0F300407047036803F5F0
:102F500080535B6A13F4A02F14BF01200020704738
:102F6000022203689A6070470368D868F1F7D4BDFD
:102F7000024608B51046FFF7E4FF0028FAD1BDE885
:102F800008401046FFF7F0BF03685A5070476C3096
:102F9000704773B5CDE90023D0E90145C6680069E3
:102FA0009DF80730006804EB0514C000D2B2A6F10A
:102FB000080114D502F03F0242F0200243F0010361
:102FC000A01B8DF800208DF80730FFF78EFF083C1E
:102FD000082269462046FFF7A6FF02B070BD641BB9
:102FE00003F03F0342F0010243F0200304F1080024
:102FF0008DF800208DF80730FFF777FFE8E70369C9
:10300000DA6832B142F42022002142F40062FFF774
:10301000BBBF7047C06870472DE9F8430B680C468A
:1030200013F4700F14D1D0E90159036908461B68E5
:10303000D1F80880DB0048BF4B684FF0000744BF61
:10304000A9EB0303ED1800F0D9F80646B74201DBFF
:10305000BDE8F883414628466268FFF764FF63686D
:103060004D4498440137F1E770B50C461E461046B2
:10307000D1E9012505EB42052946FFF754FF6268B7
:103080003046A918BDE87040FFF74DBF38B501695B
:10309000D0E901344A680968C90042BFC168611AB1
:1030A0005B1800210AB9183038BDD50707D50B29A0
:1030B00001D9F5F7A7FA8D1D40F8253001312344D9
:1030C0005210EFE72DE9F74F0446D0E9017A01935A
:1030D000036940690E4691469D68FFF758FFD4F892
:1030E0004CB0D0F80080BBF1000F07D02046F1F7BC
:1030F000FDFC1025284603B0BDE8F08FF1F79CFCDD
:10310000336819064CBFC36843687168994204DD8F
:103110002046F1F7EBFC0D25ECE72069E160B8F102
:10312000000F02D0036949EA0309006833680139D6
:10313000034343EA012343EA090204212046FFF73F
:1031400023FF23691B68DA0003D5E368AAEB0303B6
:103150001F44A5B931462046FFF75EFFB8F1000FC6
:10316000C8D023691B69002BC4D0D8F8083040466A
:10317000984702460B462046FFF70BFFBAE7EB07DE
:1031800048BF019B4FEA650544BF43F82B700BF124
:10319000010B5744DDE710B50446FFF730FFBFF3DE
:1031A0005F8F03222046BDE810400821FFF7ECBEE8
:1031B000C0F30B03482B4B6028BF482310F4003F9B
:1031C0008B6008BF0023CB6010F4803308BFC1E9D7
:1031D000013300F47003B3F5700F14BF00238B6844
:1031E00000284FF0010C4FF008028B60B8BF00239D
:1031F000C1E905C2B8BFC1E905337047036813F4DC
:10320000700F05D18368002B14BF06200020704783
:1032100000207047037823F007030370C37F03F097
:103220007F0343F04003C37770470B46D0E901109A
:103230008A42084402D31A4600F003B86FF04000F7
:1032400070472DE9F0470446104639B12246002365
:10325000164612F8015B35B98B4202D16FF0530468
:1032600035E00133F4E78B42F8D04A1E9A4201D18F
:10327000022DF3D9A25CD2072FD5FF2415EA040250
:1032800028D1E443A1EB0308C718FEF7CAFAE5B258
:1032900008EB070A424639460020EEF735FF0446A0
:1032A000E8B93B7881462B403B703B4613F8012B35
:1032B000534549EA0209F9D10023424631463846CE
:1032C000FEF733FAB9F1000FE4D00028E2DA204625
:1032D000BDE8F0876400E4B2D0E76624F7E7022493
:1032E000F5E72DE9F04144681F46A36805460E4600
:1032F000904633B110210120ECF78CFBE06038B12F
:1033000004460020C4E9017826606C60BDE8F081C5
:103310006FF06900FAE770B504680D1B002D02DC40
:103320006FF05F0070BD94F900602378002E0ADB17
:10333000631C0360237813600368C91A13688B4207
:10334000EED80020EEE703F07F035C1E032C13D8B9
:103350009D42E5DD002414600468013404600468C3
:1033600015682478013B44EA05241460046804F1DC
:1033700001040460F3D1DFE76FF06300D2E770B4BB
:1033800004680E1B002E07DD26789E4208D101340A
:10339000046070BCFFF7BFBF6FF05F0070BC704788
:1033A0006FF06100FAE773B51D46134601AA0446A3
:1033B000FFF7E5FF18B9019A1AB96FF0630002B080
:1033C00070BD236893F90030002BF6DB06462368B6
:1033D000197839B106B10192042AEED809D10B0649
:1033E000EBD406E00133013A4FF001062360EED141
:1033F000019200232B60019B013BE0D322682968E6
:10340000127842EA01222A60226801322260F3E740
:1034100037B50123154601AA0446FFF7B0FF58B996
:10342000019B012B0AD123681B78003B18BF0123A5
:103430002B6023680133236003B030BD6FF063005D
:10344000FAE713460222FFF7AEBF73B50223154613
:1034500001AA0446FFF793FF40B9019E2846324671
:10346000216800F070FB23683344236002B070BD14
:1034700070B5032305460E46FFF781FF98B9136820
:1034800093B1013B13602B681B78072B13710ED887
:103490002B6801332B60936012681344B34218BF4A
:1034A0006FF065002B6070BD6FF05F00FBE76FF0A1
:1034B0006300F8E72DE9F04F85B01746984603AA58
:1034C000302304460E469DF838A09DF83CB0FFF727
:1034D00056FF054608BB2368039A13449E4219D041
:1034E0006FF0650519E05A1C226093F8009009EA14
:1034F0000703434522D13146204603AAFFF70BFFBD
:10350000D0B909EA0A0159452268039B09D022680B
:103510001A4422602368B342E5D3284605B0BDE8CB
:10352000F08F10990029F2D0DDE910C049460193CF
:10353000E047019B0028EAD00546EEE76FF0610501
:10354000EBE738B503230446FFF719FF18B91368F2
:1035500013B96FF0670038BD013B136023681A7818
:10356000002AF6D101332360F5E710B500B910BD8C
:10357000C468ECF755FA2046F8E72DE9F341904688
:103580001F4601AA302305460E46FFF7F8FE044603
:10359000F0B92B68F61A002E34DD42461B78284617
:1035A00042F8043B2E68019B1E4431460623FFF778
:1035B000E6FE044660B92B68D8F80420C8F8083045
:1035C0009918B142296007D10C213846ECF776FDF5
:1035D000204602B0BDE8F0819B5C3A4642F8043BCD
:1035E0002B683146013328462B60FFF794FE60B903
:1035F0002B687A68BB601344B34218BF6FF0650450
:103600002B60E5E76FF05F04E2E70446E0E710B502
:1036100000B910BD8469ECF703FA2046F8E77F2A69
:10362000034610B51AD914460120240A00F10100FE
:10363000FBD11C68641A844212DB19684C1E1C60A2
:1036400001F8012C120AF8D1012806D01A68511E7F
:10365000196000F17F0302F8013C10BD0120E8E78A
:103660006FF06B00F9E70368591A0029C1BF03F135
:10367000FF310160012003F8012CD8BF6FF06B000F
:1036800070472DE9F04106460F4615469846FFF76C
:10369000C6FF041E09DB424639463046FFF7E3FF0A
:1036A0000028B2BF0446641924182046BDE8F08102
:1036B0002DE9F041054610460E46174600F03DFA4A
:1036C000012838BF012029680446B14203D26FF0B7
:1036D0006B00BDE8F0818B1B8342F8D3091A0246C8
:1036E0002960384600F045FA0028F2D1B7F90430D5
:1036F000012B0CD12B6893F90020002A07DA9A1BC2
:10370000002AE4DD5A1E2A60013403F8010C224627
:1037100031462846BDE8F0410223FFF7B2BFD2B2DE
:10372000891A101A090A41EA102123EA0100C0B2DD
:10373000704738B500F14103054602461921DBB256
:103740000020FFF7ECFF05F147032A46044633212A
:10375000DBB21A20FFF7E3FF2B1F2A463D2104436B
:10376000DBB23420FFF7DBFF3E21E4B22A462B23F5
:1037700004430846FFF7D3FF3F21E4B22F232A4634
:1037800004430846FFF7CBFFE4B22043C0B238BD84
:1037900038B5A0F14003054602465A21DBB241206C
:1037A000FFF7BDFFA5F146032A4604467A21DBB2A6
:1037B0006120FFF7B4FF6B1D2A4639210443DBB2B9
:1037C0003020FFF7ACFF2B2105F11403E4B22A46A9
:1037D0000443DBB20846FFF7A2FF2F2105F11103D6
:1037E000E4B22A460443DBB20846FFF798FFE4B28E
:1037F0002043013840B238BD2DE9F74F0C9F0546F4
:10380000164617B91760002012E00324B7FBF4F442
:1038100004EB4408474518BF0134B4F1804F0AD285
:10382000A40001348C4200D840B96FF02900346004
:1038300003B0BDE8F08F4FF0FF34F6E78146002477
:10384000444503F1030209F1040A2ED3BC424A465F
:1038500026D293F800800134BC424FEA98002CBF76
:103860004FF0000B93F801B0FFF763FF89F80000F9
:103870004FEA081000F0300000EB1B10FFF759FF73
:10388000BC4289F801003CD24FEA8B0000F03C00BA
:10389000FFF74FFF3D23524689F8020089F80330B5
:1038A0000023551B35601370ADE712F8033C12F886
:1038B000029C980812F801BC01920093FFF739FFAF
:1038C000009B0AF8040C180100F0300000EB1910FE
:1038D000FFF72FFF0AF8030C4FEA890000F03C00C5
:1038E00000EB9B10FFF725FF0AF8020C0BF03F00DE
:1038F000FFF71FFF019AD14613460AF8010C033463
:103900009EE73D20C6E7013201310140C04310402F
:103910000843013800B2704700220123C0E90023A8
:10392000704710B5044648B1006818B1E1888900B5
:10393000FDF765F800220123C4E9002310BD42F21F
:103940001073994270B504460D4602D96FF00F000E
:1039500070BDC3888B4201D30020F9E704212846BB
:10396000ECF758F806460028F0D0216841B1E2880B
:10397000920001F085FAE18820688900FDF73FF8A0
:10398000E5802660E8E7F8B50E46C9880546144686
:10399000FFF7D5FF0746A8B963421C43E41720464A
:1039A000B5F90420B6F90410FFF7ADFF2346E44350
:1039B000A880F2883168286800F078FDF388EA88EA
:1039C0009A4201D83846F8BD296851F82320224090
:1039D00041F823200133F2E738B504460D4619B902
:1039E000FFF79FFF002038BDC2888A4207D100211F
:1039F0000068920001F06BFA0123A380F2E7FFF761
:103A000090FF29462046BDE83840FFF798BF42F2B4
:103A10001073994270B50A46054602D96FF00F003F
:103A200070BDC3888B4207D8BDE87040FFF787BFE1
:103A3000296851F8231011B9013B002BF8D15C1C07
:103A4000944238BF144604212046EBF7E3FF0646B4
:103A50000028E3D0296839B1A20001F011FAE98801
:103A600028688900FCF7CBFF0020EC802E60D7E7A8
:103A7000884270B505460E4609D0C988C28841B94A
:103A80002AB1012392008380006801F020FA00200F
:103A900070BD4C1E8CB9B6F904300134A242AB8023
:103AA00012D221462846FFF74AFF0028F0D131689C
:103AB0002868A20001F0E4F9E9E7336853F82430FC
:103AC000002BE8D1013CE5E72868121B0021920099
:103AD00000EB840001F0FBF9E9E770B50C46012129
:103AE0000546FFF72CFF064688B9EA880146920092
:103AF000286801F0ECF984EAE472A2EBE472E40FC6
:103B0000C4EBC4342B68640001341A60AC803046C6
:103B100070BDC388B1EB431F3FBF03684A0953F828
:103B2000220001F01F013ABFC84000F00100002050
:103B30007047C188006800F064BC08B5FFF7F9FF62
:103B40000730C00808BD70B50E4612F0030118BF5B
:103B5000012101EB920105461446FFF73DFF38B9FC
:103B600023463246E9882868BDE8704000F0CEBCA4
:103B700070BD13460A46C188006800F0ECBC38B539
:103B800004460D46FFF7D5FFE3882844B0EB431FFA
:103B900006D820682A46E18800F04DFD002038BD97
:103BA00010F01F0118BF012101EB50112046FFF753
:103BB000C6FE0028EDD0F2E708B50A46C18811B16B
:103BC000006800F0FAFC002008BD10B5C38823B9D6
:103BD000CA885AB9ABB1012017E0026802EB830230
:103BE00052F8042C002AF3D1013BF0E70C6804EBF7
:103BF000820454F8044C0CB9013AEAE79342EAD83B
:103C00000FD3013B5A1C01D1002010BD026852F8AD
:103C100023400A6852F823209442DCD803F1FF3392
:103C2000F0D24FF0FF30F0E730B5C38823B9CA882F
:103C30005AB9002B3DD136E0026802EB830252F8FC
:103C4000042C002AF3D1013BF0E70C6804EB820559
:103C500055F8045C4DBB013AEAE7B1F9045003D2D0
:103C6000B1F90400404226E0B0F90420002A03DD47
:103C7000002D0CDA01201EE0002D08DD3AB14FF0D6
:103C8000FF3018E003F1FF330BD2504213E0013B49
:103C9000016851F8235054F823108D42F2D9104690
:103CA00009E0591CF4D1002005E0002BD8D0934244
:103CB000D3D9B0F9040030BD1FB581EAE173A3EB9D
:103CC000E17301930123C90FC1EBC13149000131F7
:103CD000ADF80C10ADF80E3002A901AB0293FFF75E
:103CE000A3FF05B05DF804FB90422DE9F0410546C5
:103CF0000F46144602D0884206D127460123AB80E6
:103D0000FC883CB9002003E0FFF7B2FE0028F4D0A5
:103D1000BDE8F0813B684FEA840803EB840353F865
:103D2000043C0BB9013CECE721462846FFF707FEAF
:103D30000028EDD12E6823463A683146304600F01F
:103D4000B0FC074606EB0803002FDBD0EA88661CB0
:103D5000A24208D831462846FFF7F1FD0028D7D106
:103D60002B6803EB84031A683446D2192CBF012751
:103D7000002743F8042BE7E72DE9F04105460E46FE
:103D80009046D4883CB9F188A1420ED26FF0090761
:103D90003846BDE8F081D8F8003003EB840353F8CF
:103DA000043C002BEFD1013CECE72846FFF7C7FDB0
:103DB00007460028ECD1F28894420BD2AE4209D0DB
:103DC00028683168121B920001EB840100EB84002B
:103DD00001F056F8EA88F088824207D92B68121A57
:103DE0000021920003EB800001F071F8D8F8002068
:103DF00023463168286800F086FC024610B901238A
:103E0000AB80C5E72968EB8801EB840108461B1BE2
:103E100000F0A9FE0028F2D0B8E72DE9F843B1F987
:103E20000440B2F804C081461CFB04FC66467343A0
:103E30000D4617461CD511462846FFF7C6FEB0F1C1
:103E400000080DDB3A4629464846FFF795FF98B92A
:103E5000B8F1000F08BF01240020A9F804400BE0CE
:103E60002A464846FFF788FF30B9644224B2F3E798
:103E7000FFF73AFF0028EFD0BDE8F8830123FFF7F2
:103E8000CCBF4FF0FF33FFF7C8BF1FB582EAE27324
:103E9000A3EBE27301930123D20FC2EBC2325200B3
:103EA0000132ADF80C20ADF80E3002AA01AB02933E
:103EB000FFF7E4FF05B05DF804FB1FB582EAE2738B
:103EC000A3EBE27301930123D20FC2EBC232520083
:103ED0000132ADF80C20ADF80E3002AA01AB02930E
:103EE000FFF7CFFF05B05DF804FB2DE9F047012394
:103EF0001646002286B0884207460D46CDE90223C9
:103F0000CDE9042306D102A8FFF7B2FD044600283C
:103F100033D102ADB74206D1394604A8FFF7A8FD58
:103F2000044650BB04AEB5F80680B8F1000F2ED1A0
:103F3000B6F80690B9F1000F33D14FF0010A3846B8
:103F400009EB0801FFF7FBFC0446B0B9014638460F
:103F5000FFF7C3FD044680B9CDF8009042463368B0
:103F60002968386800F0ECFBBAF1000F22D1AB8869
:103F7000B28813FB02F31BB2BB8004A8FFF7D1FC8D
:103F800002A8FFF7CEFC204606B0BDE8F0872B68FC
:103F900003EB880353F8043C002BC9D108F1FF3828
:103FA000C3E7336803EB890353F8043C23B909F1F1
:103FB000FF39BFE70123DFE7B8FA88FA4FEA5A1A58
:103FC000BDE72DE9F341054688461646CF883FB147
:103FD000D8F8003003EB870353F8043C3BB146B9F3
:103FE0000021284602B0BDE8F041FFF776BD013F51
:103FF000EDE72846791CFFF7A2FC044670B941465C
:104000002846FFF735FD044640B9013E00963B4681
:10401000D8F80020E9882868F1F784F8204602B033
:10402000BDE8F08170B504460D46104600211646E5
:10403000FFF742FE002824DB2A46334621460020B3
:10404000F0F7D6FE054638B1284670BD3246214607
:104050002046FFF713FF90B900212046FFF72CFE02
:104060000028F3DB31462046FFF7DEFD0028EBDBBE
:10407000324621462046FFF704FF0028F2D00546CD
:10408000E2E76FF00905DFE72DE9F04F89B006465A
:10409000DDE912588B462846002191460593FFF72B
:1040A0000BFE002805DC6FF00304204609B0BDE8D4
:1040B000F08F2B681B68D907F5D500214846FFF71C
:1040C000FBFD0028EFDB4846FFF733FDB0F5406FFE
:1040D000E9D82846FFF72DFDB0F5406FE3D8B9F8D1
:1040E000061031B90121304609B0BDE8F04FFFF7A5
:1040F000F4BCE88800F002FD04218246EBF78AFC5C
:104100000746002800F0AA80002201234FEA8A0A0D
:10411000CDE90623B8F1000F0DD1294606A800F01D
:1041200062FC044600B351463846FCF768FC06A81A
:10413000FFF7F7FBB9E7D8F80030002B6ED106ABDC
:104140001846294600F04FFC06AB044640B15146E4
:104150003846FCF754FCD8F80030002BA5D1E6E730
:1041600093E8030088E8030059463046FFF780FCD7
:104170000446002867D1012329463046B380FFF763
:1041800053FD002857DA3046E988FFF7D8FB04468C
:10419000002858D1286800F0F4FA069B0090029796
:1041A00001933168EB882A680490084600F0F8FC17
:1041B000059B0698B9F806203168B3F12A3FEB88D1
:1041C000CDE902070192D9F80020084600922A683A
:1041D00041D100F0B7FC049B019700933168EB8854
:1041E00008462A6800F0E8FCBBF904B0BBF1FF3FC9
:1041F00029D1D9F800301B68DB0724D5F188306855
:1042000000F0C2FC01225946FFF77DFB3246B08028
:1042100029463046FFF732FE044614E04046E9885E
:10422000FFF78DFB0446002891D198E8030008AB06
:1042300003E9030098E72A4631463046FFF7F2FECD
:10424000044600289FD051463846FCF7D8FBB8F109
:10425000000F80D16BE700F065FCBCE76FF00F0446
:1042600023E713B5049CCDE900340023FFF70CFFCE
:1042700002B010BD2DE9F04F00260D1E89B0074693
:104280003146104614BF4FF0050B4FF0040B91461A
:104290001C460596FFF710FDB042C0F2858021460E
:1042A0004846FFF7C1FCB0427EDC31462046FFF7AE
:1042B00030FC0128014677D1F5B9A14574D04FF003
:1042C00000080DF1180A474508BF57460123384634
:1042D000E188CDE90683FFF732FB0646002859D175
:1042E000E188A5B9E08859468000EBF793FB80464A
:1042F000A0B96FF00F064DE02046FFF7DDFC002867
:1043000052D0A14550D0A5424ED0BC42D6E7284657
:10431000FFF715FB0028E5D006463BE035B32968DA
:10432000D9F80020B9F80630E0880ABB984205AAFF
:1043300020D90123CDE9010820680090386800F0F9
:104340004BFC0123BB80BDB1AB80FA88E3889A4265
:1043500016D8EA88E3889A421CD92868D21A002124
:10436000920000EB830000F0B2FD13E02946D7E78E
:104370009842DFD80346DDE7FA88E3889A4209D9F4
:104380003868D21A0021920000EB830000F09FFDF4
:10439000002DDED15046FFF7C4FA4046EBF740FB54
:1043A000304609B0BDE8F08F6FF00306F8E7F7B5C7
:1043B0000E1E044615461F4614DB1046FFF77CFC14
:1043C00000280FDD2046E988FFF706FB40B9089B6F
:1043D0003146CDE90073E3882A68206800F04CFB81
:1043E00003B0F0BD6FF00300FAE743421843C01773
:1043F000704790EA0103401A984319400843C017D8
:1044000070470139002901DA0020704750F8213047
:10441000002BF6D0B3FA83F00131C0EB41107047A6
:1044200039B101F18041013900EB8101814203463C
:1044300000D270471B680A681BBA12BA40F8042BF6
:1044400041F80439F2E770B50E4601463068FFF7CF
:10445000D0FF0024C1430125954202D344EA010064
:1044600070BD56F82500FFF7C0FF01350443F3E7A0
:104470002DE9F843002405460E4627462346013A17
:1044800002D23846BDE8F88356F8229055F82280CB
:1044900048464146FFF7ADFF494604434046FFF713
:1044A000A8FF20EA04031F430443E8E78842F0B56D
:1044B00003D000250438AA4200D1F0BD1E4650F8B2
:1044C000047F51F825403440F6433E4026430660C1
:1044D0000135F0E78842F0B504D0002704380439EC
:1044E000BA4200D1F0BD1E4650F8044F51F8045FA7
:1044F0003540F64326402E4306601D460E682C408C
:10450000ED43354025430D600137E9E72DE9F041E2
:104510001C4613F0030318BF012303EB94038B42E3
:1045200006460D46904613D879B18F003A460021D1
:1045300000F0CDFC2CB1381B22464146304400F03F
:104540009FFC29463046FFF76BFF0020BDE8F08155
:104550006FF00700FAE7B3EB810F70B504464FEA3E
:104560008105104619D95A1B8618002100F0AFFCAE
:1045700030462B460021C2188B4210D1002070BD5E
:1045800022F00301615802F00306F600F140C9B2BF
:1045900081B90132AA42F3D1ECE71A46FAE721F0D9
:1045A0000300205801F00305ED00E84002F8010D7A
:1045B0000131E1E76FF00700E1E7F8B50546500982
:1045C00088420C4602F01F0601D80AD136B12846AF
:1045D000A2000021BDE8F84000F079BC1F2A02D8F3
:1045E000F8BD1F2A0FD9820005EB8003291F05EBB8
:1045F0008407BB421AD1201A38BF0022002105EBE4
:10460000800000F064FC002EEAD0002205EB840458
:10461000C6F12000AC42E3D054F8041C21FA06F3A2
:10462000134344F8043D01FA00F2F3E753F804CBD6
:1046300041F804CFDDE71F2AF8B503460D464FEADF
:10464000521402F01F0613D96FF003000A4600FB54
:104650000430944202F1FF3113D3621BAC4288BF95
:1046600000222A4418460021920000F030FC034644
:1046700036B1002103EB8403C6F12007AC4206D318
:10468000F8BD50F8212043F821200A46E1E71868D8
:10469000013400FA06F20A4343F8042B20FA07F12A
:1046A000ECE7F0B50024844620469C4200D1F0BDE2
:1046B00051F8245052F824702E182CBF01250025E3
:1046C000BF194CF8247045F100000134EDE7F8B54E
:1046D00004461846FFF789FE002784463846231F04
:1046E000974200D1F8BD53F8046F51F827403618AF
:1046F0002CBF012500250CEA0404A41945F1000093
:104700001C600137ECE7F0B50024064620469C42C9
:1047100000D1F0BD51F824C052F82470ACEB000574
:10472000AF4294BF4FF0000E4FF0010EED1B46F864
:10473000245084452CBF70460EF101000134E6E799
:104740002DE9F347DDF8289015464A440F469200BC
:10475000002106469846002400F0B9FB05F1010A45
:104760004C4502D102B0BDE8F08758F8243006EB82
:10477000840000933A462B465146F0F7D3FC0134AF
:10478000EEE703230168881C400000F0080008449D
:1047900000FB01F2013BC2F1020202FB00F0F7D183
:1047A000404270472DE9F04F87B0139D00242E46FC
:1047B0000493109B91460293DDE911834FEAC802EE
:1047C00083468A46284600210432059300F07FFB89
:1047D00008F102030393444515D105EB84012346F8
:1047E000029A584651F82450FFF78DFF6840FFF7B2
:1047F000FCFD0A4600235946A600109607B0BDE806
:10480000F04F00F0F5BA5AF82430D9F80020376894
:10481000304602FB0377059A0399574300934A46B3
:10482000049BF0F77FFCDDE9022130464346009708
:10483000F0F778FC04360134CDE72DE9F04F8DB068
:104840001D46189B8A46B3F12A3F179F1A9E059072
:10485000069240F0948039461698FFF7D2FD012861
:1048600038BF0120470900F01F047B01B3F5287F02
:1048700080F08780EF2B00F28780502B34BF4FF001
:10488000010B4FF0040B4FF0010909FA0BF30B93E6
:1048900005FA0BF306EB83030698079303EB8503F6
:1048A0000893FFF76EFF4FEA850842460021099002
:1048B000304600F00CFB089BC6F800900393099B60
:1048C0003146CDE90153069B3046199A009306EB19
:1048D00008092B46FFF766FF51464246484600F05E
:1048E000CFFA022349460A93DDE90A2393424ED1C7
:1048F00042463146059800F0C3FA4FF00009CA4617
:10490000089B059A0393099B1146CDE90153069B29
:10491000104600932B46FFF745FF002C4DD11F2476
:10492000013F169B0AF1010A53F82730DA4523FAB2
:1049300004F303F0010343EA490903D0002CDFD15B
:10494000002FDDD1189BB3F12A3F38D1424609FB35
:104950000861079800F094FA089B05990393099B56
:104960000846CDE90153069B079A00932B46FFF7B3
:1049700019FF002CC1D1EFB90DB0BDE8F08F0024B4
:1049800073E74FF0060B7EE74FF0050B7BE7089BC4
:1049900001EB080A0393099B4A46CDE90153069BA4
:1049A000504600932B46FFF7FDFE0A9B514601330C
:1049B0000A9399E7A146A246A2E7013CB1E7314636
:1049C0004FF0000A50464B465840FFF70EFD2A466E
:1049D000C3430798FFF76AFD0A9B0AF1010A534592
:1049E0004144EFD1B8E738B50D4601210446FFF741
:1049F00074F888B9E98820468901FFF7C0F858B9EA
:104A00002A4621462046FFF70DFB28B92046E988B3
:104A1000BDE83840FEF7FBBF38BD2DE9F04712F086
:104A2000030418BF012404EB92048C420646884616
:104A300017461D464FEA840AC2EB840919D84A4634
:104A4000002100F044FAA8EB04020021920006EBDA
:104A50000A0000F03CFA3A46089806EB0901A8471C
:104A6000054618B921463046FFF7DAFC2846BDE86E
:104A7000F0876FF00305F9E72DE9F04F85B01F4689
:104A80000646039190464FF0FF3300233946104607
:104A9000FFF7B7FCC41D272C8CBF4FF01E0A4FF048
:104AA000FA0A4FEAD40B24F00704241A0F9B5A4643
:104AB0000093394630460E9BFFF7AFFF0546B0B96D
:104AC000224639463046FFF778FDBAF1010A12D086
:104AD0003A4631460398FFF7B6FC414681463046D8
:104AE000FFF7C6FC2A4609EA00039A42DED02846B0
:104AF00005B0BDE8F08F6FF00D05F8E74901B1F59D
:104B0000287F0BD2EF290BD8502934BF0122042271
:104B10000123934003335843013070470622F7E7DF
:104B20000522F5E710B586B00B9C04940A9C03940B
:104B300000240294099C0194089C0094FFF77DFED8
:104B400006B010BD10B586B00B9C04940A9C03946B
:104B50004FF02A340294099C0194089C0094FFF7BA
:104B60006CFE06B010BD30B50546104600229A42D4
:104B700000D130BD51F82240241A45F8224034BFFC
:104B8000012000200132F2E7034600EB8101002002
:104B90008B4201D1FFF729BC53F8042B1043F7E7F0
:104BA0001FB5089C00920394069C079ACDE9013436
:104BB000FFF7F8FD04B010BD30B51C46012387B0E7
:104BC0000B9D009203950A9D05AACDE90145059329
:104BD000FFF7E8FD07B030BD2DE9F04F0F4689B073
:104BE000DDE913499A4609EB8403019309EBC403F9
:104BF00080461146A600029303EB8405002F3AD0AD
:104C000005EB060BA24528BFA2464FEA8A031A46C7
:104C10004846039300F034F9039BA4EB0A0209EB26
:104C200003000021920000F052F9129B984504D035
:104C300032461946404600F023F967B1324600215A
:104C4000384600F044F932460021584600F03FF95A
:104C50000123CBF80030A2444FEA4A130793331FD5
:104C6000EB18069300230393039A079B934204D106
:104C700009B0BDE8F08FBB46C4E7D9F80000414653
:104C800000F00100FFF7B1FB0246D8F8000000F089
:104C90000100FFF7AAFB22EA000302EA000A0493DC
:104CA0004A4623460198FFF72EFDDDE90110324602
:104CB00000F0E6F85346494622460298FFF7F6FB15
:104CC0003246284600F0DCF8224641462846049B3E
:104CD000FFF7ECFB534628460199FFF7E7FB01225B
:104CE00021462846FFF769FC32460299484600F003
:104CF000C7F832462946404600F0C2F822464946E7
:104D00004046FFF7B5FB224603460590414648461C
:104D1000FFF7E0FB002F48D023465A46394601985A
:104D2000FFF7F1FC2246034612990198FFF7CFFCEA
:104D3000DDE90110324600F0A3F8534659462246F9
:104D40000298FFF7B3FB3246284600F099F8224656
:104D500039462846049BFFF7A9FB5346284601998C
:104D6000FFF7A4FB2B68129903F001032846FFF715
:104D7000AEFC8246012221462846FFF71EFC069B18
:104D8000069A1B68029943EACA7313605846324672
:104D900000F076F832462946384600F071F822468F
:104DA00039465846059BFFF795FB039B01335AE7AD
:104DB00010B50C4630B1F0F71BFA18B1C3680020EB
:104DC000236010BD6FF02D00FBE738B50D4614468B
:104DD00040B1F0F70DFA28B1037C2B70437C002022
:104DE000237038BD6FF02D00FBE76FF02D0070478A
:104DF000F0B5DDF814C005460024ED43002B08BFD4
:104E00000B4604F1040EF44502D2644508D3F0BD0C
:104E100016591F5906402F403E430E517446F0E785
:104E2000165D1F5D06402F403E430E550134ECE7F2
:104E30007047E2F71BBF4FF0FF324FF0FF33E2F74E
:104E40009DBEF9F775BB4FF0FF324FF0FF33E2F72D
:104E500095BEE2F70BBFF9F7E0BF07B54FF0FF33A0
:104E60004FF0FF32CDE900230022F9F7E6FF03B04F
:104E70005DF804FBF9F7DDBFF9F7D7BFF9F705BE19
:104E80000A44431E914200D1704710B511F8014BFE
:104E9000914203F8014FF9D110BD884210B501EBE2
:104EA000020402D98442234607D8431EA14208D0F7
:104EB00011F8012B03F8012FF8E7024401468A425A
:104EC00000D110BD13F8014D02F8014DF7E702447F
:104ED0000346934200D1704703F8011BF9E70139FB
:104EE000024410B5904201D1002005E0037811F88A
:104EF000014FA34201D0181B10BD0130F2E7C9B227
:104F00000346184613F8012B12B18A42F9D17047B3
:104F1000002918BF00207047034670B51E4613F8DD
:104F2000014B44B14A1E01E0A54204D012F8015FD2
:104F3000002DF9D1F2E7301A70BD10B56AB1013910
:104F4000841810F8012B11F8013F9A4203D1A042B6
:104F500001D0002AF5D1D01A10BD1046FCE710B5DB
:104F60000139044632B111F8013F013A00F8013B22
:104F7000002BF7D10021FFF7AAFF204610BD38B55E
:104F800011F0FF0403460ED12146BDE83840FFF77B
:104F9000B6BF431C054621461846FFF7B0FF002860
:104FA000F7D1284638BD0025F5E7034670B51E4603
:104FB00013F8014B3CB14A1E01E0A542F7D012F8AC
:104FC000015F002DF9D1301A70BD0A7870B56AB949
:104FD00070BD9A4209D10C46054614F8013F002BDA
:104FE000F6D015F8016F9E42F7D001300378002B00
:104FF000EFD11846ECE7F0B5C3F13707044603F0EC
:105000001F031046FFB2082BE6B232D0102B3DD062
:105010006508A40845EAC17544EA81748A082D1917
:1050200042EB5102290941EA02716D1842EB12125A
:10503000290A41EA02616D1842EB1222290C41EA69
:1050400002416D1842EB1242AD1842F10002EC0829
:1050500044EA4274D10804EB8402A6EB4205EDB2A7
:10506000092D0CD90134A5F10A0541F10001EDB279
:1050700012E0E40806F0070544EA4174C908303537
:1050800054EA010200F8015BBDD1F0BD240906F02D
:105090000F0544EA01740909092D84BFED19EDB229
:1050A000EDE7D1E9043293421EBF5A1C0A61187021
:1050B0007047000001480068704700000048002069
:0850C000C491FC7F0100000017
:1050C800F90702000000000000000000F051040091
:1050D800B54E010000000000000000001852040056
:1050E8001579020000000000557902000000000058
:1050F800000000004052040000000000905204002C
:1051080000000000685204005D3202000000000048
:1051180009C403000000000000000000B8520400A9
:10512800000000000853040000000000E0520400E2
:10513800A5FE010000000000F1B803000000000017
:10514800A508010000000000E14A0100000000007D
:105158000000000030530400C1EB00000000000014
:10516800B17E02000000000065030200000000009C
:1051780000000000D053040000000000A853040001
:105188000000000080530400000000005853040091
:1051980000000000F8530400000000002054040040
:1051A800B1780100000000007DC30300000000008A
:1051B80087C3030000000000712101000000000007
:1051C800355B010000000000A17301000000000031
:1051D800C966010000000000097401000000000019
:0851E800810902000000000033
:1051F00017FA0400000000002C5D0400EA0E0020F5
:105200000000000069B5030000000000000000007D
:10521000000000005876040095F80400B074040003
:10522000105D0400D60E00201C4B002015FC010070
:10523000000000000000000000000000A474040052
:105240000AF9040008750400EC5C0400DC0E002080
:10525000884B00203D00020000000000000000001C
:105260009C0B0020FC7404001CF904002875040049
:10527000EC5C0400DE0E0020944B00203D00020098
:105280000000000000000000AC0B00201C750400B2
:105290002DF9040048750400EC5C0400E00E0020C9
:1052A000A04B00203D0002000000000000000000B4
:1052B000BC0B00203C750400C2F804000000000094
:1052C000CC5C0400D80E002000000000A5B1030053
:1052D000000000000000000000000000C87404008E
:1052E00033FA040074760400705D0400EC0E0020B4
:1052F000DC0B002069B703008D06020000000000EF
:10530000CC0B00206476040051FA0400D876040027
:10531000705D0400EE0E0020100C002087B7030023
:105320008D06020000000000000C0020CC76040076
:105330004D06050000000000CC780400F00E0020AF
:10534000204F002051290200000000000000000052
:1053500000000000C0780400B9F90400747504006E
:10536000345D0400E20E0020AC4B0020B9050200C1
:10537000000000000000000000000000687504004C
:10538000CBF90400B0750400345D0400E40E002085
:10539000C44B0020B905020000000000000000001E
:1053A00000000000A4750400DDF90400EC750400A1
:1053B000345D0400E60E0020DC4B0020B90502003D
:1053C000000000000000000000000000E075040084
:1053D000EFF9040028760400345D0400E80E002094
:1053E000F44B0020B905020000000000000000009E
:1053F000000000001C76040068F8040000000000B3
:10540000C05C0400D40E00200000000009F501007B
:1054100000000000000000008C0B002088740400D5
:10542000D2F8040000000000D45C0400DA0E002072
:10543000000000001DFF010000000000000000004F
:0854400000000000E474040008
:10544800000000006385030000000000638503007E
:10545800000000006385030000000000638503006E
:10546800000000006385030000000000638503005E
:10547800000000006385030000000000638503004E
:10548800000000006385030000000000638503003E
:10549800000000006385030000000000638503002E
:1054A800000000006385030000000000638503001E
:1054B800000000006385030000000000638503000E
:1054C80000000000638503000000000063850300FE
:1054D80000000000638503000000000063850300EE
:1054E80000000000638503000000000063850300DE
:1054F80000000000638503000000000063850300CE
:1055080000000000638503000000000063850300BD
:1055180000000000638503000000000063850300AD
:1055280000000000C532020000000000638503008F
:10553800000000006385030000000000638503008D
:10554800000000006385030000000000638503007D
:10555800000000006385030000000000638503006D
:10556800000000006385030000000000638503005D
:10557800000000006385030000000000638503004D
:10558800000000006385030000000000638503003D
:10559800000000006385030000000000638503002D
:1055A800000000006385030000000000638503001D
:1055B800000000006385030000000000638503000D
:1055C80000000000638503000000000063850300FD
:1055D80000000000638503000000000063850300ED
:1055E80000000000638503000000000063850300DD
:1055F80000000000638503000000000063850300CD
:1056080000000000638503000000000063850300BC
:1056180000000000638503000000000063850300AC
:10562800000000006385030000000000638503009C
:10563800000000006385030000000000638503008C
:10564800000000006385030000000000638503007C
:10565800000000006385030000000000638503006C
:10566800000000006385030000000000638503005C
:10567800000000006385030000000000638503004C
:105688000000000055490300000000006385030086
:10569800000000006385030000000000638503002C
:1056A800000000006385030000000000638503001C
:1056B800000000006385030000000000638503000C
:1056C80000000000638503000000000063850300FC
:1056D80000000000638503000000000063850300EC
:1056E80000000000638503000000000063850300DC
:1056F80000000000638503000000000063850300CC
:1057080000000000638503000000000063850300BB
:1057180000000000638503000000000063850300AB
:10572800000000006385030000000000638503009B
:10573800000000006385030000000000638503008B
:10574800000000006385030000000000638503007B
:10575800000000006385030000000000638503006B
:10576800000000006385030000000000638503005B
:10577800000000006385030000000000638503004B
:10578800000000006385030000000000638503003B
:10579800000000006385030000000000638503002B
:1057A800000000006385030000000000638503001B
:1057B800000000006385030000000000638503000B
:1057C80000000000638503000000000063850300FB
:1057D80000000000638503000000000063850300EB
:1057E80000000000638503000000000063850300DB
:1057F80000000000638503000000000063850300CB
:1058080000000000638503000000000063850300BA
:1058180000000000638503000000000063850300AA
:10582800000000006385030000000000638503009A
:10583800000000006385030000000000638503008A
:10584800000000006385030000000000638503007A
:10585800000000006385030000000000638503006A
:10586800000000006385030000000000638503005A
:10587800000000006385030000000000638503004A
:10588800000000006385030000000000638503003A
:10589800000000006385030000000000638503002A
:1058A800000000006385030000000000638503001A
:1058B800000000006385030000000000638503000A
:1058C80000000000638503000000000063850300FA
:1058D80000000000638503000000000063850300EA
:1058E80000000000638503000000000063850300DA
:1058F80000000000638503000000000063850300CA
:1059080000000000638503000000000063850300B9
:1059180000000000638503000000000063850300A9
:105928000000000063850300000000006385030099
:105938000000000063850300000000006385030089
:105948000000000063850300000000006385030079
:105958000000000063850300000000006385030069
:105968000000000063850300000000006385030059
:105978000000000063850300000000006385030049
:105988000000000063850300000000006385030039
:105998000000000063850300000000006385030029
:1059A8000000000063850300000000006385030019
:1059B8000000000063850300000000006385030009
:1059C80000000000638503000000000063850300F9
:1059D80000000000638503000000000063850300E9
:1059E80000000000638503000000000063850300D9
:1059F80000000000638503000000000063850300C9
:105A080000000000638503000000000063850300B8
:105A180000000000638503000000000063850300A8
:105A28000000000063850300000000006385030098
:105A38000000000063850300000000006385030088
:105A48000000000063850300000000006385030078
:105A58000000000063850300000000006385030068
:105A68000000000063850300000000006385030058
:105A7800085304006DB50300E05204006DB503003F
:105A88000000000063850300000000006385030038
:105A98000000000063850300000000006385030028
:105AA8000000000063850300000000006385030018
:105AB8000000000063850300000000006385030008
:105AC80000000000638503000000000063850300F8
:105AD80000000000638503000000000063850300E8
:105AE80000000000638503003548020045C4030038
:105AF80000000000638503000000000063850300C8
:105B080000000000638503000000000063850300B7
:105B1800000000006385030094080020C5B203005C
:105B28000000000063850300000000006385030097
:105B38000000000063850300000000006385030087
:105B48000000000063850300000000006385030077
:105B58000000000063850300000000006385030067
:105B68000D3F020045C403000000000063850300E8
:105B78000000000063850300000000006385030047
:105B88000000000063850300000000006385030037
:105B98000000000063850300000000006385030027
:105BA8000000000063850300000000006385030017
:105BB8000000000063850300000000006385030007
:105BC80000000000638503000000000063850300F7
:105BD80000000000638503000000000063850300E7
:105BE80000000000638503000000000063850300D7
:105BF80000000000638503000000000063850300C7
:105C080000000000638503000000000063850300B6
:105C180000000000638503000000000063850300A6
:105C28000000000063850300000000006385030096
:105C38000000000063850300000000006385030086
:105C48000000000063850300000000006385030076
:105C58000000000063850300000000006385030066
:105C6800000000006385030021C9030045C4030048
:105C78000000000063850300000000006385030046
:105C88000000000063850300000000006385030036
:105C98000000000063850300000000006385030026
:105CA80000000000638503001C080020C5B2030043
:085CB8000000000063850300F9
:0C5CC00081F7010015F9010084030000C9
:085CCC0091B10300000000008B
:105CD4001100020015B203000DB2030005FF01001C
:085CE400F5FE01000DFF0100B7
:105CEC009500020027B2030033B2030047B2030051
:105CFC0051B203005BB20300690202006FB20300F1
:045D0C000000000093
:105D10006DFC0100E9B0030049B103000000000080
:0C5D200087B0030000000000000000003D
:085D2C0000000000000000006F
:105D34000DB5030053B503002BB5030039B50300BB
:105D4400000000000000000000000000000000004F
:105D5400000000000000000000000000000000003F
:0C5D640000000000000000000000000033
:105D7000CBB5030015070200BDB5030081B80300D1
:105D8000F1B5030019B603004FB6030063B6030074
:105D900091B60300A7B6030063B6030081B6030003
:105DA000BDB60300C9B60300D5B603000BB70300A8
:045DB0000FB7030026
:105DB400050000006DB401000600000075E4010058
:085DC400040000005DC50100B0
:105DCC0061F600006DF6000000000000000000000D
:105DDC0000000000000000000000000000000000B7
:105DEC00BC720400080000005C7304000700000093
:085DFC00807704001000000094
:105E040070B70400030000007BF8040003000000E6
:105E14006DE8040003000000D0F00400030000005B
:105E2400CCDB040003000000CAEC04000300000003
:105E34000EF6040003000000D3DB0400030000009E
:105E4400F3E90400030000005FF204000300000013
:105E540097E504000300000014E8040003000000B8
:105E6400F6F50400030000005CEE040003000000EB
:105E74008BDB0400030000006A0605000300000039
:105E84005806050003000000EFF5040003000000BD
:105E94008AF80400030000003BB50400030000007E
:105EA4006EFE040003000000B4F8040003000000C8
:105EB400861305000300000047B20400030000003D
:105EC400DB01050003000000AFFC04000300000038
:105ED40081B404000300000032B304000300000096
:105EE40078CC0400030000007DB704000300000028
:105EF400FBF8040003000000F206050003000000A4
:105F040067D70400030000004404050003000000F8
:105F14005204050003000000BED104000300000089
:105F2400AB020500030000008EF90400030000002A
:105F340061D70400030000003DB604000300000024
:105F440041B60400030000003CB20400030000005A
:105F54004DF60400040000000207050003000000E1
:105F6400BDDA040003000000E4DA040003000000CA
:105F740033DB040003000000960605000300000064
:105F840031D1040003000000C5D104000300000067
:105F9400CDD1040003000000BC060500030000008E
:105FA400D60905000300000016DB0400030000000E
:105FB40066B70400030000000805050003000000A4
:105FC4008703050003000000270305000300000009
:105FD40007FA040003000000620205000300000049
:105FE4002E010500030000009201050003000000DB
:105FF4002F04050003000000E3C2040003000000B6
:10600400E9C204000300000056DB040003000000A2
:10601400DCD104000300000063FA04000300000064
:10602400A46B0400F8470020FDC204000000000037
:086034007D6C0100697201009E
:10603C00F4C20400D0070020FC440020AC07002070
:10604C0002000000146B0400F8440020286B0400CC
:10605C0034100020E9C20400C0270020F081002089
:10606C00A86A0400106C0400006A0400A069040013
:10607C00546A0400146F0400906B0400E86B040075
:10608C004C690400246C0400D46B0400C06B040045
:04609C00FC6B040095
:1060A00000000000000000000000000000000000F0
:1060B00000000000B4B70400BBB7040000000000FB
:1060C0003115010000000000A7B90400B1B90400B7
:1060D00000000000B515010003000000D0B9040065
:1060E000D7B9040060690400696E03000000000075
:1060F000EAB70400F0B70400000000004D150100ED
:106100000200000003BA04000ABA0400406104005F
:10611000000000000000000076B804007DB8040014
:106120000000000081E50000010100008BC20400B6
:10613000D4B80400000000009D150100000000001C
:10614000000000000000000000000000000000004F
:1061500000000000D7BC0400DCBC0400000000000C
:10616000E51801000200000090070500F9BA0400DC
:1061700000000000591601000000000076BC040079
:106180007DBC040000000000811801000200000036
:106190009ABB0400A1BB0400000000004D170100E1
:1061A0000000000013BC04001BBC04000000000041
:1061B0001D180100020000000000000000000000A7
:0C61C000000000000000000000000000D3
:0861CC004919010069190100E5
:1061E000FFFFFFFFFFFFFF7FFFC99A3B000000009A
:1061F000D85E0B7A6F0C01000013393100000000EB
:106200000000000003000000A0000000F0000000FB
:106210000000000094E4040099E404009DE40400FC
:10622000A1E40400A5E40400A9E40400ADE4040032
:10623000B1E40400B5E40400B9E40400BDE40400E2
:10624000C1E40400C5E40400C9E40400CDE4040092
:10625000D1E40400D5E4040000A0105000820D50E9
:1062600000040550050000000400000001000000CB
:10627000FFFFFFFFFFFFFFFF010000000100000024
:106280000100010000010100000100010000010007
:106290000100000001000B0002000A0005000900D7
:1062A0000A000800140007001E0006003200050066
:1062B0004B0004006400030096000200FA00010095
:1062C000F401000002030100F401FA0096006400EA
:1062D0004B0032001E0014000A00050002000100FD
:1062E0000C0802170D010102090901010602091833
:1062F0001803010109090303050302012302022413
:106300000910040405050B0B040B2B1B1B159A9A93
:106310001C021D16130501490D150508061B1B0F50
:106320000A060601010000FEFEFEFEFEFEFEFEFE67
:10633000FEFEFEFEFEFEFEFE16FEFEFEFEFEFEFE65
:10634000FEFEFEFE1F1FFEFE26FEFEFEFEFEFEFE03
:10635000FEFEFEFEFEFEFEFEFEFEFE3E3EFEFEFEDD
:10636000FE3B3B00A201B003BE05EE024806A209B7
:10637000C405F40B24120E021C045A03B4063006A2
:10638000600C00005C1A00200200000B6800002076
:106390000200000B681A00200200000CCE1A002038
:1063A0000200000BCE1A00200100000CCC1A0020C5
:1063B0000100000C010000000700000000000000C8
:1063C00000000000000000000406080A0C0E101275
:1063D0001416181C1E20222426282A2C2E30323473
:1063E00036383A3C3E40424446484A4C4E021A50E7
:1063F000000000002800000018000000000000005D
:10640000F0230000241300000000000040060000FC
:1064100040060000000098086B0300000000000028
:10642000F0230000241300000000000048A3000037
:1064300014A00000000040060C030001030200004D
:106440000000000000000101010101010101010142
:10645000010102020202020203030404050506060A
:1064600007070808090A0B0C0D0E0F101112131460
:1064700015161718191A1B0010010000D200000091
:1064800030010000D800000001000000E40000001E
:1064900002000000EA00000002000000EC00000022
:1064A00003000000EE00000004000000F000000007
:1064B00005000000F200000006000000F4000000EB
:1064C00007000000F600000008000000F7000000D0
:1064D00009000000F80000000A000000F9000000B8
:1064E0000B000000FA0000000D000000FB0000009F
:1064F0000F000000FC00000011000000FD00000083
:1065000013000000FE00000015000000FF00000066
:1065100018000000000000001B0000000100000047
:106520001F00000002000000230000000300000024
:1065300028000000040000002D00000005000000FD
:1065400033000000060000003900000007000000D2
:106550003F0000000800000000100200FA000000E8
:106560001B5B4A00001B5B4800001B5B324A0000BB
:106570001B5B4A00001B5B6D00001B3700001B38D3
:1065800000001B5B3F336C00001B5B4800001B5B83
:10659000324A00001B3700001B3800000103006274
:1065A000746C6500000000000000000000000000A6
:1065B00000000000000000000000000000000000DB
:1065C00000000000000000000000000000000000CB
:1065D000000100551D250000551D2000002B8104E1
:1065E000002200551D2000000000000000000000F7
:1065F0000338FDD8704700000000000000000000D4
:106600000338FDD8704700000000000000000000C3
:106610000338FDD87047000022AE28D7982F8A4251
:10662000CD65EF23914437712F3B4DECCFFBC0B5C7
:10663000BCDB8981A5DBB5E938B548F35BC25639C7
:1066400019D005B6F111F1599B4F19AFA4823F92B1
:1066500018816DDAD55E1CAB420203A398AA07D855
:10666000BE6F7045015B83128CB2E44EBE8531244F
:10667000E2B4FFD5C37D0C556F897BF2745DBE72A9
:10668000B196163BFEB1DE803512C725A706DC9B0E
:10669000942669CF74F19BC1D24AF19EC1699BE4F3
:1066A000E3254F388647BEEFB5D58C8BC69DC10F0D
:1066B000659CAC77CCA10C2475022B596F2CE92D6D
:1066C00083E4A66EAA84744AD4FB41BDDCA9B05C05
:1066D000B5531183DA88F976ABDF66EE52513E98F6
:1066E0001032B42D6DC631A83F21FB98C82703B0E6
:1066F000E40EEFBEC77F59BFC28FA83DF30BE0C6C3
:1067000025A70A934791A7D56F8203E05163CA0674
:10671000706E0E0A67292914FC2FD246850AB72706
:1067200026C9265C38211B2EED2AC45AFC6D2C4D3F
:10673000DFB3959D130D3853DE63AF8B54730A6539
:10674000A8B2773CBB0A6A76E6AEED472EC9C28195
:106750003B358214852C72926403F14CA1E8BFA2F0
:10676000013042BC4B661AA89197F8D0708B4BC28F
:1067700030BE5406A3516CC71852EFD619E892D117
:1067800010A96555240699D62A20715785350EF42F
:10679000B8D1BB3270A06A10C8D0D2B816C1A41943
:1067A00053AB4151086C371E99EB8EDF4C7748276D
:1067B000A8489BE1B5BCB034635AC9C5B30C1C39B9
:1067C000CB8A41E34AAAD84E73E363774FCA9C5BF6
:1067D000A3B8B2D6F36F2E68FCB2EF5DEE828F7471
:1067E000602F17436F63A57872ABF0A11478C8844B
:1067F000EC39641A0802C78C281E6323FAFFBE9086
:10680000E9BD82DEEB6C50A41579C6B2F7A3F9BEE0
:106810002B5372E3F27871C69C6126EACE3E27CAFA
:1068200007C2C021C7B886D11EEBE0CDD67DDAEA1B
:1068300078D16EEE7F4F7DF5BA6F1772AA67F006BA
:10684000A698C8A2C57D630AAE0DF9BE04983F1193
:106850001B471C13350B711B847D0423F577DB2844
:106860009324C7407BABCA32BCBEC9150ABE9E3C4E
:106870004C0D109CC4671D43B6423ECBBED4C54CE4
:106880002A7E65FC9C297F59ECFAD63AAB6FCB5F28
:106890001758474A8C19446CF8530400000102044D
:1068A00000000000000000000C080000405204003E
:1068B000000011009052040000000000802300201E
:1068C000000100000D6B0300B76A03000200000026
:1068D0000000000031B7040039B7040000000000D8
:1068E000000000000000000041B7040045B70400AC
:1068F00049B704004DB7040051B7040058B704006D
:106900006717050062B704000400000001000000E2
:1069100000000000000001002054040002000000FC
:106920000000010000600A00205404000300000081
:1069300000600B0000600A0020540400000000000A
:1069400000C01500009000002054040087B7040028
:106950008EB70400A06004000000000000000000EA
:1069600064690400DFB90400E4B904000000000019
:10697000696E030000000000F1B90400F6B90400DC
:1069800000000000716E0300000000000000000025
:1069900000000000000000000000000000000000F7
:1069A000DEBD0400B8BD0400B469040000000000AE
:1069B00000000000B869040090070500F4690400B5
:1069C000CC610400ED190100010100009B060500E7
:1069D000C8BD0400D0610400891901000200000054
:1069E00000000000000000000000000000000000A7
:1069F00000000000C40BD286E5BD040016BE0400F2
:106A0000D3BE0400D8BE0400146A040000000000D5
:106A100000000000186A04005AEB0400E6BE0400FF
:106A200000000000BD1B010000000000F6BE0400D5
:106A3000FABE040000000000856E030000000000A4
:106A40000000000000000000000000000000000046
:106A50000000000060C0040067C00400686A040011
:106A6000C91C0100020200006C6A040029C1040074
:106A70002EC10400000000008D1D01000502000071
:106A800066C104006BC10400000000006920010021
:106A900002010000000000000000000000000000F3
:106AA0000000000000000000DCC10400E0C10400A0
:106AB000BC6A04000000000000000000C06A04007E
:106AC0008BC2040009C20400000000006121010023
:106AD0000000000037C204004AC2040000000000A9
:106AE000512101000000000083C2040093C2040091
:106AF0000000000041210100000000000000000033
:106B00000000000000000000000000000000000085
:106B10003A000000EA5700201E000000217B03001D
:106B20003C600400A407002024600400546B0400AF
:106B3000E447002064000000406B0400A4470020EC
:106B4000882800208000000000000000A96E0300DB
:106B5000020000002F7E0300EC470020EA570020CF
:106B60001E000000AD210100FF6E0300D36E030084
:106B7000216F0300ED6E0300E56E0300C06E04009C
:106B80008C6B04007F0000000000000098130120BF
:106B900010C60400C7C5040000000000012F01005A
:106BA00001000000EB7C0300C37C0300837E030034
:106BB00000000000000000000000000000000000D5
:106BC000CDC60400D4C60400000000000538010052
:106BD00001000000FEC6040005C70400386C040074
:106BE000A538010001010000AAC70400B2C70400D3
:106BF00000000000C5370100010000005ADB04005E
:106C0000C3C70400646C0400000000000000000022
:106C1000E9C70400EFC7040000000000713801005C
:106C200001000000FDC7040001C8040000000000CE
:106C30003B800300000000003C6C040024C80400FA
:106C40002CC80400000000002937010001000000EA
:106C50000000000000000000000000000000000034
:106C600000000000686C040070C8040079C80400CB
:106C700000000000693701000100000096C8040010
:106C8000A5C80400086D040000000000000000001A
:106C900055C904005CC90400486E040000000000EF
:106CA0000000000073C9040079C90400086E0400E4
:106CB000000000000000000090C9040097C9040013
:106CC000C86D04000000000000000000A6C9040018
:106CD000ABC90400886D04002138010001010000E7
:106CE000BEC90400C4C90400486D040000000000CF
:106CF0000000000000000000000000000000000094
:106D000000000000000000000C6D0400D6C9040063
:106D1000E0C9040000000000BB8003000100000087
:106D200018CA04001FCA0400000000008780030086
:106D30000100000000000000000000000000000052
:106D400000000000000000004C6D040056CA040062
:106D50005CCA0400000000003F8003000100000046
:106D60008ACA04008FCA04000000000055370100E1
:106D70000100000000000000000000000000000012
:106D800000000000000000008C6D040062B70400E9
:106D9000BBCA040000000000D58003000100000011
:106DA000650E0500FACA04000000000023810300FC
:106DB00001000000000000000000000000000000D2
:106DC0000000000000000000CC6D040062B7040069
:106DD0000DCB040000000000B537010001000000E9
:106DE000650E05001DCB040000000000618003005B
:106DF0000100000000000000000000000000000092
:106E000000000000000000000C6E040062B70400E7
:106E10002CCB0400000000006D8003000100000086
:106E2000650E050044CB040000000000098103004A
:106E30000100000000000000000000000000000051
:106E400000000000000000004C6E040062B7040067
:106E50005BCB040000000000A180030001000000E3
:106E6000650E050073CB040000000000EF800300F6
:106E70000100000000000000000000000000000011
:106E800000000000000000004000002000000000A2
:106E900006000100020000009C6E040000000000DB
:106EA000A1D1040002000000E04F16000000002005
:106EB000A9D1040021000000E0EF0220D807002043
:106EC000594D0100000000009F8803006559010032
:106ED0009D8A0300D18A0300058B03003B8B0300CE
:106EE000618B0300918B0300BD8B0300115A0100DD
:106EF000EF8B0300795A0100155C0100E95A01008B
:106F0000518C0300858C0300C78C0300518D030056
:106F1000FB8C030067D7040085D90400286F0400A8
:106F200000000000000000002C6F04009AD904004B
:106F30009DD9040000000000D55F010000000000A2
:106F4000371D0500B6D9040000000000756001007F
:106F500000000000D6D90400DCD9040000000000C5
:106F60002561010002000000EDD90400F1D9040000
:106F700000000000495F010000000000ACD00400E8
:106F800011DA0400000000005161010002FF00005E
:106F900020DA040024DA0400000000000963010084
:106FA00002FF0000F3B9040057DA040000000000FB
:106FB000D56301000200000063DA040066DA040011
:106FC00000000000056401000300000070DA040006
:106FD00078DA040000000000F16401000200000003
:106FE0008FDA040095DA040000000000416501001A
:106FF00002FF0000A3DA0400A9DA04000000000088
:10700000C165010003FF0000000000000000000057
:10701000000000000000000000000000116D0100F1
:10702000596F0100116B010000000000000000001A
:107030000000000000000000000000000000000050
:10704000B16C01003D7301003D73010000000000C0
:107050000000000000000000000000000000000030
:107060000000000000000000000000000000000020
:10707000BD7201007572010000000000C06E0400C6
:107080008C7004008001000000000000281701201F
:1070900028DB04000000000000000000C06E0400B7
:1070A000AC7004000001000000000000981D0120E9
:1070B000C06E0400C07004002E000000000000003C
:1070C000E82A0120C06E0400D47004000201000010
:1070D00000000000BC2B0120D9E40400F7E4040008
:1070E00012E5040022E504002FE5040038E5040061
:1070F0003FE5040046E504004DE5040055E50400C5
:107100002FE504005DE504006FE5040084E504005C
:107110000E0300004D9201000F04000019920100BF
:107120001A010000397A0100050400005D7A0100AF
:1071300013010000658201003E010000558001003E
:10714000011200009D9303000A1E00008F930300AC
:10715000FF010000ED8101003E010000CD81010032
:1071600005040000A97A010008040000ED85010073
:10717000300300005985010010010000657B01000B
:10718000011200009D9001000A1E00007994030086
:107190000309000071830100040B00009D7C0100C5
:1071A000060A0000158A0100070A00002D7B010075
:1071B0000C050000F17A0100050C00004589010072
:1071C000C06E0400D0710400470000000000000001
:1071D000D82C012049EC040056EC040076EC0400A5
:1071E0006AEC040081EC040098EC0400A8EC0400B4
:1071F000F0EF0400BCEC0400C06E04000872040050
:107200000000000000000000F82D0120C06E040006
:107210001C7204000001000000000000202E01206C
:10722000E79A0300399B0300000000000000000003
:107230000000000091B70100000000000000000005
:10724000000000000000000002020100B9A20300DB
:1072500004040100F1C401000606010031C401006C
:10726000080401001DC301000A020100A1A20300DD
:107270000C04010089A203000E040100F1C1010009
:107280002004010055C101001004010065C0010087
:107290001202010059A103001E00040053A40300C0
:1072A000520200007FA10300C06E0400B872040007
:1072B00002010000000000009831012050AD0400E0
:1072C00061A70300000000004CAD040000000100B5
:1072D00048AD0400E5A8030000000000240B0020D6
:1072E0000000010040AD04000000000000000000AC
:1072F00000000000000000003CAD040033A70300C4
:10730000EDCE01002C0B00200000030038AD04007E
:10731000E5A80300000000001C0B00200000010095
:1073200030AD040099A70300B1CF010000000000B8
:10733000000003002CAD0400E5A8030000000000DD
:10734000140B00200000010024AD0400EDD2010068
:107350000000000000000000000001007CAD0400FF
:1073600061A703000000000078AD040000000100E8
:1073700074AD0400E5A8030000000000600B0020CD
:10738000000001006CAD0400C9A70300000000006C
:10739000000000000000010068AD0400E5A8030043
:1073A00000000000580B00200000010060AD040048
:1073B000F3A703000000000000000000000001002F
:1073C0005CAD0400E5A8030000000000500B0020A5
:1073D0000000010054AD040045CD01000000000094
:1073E0000000000000000100F5E3010095AE03007D
:1073F00095EE010000000000000000002DEB0100F0
:10740000000000000000000000000000000000007C
:10741000000000000000000081E5010006000000FF
:1074200011AC03000600000035E10100100000006F
:1074300075DD01001000000031EE010001000000C8
:10744000AFAA0300100000000DAC03000A0000000A
:1074500095E401001000000041EC0100070000006D
:1074600015AC03001000000053AB03000100000046
:1074700021E3010040000000B1AB03001000000058
:107480006BAB0300010000008C74040002000000DC
:1074900077F8040072F80400D1FB0100A1FB0100A1
:1074A00000000000A874040001000000A2F804001D
:1074B00029FD0100A9FC0100A8F8040073B1030034
:1074C0006FB10300AEF80400CC74040001000000AA
:1074D000CAF804001000000001FF00006501000070
:1074E00000100000E874040001000000EBF8040044
:1074F00000A0105000820D500004055000750400DB
:107500000100000016F904001F00000000A0105048
:107510001C0800200000000000000000207504008E
:107520000100000027F90400FFFF000000820D5059
:1075300094080020000000000100000040750400D5
:107540000100000038F90400FF07000000040550A6
:1075500000000000000000000200000000A0105029
:1075600000820D50000405506C75040001000000FD
:10757000C2F9040000000080FFFFFF7F00000080D0
:1075800000000080FFFFFF7F00000080000000007F
:107590000000000017FA040000FF08006852040011
:1075A0000F000000A875040001000000D4F90400D9
:1075B00000000080FFFFFF7F0000008000000080CF
:1075C000FFFFFF7F000000800000000000000000BF
:1075D00017FA040000FF08009052040003000000A6
:1075E000E475040001000000E6F9040000000080DA
:1075F000FFFFFF7F0000008000000080FFFFFF7F93
:1076000000000080000000000000000017FA0400E5
:1076100000FF0800905204000500000020760400DE
:1076200001000000FBF9040000000080FFFFFF7F65
:107630000000008000000080FFFFFF7F000000804E
:10764000881300000000000017FA040000FF0A0081
:1076500040520400010000005C76040001000000BC
:1076600028FA040068760400020000003EFA0400D4
:1076700045FA040000700C500000000000000000FB
:10768000A076040000C201000000D6010000000046
:1076900000000040000000004E5900204D5900201D
:1076A00000700C50AC76040002000000C4760400A8
:1076B00002000000BC7604000201000048800000C7
:1076C000478000014800000047060001D076040012
:1076D000010000005CFA040000600C500000000093
:1076E000000000000477040000C201000000D60181
:1076F0000000000000000040000000007059002061
:107700006F59002000600C50107704000200000048
:107710002877040002000000207704000201000026
:1077200029800000288000012900000028060001AF
:1077300049210200000000000000000015210200A5
:10774000A921020095210200000000007D21020015
:1077500023C003001FC003001BC003000000000083
:10776000352602000000000000000000FD25020098
:10777000FD260200B126020049260200000000009A
:10778000ACAD040061A7030000000000A8AD040038
:1077900000000100A4AD0400E5A803000000000003
:1077A000200D002000000100E6040500000000009C
:1077B000FFC10300D80D002000000001A0AD0400AF
:1077C00033A70300EDCE0100FC0C002000000300F5
:1077D0009CAD0400E5A8030000000000F40C0020AC
:1077E00000000100C404050000000000FFC1030008
:1077F000A80D00200000000198AD040033A703008D
:10780000EDCE0100D00C00200000030094AD040078
:10781000E5A8030000000000C80C002000000100E3
:10782000A204050000000000FFC10300780D002045
:107830000000000190AD040033A70300EDCE01006D
:10784000A40C0020000003008CAD0400E5A8030098
:10785000000000009C0C00200000010080040500D6
:1078600000000000FFC10300580D002000000001CF
:1078700088AD040033A70300EDCE0100780C002092
:107880000000030084AD0400E5A803000000000030
:10789000700C0020000001005E04050000000000E4
:1078A000FFC10300280D00200000000180AD04008E
:1078B00033A70300EDCE01004C0C002000000300B4
:1078C000C4780400010000004D06050021280200D4
:1078D00055C2030083C2030000A0105000820D5067
:1078E0000004055008000000020000000400000031
:1078F0000100000000300000FFFFFFFF001000004B
:1079000000200000240000002500000026000000E8
:10791000270000002B0000002C0000002D000000BC
:107920002E000000000000006410B71DC8206E3B50
:10793000AC30D9269041DC76F4516B6B5861B24D76
:107940003C7105502083B8ED44930FF0E8A3D6D6E0
:107950008CB361CBB0C2649BD4D2D38678E20AA048
:107960001CF2BDBD8709050095090500A9090500A0
:10797000B8090500C4090500C8500400D05004002F
:107980004051040048510400D0510400F05104005B
:10799000D90905000001000000000000E20905000F
:1079A00001000500F909050002000700E8090500CB
:1079B00004000800F10905000800040058B704009D
:1079C00010000900FC02050020000800F60905006F
:1079D00040000A00010A05008000060001000000C6
:1079E0003C0C050002000000610C050004000000D2
:1079F000900C050008000000D50C050010000000E8
:107A00000F0D050020000000410D050040000000A2
:107A1000540D0500800000006C0D05000001000001
:107A2000910D050000020000BF0D050000040000DC
:107A3000ED0D050000080000080E05000010000014
:107A4000340E050000200000680E05000040000014
:107A5000960E050000800000CB0E0500000001001E
:107A6000140F050000000200660F0500000004006E
:107A7000930F050000000800D40F0500000000006F
:107A80000000000000070000FFFFFF0FFC000000E7
:107A9000000800003B13050000000000000000008B
:107AA0003813050035130500321305002F130500A8
:107AB00005000002000000000000000008000002B5
:107AC000090000020A0000020B000002709204008C
:107AD0004092040010920400982F8A42914437711A
:107AE000CFFBC0B5A5DBB5E95BC25639F111F15941
:107AF000A4823F92D55E1CAB98AA07D8015B831283
:107B0000BE853124C37D0C55745DBE72FEB1DE802E
:107B1000A706DC9B74F19BC1C1699BE48647BEEF5D
:107B2000C69DC10FCCA10C246F2CE92DAA84744AE8
:107B3000DCA9B05CDA88F97652513E986DC631A85E
:107B4000C82703B0C77F59BFF30BE0C64791A7D53D
:107B50005163CA0667292914850AB72738211B2EC5
:107B6000FC6D2C4D130D385354730A65BB0A6A76AD
:107B70002EC9C281852C7292A1E8BFA24B661AA8B9
:107B8000708B4BC2A3516CC719E892D1240699D6C9
:107B900085350EF470A06A1016C1A419086C371E42
:107BA0004C774827B5BCB034B30C1C394AAAD84E20
:107BB0004FCA9C5BF36F2E68EE828F746F63A5785B
:107BC0001478C8840802C78CFAFFBE90EB6C50A4EE
:107BD000F7A3F9BEF27871C6040018008001000016
:107BE00049130500030017000001000053130500AE
:107BF000000000000000000000000000CC8A04002B
:107C000001000C009C8A040001000C000C9204008E
:107C1000010001006C8A040001000C003C8A040091
:107C200001000C0000000000010000000C8A0400AC
:107C300001000C00DC89040001000C0000000000C1
:107C400001000000AC89040001000C007C890400E4
:107C500001000C0000000000010000004C8904003D
:107C600001000C001C89040001000C000000000051
:107C700001000000EC88040001000C00BC88040036
:107C800001000C0000000000010000008C880400CE
:107C900001000C005C88040001000C0000000000E2
:107CA000010000002C88040001000C00FC87040087
:107CB00001000C000000000001000000CC8704005F
:107CC00001000C009C87040001000C000000000073
:107CD000010000006C87040001000C003C870400D8
:107CE00001000C0000000000010000000C870400EF
:107CF00001000C00DC86040001000C000000000004
:107D000001000000AC86040001000C007C86040029
:107D100001000C0000000000010000004C8604007F
:107D200001000C001C86040001000C000000000093
:107D300001000000EC85040001000C00BC8504007B
:107D400001000C0000000000010000008C85040010
:107D500001000C005C85040001000C000000000024
:107D6000010000002C85040001000C00FC840400CC
:107D700001000C000000000001000000CC840400A1
:107D800001000C009C84040001000C0000000000B5
:107D9000010000006C84040001000C003C8404001D
:107DA00001000C0000000000010000000C84040031
:107DB00001000C00DC83040001000C000000000046
:107DC00001000000AC83040001000C007C8304006F
:107DD00001000C0000000000010000004C830400C2
:107DE00001000C001C83040001000C0000000000D6
:107DF00001000000EC82040001000C00BC820400C1
:107E000001000C0000000000010000008C82040052
:107E100001000C005C82040001000C000000000066
:107E2000010000002C82040001000C00FC81040011
:107E300001000C000000000001000000CC810400E3
:107E400001000C009C81040001000C0000000000F7
:107E5000010000006C81040001000C003C81040062
:107E600001000C0000000000010000000C81040073
:107E700001000C00DC80040001000C000000000088
:107E800001000000AC80040001000C007C800400B4
:107E900001000C0000000000010000004C80040004
:107EA00001000C001C80040001000C000000000018
:107EB00001000000EC7F040001000C00BC7F040006
:107EC00001000C0000000000010000008C7F040095
:107ED00001000C005C7F040001000C0000000000A9
:107EE000010000002C7F040001000C00FC7E040057
:107EF00001000C000000000001000000198A775DFD
:107F00002BAB01284E85D0D549834D6081C6913079
:107F10003B00AF7A3AAE6107E1B6E2C9954341FE54
:107F20009BB6F0A5B497AEAD89889E4186C43F2C20
:107F3000E75F9903F02BB7B6AD5A56FF0400A4488B
:107F4000C8E8BABFE8A1B5135ACD999CB095ADFC6D
:107F5000E27EE7FE966BD1349953630BBCC00DCF24
:107F60002541A4F49BFCB248C385834B2BBE0B5820
:107F70002D7A9A62C5F381181B744F2CE243A30A31
:107F8000168BA31E4A18817B8DA23577914999657E
:107F9000C5ED16EF79429AF3A74E6F2B7B0A7EC090
:107FA000D74E0755D67A3169A6B91534A8E072A420
:107FB0003FB9F80C2B753285A2DE37126A3200C247
:107FC000D43B1A0934E0998F0C4A16448373181B6A
:107FD000D494296229A42DB19D743267BFF4B10CE9
:107FE00037628B66C9FFDAE235A3B642B616A91C22
:107FF000E76520C1585332F8C0A6BD2CB7F0E6574C
:1080000031CC266F27E3541C34D317BCF5AEEDFBFF
:10801000CDE71E9F5A161C3440001FB63F6C64A764
:10802000623CABD4486A44D860C0A88082765812BB
:10803000573C8946824F83CECBB8D02C9A8404B06B
:10804000ADEBFADF34A4C341444E653E6D06460DE8
:1080500051E2D8AC14571D6F79A0CDA6DFFB36CA0C
:10806000ADF59E416F7A1D9E1D9548DC8126A5B712
:10807000152CC2C6864272AA11DCC9B6A373643637
:10808000FD7BC115EA5D32D24794892D51E930ACB0
:1080900006C86504FA6CB91BF7614953D7FF324330
:1080A00080DAA6B1ACF804019535CE21D6E84C486B
:1080B000E4AA6993277A27FC37961A7B6FE730A5E5
:1080C000CF13465C8CD8AF74234D5684323D441494
:1080D0001B9783F0FA47D75FFD9838F7A926BE6D46
:1080E0006DF2383F086C31A749503A89C399C6F5FB
:1080F000D2C2305A2AE4F68B8B97E9B2DD21B70D54
:10810000FC15540B65831CA4CD6B9DF219D8402738
:1081100073157E65F6BB537E0F40C8D4EA371973DA
:10812000EF5A5E049C732B497EAC975C15B2C31E5C
:108130000EE7D2218A08D6DDAC21D63EFC08AD4E32
:10814000519F2A52685C7D4CD6CFDD02D87626E05E
:108150008B10D97C30A7234E5FD24217D1E5A4EC17
:10816000772134285C1465EA4A85C32F8DA24A66BC
:10817000B10AE6C0860C949D5E99B2CEAD0340CAAA
:10818000B2B3305574784827341EE242AE725BAC0D
:10819000C16DE38257AB46CBEA5E4B0B187CCA71CC
:1081A0003E6E6675BE310E3FE591C47F8E3DC23E88
:1081B0009537582B011F0203F3EFEE66285B1AFC7C
:1081C00038CDE82412574285C62168713F422A52B1
:1081D000CD7551499036E5042B44C6EF5CEE16137D
:1081E0000783B5307659C6A21905D3C6B68BA81633
:1081F00009B7EAD670EE14AFB5FDD0EF47D8A20AA2
:1082000039321D2361C886F1129A4A058DF17CAA84
:10821000708EBC016201478FDD8BA5C8DB0821F49D
:10822000ABC7F5960A76A595C40F881D64749FB5F3
:108230009121B11C1EEDE111EF45AFC1E031BEB29D
:10824000BC72651FB14B8C77CE1E42B5FFC9AAB96F
:10825000D9869955652380C64E350B6D1B88954C84
:108260000BD0065192AF8D49A2C8B4E07576530980
:10827000884387CA90A4773F5E21B40A359E8664FE
:10828000CC91C177C11756CBC37D5BB17E8A555067
:108290007BEF8A3CFE1B2348236391B60D04543CBC
:1082A000249BC79A2538C384FBFF9F49662AE06D4B
:1082B000688A5CCBC4935385A10DAF63DA338C67B6
:1082C000CE23439984534772441F5B2AAEC1D9A47D
:1082D000508863187CF275697300C4314B901DDFC0
:1082E0001A00D86905B18948A87062EF6D5B293022
:1082F000411A9EB676CA83315BA7CB4221415044D6
:108300004D643189CF84C25D97A53C18F00FA5FD5F
:108310008E5A472C7C58022D40B10BBADE4D1E51AF
:10832000596E91C538544D51ED36CC6018A856C7DA
:10833000782733C542B795C98BC86ABC5EE91396E6
:10834000B3E1F9EEF546B05EC39403056459B46633
:108350007EE85A60A55C7EB2ADD9C9DA829749A39E
:108360001383072E5A26C713350DB06B1E60ABFA68
:108370004B93182C542D1C314CE461AE8CB27B0C09
:108380009A838E5930519092793219C3EE89F9D07F
:10839000CF2CA58F7B5021DE50419D81E07D2B9E0F
:1083A0009D95A8E3D8A5208788975FAA10BBC22413
:1083B000432E37548AF7CE35FC77F33F753496D584
:1083C0004A769D6BB83B0FEAA8120B22663F5D2DE3
:1083D0001CD49EFB7D2EDDC76EABAFDCC8C9F8F5A3
:1083E000B6134D7BED45B193B3A279DC74F6CFF7AC
:1083F000E6299CCC87506580BC590A590EF024357B
:10840000A246F00CBD26C09D6156626703E60F3799
:10841000C110991E61AD9D5D8001A6FEB00F102AAE
:108420009D2038EB6C60CBCE5AA0A732BACF14DFB8
:10843000BFE5742DB5121ADD59025DC665987C84BE
:10844000E1FF307771E2C25F5540BDCD6965873F7E
:10845000C4C224570E300A6015D124485799D9B6A2
:10846000AEB1AF1D9B80EEA20F74B9F3BD19CD1252
:108470000B514F56304B3D24A4165905ACEBD35944
:108480002E757C018CB9B4A5D92E294C861605759C
:1084900002B306EEAB7C9F7991F14F232DF2C854C5
:1084A000D132BDC48A3BF0AA9DD8F4204FC3BB6C27
:1084B00066AC252D6F2510B2E141DE1D3CE830B8D9
:1084C00037BC2A98BA57014A1E789F8515F513DFE5
:1084D0001319979408F9B333668221FEF5FC391617
:1084E0002343760E094825A164951C2F43AC1557EC
:1084F000D9DEA028165FB83D489124CCF8EF68FE7D
:10850000EC240815A1064B920DB734743EF4DD1A25
:10851000A04AE445C3634F4FCEBBD6D3CDEE8DDF2B
:108520003F73B7ACDF06B6804D81D953DBBD704FCA
:10853000A8D1062C194E2E68FC35FA50605375ED03
:10854000F25FC2EB39876B9F05E222934F1AA8B7FF
:10855000039E6D7CCBD06988A8399E3A5890EAB5C5
:108560000499D0694AF222A0EBFD45875DA48132CF
:10857000FCFAEE5B27BBA46A77415C1DA11EAA4FE3
:10858000F010B350097413149E90D7E63E68CEC223
:10859000554D0C6D9B20933290D6AE47DD78AB43A2
:1085A0009EEB73AEED97C383A63CF1BF0F25256606
:1085B0000826FA4B41FB445D82EC3BAC5982674B89
:1085C0008E4EBEE2BEDA77F823552B2D5C02DE25F7
:1085D000352D7451D00CB80B39BAAD04A60E284D08
:1085E000E13DE41B5DEC0AD4B8C48DB0BEBDAC0A5D
:1085F0003F6BFFFAE0E47414D9701D71F2B071BBE7
:10860000D818962BDAB8199080B5EE01912120A6E2
:108610001748036FE31DBB6D942034F19C3892061C
:1086200019D0B3B22A9926A35FE2C18175FCFDC3BC
:10863000B626248FAFADE749B7644B966C4E95AD27
:1086400007FEB6304F15E72D19A9081012C80E11F4
:108650008DE08F69597F796C5FB7BCB188E1833C4D
:1086600012BBEE962AC2C41B4171B917B0EEBB1DF6
:10867000895088F2FC1C5574EBDE923F3E2BFED1F4
:108680001C73E32E6633A1D3691C9DD2E05ABAB69F
:10869000AE1B9404AF74905C57B03A45DD2F932025
:1086A00024541D8DFA789D71675D4998980C6B9DD7
:1086B0002204BC5C8663792F6A0E8ADE29673F023A
:1086C000B8917F74FC1464A033F46B501C44718720
:1086D000B8883F451B2B8505C5445315E86717C06F
:1086E00040788C847E9FF4AADA5C7EB296DB423EB0
:1086F0007264A06727F9411743E3E8A866DDCC431D
:108700007E160503364BCF488F4190E57B61FA7D9D
:1087100001DBB66311C65839F4C68223475A7A8002
:1087200008CDAAD8DA8CC63F3CA568F4BBF5D517AE
:10873000AE36D88AC7AD92C5576CDA91A7C327BFAA
:10874000C6AAB7B9CB6545DFB9461746F5383FB27B
:10875000B15DCA1C88296C63E9D748B8BCF1D799C8
:108760008CC205996DE65E826DE57ED579DB155686
:1087700084CBC05656DB0E08C9F5D49EE662D01AEB
:108780007C13D5077DAD53E03221A0C0C5388121CF
:10879000230ED2BB1C5105D01E82A9711F2FDDBD37
:1087A0005048B1E5801C84557814EBF6D95E3EA69E
:1087B000AFF6C704E711E265CA41953BAE83D8E640
:1087C0004D22062DFA7F252AAA284697D29A52D200
:1087D000547C97F2E0336EEDD98750C55A357E163A
:1087E000401583B8332BA4AB0391EAFEC14739EFA0
:1087F0000559D090BF240D76115308AF9B262799B9
:10880000162B220BBAF38FC32A9BFC38FC2E833D18
:10881000FE9E3C1B0857CD2DC14938B595428B3380
:10882000891FEA01AA1D13D750BB3EEB51AC56F786
:108830005F51680BC6E01DBC134EAC03B7F5C5E62F
:10884000D288BACBFA0E28235867FAEE9E804BD80E
:10885000C4DF15E4F10E58E62C59C203BC4C704439
:1088600018CDEFEDC249DD647E7E4D92A2327C09C7
:10887000D03FD62C6DE04F650C7A543E16FAFB4A79
:10888000B4795A8C045D1B2BDABC9A7468490303D3
:10889000336F284A5DDBA7058CF34DFB8E92B1A8A0
:1088A000EC0D643B4EFCFDD04B881B5D839C5169F5
:1088B000CE7173F5B85A14231A46635FDAADA0F986
:1088C00081E178973A9A63D8BA791A1734317B7A6A
:1088D0005A5D7D2D8396124B1909E0B7558A57EEE4
:1088E0004E6E7EEC119D69DCB3DAD808462FD8B6FF
:1088F000637CE950D98CB914D93763DE1002B846CD
:10890000ADCE7B3882472D66A7E9332392F9939445
:10891000A848B34FE94AAC5108722F1AA6D50A608D
:1089200081B9C51644AA2FD6F273DFEBF37B74C965
:10893000B35B956DAC04EB15C85F00F6B55020280D
:10894000D101AFF0286D4F31812F9448093913AA16
:10895000601599301700CBC6B1DB9790E6FA60B886
:1089600024E47DD3DD75B370B283B19BA3E36CCDFA
:1089700033627A568830DC0F9FBBB8AABB013D63D7
:1089800054456FB77BB219A3861D42348402871801
:1089900092521A716C18B15D181B37FEF47461BAEB
:1089A00018AF4030DA7D3C520F07B06F60DC9AB2EE
:1089B000793927164F71E43B4D600CA355BD194022
:1089C000FA192A5A4DF81E43A1508DEFA3187C4185
:1089D000FA7C1B58005924C4E9B7D3AD0038EEE344
:1089E000C79DECA6B688CF43FA925E8EE9CA43F8DB
:1089F0003B497E751CE7EB174586C2E19269573209
:108A0000E09CD100D910B84DB8F40DE3E69D56AE08
:108A100059FB1F98CFAC918087A86E583008A708E3
:108A20009432FC679F299E84F4E56E7E5521B950EF
:108A300024F89CC7340401C2FB773EDE6DF2AEA47D
:108A4000B6891BDA010FCE1C7CF6504C4CEB90E63D
:108A50004DC7D47AD1492D8A019960945F809B9B40
:108A60006AB007D9C2A2EE59BE95BC234692002C2B
:108A700078DB1F3717F3EBB706F7B6BC3DBC2CCF3E
:108A8000D8ED53E752757BA3ABC32C85E59D7841A8
:108A9000F67684AC5456E852B3CBA8BD5F0EEA908C
:108AA0007C1D437A9D817E1DCEB1600AC0B8F0B5B1
:108AB0001331DAE97C149A28BD1DF4F829DC92926E
:108AC000BF989E5D6F2C26964ADE1736B70A7672DF
:108AD000385E543A6C2955BF5DF20255382A5482EB
:108AE000E041F759989BA78B623B1D6E74AD20F354
:108AF0001EC7B18E37058BBE22CA87AA7329C5CC83
:108B00006A19ECEC7AA7B048B20D1A58DF2D37F489
:108B1000814D63C7FFFFFFFFFFFFFFFFFFFFFFFF69
:108B2000FFFFFFFFFFFFFFFFFFFFFFFF5F0EEA906A
:108B30007C1D437A9D817E1DCEB1600AC0B8F0B520
:108B40001331DAE97C149A28BD1DF4F829DC9292DD
:108B5000BF989E5D6F2C26964ADE1736B70A76724E
:108B6000385E543A6C2955BF5DF20255382A54825A
:108B7000E041F759989BA78B623B1D6E74AD20F3C3
:108B80001EC7B18E37058BBE22CA87AAEF2AECD347
:108B9000EDC8852A9DD12E8A8D3956C65A87135025
:108BA0008F081403124181FE6E9C1D18192DF8E3E5
:108BB0006B058E98E4E73EE2A72F31B3FFFFFFFF7E
:108BC0000000000000000000FFFFFFFFFEFFFFFFAE
:108BD000FFFFFFFFFFFFFFFFFFFFFFFFFFFFFFFFA5
:108BE000FFFFFFFFFFFFFFFFFFFFFFFF4C910400B0
:108BF000010008002C910400010008000C92040000
:108C0000010001000C91040001000800EC90040038
:108C1000010008000000000001000000CC900400EA
:108C200001000800AC9004000100080000000000F2
:108C3000010000008C900400010008006C9004000A
:108C40000100080000000000010000004C9004003A
:108C5000010008002C900400010008000000000042
:108C6000010000000C90040001000800EC8F0400DB
:108C7000010008000000000001000000CC8F04008B
:108C800001000800AC8F0400010008000000000093
:108C9000010000008C8F0400010008006C8F0400AC
:108CA0000100080000000000010000004C8F0400DB
:108CB000010008002C8F04000100080000000000E3
:108CC000010000000C8F040001000800EC8E04007D
:108CD000010008000000000001000000CC8E04002C
:108CE00001000800AC8E0400010008000000000034
:108CF000010000008C8E0400010008006C8E04004E
:108D00000100080000000000010000004C8E04007B
:108D1000010008002C8E0400010008000000000083
:108D2000010000000C8E040001000800EC8D04001E
:108D3000010008000000000001000000CC8D0400CC
:108D400001000800AC8D04000100080000000000D4
:108D5000010000008C8D0400010008006C8D0400EF
:108D6000010008000000000001000000393770EF2A
:108D70001FA1F0DB6A105BCEC49B6F105011112451
:108D80004F4C7961173A72BCFE7258432765695B94
:108D900066A2752E9C16005AB030251A42FB8642F8
:108DA00080C1C4765B1D838E94015F8224C6391610
:108DB0005DA31E6DBA073726362AFE6051BCF3D07C
:108DC000DE50FC97802E0610154DFAF756B2AAFD1C
:108DD0008815DF524C35273144CDC06853F891A532
:108DE0007194842A92CBD093E988DAE444918BD8A9
:108DF000D0D7E7E21FF948626FA8935DEA3A99027B
:108E0000D50B3DE31ED30031E60C9F441D4C64C7D7
:108E100055023FE3D80290BBC3EC30409F6F64F42F
:108E2000166948A4FA449C950C7D675EF47FBA5895
:108E30005A846F5FADA6367EDCF7E167044DAAEE7B
:108E400057763AD34E7E261822239FFF8D45E64B58
:108E50003F4F1E1F47655E5922CC725FF1931A2760
:108E60001E34C55B63F2A5585C152EC67FE51C4F0A
:108E70006024F72AEDD8E2917F89499297A72E8D39
:108E80006AB339811389B59AB88D429CDD3830DBDD
:108E9000702C0AA27C5C9DE9D5460B5F830B604B6E
:108EA000377DB9C95E24F33D797F6C1861F99B3237
:108EB00096415838F95A2AB8960EB24CC1782CC748
:108EC00008991924B75928E98454E616C9D23AE812
:108ED00003C56D5DBE35D0AE1D7A9FCA331ED2CBA1
:108EE000AC882755F0B99CE031DD9986A1CAA8B3BA
:108EF000BF29998ED1F205C1CF5D91489F0149DB11
:108F000082DF5F3AE10690ADE338A4C4C8CFEF3FFB
:108F1000831A88E80B29B5B9E0C9A3AE88461E7745
:108F2000CD7EB310B621D0D4A31608EE289EB1F1A1
:108F30006E4CADB3B7E3C258C0FB3443259CDF355C
:108F40000741BD19B66E10EC0EECBBD6F1B3BB51A8
:108F500069A21193654F0F8DBD260FE8B9CBEC6B5D
:108F600034C33D9DE45D1E10D544E2545B9B830AEF
:108F7000814FADAC0FFF42416EA9A2A02FA14F1FA0
:108F80008982AA3EF3B80F6B8F8CD668995D165F05
:108F90007BBCBBCE61EE4E8AC151CC501F0D4D1B28
:108FA00053231DB3DA2A38665284E195FC95297360
:108FB000A1673E02E33054358E0ADD6703D7A197DF
:108FC000613BF80CF2333C58553423A383F6E8F8A0
:108FD00087F7FC6D90BE7F3F7A2BD713CF32F22DEF
:108FE000946D42FDAD9AE35F42BB84EDD498E7FAFD
:108FF000A57D8B539135D200D11B9F1B3F69089AE9
:1090000072F0A911B3FE0E14DA7C0ED3EECFB87E47
:10901000F792968D3D018C0D23F2E305592EE384E2
:10902000527A3476E5A1B01590E2533CF2D055DF88
:10903000000AF54A6ABF56812D20EBB511C12852AE
:10904000ABE3D1402434794557A512032A37B9C080
:10905000AA59C68B3F58D9ED589965F7887D268C5B
:109060004AF9059F9D739AC9E746DC00F085F49E96
:109070004CDC3989636DC457D8035D22707F2D5253
:109080006FC9DA4F9D64FAB4FEA4C4D7BF6A5D52BB
:1090900035D7BFAE5AA2BE96F4F802C3A4204954F5
:1090A000EAB382DB2EDBEA02D1751C6296D5DAAD1B
:1090B0009249F09FF973439EAFA7D1F3674107DF51
:1090C00078953EA1223DD1E63CA5E2207D7DEF864C
:1090D000FFE337DDDB868B08277CD7F691544C25E0
:1090E0004F9AFE285EFDF06D370369D64069F24065
:1090F0000BA398CEAFA848020D1C12629BAF098348
:1091000080AA58A7C612BE709476E3E470C8BA0469
:10911000B74BD2F7ABC6233AA0093A591D9D4CF97B
:109120005823CCDF02ED7B29870FFA3CF551BF377E
:109130006840B6CBCE5E316B5733CE2B169E0F7C7C
:109140004AEBE78E9B7F1AFEE242E34F96C298D825
:109150004539A1F4A033EB2D817D0377F240A46360
:10916000E5E6BCF847422CE1F2D1176B512563FCD0
:10917000C2CAB9F3849E17A7ADFAE6BCFFFFFFFF92
:10918000FFFFFFFF00000000FFFFFFFFF551BF37AB
:109190006840B6CBCE5E316B5733CE2B169E0F7C1C
:1091A0004AEBE78E9B7F1AFEE242E34F96C298D8C5
:1091B0004539A1F4A033EB2D817D0377F240A46300
:1091C000E5E6BCF847422CE1F2D1176B4B60D227A1
:1091D0003E3CCE3BF6B053CCB0061D65BC869876BF
:1091E00055BDEBB3E7933AAAD835C65AFFFFFFFF48
:1091F000FFFFFFFFFFFFFFFF000000000000000077
:109200000000000001000000FFFFFFFF0100000060
:10921000040000006513050085070400970704009B
:10922000D5070400CF070400000000000000000084
:10923000C7070400B10704009F07040041FA0200B9
:10924000030000006B130500850704008B07040072
:10925000000000000000000000000000000000000E
:10926000C7070400B10704009F07040041FA020089
:10927000020000007113050085070400790704004F
:10928000D5070400CF070400000000000000000024
:10929000C7070400B10704009F07040041FA020059
:1092A00000388A408F409440A140A640AC40154809
:1092B000CB40AE40A3400038003800380038CE40E4
:1092C000ED409D4149415641324137413C41414188
:1092D000B941BE41D7410E42FA418D411B42804106
:1092E00062426A42774274436E4366437F432E482C
:1092F00024460038003800380038AF48D548F348D5
:1093000063457D4585439D45A845BB45E345ED4502
:10931000CF45FC4515468C466E4695468E46003830
:10932000003800382842003800380038003800384B
:10933000003800380038003800380038003800386D
:10934000194919491949194919491949194919490D
:1093500019491949003800380038003800380038F9
:10936000003800380038003800380038003800383D
:10937000003800380038003800380038003800382D
:10938000003800380038003800380038003800381D
:10939000003800380038003800380038003800380D
:1093A0008C090038FFFFFF0000000000102700813B
:1093B000878A001A7B627AA678797A8D00307B6280
:1093C0007AA778797A8D003078207B6279217A22A9
:1093D0000C10865082A2808182A28287828D001A20
:1093E0000030722095407AAC797B003078247B6223
:1093F0007AA884797A8D00307224A7407B2479255D
:109400007A26856286A87284868D11A6858411626B
:1094100086A7858684208621862286509A5086A635
:10942000867286A88685868D8462868D781086A64B
:109430007270001A00307ABB7879003000830030F7
:10944000001C001C001C001C001B7C22001D1310B3
:10945000D040001A001C001C001C001B7C22001DB8
:10946000001B7C22001D1310DA40001A000C016A58
:109470003427001A006E1027001A7B6278247925A1
:109480007A260C1086500E1022590E101A59848F0D
:10949000C50811B885850410295911A284871AA21C
:1094A00011111120071890A2801A9020001919A2FA
:1094B00072871AA61970001B7C201AA21A8013103A
:1094C0000B410E101D590410335986A21A72868D55
:1094D000001A0030870811B8858211A284871AA269
:1094E00011111120031890A2801A9020001915A2C2
:1094F00081871AA215151520031890A2801A9020B2
:10950000001907418650052408250426F540865099
:10951000042406250526F54086500C2406250B2636
:10952000F54086500B2408251A26F55000AB0C1A7E
:1095300000300DA702720AAC060D0EA703720BAC29
:10954000060E02620CA872030C8D00307DBB020374
:10955000048F05A6707003628650042072210E22CB
:109560009A500070108A0E240B250E26F3500272BA
:109570008650042072210D229A5002721027108A00
:109580000D240A250D26F35005A70D0E05200C21EC
:1095900005229A50007005BB030505A60E05003094
:1095A00002628650042072210D229A500070108AA7
:1095B0000D240A250D26F35000300DA70D0E05A62B
:1095C0007070027286500C200D2105229A50007096
:1095D00005BB030505A60E05003002620DA7027249
:1095E00003620EA7037201BB0D0E00BB02030D2028
:1095F0000E21802282AC8081812082213910A941F4
:10960000006201A80180018D012408250626B150C1
:1096100000300324062508268650F3400324052540
:109620000A268650F350026286500A2072210A22CE
:109630009A503810003906200A210B229A500BA6A6
:109640000B0C0BA80B050B8D381000390030026293
:109650000A8E0A8F0B8E0B8F072787500EA8720B6E
:109660000C200E210D229A500A200E210E229A5013
:109670000062865003240D251A2608210E221A5155
:109680000262008107271A2072211A229A5000AB29
:109690000A1A003086500DBB08060DA6040D0324DF
:1096A00006250E26F3500E2007210E229A500EA7F3
:1096B000050E0E8D0E240D250B26F34086500A2430
:1096C00008250D26F35002200D210E229A500E245B
:1096D0000C250B26F340865007200A210D229A50B4
:1096E00003240C250E26F35005A60D0E058D003023
:1096F000865001A700720AB9010006240A25042633
:10970000F55077A7047238100030011877A70401CC
:10971000381000300420042104229A5077A70472E4
:109720003810003C001977A704013910003C0030C4
:10973000A0A27210685380A2811090A29110021012
:10974000965308105B541410FB5439108134001ADE
:10975000000C865033A2041002102D440810D74488
:1097600014105B4558522620782148522621001CAF
:109770007A20CC4258522620782148521D20792147
:109780004A52262026211D22001E7A20CC42585201
:10979000782479257D527A20CC42112084214852A8
:1097A000112010107A590E103649012185260068C3
:1097B00086AC86012EA67070C1522E2236102C2245
:1097C00035A78682006CC80811B83581EA5026207A
:1097D0001121001C262002101254112126220718E4
:1097E000B120021015540810C7541410515580218F
:1097F0000019E35226202621D0501122BC520068C5
:10980000C152006C2320361026201B220318001E94
:10981000802100192621001A001B0B102320001F95
:10982000001A2CBA73742CBA2C2C2CA72C742DA7CC
:10983000018677A72D2C001AA122DC5202108D532D
:10984000081054541410F65480A2807290A29072A2
:10985000808D908D001A003082A2821082A28272C6
:1098600082A81082001A2C2013211622071880A229
:10987000818280219020B22200193222DC5229A25A
:10988000322828A2323131A2292525A2293030A23E
:10989000312222A2312F2FA2301F1FA2302E2EA242
:1098A0002F1C1CA22F2D2DA22E1919A22E2C2CA25A
:1098B0002D1616A22D132FA6117030A6127031A6E8
:1098C000137013A62C7011201121081802108D534B
:1098D000081054541410F654A020B121001926A6E3
:1098E0002F7027A6307028A63170001A112084210D
:1098F00048521D20822148528A0811B885831420BD
:1099000011211122001C05188024B1208421001E81
:10991000001920201D211D22001C05188024B120C3
:109920008421001E0019E352262026211922001E40
:10993000DA501122BC5219222620BC5277A228727A
:10994000F810821077A7850177108620CC4285A673
:10995000850183A6830183A6830113A272101DA62D
:1099600019701EA61A701FA613702C435852782126
:109970000810E044818F918F001A003077A7010012
:109980003810013A001A003058520421685302106E
:1099900039540810F0543810053A001A0030585263
:1099A000262078214A52001A00305852151075535B
:1099B0006E53262002214A5200302DA2A1A12EA2D0
:1099C000A12D80A2812D90A2912E001A2FA2051008
:1099D0002EA280802CA280332EA22E802DA29090C9
:1099E0002EA62E2C2EA62F2E2CA72D2E2CA22C727E
:1099F0002C8D001A30A691912CA681812DA2309138
:109A00001A10E24331A2A1A11810C5432EA28181F0
:109A100031A231312CA22C2D31A231332FBA2E7428
:109A20002EA62F3131A62C2CD1432EA681312FA763
:109A300081312CA22C2D2EA22E2F31A62C2C2EBA09
:109A40002E742DA22D2D2FA22E2E2DA62D2D80A7CA
:109A50002F3131A72C80A0A230A12FA22E3190A7A8
:109A60002F2D001A2EA281812CA22C2DCD4331A6A0
:109A70007092ED4331A77092ED4330A2A1A12FA2C5
:109A800031A131A230822FA22F3031A731812FA7EF
:109A90002F9130A23131A0A231A12CA2813030A26D
:109AA00031302EA62C2C31A22F2F2EA6302E80A79F
:109AB000312E2CA72C802EA2913031A22F2C90A7D2
:109AC000312E001AB0A2A0A0001A2EA670921B443C
:109AD0002EA770921B442DA2A2B231A2A1A12CA24A
:109AE00081B22FA2A13131A282312DA2912D2FA2BC
:109AF0002E2F2EA2A1A22C21F543AAC3E7D3EAE37D
:109B00002CA6047477A72C00381477A60470781458
:109B1000001A2DA205102EA633332FA62D2D2EA20E
:109B20002E2E2FA62F2D2EA22E332FA22F2F30A672
:109B30002F2F2EA62E2F2FA62E3077A22F72001A8F
:109B400090A77090908D001A2DA2A1A180A281A152
:109B500090A2912D001A2FA205102EA280802CA277
:109B600080332EA22E802CA22C802DA2909030A289
:109B700080902EA62E2C2DA62D302EA62F2E2CA773
:109B80002D2E001A2CA281A12DA281812EA62D910D
:109B90002DA22D2DA0A22C2C2CA22C2E2EA22E2EAE
:109BA000181085442FA2A03387442FBAA0042EA6F4
:109BB0002E2C80A62E2F2CA6A02C2DA22DA02CA2C0
:109BC0002C8090A62C2D001A702398448223984450
:109BD00031A683922FA282A130A2A1A130A231305E
:109BE00031A2818132A22F2F29A6313231A63191A3
:109BF000A0A229A131A22F312EA6812F32A6303268
:109C00002FA6913032A281322FA22F2E2CA2812F8B
:109C10002DA2299180A632312CA62C2D32A62FA060
:109C200031A22C2929A2328090A63129001A30A213
:109C3000A1A12DA2A2A22CA281A22FA282A12DA21B
:109C4000912D30A292302EA2A1A22C21A04472C448
:109C500094D496E4006877A772043714006C001A55
:109C60002DA272872CA22D8177A7812C39108136E5
:109C70002CA22D9177A7912C39109136001A003023
:109C800077A60570001A90A68090001A80A281A184
:109C900090A291A1001A31A272102CA280802DA254
:109CA00090902EA62C2D2FA22C2D2FA2332F2FA635
:109CB0002F312EA72E2F2E8D001A2CA6819130A287
:109CC00081812DA291912EA2A1A12CA22C2C2EA695
:109CD0002E2E2FA6302D2DA7302D2CA72C2F2EA7C2
:109CE0002F2E90A22D2F80A22C2EA0A22E2F001A54
:109CF0002EA670822E452EA770822E452FA2A192ED
:109D00002EA2A12E30A2819131A22E2F32A6912E09
:109D10002EA7812E2CA6812F2FA6912F32A22C3276
:109D20002CA22E2F2EA630312FA7303130A72C2F6A
:109D300031A7322E80A22E3090A22F31A0A2303136
:109D4000001A2CA2A2812DA2A2912FA2A1922EA232
:109D5000A1822C2132450DC528D52BE5001A80A7FC
:109D60007080808D001A5852022407257D522620CB
:109D7000CC52E6508750262072210A229A50381081
:109D8000003906200A210B229A500BA60C0B0BA8B7
:109D90000B070B8D381000390030E65087500A8EC3
:109DA0000A8F0B8E0B8F0DA8720B0C200D21352204
:109DB0009A500A202B229A50EA50585208222B23FC
:109DC0000224352526262653E650008126207221BE
:109DD0002C229A5000AB0A2C0030E6502BA87206B9
:109DE0002B8DEA50585202242B257D520820CC425C
:109DF000000C006435A60A0CE6508750352072210D
:109E000035229A500BA7073506200B210B229A50BA
:109E1000381000390030000C006435A60A0CE650FA
:109E200087500B8F3520722135229A50EA505852B4
:109E300008220B23022435250D26265300305852C4
:109E400026200B2148521D2006214A522620262179
:109E50001D22001E1D2008214A52262026211D22D7
:109E6000001E0D20CC42E65087500B200C210A2208
:109E70009A5082A70882828D0030585208220C2303
:109E800078240A252626265300682620062100ABC2
:109E9000818000AB9190003058520620021050543F
:109EA0000810F35414105F5506240B257D521D2015
:109EB00008214A52262026211D22001E1120CC52A4
:109EC00011240A257D520D20CC42E65087500A20ED
:109ED0000D212B229A50EA50CF550BA62B700D2442
:109EE0000B257D520820CC428650000800B87979B5
:109EF00017A70173179E179E0BA2781017A21710B1
:109F00000C200E2280A60B7090A2721082A6907078
:109F100092A6707068460E227AA882927A8D0030DE
:109F20000E210C2211A6819112A7819113A2111169
:109F300014A2121215A6829216A7829215A21512C9
:109F400016A2111611A7131481A2131412A217112D
:109F500014A6151615A7151682A2141416A2151507
:109F600013A6131292A2160B91A2111312103B46C4
:109F7000001B0A1040460C210E22424606217A564A
:109F800008217C5636A2060B36A236870AA608366A
:109F90000A8D0030E650875091A2918736A27687CD
:109FA00036A2913681A2818781A6368181A28172F3
:109FB000818D91A67070001A02248F460624082114
:109FC0007A56EA501410C447F34606217A560A8F8F
:109FD000EA501410C9471C4735A2811034A29110D1
:109FE00031A2353536A2343433A2041035A23136CD
:109FF00034A2721033A2333531A7363136A634334A
:10A0000031A73136318D39108134001A31A29110C7
:10A0100036A2041031A2313133A2721036A2363189
:10A0200031A7313336A6363333A2363633A2333630
:10A0300034A2333335A2343635A2353134A231332C
:10A0400035A23572358D33A7007333A73374339E31
:10A05000339E339E352433253526F55035A23510F1
:10A0600034A2343533A2343433A2333633A63331F9
:10A07000338D72203810052081A23480818D7D10AF
:10A0800081A70081001A000C8650D00811B8080181
:10A0900032A2041032A6323284210C20A5570C21A2
:10A0A0002D2088571120AE57071880222D21C0205F
:10A0B0005D578021AE5700190C210C2088C75DD751
:10A0C00068E7D050112217570A20B9570030001BFB
:10A0D0000C200B102D206847000C86500821B65626
:10A0E0009C5632A2041032A63232920811B80A06E7
:10A0F00002210C20A5570C212D2088571120AE5786
:10A10000031880222D21C0205D578021AE570019F1
:10A1100008212120A55721212D2088572120AE5725
:10A12000031880222D21C0205D578021AE570019D1
:10A130000C2121220C205D5788C75DD768E7DA50D3
:10A1400011221757212217570C20B95777A6807074
:10A150003E10003900AB0B90003031A6918136A73C
:10A16000918131A2318236A2369233A670B2734702
:10A1700031A6918136A7918131A2319236A23682E1
:10A1800033A770B2734734A2A1A233A2B13335A66C
:10A19000313631A7313636A7343333A6343380A273
:10A1A000313690A23533A0A23633B0A23531001A31
:10A1B00031A6918136A7918134A2313133A2313653
:10A1C00031A2A1B136A2A1A131A6313136A63636CF
:10A1D00036A7363334A7343180A23136A0A23633C5
:10A1E00090A23334B0A23134001A80A2811090A220
:10A1F0009110A0A27210B0A28090001A31A6918195
:10A2000090A7918180A63170A0A6A1A1B0A2B13281
:10A21000001A35A2721035A835A180A2813590A20E
:10A220009135808D908D001A082558527D520A2054
:10A23000CC4258520821DB5708205F5508220623DC
:10A2400002240A252626265377A626703E100B39AF
:10A2500000AB0B270030918F2CA291872DA2728723
:10A260002CA22C2C2EA72C2D2CA22C332CA72C2D41
:10A270002DA22E2E2FA22E2C2DA22D2F2FA22F2F2E
:10A280002FA22D2F2FA22F722F8D30A70074309E5A
:10A29000309E2F2430252F26F5502FA22F872DA258
:10A2A0002F2D2FA22D2D2FA22F2C2FA72F2E2F8D0C
:10A2B0003910913481A22D72818D7C1081A700818B
:10A2C00077A7810037109134001A000C7B6286500A
:10A2D00078231BA67D721B9E341043481B9E83244B
:10A2E0001B257A26F5507A207A211B229A501BA72B
:10A2F0001B831B8D3910003D001A00305852782006
:10A3000078211C229A501CA61C041C209A501CA6C2
:10A310001C051C8D1C23195877A67A703D1000303F
:10A320007AA7007A00301DA77D721EA61D701E9EA2
:10A3300083241E257A26F550381000301EA77A7225
:10A340003910003D1FA283101DB91D0020A6757095
:10A3500021A2721022A6212122239E5824A6287011
:10A3600025A67570A85823A72821238D39106B487E
:10A3700022A622215C481DA71D721D9E1F239E58E8
:10A3800026A21F2827A2262828A72721288D381093
:10A3900099482AA6727029A2272728A72921288D43
:10A3A0003810874829A229292AA62A727D481EA783
:10A3B000202A28A6247025A61E70A8582BA628702F
:10A3C00024A22B2B20A62A7026A22B2627A22724E4
:10A3D00074487AA226727A8D001A003023A2837202
:10A3E000238D23241D252326F55028A22310001A8F
:10A3F00025A725723810001A28A22828A848061078
:10A4000000385852022407257D522620CC5200687D
:10A410000AA60C800AAC0A01381000392AA6720676
:10A42000E6502BA8722A2AAC2B0187500A2006215D
:10A430002B229A502BA7072B2BAC2B012A202B2148
:10A440000B229A5038100039003006100038E650C0
:10A4500087500A8E0A8F0B8E0B8F2AA60A0B2AAC06
:10A460002A0138100039EA50585208222A230224BF
:10A470000B2523262653E6502AA60C232AAC2A01B4
:10A4800000AB0A2A0030061000385852E6508750B8
:10A490002AAC0D0F2AA62A0F2A2007212A229A5019
:10A4A0002AA6062A2AAC2A012BAC0A0F2BA62B0FB0
:10A4B0002B202A212B229A502BBB2B0C2ABB2A0C97
:10A4C000EA50585208222A230A242B250D26265307
:10A4D0000030003885A9010F001A11BA010F85A7B5
:10A4E0008511001A007001A67070007001A77D72BE
:10A4F000001A007009A67070007009BB7D0F7D21E5
:10A5000009620081001A81620081001A0F210F2662
:10A510000068868EC15236108636006C0210505983
:10A520000310875211A6267012A6277013A6287052
:10A53000E65036A8850F368D01213626EA5087422F
:10A54000900811B8868615D418E4112012541D20E5
:10A550001121001C125411211D220318C120001EBC
:10A5600012548021001926A6117027A6127028A661
:10A57000137026202621001C001C001C001B7C22BE
:10A58000001D262113106B491122BC522621E7D34E
:10A59000EAE3001A00680F8E006C2CA20F10875996
:10A5A00002108759A0A2A02C15108959001A80A268
:10A5B000802C90A2902C001AFA1ED65F300000006A
:10A5C000C000000018000000310000000000000082
:10A5D00030000000E00000001C0000003900000016
:10A5E000000000003000000000010000200000001A
:10A5F00041000000000000003000000040010000A9
:10A6000028000000510000000000000030000000A1
:10A610008001000030000000610000000000000028
:10A620003000000000020000400000008100000037
:10A630000000000017000000C0000000180000002B
:10A64000310000000000000017000000E1000000E1
:10A650001D0000003B00000000000000170000008B
:10A660000001000020000000410000000000000088
:10A6700012000000C00000001800000031000000BF
:10A680000100000012000000E00000001C000000BB
:10A69000390000000100000012000000000100006D
:10A6A0002000000041000000010000001200000036
:10A6B00040010000280000005100000001000000DF
:10A6C0001200000080010000300000006100000066
:10A6D000010000001200000009020000420000001A
:10A6E000850000000100000041000000FF000000A4
:10A6F00020000000200000000000000041000000D9
:10A70000C001000038000000380000000000000018
:10A7100042000000FF0000002000000020000000B8
:10A720000000000042000000C001000039000000ED
:10A7300039000000000000000001000000020000DD
:10A74000001400000028000000400000010000008C
:10A75000020000000100000005000000A4A70400A2
:10A76000B81305005F240400200000001000000062
:10A7700010000000200000000000000001000000A8
:10A7800006000000A4A704000000000063240400E9
:10A790002000000010000000100000002000000059
:10A7A0000000000011000000110800001128000046
:10A7B0000000000041000000010000000100000056
:10A7C0000400000000000000E8A70400C813050012
:10A7D000732704004000000020000000400000003B
:10A7E000300000000000000014000000140400000D
:10A7F00014280000142C0000440000000400000095
:10A80000040000000F000000100000001000000015
:10A8100020000000100000001000000020A804002C
:10A8200011000000112800001108000001000000C4
:10A8300020060000000200000004000040000000AC
:10A84000800000004000000090000000A9460300C6
:10A8500010060000000200000004000030000000AC
:10A86000800000004000000090000000A9460300A6
:10A8700008060000000200000004000020000000A4
:10A88000400000002000000048000000A94603002E
:10A890000406000000020000000400001C0000008C
:10A8A000400000002000000048000000A94603000E
:10A8B0000206000000020000000400001400000076
:10A8C000400000001400000048000000A9460300FA
:10A8D0001300000063000000A3000000030000005C
:10A8E0000000200030000000D81305000000100018
:10A8F00020000000F8140500FCA804002600001049
:10A9000000000000003000000C000000000000000B
:10A9100014A9040022000010000C00000031000007
:10A920000C0000000000000355170500080000009F
:10A93000531305005313050003000000DD650400F8
:10A94000050000004913050049130500040000003C
:10A9500000000000000000000000000000000000F7
:10A96000000000005E1705000900000068170500E0
:10A9700076170500010000007A17050007000000A7
:10A98000821705009117050002000000A0170500BE
:10A9900005000000A6170500AE1705000300000023
:10A9A00000000000000000000000000000000000A7
:10A9B00000000000BE17050007000000C6170500D4
:10A9C000D617050005040000E61705000800000082
:10A9D000EF17050001180500080400001318050012
:10A9E000080000001C1805002E18050009040000CE
:10A9F0004018050008000000491805005B18050014
:10AA00000A0400006D180500080000007618050013
:10AA1000881805000B040000000000000000000082
:10AA2000000000000000000000000000E3650400DA
:10AA3000040000009A180500A4180500000000009A
:10AA4000000000000000000000000000AF1805003A
:10AA500008000000B8180500C9180500E71805002F
:10AA600008000000F0180500011905001F19050075
:10AA700008000000281905003A19050047190500CB
:10AA80000800000050190500661905007819050036
:10AA9000080000008119050094190500A21905009D
:10AAA00008000000AB190500BD190500CA19050012
:10AAB00009000000D4190500EB1905000000000092
:10AAC000000000000000000000000000141A050053
:10AAD00003000000181A05002F1A050000010000ED
:10AAE000411A050003000000451A0500731A05000D
:10AAF00004000000541A050003000000581A050065
:10AB00006A1A0500000800007D1A05000300000015
:10AB1000811A0500961A050020000000A71A0500FA
:10AB200009000000B11A0500C61A05000000010066
:10AB3000E01A050003000000E41A0500FE1A0500F3
:10AB400008000000131B050003000000171B050090
:10AB5000321B050002000000491B05000300000035
:10AB60004D1B05006A1B05000100000000000000ED
:10AB700000000000000000000000000000000000D5
:10AB8000020C050003000000831B0500941B050058
:10AB9000D20C0500A01B050003000000A41B05004B
:10ABA000B61B050033170500BE1B0500030000009F
:10ABB000C21B0500D11B0500DA1B0500DC1B0500CC
:10ABC00003000000E01B0500EC1B0500F21B050064
:10ABD000F51B050003000000F91B0500101C050013
:10ABE0001D1C05001F1C050003000000231C0500A0
:10ABF000401C0500491C05004C1C05000900000014
:10AC0000561C0500631C0500561C0500721C05003F
:10AC100003000000761C0500891C05007C1C050053
:10AC2000971C0500030000009B1C0500AF1C0500DD
:10AC3000A11C0500BE1C050003000000C21C05008D
:10AC4000D31C0500C81C0500DF1C05000300000024
:10AC5000E31C0500F11C0500F91C0500FC1C0500A7
:10AC600003000000001D0500101D05001B1D050050
:10AC70001E1D050003000000221D0500311D0500FA
:10AC8000281D05003A1D0500030000003E1D0500BB
:10AC9000581D0500441D05006D1D05000300000042
:10ACA000711D05007D1D0500771D0500831D050034
:10ACB00003000000871D0500991D05008D1D05007E
:10ACC000B61D050003000000BA1D0500CA1D0500E1
:10ACD000C01D0500D41D05000A000000DF1D050091
:10ACE000E61D0500E21D0500EE1D05000A0000003E
:10ACF000F91D05000C1E050063E004001D1E050083
:10AD000003000000211E0500381E0500271E050057
:10AD10000000000000000000000000000000000033
:10AD20000000000000002A2B00002A2B000003284E
:10AD30000000292B0000292B000003280000022915
:10AD40000000052A0000052A000003280000011861
:10AD5000000000280000042A0000042A0000032844
:10AD60000000012A0000012A000003280000002A38
:10AD70000000002A0000032800000018000000283E
:10AD80000000022900000328000002290000032817
:10AD90000000022900000328000002290000032807
:10ADA0000000022900000328000049FC00000028E0
:10ADB000000000007AFF80AF79FF00AF73FF80AE24
:10ADC000EC13EC1300000000E41BE01FD02FC03F89
:10ADD000E41BE01F00000000E41BE01FD02FC03F79
:10ADE0000000C03F52656164696E6720736F696CD3
:10ADF0002073656E736F72204144433A2064657618
:10AE00006963652025732C206368616E6E656C2014
:10AE100025752C207265736F6C7574696F6E2025B3
:10AE2000752C206275666665725F73697A65202588
:10AE30007A75004144432072656164206661696CE3
:10AE400065643A206572722025642C2073657175E3
:10AE5000656E6365206275666665725F73697A65A3
:10AE600020257A752C206368616E6E656C732030C6
:10AE700078257800414443206D696C6C69766F6C6D
:10AE80007420636F6E76657273696F6E2066616998
:10AE90006C65643A206572722025642C207261779B
:10AEA00020256400536F696C2073656E736F722088
:10AEB0004144432073616D706C653A207261772064
:10AEC00025642C206D696C6C69766F6C7473202519
:10AED0006400536F696C2073656E736F72207265C6
:10AEE0006164206661696C65642028657272202542
:10AEF0006429007B22736F696C5F73656E736F7278
:10AF00005F6572726F72223A25647D007B22736FD7
:10AF1000696C5F6D6F6973747572655F706572637C
:10AF2000656E74223A25642C22736F696C5F6D6FB5
:10AF30006973747572655F6D76223A25642C22738D
:10AF40006F696C5F6D6F6973747572655F7261773D
:10AF5000223A25647D00427574746F6E2D74726997
:10AF600067676572656420736F696C2073656E73C3
:10AF70006F722072656164696E67207175657565B1
:10AF8000643A202573004C45442073746167652042
:10AF900025750053656E64696E6720627574746F01
:10AFA0006E2D74726967676572656420736F696C72
:10AFB0002073656E736F722072656164696E6700DD
:10AFC00057726974696E6720736F696C2073656E60
:10AFD000736F722075706C696E6B3A207061746863
:10AFE000202E732F73656E736F722C20636F6E74D7
:10AFF000656E745F747970652025642C206C656EB5
:10B0000020257A75002E732F73656E736F7200534F
:10B010006F696C2073656E736F722075706C696EEA
:10B020006B207772697465206661696C656420289D
:10B030006572722025642900506F7563682053443F
:10B040004B2056657273696F6E3A2076302E312E22
:10B05000302D3232332D67623533396632663237FE
:10B0600066323600506F7563682050726F746F637C
:10B070006F6C2056657273696F6E3A2025640050BC
:10B080006F75636820424C45205472616E73706F17
:10B0900072742050726F746F636F6C205665727398
:10B0A000696F6E3A20256400436F756C64206E6F83
:10B0B0007420696E697469616C697A65204C4544D5
:10B0C000004661696C656420746F206C6F61642058
:10B0D000636572746966696361746520286572725C
:10B0E00020256429004661696C656420746F206CBA
:10B0F0006F61642070726976617465206B65790098
:10B1000043726564656E7469616C73206C6F616411
:10B11000656400506F75636820696E6974206661AC
:10B12000696C656420286572722025642900506F5F
:10B1300075636820696E697469616C697A65640019
:10B1400053657420757020627574746F6E2061741D
:10B150002025732070696E20256400436F756C6430
:10B16000206E6F7420696E697469616C697A6520FC
:10B17000427574746F6E004572726F722025643A66
:10B18000206661696C656420746F20636F6E666908
:10B190006775726520696E74657272757074206F60
:10B1A0006E2025732070696E20256400536F696CD2
:10B1B0002073656E736F7220414443206465766925
:10B1C0006365206973206E6F742072656164790015
:10B1D000436F756C64206E6F7420636F6E66696771
:10B1E00075726520736F696C2073656E736F722062
:10B1F000414443206368616E6E656C2028657272FD
:10B200002025642900536F696C2073656E736F721B
:10B2100020414443206368616E6E656C20636F6EED
:10B2200066696775726564004164766572746973F6
:10B23000696E672073746172746564006D61696E14
:10B24000002F6C6673312F63726564656E7469617B
:10B250006C73004661696C656420746F206372656D
:10B260006174652063726564656E7469616C7320D6
:10B270006469723A20256400436F756C64206E6FB8
:10B2800074206F70656E2025732C206572723A20D1
:10B29000256400436F756C64206E6F742072656165
:10B2A000642025732C206572723A202564002F6C6F
:10B2B0006673312F63726564656E7469616C732F98
:10B2C0006B65792E646572004661696C65642074F3
:10B2D0006F207061727365206B65793A202D30782C
:10B2E0002578004661696C656420746F20696D7013
:10B2F0006F72742070726976617465206B65793A3B
:10B30000202D30782578002F6C6673312F6372659D
:10B3100064656E7469616C732F6372742E646572F8
:10B3200000526573657474696E6720737973746510
:10B330006D00666174616C5F6572726F720070752A
:10B34000626C69630072616E646F6D007075626C2F
:10B3500069632D69640072616E646F6D2D696400AC
:10B36000253032583A253032583A253032583A256D
:10B370003032583A253032583A2530325820282574
:10B380007329002530367500506173736B65792021
:10B39000666F722025733A202573005061697269C7
:10B3A0006E672063616E63656C6C65643A2025731B
:10B3B00000436F6E6669726D20706173736B65799F
:10B3C00020666F722025733A20257300436F6E66E6
:10B3D00069726D696E6720706173736B6579004E79
:10B3E0006F20425420636F6E6E656374696F6E20C8
:10B3F000666F7220706173736B657920636F6E6620
:10B4000069726D6174696F6E00426C7565746F6FFF
:10B41000746820696E6974206661696C65642028AF
:10B420006572722025642900426C7565746F6F74B3
:10B43000682061757468206362207265676973743F
:10B440006572206661696C656420286572722025CA
:10B450006429004661696C656420746F20737461AF
:10B460007274206164766572746973696E672028EE
:10B470006572723A2025642900476F6C696F7468A1
:10B48000006578616D706C655F626C655F70657298
:10B490006970686572616C0028756E7369676E65A6
:10B4A00064292063686172202A20757365642066B0
:10B4B0006F722025257020617267756D656E742E20
:10B4C0002049742773207265636F6D6D656E6465C6
:10B4D0006420746F206361737420697420746F201A
:10B4E000766F6964202A20626563617573652069DF
:10B4F00074206D6179206361757365206D69736275
:10B5000065686176696F7220696E20636572746127
:10B51000696E20636F6E66696775726174696F6EBC
:10B52000732E20537472696E673A2225732220614C
:10B530007267756D656E743A256400636270726936
:10B540006E74665F7061636B616765004661696C0C
:10B55000656420746F207265626F6F743A20737037
:10B56000696E6E696E6720656E646C6573736C7965
:10B570002E2E2E0A007F7F7F7F7F7F7F7F7F7F7FC2
:10B580007F7F7F7F7F7F7F7F7F7F7F7F7F7F7F7FCB
:10B590007F7F7F7F7F7F7F7F7F7F7F7F7F7F7F7FBB
:10B5A0003E7F7F7F3F3435363738393A3B3C3D7FED
:10B5B0007F7F407F7F7F00010203040506070809A3
:10B5C0000A0B0C0D0E0F1011121314151617181963
:10B5D0007F7F7F7F7F7F1A1B1C1D1E1F2021222340
:10B5E0002425262728292A2B2C2D2E2F30313233A3
:10B5F0007F7F7F7F7F4142434445464748494A4BCE
:10B600004C4D4E4F505152535455565758595A61FC
:10B6100062636465666768696A6B6C6D6E6F707192
:10B6200072737475767778797A303132333435368F
:10B630003738392B2F6C6F6767696E67006C6F67DF
:10B64000006C6F675F6D676D74004D657373616744
:10B6500065202822257322292064726F707065642A
:10B660002062656361757365206974206578636520
:10B670006564732073697A65206C696D697461749F
:10B68000696F6E2028257529004D657373616765A4
:10B690002064726F707065642062656361757365A4
:10B6A00020697420657863656564732073697A65C1
:10B6B000206C696D69746174696F6E202825752925
:10B6C000000D0A001B5B306D005B2530386C755D2A
:10B6D00020005B253032753A253032753A253032FC
:10B6E000752E253033752C253033755D200025737C
:10B6F0002F003C25733E200025733A200025303270
:10B70000782000202020007C00206D657373616725
:10B7100065732064726F70706564202D2D2D0D0A85
:10B720001B5B306D001B5B313B33316D2D2D2D20AC
:10B73000001B5B313B33316D001B5B313B33336DA1
:10B74000006572720077726E00696E6600646267EF
:10B75000006163746976650073757370656E646506
:10B7600064006F666600706D5F646576696365008E
:10B7700053545245414D5F464C41534800666C61FD
:10B7800073685F696D67006B65726E656C004B6511
:10B79000726E656C20636F6D6D616E6473006379AA
:10B7A000636C65733A202575206877206379636C34
:10B7B00065730A006379636C6573004B65726E652F
:10B7C0006C206379636C65732E00556E61626C65E5
:10B7D00020746F20706172736520696E70757420BB
:10B7E00028657272202564290A00736C65657000F3
:10B7F0006D7300557074696D653A20256C6C752009
:10B800006D730A002D70002D2D70726574747900AF
:10B81000556E737570706F72746564206F707469A3
:10B820006F6E3A2025730A00757074696D653A2051
:10B83000256C6C7520646179732C20256C6C7520E7
:10B84000686F7572732C20256C6C75206D696E7530
:10B850007465732C20256C6C75207365636F6E6442
:10B86000732C20256C6C75206D696C6C6973656335
:10B870006F6E64730A00757074696D65004B657254
:10B880006E656C20757074696D652E2043616E2045
:10B8900062652063616C6C656420776974682074EC
:10B8A0006865202D70206F72202D2D707265747464
:10B8B00079206F7074696F6E7300342E322E3939AF
:10B8C000005A65706879722076657273696F6E20B0
:10B8D00025730A004B65726E656C2076657273691C
:10B8E0006F6E2E005468697320636F6D6D616E64B6
:10B8F000206973206465707265636174656420619A
:10B90000732069742069732061206475706C6963A9
:10B910006174652E2055736520276C6F6720656EF6
:10B9200061626C652720636F6D6D616E6420667265
:10B930006F6D206C6F6767696E6720636F6D6D61F7
:10B940006E6473207365742E0A00556E61626C65B7
:10B9500020746F207061727365206C6F672073654F
:10B960007665726974792028657272202564290AC7
:10B9700000496E76616C6964206C6F67206C657637
:10B98000656C3A2025640A00556E61626C6520740E
:10B990006F2066696E64206C6F6720736F757263C9
:10B9A000653A2025730A006C6F675F6C6576656C7D
:10B9B000003C6D6F64756C65206E616D653E203C6A
:10B9C00073657665726974792028302D34293E00BC
:10B9D0007265626F6F74005265626F6F742E0063E0
:10B9E0006F6C6400436F6C64207265626F6F742EBD
:10B9F000007761726D005761726D207265626F6FC2
:10BA0000742E00746872656164004B65726E656CBB
:10BA100020746872656164732E0053636865647591
:10BA20006C65723A2025752073696E6365206C61C0
:10BA300073742063616C6C0A00546872656164738E
:10BA40003A0A004E41002573257020252D313073B0
:10BA50000A00096F7074696F6E733A203078257828
:10BA60002C207072696F726974793A202564207491
:10BA7000696D656F75743A20256C6C640A000973F2
:10BA8000746174653A2025732C20656E7472793A5E
:10BA90002025700A00556E61626C6520746F206409
:10BAA000657465726D696E6520756E757365642069
:10BAB000737461636B2073697A6520282564290A91
:10BAC0000A0009737461636B2073697A6520257AB3
:10BAD000752C20756E7573656420257A752C20751C
:10BAE0007361676520257A75202F20257A752028B7
:10BAF0002575202525290A0A004C697374206B6579
:10BB0000726E656C20746872656164732E002570B6
:10BB100020495251202530326420257328726561F6
:10BB20006C2073697A652025347A75293A09756E17
:10BB3000757365642025347A7509757361676520AE
:10BB400025347A75202F2025347A75202825327ADD
:10BB500075202525290A00257020252D33327320D4
:10BB6000287265616C2073697A652025347A75299D
:10BB70003A09756E757365642025347A7509757395
:10BB80006167652025347A75202F2025347A752049
:10BB900028253275202525290A00737461636B738B
:10BBA000004C6973742074687265616473207374E7
:10BBB00061636B2075736167652E005468726561FF
:10BBC00064204944202570206973206E6F742076AC
:10BBD000616C69640A004572726F723A5368656CF1
:10BBE0006C207468726561642063616E6E6F74208E
:10BBF00062652073757370656E6465640A005468CD
:10BC0000726561642025702073757370656E64655C
:10BC1000640A0073757370656E64006B65726E659F
:10BC20006C207468726561642073757370656E64EE
:10BC3000203C7468726561645F69643E004572729D
:10BC40006F723A5368656C6C207468726561642029
:10BC500063616E6E6F7420626520726573756D65C9
:10BC6000640A0054687265616420257020726573EF
:10BC7000756D65640A00726573756D65006B65723C
:10BC80006E656C2074687265616420726573756D91
:10BC900065203C7468726561645F69643E0045724A
:10BCA000726F723A5368656C6C2074687265616477
:10BCB0002063616E6E6F74206265206B696C6C65C9
:10BCC000640A000A20546872656164202570206B44
:10BCD000696C6C65640A006B696C6C006B65726EF4
:10BCE000656C20746872656164206B696C6C203CC3
:10BCF0007468726561645F69643E00446576696377
:10BD00006520756E6B6E6F776E20282573290A008B
:10BD100044657669636520257320697320616C72C0
:10BD20006561647920696E697469616C697A6564BA
:10BD30000A0044657669636520257320696E69741D
:10BD400069616C697A6174696F6E206661696C659E
:10BD5000642077697468206572723D25640A004426
:10BD6000657669636520257320696E697469616C05
:10BD7000697A6564207375636365737366756C6C4B
:10BD8000790A0052454144590044495341424C45C7
:10BD90004400646576696365733A0A005B25705DEB
:10BDA000002D2025730020204454206E6F646520F0
:10BDB0006C6162656C733A00446576696365206303
:10BDC0006F6D6D616E6473004D616E75616C6C7941
:10BDD00020696E697469616C697A652061206465A7
:10BDE00076696365004C69737420636F6E6669677A
:10BDF0007572656420646576696365732C20776964
:10BE0000746820616E206F7074696F6E616C20665B
:10BE1000696C746572005B3C646576696365206675
:10BE2000696C7465723E5D0025642D253032752D78
:10BE30002530327520253032753A253032753A2555
:10BE4000303275205554430A00496E76616C69643E
:10BE500020686F75720A00496E76616C6964206DA6
:10BE6000696E7574650A00496E76616C6964207349
:10BE700065636F6E640A00496E76616C6964206D5B
:10BE80006F6E74680A00496E76616C696420646143
:10BE9000790A004661696C656420746F2063616C87
:10BEA00063756C617465207365636F6E6473207372
:10BEB000696E63652045706F63680A00436F756C37
:10BEC00064206E6F7420736574206461746520252E
:10BED000640A0064617465004461746520636F6D79
:10BEE0006D616E6473005B592D6D2D645D203C485F
:10BEF0003A4D3A533E00676574005B6E6F6E655D48
:10BF0000005573696E672064617461207769647499
:10BF1000682025640A00496E636F7272656374203D
:10BF2000646174612077696474680A0052656164B1
:10BF30002076616C756520307825780A0057726923
:10BF400074696E672076616C756520307825780A93
:10BF500000696E76616C69642061646472202725D3
:10BF600073270A00696E76616C69642073697A656B
:10BF700020272573270A00696E76616C6964207733
:10BF80006964746820272573270A00613A733A7739
:10BF90003A00272D61203C616464726573733E270B
:10BFA000206973206D616E6461746F72790A002775
:10BFB0002D73203C73697A653E27206973206D617B
:10BFC0006E6461746F72790A006465766D656D20C8
:10BFD0006C6F616420737570706F72747320736519
:10BFE0007474696E6720627970617373206F6E205C
:10BFF000612073696E676C6520696E7374616E632E
:10C00000652E0A004C6F6164696E672E2E2E0A70D1
:10C0100072657373206374726C2D78206374726C14
:10C020002D7120746F206573636170650A004E7511
:10C030006D626572206F6620627974657320726527
:10C0400061643A2025640A002D6500556E6B6E6FA1
:10C05000776E206F7074696F6E20222573220A003C
:10C060006465766D656D00526561642F77726974E1
:10C070006520706879736963616C206D656D6F729E
:10C08000790A55736167653A0A52656164206D6586
:10C090006D6F7279206174206164647265737320BE
:10C0A00077697468206F7074696F6E616C2077694E
:10C0B0006474683A0A6465766D656D203C616464F9
:10C0C000726573733E205B3C77696474683E5D0AF9
:10C0D0005772697465206D656D6F72792061742087
:10C0E000616464726573732077697468206D616E32
:10C0F0006461746F727920776964746820616E641A
:10C100002076616C75653A0A6465766D656D203CD4
:10C11000616464726573733E203C77696474683E41
:10C12000203C76616C75653E0064756D70005573DA
:10C130006167653A0A6465766D656D2064756D703A
:10C14000202D61203C616464726573733E202D7301
:10C15000203C73697A653E205B2D77203C776964CB
:10C1600074683E5D0A006C6F6164005573616765B9
:10C170003A0A6465766D656D206C6F6164205B6F53
:10C180007074696F6E735D205B6164647265737354
:10C190005D0A4F7074696F6E733A0A2D65096C6998
:10C1A00074746C652D656E6469616E207061727364
:10C1B000650076302E312E302D3232332D676235C8
:10C1C000333966326632376632360A00312E302E07
:10C1D000302B300A00312E302E300A006170700092
:10C1E0004170706C69636174696F6E2076657273FB
:10C1F000696F6E20696E666F726D6174696F6E2013
:10C20000636F6D6D616E6473004170706C69636122
:10C2100074696F6E2076657273696F6E2E20286563
:10C22000782E2022312E322E332D756E737461627A
:10C230006C652E3522290076657273696F6E202D2C
:10C2400020657874656E646564004170706C696324
:10C250006174696F6E2076657273696F6E206578A0
:10C2600074656E6465642E202865782E2022312E38
:10C27000322E332D756E737461626C652E352B34DE
:10C280002229006275696C64202D207665727369BD
:10C290006F6E004170706C69636174696F6E2062CB
:10C2A00075696C642076657273696F6E2E202865DF
:10C2B000782E202276332E332E302D31382D6732D2
:10C2C000633835643932323466636122290052584A
:10C2D0002072696E67206275666665722066756C8D
:10C2E0006C2E007368656C6C2E7368656C6C5F7582
:10C2F00061727400756172743A7E242000736865FF
:10C300006C6C5F756172745F6261636B656E640013
:10C31000537562636F6D6D616E64733A0A006E6F80
:10C3200074207465726D696E617465643A2025636A
:10C330000A00506C65617365207370656369667986
:10C34000206120737562636F6D6D616E642E0A00EB
:10C350004572726F723A20726571756573746564A7
:10C36000206D756C7469706C652066756E63746998
:10C370006F6E20657865637574696F6E730A003A35
:10C3800020636F6D6D616E64206E6F7420666F75D3
:10C390006E6400546F6F206D616E792061726775F5
:10C3A0006D656E747320696E2074686520636F6DAF
:10C3B0006D616E642E0A0025733A2077726F6E6786
:10C3C00020706172616D6574657220636F756E7443
:10C3D0000A005741524E494E473A20412070726937
:10C3E0006E74207265717565737420776173206453
:10C3F00065746563746564206F6E206E6F74206170
:10C400006374697665207368656C6C206261636B28
:10C41000656E642E0A000A2573257300506C6561F1
:10C42000736520707265737320746865203C546175
:10C43000623E20627574746F6E20746F2073656540
:10C4400020616C6C20617661696C61626C6520634F
:10C450006F6D6D616E64732E0A00596F7520636194
:10C460006E20616C736F2075736520746865203C65
:10C470005461623E20627574746F6E20746F207018
:10C48000726F6D7074206F72206175746F2D636FA1
:10C490006D706C65746520616C6C20636F6D6D618F
:10C4A0006E6473206F722069747320737562636F9A
:10C4B0006D6D616E64732E0A00596F752063616E35
:10C4C0002074727920746F2063616C6C20636F6DCF
:10C4D0006D616E64732077697468203C2D683E201E
:10C4E0006F72203C2D2D68656C703E20706172610A
:10C4F0006D6574657220666F72206D6F726520695C
:10C500006E666F726D6174696F6E2E0A000A5368F1
:10C51000656C6C20737570706F72747320666F6CCD
:10C520006C6F77696E67206D6574612D6B657973CB
:10C530003A0A20204374726C202B202861206B65FE
:10C54000792066726F6D3A206162636465666B6C18
:10C550006E707577290A2020416C7420202B2028CA
:10C5600061206B65792066726F6D3A206266290AD8
:10C57000506C6561736520726566657220746F200A
:10C580007368656C6C20646F63756D656E7461743F
:10C59000696F6E20666F72206D6F726520646574BE
:10C5A00061696C732E0A000A417661696C61626C84
:10C5B0006520636F6D6D616E64733A0A00253038D3
:10C5C000583A20007C0A005072696E7473207468B7
:10C5D000652068656C70206D6573736167652E00FA
:10C5E0001B5B25642563001B5B313B3325646D00B9
:10C5F0001B5B34303325646D0055736167653A20E9
:10C60000257320002573252D2A73002D68002D2DFC
:10C6100068656C7000202D20002020004C6F737422
:10C62000206C6F67733A20256C750A00416374694A
:10C630007665207368656C6C206261636B656E64FF
:10C64000733A0A0020202532642E203A25732028D0
:10C650002573290A005B2533645D2025730A0020B9
:10C66000756E6B6E6F776E20706172616D6574654B
:10C67000723A200025733A257325730A00456368D2
:10C680006F207374617475733A2025730A004E6FBE
:10C6900020726573706F6E73652066726F6D2074A3
:10C6A0006865207465726D696E616C2C20617373AE
:10C6B000756D656420383078323420736372656537
:10C6C0006E2073697A650A001B5B366E00726574B2
:10C6D00076616C005072696E742072657475726E4A
:10C6E0002076616C7565206F66206D6F73742072A3
:10C6F0006563656E7420636F6D6D616E6400726555
:10C7000073697A6500436F6E736F6C65206765743B
:10C7100073207465726D696E616C207363726565F8
:10C720006E2073697A65206F7220617373756D6511
:10C73000732064656661756C7420696E2063617333
:10C74000652074686520726561646F757420666128
:10C75000696C732E204974206D7573742062652096
:10C7600065786563757465642061667465722065BB
:10C77000616368207465726D696E616C20776964AD
:10C780007468206368616E676520746F20656E73DE
:10C7900075726520636F7272656374207465787456
:10C7A00020646973706C61792E00686973746F72AC
:10C7B0007900436F6D6D616E6420686973746F7288
:10C7C000792E0055736566756C2C206E6F7420553C
:10C7D0006E69782D6C696B65207368656C6C20637D
:10C7E0006F6D6D616E64732E00636C6561720043E2
:10C7F0006C6561722073637265656E2E0072656D83
:10C800000049676E6F7265206C696E6573206265A2
:10C8100067696E6E696E6720776974682027726534
:10C820006D20270064656661756C740041737375D3
:10C830006D652038302063686172732073637265A0
:10C84000656E20776964746820616E642073656E1C
:10C850006420746869732073657474696E672074EA
:10C860006F20746865207465726D696E616C2E004E
:10C870006261636B656E6473004C697374206163FD
:10C8800074697665207368656C6C206261636B65A2
:10C890006E64732E0A006261636B73706163655F1F
:10C8A0006D6F646500546F67676C65206261636BD0
:10C8B0007370616365206B6579206D6F64652E0A06
:10C8C000536F6D65207465726D696E616C73206164
:10C8D0007265206E6F742073656E64696E67207375
:10C8E0006570617261746520657363617065206352
:10C8F0006F646520666F72206261636B7370616341
:10C900006520616E642064656C6574652062757471
:10C91000746F6E2E205468697320636F6D6D616E45
:10C920006420666F72636573207368656C6C207435
:10C930006F20696E746572707265742064656C65D1
:10C940007465206B6579206173206261636B73701D
:10C950006163652E00636F6C6F727300546F67675D
:10C960006C6520636F6C6F7265642073796E74619F
:10C97000782E00767431303000546F67676C652014
:10C98000767431303020636F6D6D616E64732E008C
:10C9900070726F6D707400546F67676C6520707291
:10C9A0006F6D70742E006563686F00546F67676CFD
:10C9B00065207368656C6C206563686F2E00737406
:10C9C000617473005368656C6C207374617469736F
:10C9D000746963732E006261636B737061636500D9
:10C9E00053657420646966666572656E742065734C
:10C9F0006361706520636F646520666F7220626199
:10CA0000636B737061636520616E642064656C653F
:10CA10007465206B65792E0064656C6574650053E0
:10CA20006574207468652073616D6520657363614A
:10CA3000706520636F646520666F72206261636B4E
:10CA4000737061636520616E642064656C657465F4
:10CA5000206B65792E00726573657400526573658D
:10CA600074207368656C6C20737461746973746985
:10CA7000637320666F7220746865204C6F6767650A
:10CA800072206D6F64756C652E0073686F77004758
:10CA90006574207368656C6C207374617469737459
:10CAA00069637320666F7220746865204C6F6767D6
:10CAB0006572206D6F64756C652E004469736162E8
:10CAC0006C65207368656C6C206563686F2E20450B
:10CAD000646974696E67206B65797320616E642088
:10CAE0006D6574612D6B65797320617265206E6F61
:10CAF000742068616E646C656400456E61626C658B
:10CB0000207368656C6C206563686F2E00446973E0
:10CB100061626C652070726F6D70742E00456E617D
:10CB2000626C652070726F6D70742E004469736161
:10CB3000626C6520767431303020636F6D6D616E8C
:10CB400064732E00456E61626C65207674313030FE
:10CB500020636F6D6D616E64732E00446973616252
:10CB60006C6520636F6C6F7265642073796E74619D
:10CB7000782E00456E61626C6520636F6C6F726524
:10CB8000642073796E7461782E00436F6D6D616EF1
:10CB9000642062756666657220697320746F6F2009
:10CBA00073686F727420746F20657870616E642092
:10CBB000616C6C20636F6D6D616E6473206D617468
:10CBC0006368696E672077696C6463617264207062
:10CBD00061747465726E3A2025730A0053697A6530
:10CBE000206F6620434F4E4649475F464C415348AD
:10CBF0005F46494C4C5F4255464645525F53495A41
:10CC000045004E65676174697665206F6666736579
:10CC100074206E6F7420616C6C6F7765640A0049D4
:10CC20006E636F72726563742073697A65206F72C8
:10CC3000206F666673657420616C69676E6D656EE2
:10CC4000742C20657870656374656420257A780A91
:10CC50000046696C6C20746F206465762025702016
:10CC60006661696C6564206174206F6666736574C3
:10CC7000203078257A780A00666C617368002A2A69
:10CC80002A20426F6F74696E6720506F7563682049
:10CC9000424C452047415454204578616D706C6585
:10CCA0002076312E302E302D6235333966326632A1
:10CCB00037663236202A2A2A0A002A2A2A20557361
:10CCC000696E67206E524620436F6E6E65637420F6
:10CCD00053444B2076332E322E332D36663834387B
:10CCE00035643238393064202A2A2A0A002A2A2A4E
:10CCF000205573696E67205A6570687972204F53AA
:10CD00002076342E322E39392D6334633735663729
:10CD10003165373039202A2A2A0A0072302F6131D2
:10CD20003A2020307825303878202072312F613237
:10CD30003A2020307825303878202072322F613325
:10CD40003A20203078253038780072332F61343A19
:10CD50002020307825303878207231322F69703AAF
:10CD60002020307825303878207231342F6C723A98
:10CD700020203078253038780020787073723A207F
:10CD800020307825303878004661756C74696E679C
:10CD900020696E737472756374696F6E2061646468
:10CDA0007265737320287231352F7063293A2030F1
:10CDB000782530387800556E68616E646C65642043
:10CDC0004952516E3A202564002A2A2A2A2A204DE7
:10CDD0005055204641554C54202A2A2A2A2A002000
:10CDE00020537461636B696E67206572726F722085
:10CDF00028636F6E746578742061726561206D6957
:10CE0000676874206265206E6F742076616C696457
:10CE100029002020556E737461636B696E6720650D
:10CE200072726F72002020446174612041636365F7
:10CE300073732056696F6C6174696F6E0020204DAA
:10CE40004D46415220416464726573733A203078D4
:10CE50002578002020496E737472756374696F6E53
:10CE6000204163636573732056696F6C6174696FE9
:10CE70006E002020466C6F6174696E672D706F695B
:10CE80006E74206C617A792073746174652070729D
:10CE900065736572766174696F6E206572726F7208
:10CEA000002A2A2A2A2A205553414745204641551F
:10CEB0004C54202A2A2A2A2A0020204469766973A1
:10CEC000696F6E206279207A65726F002020556E3E
:10CED000616C69676E6564206D656D6F7279206144
:10CEE0006363657373002020537461636B206F76F6
:10CEF0006572666C6F772028636F6E746578742036
:10CF000061726561206E6F742076616C69642900BE
:10CF100020204E6F20636F70726F636573736F7242
:10CF200020696E737472756374696F6E730020206C
:10CF3000496C6C6567616C206C6F6164206F662062
:10CF40004558435F52455455524E20696E746F20C8
:10CF50005043002020496C6C6567616C20757365D7
:10CF6000206F662074686520455053520020204190
:10CF70007474656D707420746F2065786563757462
:10CF80006520756E646566696E656420696E73748C
:10CF900072756374696F6E002A2A2A2A2A20425504
:10CFA00053204641554C54202A2A2A2A2A00202060
:10CFB000537461636B696E67206572726F720020D3
:10CFC00020507265636973652064617461206275C5
:10CFD00073206572726F72002020424641522041D8
:10CFE0006464726573733A20307825780020204994
:10CFF0006D70726563697365206461746120627528
:10D0000073206572726F72002020496E737472759E
:10D010006374696F6E20627573206572726F72003F
:10D0200052657365727665642045786365707469CE
:10D030006F6E20280053707572696F757320696E6A
:10D0400074657272757074202849525120005350D3
:10D0500053454C20696E20746872656164206D6F61
:10D06000646520646F6573206E6F7420696E6469F7
:10D070006361746520505350002A2A2A2A2A2048C6
:10D08000415244204641554C54202A2A2A2A2A003B
:10D090002020427573206661756C74206F6E207657
:10D0A0006563746F72207461626C6520726561647F
:10D0B0000020204465627567206576656E740020E7
:10D0C000204661756C7420657363616C6174696F6F
:10D0D0006E20287365652062656C6F772900415268
:10D0E00043485F455843455054207769746820721F
:10D0F0006561736F6E2025780A002A2A2A2A2A2061
:10D100004465627567206D6F6E69746F7220657813
:10D1100063657074696F6E202A2A2A2A2A002A2AD7
:10D120002A2A2A20257320256429202A2A2A2A2A05
:10D13000006D7075004661696C656420746F2061D4
:10D140006C6C6F63617465206E6577204D5055205F
:10D15000726567696F6E2025750A00506172746987
:10D1600074696F6E2025753A2073616E6974792039
:10D17000636865636B206661696C65642E00496E47
:10D1800076616C696420756E6465726C79696E672E
:10D1900020726567696F6E20696E646578202575F9
:10D1A00000464C4153485F30005352414D5F3000C0
:10D1B000657869740061626F727428290A00676576
:10D1C000746F7074006E65745F627566006E65746E
:10D1D0005F6275665F73696D706C6500736F630085
:10D1E000696E76616C69642066696C65206E616D3C
:10D1F000652121006D6F756E7420706F696E7420EB
:10D200006E6F7420666F756E6421210066696C65AF
:10D210002073686F756C64206265206F70656E6541
:10D220006420666F7220777269746520746F207451
:10D2300072756E6361746521210066696C65207486
:10D2400072756E636174696F6E206E6F7420737592
:10D2500070706F7274656421210066696C65206F5F
:10D2600070656E206572726F7220282564290066D1
:10D27000696C65207472756E636174696F6E206687
:10D2800061696C656420282564290066696C6520E5
:10D29000636C6F7365206572726F72202825642934
:10D2A0000066696C652072656164206572726F72D8
:10D2B00020282564290066696C6520777269746589
:10D2C000206572726F7220282564290066696C657A
:10D2D000207365656B206572726F72202825642942
:10D2E0000066696C652074656C6C206572726F7283
:10D2F00020282564290066696C65207472756E6348
:10D30000617465206572726F722028256429006936
:10D310006E76616C6964206469726563746F72799A
:10D32000206E616D652121006469726563746F729E
:10D3300079206F70656E206572726F722028256487
:10D3400029006469726563746F7279207265616423
:10D35000206572726F7220282564290064697265E5
:10D3600063746F727920636C6F7365206572726F7E
:10D37000722028256429006661696C656420746FD9
:10D3800020637265617465206469726563746F728D
:10D39000792028256429006661696C656420746FB2
:10D3A00020756E6C696E6B2070617468202825642E
:10D3B0002900696E76616C69642066696C65206F0E
:10D3C0007220646972206E616D6521210066616959
:10D3D0006C6564206765742066696C65206F7220D7
:10D3E00064697220737461742028256429006D6F4C
:10D3F000756E7420706F696E74206E6F7420696E24
:10D40000697469616C697A656421210066696C657B
:10D410002073797374656D20616C72656164792025
:10D420006D6F756E746564212100696E76616C693B
:10D4300064206D6F756E7420706F696E74212100A9
:10D440006D6F756E7420706F696E7420616C72659B
:10D450006164792065786973747321210072657144
:10D460007565737465642066696C6520737973747F
:10D47000656D2074797065206E6F742072656769C0
:10D480007374657265642121006673207479706518
:10D4900020256420646F6573206E6F74207375702F
:10D4A000706F7274206D6F756E74696E67006D6F4A
:10D4B000756E742070617468202573206973206E06
:10D4C0006F7420756E6D6F756E7461626C65006649
:10D4D00073206D6F756E74206572726F72202825CF
:10D4E000642900257320756E6D6F756E7465640018
:10D4F0006C6974746C6566732070617274697469A8
:10D500006F6E206174202573004175746F6D6F75A7
:10D510006E742025732073756363656564656400AC
:10D520004175746F6D6F756E742025732066616927
:10D530006C65643A202564004C6974746C654653CC
:10D540002076657273696F6E2025752E25752C20E7
:10D550006469736B2076657273696F6E2025752E12
:10D5600025750043616E277420696E6974206C69AB
:10D5700074746C656673206261636B656E642C20E5
:10D5800072657669657720636F6E6669677320617F
:10D590006E6420666C6167732030782530387800BF
:10D5A00063616E2774206F70656E20666C617368AE
:10D5B00020617265612025642C20657272202564CB
:10D5C0000063616E27742067657420666C61736800
:10D5D000206465766963653A2025730046532061AF
:10D5E000742025733A3078257820697320257520BA
:10D5F000307825782D6279746520626C6F636B7367
:10D600002077697468202575206379636C650070E4
:10D610006172746974696F6E2073697A65733A20F8
:10D620007264202575203B207072202575203B20D8
:10D630006361202575203B206C61202575006361A6
:10D640006E2774206D6F756E7420284C465320250C
:10D6500064293B20666F726D617474696E67006344
:10D66000616E206E6F7420666F726D6174207265DA
:10D6700061642D6F6E6C792073797374656D0072BF
:10D68000656D6F756E7420616674657220666F7269
:10D690006D6174206661696C656420284C46532076
:10D6A000256429002573206D6F756E74656400D93B
:10D6B000FBFBFBFBFBFBFBFBFBFBFBFBFBFBFBFBBA
:10D6C000FBFBFBFBFBFBFBFBFBFBFBFBFBFBFBFBAA
:10D6D000FBFBFBFBFBFBFBFBFBFBFBFBFBFBFBFB9A
:10D6E000FBFBFBFBFBFBFBFBFBFBFBFBFBE4E5FBB7
:10D6F000FBFBFBEAEBECFBFBEFFBFBACFBF4FBFB0C
:10D70000F7FBFBFBFBFBFBFEF2FBFBFBFBFBFBFB73
:10D71000FBFBFBFBFBFBFBFBFBFBFBFBFBFBFBFB59
:10D72000FBFBFBFBFBFBFBFBFBFBFBFBFBFBFBFB49
:10D73000FBFBFBFBFBA6FBFBFBFBFBFBFBFBFBFB8E
:10D74000E4E5FBFBFBFBEAEBECFBFBEFFBFBFBFB92
:10D75000F4FBFBF7FBFBFBFBFBFBFE2F6C66733163
:10D76000006C6974746C65667300257320646F6562
:10D77000736E27742065786973740A0025732069B5
:10D7800073206E6F742061206469726563746F72B8
:10D79000790A00556E61626C6520746F206F706548
:10D7A0006E2025732028657272202564290A005591
:10D7B0006E61626C6520746F2072656164206469BB
:10D7C000726563746F72790A0025387A7520257343
:10D7D00025730A004572726F722063726561746905
:10D7E0006E67206469725B25645D0A004661696C3E
:10D7F000656420746F206F627461696E2066696C65
:10D800006520257320286572723A202564290A0054
:10D810004E6F7420612066696C652025730A00468E
:10D82000696C652073697A653A20257A640A004636
:10D8300061696C656420746F206F70656E2025735C
:10D8400020282564290A004661696C656420746F8C
:10D85000207365656B20257320282564290A00251F
:10D86000303858202000253032582000252A630007
:10D870004661696C656420746F207265616420661E
:10D88000726F6D2066696C65202573202865727241
:10D890003A20257A64290A004661696C656420741F
:10D8A0006F2072656D6F76652025732028256429A9
:10D8B0000A004661696C656420746F20726561645A
:10D8C00020257320282564290A004661696C656457
:10D8D00020746F2077726974652025732028256471
:10D8E000290A004661696C656420746F207772694B
:10D8F00074652025730A004661696C656420746F45
:10D9000020636C6F73652025730A004661696C653E
:10D910006420746F2073746174766673202573209D
:10D92000282564290A006273697A6520256C752CA4
:10D9300020667273697A6520256C752C20626C6F85
:10D94000636B7320256C752C2062667265652025DB
:10D950006C750A004661696C656420746F2074728E
:10D96000756E6361746520257320282564290A007B
:10D970002D6F004D697373696E6720617267756DF5
:10D98000656E740A0046696C652073797374656D01
:10D9900020636F6D6D616E64730063640043686142
:10D9A0006E676520776F726B696E67206469726558
:10D9B00063746F7279004C6973742066696C657367
:10D9C00020696E2063757272656E74206469726579
:10D9D00063746F7279006D6B646972004372656184
:10D9E0007465206469726563746F7279007077641E
:10D9F000005072696E742063757272656E74207760
:10DA00006F726B696E67206469726563746F727997
:10DA100000526561642066726F6D2066696C6500F6
:10DA200063617400436F6E636174656E6174652039
:10DA300066696C657320616E64207072696E742013
:10DA40006F6E20746865207374616E646172642007
:10DA50006F75747075740052656D6F7665206669B8
:10DA60006C6500637000436F70792066696C6500B7
:10DA7000737461747666730053686F772066696C9F
:10DA8000652073797374656D2073746174650074B7
:10DA900072756E63005472756E6361746520666999
:10DAA0006C650077726974650057726974652066E9
:10DAB000696C650072630067726F7570006D6375E5
:10DAC0006D67725F66735F677270006275665F7321
:10DAD000697A65006275665F636F756E7400666F64
:10DAE000726365006D63756D67725F6F735F6772F8
:10DAF000700042542064697361626C6520666169DC
:10DB00006C6564206265666F7265207265626F6F16
:10DB1000743A202564006F735F6D676D745F726582
:10DB2000626F6F745F6274006D63756D67722073EE
:10DB30006D70006D63756D67725F736D7000466127
:10DB4000696C656420746F20616C6C6F6320534D49
:10DB5000502062756600736D705F7368656C6C0051
:10DB600000FFFFFFFFFFFF00000000000000FFFFBD
:10DB7000FFFFFFFF0000000000003031323334357A
:10DB8000363738396162636465660062745F72704B
:10DB900061004254204C572057510002FB349B5FD8
:10DBA000800000800010000000000000010400025E
:10DBB000000000020000000000000005000000005E
:10DBC00000000000000000000000000562745F62B9
:10DBD00075660062745F6461746100446174612001
:10DBE000627566666572206F766572666C6F772007
:10DBF000286C696E6B20747970652030782530321E
:10DC0000782900556E61626C6520746F206C6F6FAF
:10DC10006B20757020636F6E6E2077697468206862
:10DC2000616E646C6520257500556E61626C6520BF
:10DC3000746F206C6F6F6B757020636F6E6E2066F3
:10DC40006F722068616E646C652025750048617292
:10DC50006477617265206572726F722C20686172E0
:10DC6000647761726520636F64653A2025640043C0
:10DC70006F756C64206E6F74207375626D697420AB
:10DC800072785F776F726B3A20256400556E61621F
:10DC90006C6520746F20616C6C6F636174652062C9
:10DCA000756666657200556E657870656374656447
:10DCB0002073746174757320307825303278202594
:10DCC0007300556E68616E646C6564206576656E80
:10DCD0007420307825303278206C656E2025753AB6
:10DCE000202573004E6F2070656E64696E6720702A
:10DCF00065726970686572616C20636F6E6E6563D2
:10DD000074696F6E004E6F20636F6D6D616E64207D
:10DD100073656E7420666F7220636D6420636F6D2F
:10DD2000706C65746520307825303478004F70430E
:10DD30006F64652030782530347820636F6D706CA7
:10DD40006574656420696E7374656164206F662014
:10DD500065787065637465642030782530347800A8
:10DD6000546F6F20736D616C6C202825752062796B
:10DD700074657329206576656E742030782530329D
:10DD80007800496E76616C69642048434920657665
:10DD9000656E742073697A65202825752900496E9F
:10DDA00076616C6964204C45206D657461206576F0
:10DDB000656E742073697A6520282575290057459A
:10DDC00053545F544F504449522F7A6570687972AA
:10DDD0002F7375627379732F626C7565746F6F74CE
:10DDE000682F686F73742F6863695F636F72652E45
:10DDF00063006576745F666C616773202620283146
:10DE0000554C203C3C202830292900415353455291
:10DE100054494F4E204641494C205B25735D2040BC
:10DE20002025733A25640A00496E76616C69642086
:10DE3000627566207479706520257500496E76617B
:10DE40006C6964204843492041434C207061636BF6
:10DE500065742073697A6520282575290041434C33
:10DE60002064617461206C656E677468206D6973ED
:10DE70006D617463682028257520213D2025752952
:10DE800000556E61626C6520746F2066696E642057
:10DE9000636F6E6E20666F722068616E646C6520C1
:10DEA00025750062745F6863695F6576745F676596
:10DEB000745F666C616773286864722D3E65767462
:10DEC000292026202831554C203C3C202831292966
:10DED00000556E6B6E6F776E206275662074797078
:10DEE0006520257500556E68616E646C65642076EA
:10DEF000656E646F722D7370656369666963206512
:10DF000076656E7420307825303278206C656E200E
:10DF100025753A20257300657674206E756D5F68EF
:10DF2000616E646C657320283D25752920746F6FC0
:10DF3000206C617267652028257A75203E20257542
:10DF400029004E6F20636F6E6E656374696F6E207B
:10DF5000666F722068616E646C6520257500706163
:10DF6000636B65747320636F756E74206D69736D78
:10DF70006174636800696E74657276616C2065789F
:10DF80006365656473207468652076616C696420DC
:10DF900072616E6765202575207573006C6174650C
:10DFA0006E637920657863656564732074686520A5
:10DFB00076616C69642072616E6765203078253007
:10DFC000347800737570765F74696D656F75742051
:10DFD00065786365656473207468652076616C6933
:10DFE000642072616E676520307825303478004691
:10DFF00061696C656420746F20736574207265714B
:10E000007569726564207365637572697479206CD3
:10E010006576656C004E6F206368616E676520747D
:10E020006F20656E6372797074696F6E20737461AE
:10E0300074652028656E637279707420307825309D
:10E0400032782900756E6B6E6F776E005B305D0005
:10E05000484349207472616E73706F72743A202560
:10E060007300534443004964656E74697479257381
:10E070003A202573004964656E746974795B256480
:10E080005D3A202573004843493A207665727369EA
:10E090006F6E202573202830782530327829207241
:10E0A00065766973696F6E203078253034782C205E
:10E0B0006D616E7566616374757265722030782566
:10E0C000303478004C4D503A2076657273696F6E2B
:10E0D0002025732028307825303278292073756206
:10E0E0007665722030782530347800556E61626C28
:10E0F0006520746F2073656E6420746F206472698C
:10E10000766572202865727220256429004F757427
:10E11000206F6620636F6D6D616E64206275666648
:10E1200065727300556E636C65617265642070651D
:10E130006E64696E672073656E745F636D640073EF
:10E140007563636573730009636F6D6D616E642041
:10E150006F70636F6465203078253034782074697F
:10E160006D656F75740A00657272203D3D20300048
:10E1700009436F6E74726F6C6C657220756E726598
:10E1800073706F6E736976652C20636F6D6D616E51
:10E1900064206F70636F6465203078253034782098
:10E1A00074696D656F757420776974682065727223
:10E1B0002025640A006F70636F6465203078253015
:10E1C0003478207374617475732030782530327818
:10E1D000202573004661696C656420746F20726548
:10E1E000616420444C45206D617820646174612035
:10E1F0006C656E0074785F6F637465747320657806
:10E200006365656473207468652076616C69642059
:10E2100072616E67652025750074785F74696D653D
:10E220002065786365656473207468652076616C29
:10E2300069642072616E6765202575004E6F6E2DD2
:10E240004C452063617061626C6520636F6E74720F
:10E250006F6C6C657220646574656374656421001D
:10E260004E756D206F6620436F6E74726F6C6C65B7
:10E270007227732041434C207061636B6574732077
:10E28000213D2041434C2062745F636F6E6E5F746A
:10E290007820636F6E74657874732028257520214B
:10E2A0003D202575290041434C2042522F454452C0
:10E2B0002062756666657273206E6F7420696E6980
:10E2C0007469616C697A65640056656E646F72206A
:10E2D00048434920657874656E73696F6E73206E6C
:10E2E0006F7420617661696C61626C6500485720CB
:10E2F000506C6174666F726D3A20257320283078F7
:10E3000025303478290048572056617269616E744F
:10E310003A20257320283078253034782900466942
:10E32000726D776172653A20257320283078253028
:10E330003278292056657273696F6E2025752E25F7
:10E3400075204275696C64202575004661696C65AD
:10E350006420746F207265616420737570706F72D1
:10E360007465642076656E646F7220636F6D6D6195
:10E370006E6473004661696C656420746F20726519
:10E38000616420737570706F727465642076656E59
:10E39000646F7220666561747572657300484349E5
:10E3A00020647269766572206973206E6F742072C2
:10E3B0006561647900425420525820575100484307
:10E3C0004920647269766572206F70656E2066619F
:10E3D000696C65642028256429004E6F2070656E85
:10E3E00064696E6720636F6E6E20666F7220706561
:10E3F0006572202573004661696C656420746F2026
:10E40000726573657420424C4520636F6E74726F41
:10E410006C6C6572004843492064726976657220AD
:10E42000636C6F7365206661696C65642028256480
:10E430002900556E657870656374656420484F5394
:10E44000545F4E554D5F434F4D504C455445445FCE
:10E450005041434B4554532C2073746174757320A1
:10E460003078253032782025730000090909090128
:10E470000209090909090909090909090709090915
:10E4800009090609090909090909090909090909FF
:10E4900009090905312E306200312E3100312E324A
:10E4A00000322E3000322E3100332E3000342E3028
:10E4B00000342E3100342E3200352E3000352E310E
:10E4C00000352E3200352E3300352E3400362E30F6
:10E4D00000362E3100362E32005374616E64617244
:10E4E0006420426C7565746F6F746820636F6E741E
:10E4F000726F6C6C65720056656E646F722073701B
:10E5000065636966696320636F6E74726F6C6C65B6
:10E5100072004669726D77617265206C6F61646527
:10E52000720052657363756520696D61676500727D
:10E5300065736572766564006E5246353178006E9B
:10E540005246353278006E5246353378006E524668
:10E5500035344878006E524635344C7800496E7434
:10E56000656C20436F72706F726174696F6E004EDC
:10E570006F726469632053656D69636F6E64756360
:10E58000746F72004E58502053656D69636F6E64EE
:10E590007563746F72730062745F6863695F636F41
:10E5A000726500636D6420646973616C6C6F77657C
:10E5B00064004661696C656420746F2064697361EE
:10E5C000626C652061646472657373207265736F39
:10E5D0006C7574696F6E005265736F6C76696E67E7
:10E5E000206C6973742073697A652065786365654A
:10E5F0006465642E20537769746368696E6720745C
:10E600006F20686F73742E004661696C65642074B6
:10E610006F20636C656172207265736F6C757469CD
:10E620006F6E206C697374004661696C6564207458
:10E630006F206164642049524B20746F20636F6EB9
:10E6400074726F6C6C6572005365742070726976B9
:10E65000616379206D6F646520636F6D6D616E64B9
:10E66000206973206E6F7420737570706F7274659B
:10E6700064004661696C656420746F207365742062
:10E6800070726976616379206D6F646500446973A7
:10E6900061626C696E672061646472657373207275
:10E6A00065736F6C7574696F6E206661696C656403
:10E6B000202865727220256429004661696C6564B2
:10E6C00020746F2072656D6F76652049524B20660D
:10E6D000726F6D20636F6E74726F6C6C6572004F39
:10E6E0006E6C792072616E646F6D207374617469F1
:10E6F00063206964656E746974792061646472650D
:10E70000737320737570706F7274656400496E76F0
:10E71000616C696420696E70757420706172616DDE
:10E720006574657273004661696C656420746F205E
:10E7300072656164207075626C69632061646472E3
:10E74000657373005265616420537461746963205A
:10E7500041646472657373657320636F6D6D616E80
:10E7600064206E6F7420617661696C61626C650013
:10E770004661696C656420746F2072656164207302
:10E780007461746963206164647265737365730096
:10E790004E6F207374617469632061646472657381
:10E7A0007365732073746F72656420696E20636F84
:10E7B0006E74726F6C6C65720043616E27742073A7
:10E7C000657420626F7468204944454E5449545919
:10E7D0002026204E52504100556E61626C652074B7
:10E7E0006F20736574206964656E74697479206143
:10E7F00064647265737300556E61626C6520746F3A
:10E80000207365742072616E646F6D206164647240
:10E810006573730062745F696400546F6F2062698E
:10E8200067206164766572746973696E67206461DC
:10E830007461004661696C656420746F2073746153
:10E8400072742061647665727469736572004661E2
:10E85000696C656420746F2073746F7020616476D6
:10E860006572746973696E673A2025640062745F2B
:10E87000616476004661696C656420746F20676529
:10E880006E657261746520454343206B6579202570
:10E8900064004661696C656420746F206578706FF0
:10E8A000727420454343207075626C6963206B6508
:10E8B00079202564004661696C656420746F206569
:10E8C00078706F727420454343207072697661746A
:10E8D00065206B6579202564004661696C6564205C
:10E8E000746F2064657374726F7920454343206BA5
:10E8F0006579204944202564004661696C6564207F
:10E90000746F20696D706F72742074686520707206
:10E910006976617465206B657920666F72206B651E
:10E92000792061677265656D656E7420256400529B
:10E930006177206B65792061677265656D656E74BE
:10E94000206661696C6564202564004661696C65B8
:10E950006420746F2064657374726F7920746865C5
:10E96000206B6579202564007073615F696D706F3D
:10E9700072745F6B657928292072657475726E6593
:10E980006420737461747573202564004275737913
:10E9900020706572666F726D696E6720616E6F744C
:10E9A0006865722045434448206F706572617469E0
:10E9B0006F6E00E69D350E480103CCDBFDF4AC1113
:10E9C00091F4EFB9A5F9E9A7832C5E2CBE97F2D29A
:10E9D00003B0208BD28915D08E1C742430ED8FC2E9
:10E9E0004563765C15525ABF9A32636DEB2A6549CE
:10E9F0009C80DC62745F656363004661696C65647A
:10EA000020726561642072656D6F74652066656152
:10EA100074757265732028256429004661696C65E8
:10EA200064204C45205365742050485920282564A3
:10EA300029004661696C656420746F2073657420D9
:10EA400064617461206C656E202825642900556E10
:10EA50006578706563746564206669727374204CB0
:10EA600032434150206672616D6500556E65787065
:10EA70006563746564204C3243415020636F6E744B
:10EA8000696E756174696F6E004E6F7420656E6F8C
:10EA9000756768206275666665722073706163656C
:10EAA00020666F72204C32434150206461746100D3
:10EAB000556E65787065637465642041434C2066CB
:10EAC0006C61677320283078253032782900414303
:10EAD0004C206C656E206D69736D617463682028CD
:10EAE0002575203E202575290028756E6B6E6F7781
:10EAF0006E29006E6F207472616E736974696F6E37
:10EB000020257300496E76616C696420282575297B
:10EB1000206F6C6420737461746500636F6E6E2087
:10EB20002570206661696C656420746F206573745C
:10EB300061626C6973682E205246206E6F6973653E
:10EB40003F006E6F2076616C69642028257529204E
:10EB50007374617465207761732073657400696EE6
:10EB6000636F6D70617469626C652068616E646C5E
:10EB7000652025750054696D656F7574206469732F
:10EB80006361726465642E204E6F20626C6F636BEC
:10EB9000696E6720696E2073797377712E00466104
:10EBA00074616C206572726F7220282564292E2092
:10EBB000446973636F6E6E656374696E6720257058
:10EBC00000466F756E642076616C696420636F6EB9
:10EBD0006E656374696F6E202825702920776974CB
:10EBE00068206164647265737320257320696E20E8
:10EBF0002573207374617465200053656E64204C26
:10EC00004520706172616D20757064617465206665
:10EC100061696C656420286572722025642900533F
:10EC2000656E64206175746F204C4520706172615F
:10EC30006D20757064617465206661696C6564201F
:10EC4000286572722025642900646973636F6E6E93
:10EC5000656374656400646973636F6E6E65637485
:10EC60002D636F6D706C657465007363616E2D62EA
:10EC700065666F72652D696E6974696174696E6726
:10EC800000696E6974696174696E672D66696C7478
:10EC900065722D6C697374006164762D636F6E6E9E
:10ECA00065637461626C65006164762D6469722DC0
:10ECB000636F6E6E65637461626C65006469736333
:10ECC0006F6E6E656374696E670062745F636F6E0A
:10ECD0006E00556E61626C6520746F20616C6C6FA4
:10ECE000636174652062756666657220666F722066
:10ECF0006F7020307825303278004E6F2061766159
:10ED0000696C61626C65204C3243415020636F6EC8
:10ED10007465787420666F7220636F6E6E20257044
:10ED200000457870656374696E6720757020746F34
:10ED300020256420726566732C20676F742025641B
:10ED400000616C726561647920686176652076691E
:10ED50006577206F6E202570004C32434150206C47
:10ED6000656E677468206D69736D617463682028CF
:10ED7000257520213D2025752900496E76616C6935
:10ED800064206964656E742076616C756520696EB7
:10ED9000204C324341502050445500496E76616CFE
:10EDA0006964204C4520636F6E6E20706172616DE6
:10EDB000207273702073697A652028257520213DA3
:10EDC00020257A75290052656A656374696E67202B
:10EDD000756E6B6E6F776E204C32434150205044FD
:10EDE0005520636F64652030782530327800546F89
:10EDF0006F20736D616C6C204C32434150207369FD
:10EE0000676E616C696E672050445500546F6F20C7
:10EE1000736D616C6C204C3243415020504455203E
:10EE200072656365697665640049676E6F72696EC5
:10EE300067206461746120666F7220756E6B6E6FFF
:10EE4000776E206368616E6E656C2049442030786F
:10EE50002530347800636F6E6669670062745F6C9A
:10EE60003263617000415454206368616E6E656C5A
:10EE7000206E6F7420636F6E6E6563746564004509
:10EE800072726F72207369676E696E672064617455
:10EE9000610052616E206F7574206F662054582097
:10EEA00062756666657273206F7220636F6E74653B
:10EEB0007874732E00556E61626C6520746F2063E8
:10EEC000726561746520657272207273702050449F
:10EED0005500415454204D54552065786365656450
:10EEE00065642C206D61782025752C2077616E7407
:10EEF000656420257A7500556E61626C6520746FBB
:10EF000020637265617465207273702050445500EF
:10EF1000546F6F20736D616C6C20415454205044C9
:10EF20005520726563656976656400556E68616E2B
:10EF3000646C65642041545420636F6465203078AC
:10EF40002530327800496E76616C6964206C656E9C
:10EF500020257520666F7220636F646520307825E8
:10EF600030327800556E61626C6520746F20637278
:10EF70006561746520555549443A2073697A652066
:10EF8000257500556E61626C6520746F2063726533
:10EF900061746520555549443A2073697A65202586
:10EFA00064004E6F20617661696C61626C6520411E
:10EFB000545420636F6E7465787420666F7220639A
:10EFC0006F6E6E202570004E6F20617661696C61F6
:10EFD000626C6520415454206368616E6E656C20DC
:10EFE000666F7220636F6E6E202570004E6F742006
:10EFF000636F6E6E656374656400556E61626C6507
:10F0000020746F2066696E642041545420636861E7
:10F010006E6E656C00476F74206572722025642CDB
:10F02000206E6F742063616C6C696E67204154546C
:10F03000206362004E6F20415454206368616E6EFD
:10F04000656C20666F72204D545520257A75004EF0
:10F050006F2070656E64696E67204154542072653C
:10F06000717565737400556E61626C6520746F20F4
:10F0700063726561746520726574727920504455BD
:10F08000202825752900446973636F6E6E6563746B
:10F09000696E67206661696C6564202865727220FC
:10F0A000256429004154542054696D656F7574209E
:10F0B000666F72206465766963652025732E20442F
:10F0C0006973636F6E6E656374696E672E2E2E00B2
:10F0D00062745F61747400434D41432075706461D4
:10F0E0007465206661696C656420256400756E61D5
:10F0F000626C6520746F20736176652053433A20FB
:10F100006E6F20636667206C656674004E6F2073B7
:10F110007061636520746F2073746F726520434360
:10F120004320636667004E6F2073706163652074CF
:10F130006F2073746F726520436C69656E74205321
:10F140007570706F72746564204665617475726560
:10F150007300556E61626C6520746F20696D706F0D
:10F16000727420746865206B657920666F72204127
:10F17000455320434D414320256400434D414320E6
:10F180006F7065726174696F6E20696E6974206654
:10F1900061696C656420256400434D4143206669C4
:10F1A0006E697368206661696C656420256400522D
:10F1B000656164206D6574686F64206E6F74207380
:10F1C0006574004661696C656420746F20726561C6
:10F1D00064206174747269627574652025702028DA
:10F1E00065727220257A642900496E76616C6964C3
:10F1F0002072656164206C656E6774683A20257AB8
:10F200006400434343202570206E6F742077726939
:10F210007461626C6500534320726573746F72652C
:10F2200020696E6469636174696F6E206661696CE0
:10F230006564004661696C656420746F2073657451
:10F2400020736563757269747920666F7220626FCE
:10F250006E646564207065657220282564290062EB
:10F26000745F6761747400556E61626C6520746FC1
:10F270002066696E6420534D50206368616E6E6530
:10F280006C005075626C6963206B6579206E6F74D9
:10F2900020617661696C61626C65004661696C65CC
:10F2A0006420746F2067656E6572617465204448E0
:10F2B0004B65790043616C63756C61746520636FA5
:10F2C0006E6669726D206661696C656400556E6B6F
:10F2D0006E6F776E2070616972696E67206D6574FC
:10F2E000686F6420282575290043616C63756C6123
:10F2F0007465204C544B206661696C656400436101
:10F300006C63756C617465206C6F63616C2044483C
:10F310004B657920636865636B206661696C656421
:10F320000043616C63756C6174652072656D6F7408
:10F33000652044484B657920636865636B2066618E
:10F34000696C65640052656D6F7465207075626CE0
:10F350006963206B65792072656A65637465640012
:10F3600052656D6F7465206973207573696E6720CF
:10F370004465627567205075626C6963206B6579BE
:10F3800000526563656976656420696E76616C69B3
:10F3900064207075626C6963206B6579004E6F2024
:10F3A000617661696C61626C6520534D5020636FBA
:10F3B0006E7465787420666F7220636F6E6E2025A0
:10F3C0007000556E61626C6520746F2067657420F3
:10F3D0006B65797320666F72202573005468652011
:10F3E000696E2D70726F67726573732070616972D8
:10F3F000696E6720686173206265656E2064656C64
:10F40000657465642100534D5020646F6573206EF0
:10F410006F7420616C6C6F77206120706169726914
:10F420006E67206661696C7572652061742074680E
:10F43000697320706F696E742E204B6E6F776E202B
:10F4400069737375652E20446973636F6E6E6563AF
:10F4500074696E6720696E73746561642E00546F01
:10F460006F20736D616C6C20534D502050445520BB
:10F47000726563656976656400534D5020636F6DF6
:10F480006D616E642028636F6465203078253032AA
:10F4900078292072656365697665642061667465A4
:10F4A000722074696D656F75740052656365697665
:10F4B000656420726573657276656420534D5020D3
:10F4C000636F64652030782530327800556E68614E
:10F4D0006E646C656420534D5020636F646520300A
:10F4E000782530327800556E657870656374656490
:10F4F00020534D5020636F6465203078253032787A
:10F5000000496E76616C6964206964656E74697423
:10F5100079202573005265667573696E67206E6584
:10F52000772070616972696E672E20546865206F5C
:10F530006C6420626F6E64206D7573742062652048
:10F54000756E7061697265642066697273742E00ED
:10F5500070616972696E67206661696C65642028F4
:10F560007065657220726561736F6E2030782578E2
:10F5700029004E6F206B657973207370616365207D
:10F58000666F7220257300534D502054696D656F6E
:10F5900075742028666C6167733A30782530387846
:10F5A00020616C6C6F7765645F636D64733A30786B
:10F5B0002530387829000005061F1F291812030876
:10F5C000020305080A0008010304010504050906F1
:10F5D0000701010606080000010001000301000305
:10F5E00002020100020000000000020301000362A9
:10F5F000745F736D700062745F6B657973006C8803
:10F600008391AAF5A53860370BDB5A6083BE62741C
:10F610005F63727970746F004661696C6564207411
:10F620006F20696D706F727420414553206B65794E
:10F63000202564004661696C656420746F20636FE7
:10F640006D70757465204D4143202564006D6375B0
:10F65000626F6F745F64667500060105010401073F
:10F660000203010502020103020504010101020176
:10F6700003010401060108010C0110011801200119
:10F680004001804661696C656420746F20696E6911
:10F690007469616C697A65206465766963653A208E
:10F6A00025730043616E6E6F7420737461727420F1
:10F6B00073616D706C696E673A20256400466169FC
:10F6C0006C656420746F207365742062756666656E
:10F6D000723A20256400496E76616C696420636823
:10F6E000616E6E656C2049443A2025640053656C58
:10F6F000656374656420414443206761696E2069D5
:10F7000073206E6F742076616C69640053656C655C
:10F710006374656420414443207265666572656E5A
:10F720006365206973206E6F742076616C69640074
:10F7300053656C6563746564204144432061637163
:10F740007569736974696F6E2074696D652069737A
:10F75000206E6F742076616C69640043616E6E6F19
:10F760007420636F6E666967757265206368616E89
:10F770006E656C2025643A20256400496E76616CC4
:10F7800069642073656C656374696F6E206F6620B1
:10F790006368616E6E656C73004368616E6E656C64
:10F7A000202575206E6F7420636F6E6669677572B1
:10F7B0006564004E6F206368616E6E656C20636FD8
:10F7C0006E666967757265640041444320726573B3
:10F7D0006F6C7574696F6E2076616C756520256439
:10F7E000206973206E6F742076616C6964004F76B7
:10F7F000657273616D706C696E67206973207375D3
:10F8000070706F7274656420666F722073696E67C2
:10F810006C65206368616E6E656C206F6E6C79003C
:10F820004F76657273616D706C696E672076616C7E
:10F830007565202564206973206E6F742076616C75
:10F8400069640050726F76696465642062756666EB
:10F85000657220697320746F6F20736D616C6C200A
:10F860002825752F25752900616463406435303083
:10F8700030007869616F5F616463006164635F6E2B
:10F880007266785F73616164630063616368655F7A
:10F890006E72667800636C6F636B40313065303038
:10F8A0003000636C6F636B006866636C6B006C6642
:10F8B000636C6B00636C6F636B5F636F6E74726F0E
:10F8C0006C007073612D726E67007073615F726E91
:10F8D00067007272616D2D636F6E74726F6C6C6510
:10F8E00072403530303462303030007272616D5F9A
:10F8F000636F6E74726F6C6C657200666C617368B6
:10F900005F6E72665F7272616D006770696F403121
:10F910003061303030006770696F30006770696F38
:10F92000406438323030006770696F310067706949
:10F930006F403530343030006770696F32004750A7
:10F94000494F20706F7274202573206E6F7420727F
:10F9500065616479006661696C656420746F206319
:10F960006F6E666967757265204750494F20686FF2
:10F970006720666F7220706F727420257320706923
:10F980006E20257520286572722025642900677015
:10F99000696F5F686F67730000010405020608095C
:10F9A0000F4750494F20706F72743A202573206EB4
:10F9B0006F7420726561647900766261742D70776E
:10F9C0007200766261745F70777200726673772D71
:10F9D00070777200726673775F7077720072667309
:10F9E000772D63746C00726673775F63746C00705C
:10F9F000646D2D696D752D7077720070646D5F692F
:10FA00006D755F70777200726567756C61746F7287
:10FA10005F666978656400726567756C61746F72A2
:10FA20004031323030303000726567756C61746F10
:10FA300072730075617274406337303030007561E5
:10FA400072743231007869616F5F73657269616CDD
:10FA500000756172744063363030300075617274C5
:10FA6000323000756172745F6E7266785F756172B4
:10FA700074650030820220308201A6A003020102D8
:10FA8000021400EE8FA620F7C94862797617A89471
:10FA90003FF43BE7287D300A06082A8648CE3D041D
:10FAA0000303303F310B300906035504061302559A
:10FAB0005331163014060355040A130D476F6C6951
:10FAC0006F74682C20496E632E311830160603556A
:10FAD0000403130F476F6C696F746820526F6F7463
:10FAE000205831301E170D3234313131393135352E
:10FAF0003233345A170D34343131313431353532F3
:10FB000033335A303F310B300906035504061302D4
:10FB1000555331163014060355040A130D476F6C04
:10FB2000696F74682C20496E632E311830160603F5
:10FB3000550403130F476F6C696F746820526F6F21
:10FB4000742058313076301006072A8648CE3D02A0
:10FB50000106052B81040022036200044AEF468E51
:10FB600085E66BB7A0ED0D8E8B737429A67FC1CE91
:10FB7000EBC1CE17480D84A5532B47E0FAFCCAE130
:10FB8000586CE72CCF2BB68A58A3B0372DB20F157F
:10FB9000162814F7C881EFFB1AF94134BA613D64A5
:10FBA000B8CA68FCFCA99CDD0C99B981255F7A78FC
:10FBB000DEF58F2E58F8463B58C9F834A363306100
:10FBC000300E0603551D0F0101FF04040302010658
:10FBD000300F0603551D130101FF04053003010119
:10FBE000FF301D0603551D0E04160414CE8EBC09ED
:10FBF00052D898C123E0083D44000645715D56F196
:10FC0000301F0603551D23041830168014CE8EBCF9
:10FC10000952D898C123E0083D44000645715D565D
:10FC2000F1300A06082A8648CE3D04030303680023
:10FC3000306502307D2DC2F71F5B0A53A851AE0A12
:10FC40009954E8512A0AA9477F24566C6042E26C15
:10FC5000935377E6F54D75FFB78383679C4B9522E9
:10FC60004DD5A402023100A499FD4E9AD332080367
:10FC7000D075353E3302E9CC80581BFDD2C995338F
:10FC8000B0C1C01EF44F286A4063ED1E8DF29A2D5C
:10FC90005257426B310783706F7563685F776F727D
:10FCA0006B0075706C696E6B5F776F726B7100655E
:10FCB0006E747279004661696C656420746F2061AE
:10FCC0006C6C6F6361746520646563727970742015
:10FCD000626C6F636B004661696C656420746F20B1
:10FCE0006465637279707420626C6F636B3A20256F
:10FCF00064004661696C656420746F20616C6C6F90
:10FD00006361746520706F75636820627566004E6C
:10FD10006F20706F7563685F62756620616C6C6FD1
:10FD20006361746564004E6F206D6F72652073703F
:10FD300061636520666F7220706F75636820686507
:10FD40006164657200496E76616C69642068656102
:10FD50006465723A20256400426C6F636B2073699E
:10FD60007A6520257520697320626967676572204E
:10FD70007468616E20737570706F7274656420258D
:10FD800075004661696C656420746F20656E7175DD
:10FD900065756520626C6F636B3A2025640046616F
:10FDA000696C656420746F2070617273652063658F
:10FDB0007274696669636174653A203078257800E9
:10FDC00025733A0A257300556E61626C6520746F65
:10FDD00020666F726D617420257320696E666F3ABC
:10FDE000202D30782578005265636569766564203A
:10FDF00073657276657220636572742063686169E9
:10FE00006E2028257A752062797465732900466111
:10FE1000696C6564206C6F6164696E6720736572DC
:10FE200076657220636572740052656365697665F4
:10FE300064207365727665722063657274206368EE
:10FE400061696E004C6F6164656420506F75636812
:10FE500020434120636572742028257A75206279D9
:10FE60007465732900506F75636820434120636592
:10FE70007274004661696C6564206C6F6164696EC0
:10FE800067207365727665722043412063657274E2
:10FE900000706F7563682E676F6C696F74682E6988
:10FEA0006F004661696C6564207665726966796980
:10FEB0006E672073657276657220636572743A208E
:10FEC000307825782C2025780020202120005365CB
:10FED00072766572206365727420766572696679E0
:10FEE00020666C6167733A0A257300536572766504
:10FEF0007220636572742076657269667920666C1B
:10FF00006167733A203078257800536572766572A0
:10FF10002063657274207665726966696564206124
:10FF20006761696E737420434E20257300556E65BA
:10FF3000787065637465642073657276657220639A
:10FF4000657274696669636174652073657269615D
:10FF50006C206E756D6265722073697A653A202532
:10FF600075004578747261637420504B3A20496E75
:10FF700076616C6964206B657920747970650045E1
:10FF800078747261637420504B3A2077726974659B
:10FF9000206572726F722030782578004661696C36
:10FFA000656420746F2067656E6572617465207387
:10FFB000657373696F6E2049443A20256400466179
:10FFC000696C656420746F2067656E657261746525
:10FFD0002073657373696F6E204944207461673ABA
:10FFE000202564004D697373696E672073657276AE
:10FFF0006572206B657900436F756C646E277420A1
:020000025000AC
:10000000736574207570206B6579206465726976FC
:100010006174696F6E3A202564004661696C65649D
:10002000206B65792061677265656D656E743A2035
:1000300025640045303A25633A25733A4325632504
:10004000633A25303258004661696C6564207365F7
:100050007373696F6E206B6579206275696C643AA1
:10006000202564004661696C656420696E666F20B6
:10007000696E7075743A202564004661696C656428
:10008000206B65792064657269766174696F6E3A78
:1000900020256400436F756C646E277420616C6C5E
:1000A0006F6361746520656E637279707465642036
:1000B000626C6F636B00496E76616C696420706C72
:1000C00061696E74657874206C656E6774683A2037
:1000D000257500436F756C646E277420656E6372BE
:1000E0007970743A20256400556E65787065637484
:1000F0006564206C656E67746800496E76616C6932
:10010000642063697068657274657874206C656ECC
:100110006774683A202575004661696C65642064DF
:10012000656372797074696F6E3A2025640073613B
:100130006561645F73657373696F6E005365737394
:10014000696F6E2049442067656E65726174696FDE
:100150006E206661696C656420286572723A20259C
:1001600064290053657373696F6E206B657920672E
:10017000656E65726174696F6E206661696C656435
:10018000004E6F7420696E20612073657373696F10
:100190006E0073616561645F75706C696E6B0041C0
:1001A0006C676F726974686D20646F65736E277415
:1001B000206D61746368004F6C64207365716E75A7
:1001C0006D3A20256C6C75202877617320256C6C46
:1001D000752900496E76616C696420646F776E6C76
:1001E000696E6B0053657373696F6E20726575730A
:1001F00065206661696C65643A204944206E6F74BD
:100200002073657175656E7469616C0053657373F5
:10021000696F6E207265757365206661696C6564CF
:100220003A204E6F206D61746368004B65792067DA
:10023000656E65726174696F6E206661696C656474
:10024000005265706C6179696E6720706F756368C4
:100250002025752028686967686573743A202575BC
:10026000290073616561645F646F776E6C696E6BA2
:100270000046696E697368656420656E74727920E2
:10028000666F7220257300526563656976696E67D3
:1002900020446F776E6C696E6B20656E7472792086
:1002A0006F6E207061746820257300676C74685FDE
:1002B000646973706174636800496E76616C696427
:1002C0002061636B20282564290052656365697687
:1002D0006564204E41434B00496E76616C69642031
:1002E00077696E646F77004572726F722066726F05
:1002F0006D20656E64706F696E742C2061626F7220
:1003000074696E6700456E636F6465206661696C31
:1003100065642028256429005458206661696C654D
:1003200064202825642900706F7563685F73656EAB
:10033000646572004465636F6465206661696C651D
:1003400064202825642900496E76616C69642073F5
:10035000746174652028257529004F6F4F2052580D
:100360003A20257820286C6173743A20257829007A
:1003700052582063616C6C6261636B206661696CCA
:1003800065643A20256400706F7563685F72656309
:10039000656976657200666C616773007365727675
:1003A00065725F636572745F736E72005365727617
:1003B0006572206365727420746F6F206C61726760
:1003C000653A206861766520257A752C206368750A
:1003D0006E6B20257A752C206D617820256400468F
:1003E000696E6973686564207365727665722063EF
:1003F00065727420726563656976653A207375630A
:10040000636573733D25642C2073697A653D257A95
:1004100075005374617274696E67207365727665D6
:100420007220636572742072656365697665007316
:1004300065727665725F636572745F656E64706F16
:10044000696E7400676174745F726563656976656F
:100450007200676174745F73656E64657200027721
:10046000D2276E9A5CD3B1F64EB789AE16A3890235
:1004700077D2276E9A5CD3B1F64EB789AE16A389B0
:100480000276D2276E9A5CD3B1F64EB789AE16A328
:10049000890276D2276E9A5CD3B1F64EB789AE1632
:1004A000A3890275D2276E9A5CD3B1F64EB789AE96
:1004B00016A3890275D2276E9A5CD3B1F64EB7891E
:1004C000AE16A3890273D2276E9A5CD3B1F64EB7EB
:1004D00089AE16A3890273D2276E9A5CD3B1F64E09
:1004E000B789AE16A3890274D2276E9A5CD3B1F68F
:1004F0004EB789AE16A3890274D2276E9A5CD3B127
:10050000F64EB789AE16A389706F7563685F676131
:10051000747400536F667444657669636520436F35
:100520006E74726F6C6C6572204153534552543A2D
:100530002025732C20256400536F6674446576690A
:10054000636520436F6E74726F6C6C6572206275A8
:10055000696C64207265766973696F6E3A20004534
:100560006E74726F707920736F7572636520646545
:1005700076696365206E6F742072656164790046E8
:1005800061696C656420746F207265676973746556
:10059000722072616E6420736F7572636520282506
:1005A000642900416C6C6F6361746564206D656DD6
:1005B0006F727920746F6F206C6F773A20257A758F
:1005C000203C202575004576656E74206275666650
:1005D000657220746F6F20736D616C6C2E20257AAC
:1005E00075203E20257500556E65787065637465CD
:1005F00064206D73675F747970653A2025752E20CD
:10060000546869732069662D656C7365206E656535
:1006100064732061206E6577206272616E6368008A
:10062000556E6B6E6F776E206572726F7220776891
:10063000656E2070726F63657373696E672068639F
:1006400069206D6573736167652025640062745F5E
:100650006863695F7364630062745F7364635F6897
:1006600063695F6472697665720062745F73646364
:100670005F63727970746F004D50534C2041535337
:100680004552543A2025732C202564004D50534C7C
:1006900020576F726B006D70736C5F696E697400C8
:1006A000556E737570706F72746564204846434C64
:1006B0004B206576656E743A202564006E7266780C
:1006C0005F636C6F636B5F6D70736C006D70736CE8
:1006D0005F74696D65736C6F745F73657373696F55
:1006E0006E5F6F70656E206661696C65643A202587
:1006F0006400666C6173685F73796E635F6D7073BD
:100700006C006D6375626F6F745F7574696C000067
:1007100007182323232323232323232323232300F3
:10072000010225733A25643A20436F727275707422
:100730006564206469722070616972206174207B35
:10074000307825782C20307825787D005745535413
:100750005F544F504449522F6D6F64756C65732F11
:1007600066732F6C6974746C6566732F6C66732E78
:10077000630025733A25643A204379636C652064ED
:100780006574656374656420696E207461696C20AA
:100790006C6973740025733A25643A204E6F206D9E
:1007A0006F726520667265652073706163652030C5
:1007B0007825780025733A25643A20537570657260
:1007C000626C6F636B2030782578206861732062DB
:1007D00065636F6D6520756E7772697461626C65B3
:1007E0000025733A25643A20556E61626C65207469
:1007F0006F2073706C6974207B307825782C2030E2
:100800007825787D0025733A25643A20556E61621B
:100810006C6520746F20657870616E6420737570EC
:100820006572626C6F636B0025733A25643A2049E8
:100830006E76616C69642076657273696F6E20767E
:100840002568752E25687520213D20762568752E32
:100850002568750025733A25643A20556E737570C6
:10086000706F72746564206E616D655F6D61782074
:10087000282575203E202575290025733A25643AE0
:1008800020556E737570706F727465642066696C44
:10089000655F6D617820282575203E20257529002B
:1008A00025733A25643A20556E737570706F7274B3
:1008B000656420617474725F6D61782028257520ED
:1008C0003E202575290025733A25643A20496E7625
:1008D000616C696420626C6F636B20636F756E740A
:1008E0002028257520213D202575290025733A25CE
:1008F000643A20496E76616C696420626C6F636B48
:100900002073697A652028257520213D20257529C9
:100910000001020203030303556E6B6E6F776E20B6
:100920006572726F72003E3E3E205A4550485952E1
:1009300020464154414C204552524F522025643AA2
:10094000202573206F6E204350552025640046619A
:10095000756C7420647572696E6720696E74657257
:10096000727570742068616E646C696E670A00430A
:10097000757272656E74207468726561643A2025C0
:1009800070202825732900435055206578636570D1
:1009900074696F6E00556E68616E646C6564206981
:1009A0006E7465727275707400537461636B206F3E
:1009B000766572666C6F77004B65726E656C206F42
:1009C0006F7073004B65726E656C2070616E696349
:1009D0000069646C65006F7300737973776F726B75
:1009E000710064756D6D7900736C656570696E6713
:1009F00000646561640073757370656E64696E6729
:100A00000071756575656400747275650066616C6A
:100A10007365000A43657274696669636174652071
:100A2000697320756E696E697469616C6973656458
:100A3000210A002573636572742E207665727369CE
:100A40006F6E20202020203A2025640A0025737331
:100A5000657269616C206E756D6265722020202060
:100A6000203A20000A2573697373756572206E61E0
:100A70006D65202020202020203A20000A25737355
:100A800075626A656374206E616D65202020202088
:100A9000203A20000A257369737375656420206FFE
:100AA0006E20202020202020203A20253034642D64
:100AB000253032642D2530326420253032643A25C9
:100AC0003032643A25303264000A257365787069E3
:100AD000726573206F6E20202020202020203A2075
:100AE000253034642D253032642D253032642025A4
:100AF0003032643A253032643A25303264000A25B7
:100B0000737369676E6564207573696E6720202052
:100B10002020203A20000A2573252D3138733A20F1
:100B200025642062697473000A25736261736963C6
:100B300020636F6E73747261696E7473203A204320
:100B4000413D2573002C206D61785F706174686C85
:100B5000656E3D2564000A25737375626A6563746A
:100B600020616C74206E616D6520203A000A257347
:100B7000636572742E2074797065202020202020F7
:100B800020203A20000A25736B6579207573616710
:100B9000652020202020202020203A20000A2573D4
:100BA000657874206B6579207573616765202020F6
:100BB00020203A20003F3F3F002C20000A2573638D
:100BC0006572746966696361746520706F6C6963CE
:100BD000696573203A20002573556E6B6E6F776ED2
:100BE00020726561736F6E20287468697320736862
:100BF0006F756C64206E6F742068617070656E290B
:100C00000A00550403002D2D2D2D2D424547494E38
:100C10002043455254494649434154452D2D2D2DDD
:100C20002D002D2D2D2D2D454E4420434552544948
:100C30004649434154452D2D2D2D2D0054686520E6
:100C400063657274696669636174652076616C6955
:100C5000646974792068617320657870697265646D
:100C600000546865206365727469666963617465C0
:100C700020686173206265656E207265766F6B65B2
:100C80006420286973206F6E20612043524C290034
:100C90005468652063657274696669636174652070
:100CA000436F6D6D6F6E204E616D652028434E2938
:100CB00020646F6573206E6F74206D6174636820AB
:100CC00077697468207468652065787065637465F9
:100CD0006420434E005468652063657274696669D8
:100CE00063617465206973206E6F7420636F727224
:100CF0006563746C79207369676E6564206279201E
:100D0000746865207472757374656420434100547F
:100D100068652043524C206973206E6F7420636FA6
:100D200072726563746C79207369676E65642062A2
:100D3000792074686520747275737465642043410A
:100D4000005468652043524C2069732065787069AF
:100D500072656400436572746966696361746520D5
:100D6000776173206D697373696E67004365727490
:100D70006966696361746520766572696669636135
:100D800074696F6E2077617320736B69707065642E
:100D9000004F7468657220726561736F6E202863FE
:100DA000616E2062652075736564206279207665C6
:100DB000726966792063616C6C6261636B290054AF
:100DC000686520636572746966696361746520761D
:100DD000616C6964697479207374617274732069D9
:100DE0006E20746865206675747572650054686558
:100DF0002043524C2069732066726F6D20746865C1
:100E00002066757475726500557361676520646F3F
:100E10006573206E6F74206D6174636820746865FB
:100E2000206B6579557361676520657874656E73AD
:100E3000696F6E00557361676520646F6573206E1E
:100E40006F74206D617463682074686520657874C0
:100E5000656E6465644B6579557361676520657877
:100E600074656E73696F6E00557361676520646F9A
:100E70006573206E6F74206D61746368207468659B
:100E8000206E73436572745479706520657874655B
:100E90006E73696F6E00546865206365727469666D
:100EA0006963617465206973207369676E65642086
:100EB0007769746820616E20756E61636365707414
:100EC00061626C6520686173682E005468652063F8
:100ED00065727469666963617465206973207369FA
:100EE000676E6564207769746820616E20756E6135
:100EF000636365707461626C6520504B20616C6740
:100F0000202865672052534120767320454344537F
:100F100041292E00546865206365727469666963AF
:100F2000617465206973207369676E6564207769F1
:100F3000746820616E20756E6163636570746162B0
:100F40006C65206B65792028656720626164206389
:100F5000757276652C2052534120746F6F20736830
:100F60006F7274292E005468652043524C206973B7
:100F7000207369676E6564207769746820616E20EC
:100F8000756E61636365707461626C65206861731E
:100F9000682E005468652043524C206973207369A1
:100FA000676E6564207769746820616E20756E6174
:100FB000636365707461626C6520504B20616C677F
:100FC00020286567205253412076732045434453BF
:100FD00041292E005468652043524C2069732073C8
:100FE00069676E6564207769746820616E20756E2C
:100FF00061636365707461626C65206B657920283C
:101000006567206261642063757276652C20525397
:101010004120746F6F2073686F7274292E00202B2B
:10102000200025733D003F3F3D002C3D2B3C3E3BC7
:10103000225C00232000253032582573002E2E2EEE
:101040002E002573206B65792073697A65002B0665
:1010500001050507080400644E534E616D6500727A
:1010600066633832324E616D65000A257320202098
:10107000203C756E737570706F727465643E000A03
:101080002573202020203C6D616C666F726D656455
:101090003E000A2573202020206F746865724E611F
:1010A0006D65203A000A2573202020202020202072
:1010B0006861726477617265206D6F64756C65201C
:1010C0006E616D65203A000A2573202020202020C3
:1010D000202020202020686172647761726520746E
:1010E000797065202020202020202020203A200018
:1010F0000A25732020202020202020202020206866
:10110000617264776172652073657269616C206ECB
:10111000756D626572203A20000A25732020202018
:10112000756E69666F726D5265736F75726365492E
:1011300064656E746966696572203A20000A2573D9
:10114000202020202573203A2000695041646472D9
:101150006573730025752E25752E25752E25750052
:10116000255825583A255825583A255825583A25BE
:101170005825583A255825583A255825583A25587B
:1011800025583A25582558000A2573202020206428
:1011900069726563746F72794E616D65203A2000E3
:1011A000257353534C20436C69656E74002573534B
:1011B000534C20536572766572002573456D6169E5
:1011C0006C0025734F626A656374205369676E69AA
:1011D0006E670025735265736572766564002573CA
:1011E00053534C204341002573456D61696C204386
:1011F000410025734F626A656374205369676E69A5
:101200006E672043410025734469676974616C20EF
:101210005369676E61747572650025734E6F6E2039
:101220005265707564696174696F6E0025734B65F2
:101230007920456E6369706865726D656E7400250E
:10124000734461746120456E6369706865726D6591
:101250006E740025734B65792041677265656D6515
:101260006E740025734B6579204365727420536951
:10127000676E00257343524C205369676E002573D7
:10128000456E636970686572204F6E6C79002573D6
:101290004465636970686572204F6E6C79005072A6
:1012A0006F632D547970653A20342C454E43525962
:1012B00050544544002A8648CE3D0101002D2D2D75
:1012C0002D2D454E4420454320505249564154450A
:1012D000204B45592D2D2D2D2D002D2D2D2D2D4201
:1012E0004547494E204543205052495641544520D8
:1012F0004B45592D2D2D2D2D002D2D2D2D2D454EB0
:10130000442050524956415445204B45592D2D2DCE
:101310002D2D002D2D2D2D2D424547494E2050526B
:101320004956415445204B45592D2D2D2D2D000B4F
:1013300040800A3080092040081C40051440696E36
:1013400076616C696420504B007365637033383488
:101350007231007365637032353672310065636BCC
:1013600065792E510045434453410045435F44484D
:1013700000454300141400001C2030401C200000D5
:101380001C203040004063726163656E00141400DD
:10139000001C2030401C2000001C20304000404B2E
:1013A0004D5500010302141400001C2030401C2085
:1013B00000001C2030400040000000000000000041
:1013C000000000000000000000000000000000001D
:1013D0000000000000000000FFFFFFFFFFFFFFFF15
:1013E000FFFFFFFFFFFFFFFFFFFFFFFFFFFFFFFF0D
:1013F000FFFFFFFFFFFFFFFEFFFFFFFF00000000FA
:1014000000000000FFFFFFFFFFFFFFFFFFFFFFFFE8
:10141000FFFFFFFFFFFFFFFFFFFFFFFFFFFFFFFFDC
:10142000C7634D81F4372DDF581A0DB248B0A77A43
:10143000ECEC196ACCC52973AA87CA22BE8B053782
:101440008EB1C71EF320AD746E1D3B628BA79B98B7
:1014500059F741E082542A385502F25DBF55296C94
:101460003A545E3872760AB73617DE4A96262C6FE3
:101470005D9E98BF9292DC29F8F41DBD289A147CD9
:10148000E9DA3113B5F0B8C00A60B1CE1D7E819D96
:101490007A431D7C90EA0E5FFFFFFFFFFFFFFFFF17
:1014A000FFFFFFFFFFFFFFFFFFFFFFFFFFFFFFFF4C
:1014B000FFFFFFFFFFFFFFFEFFFFFFFF0000000039
:1014C00000000000FFFFFFFCB3312FA7E23EE7E47E
:1014D000988E056BE3F82D19181D9C6EFE81411244
:1014E0000314088F5013875AC656398D8A2ED19D02
:1014F0002A85C8EDD3EC2AEFFFFFFFFF00000001B3
:10150000000000000000000000000000FFFFFFFFDF
:10151000FFFFFFFFFFFFFFFFFFFFFFFF00000000D7
:10152000FFFFFFFFFFFFFFFFBCE6FAADA7179E849A
:10153000F3B9CAC2FC6325516B17D1F2E12C4247C3
:10154000F8BCE6E563A440F277037D812DEB33A080
:10155000F4A13945D898C2964FE342E2FE1A7F9B28
:101560008EE7EB4A7C0F9E162BCE33576B315ECE47
:10157000CBB6406837BF51F5FFFFFFFF0000000109
:10158000000000000000000000000000FFFFFFFF5F
:10159000FFFFFFFFFFFFFFFC5AC635D8AA3A93E7CB
:1015A000B3EBBD55769886BC651D06B0CC53B0F63E
:1015B0003BCE3C3E27D2604B25632E2575002A8604
:1015C0004886F70D020700686D616353484131009A
:1015D000484D41432D5348412D31002A864886F716
:1015E0000D020800686D616353484132323400488F
:1015F0004D41432D5348412D323234002A864886CE
:10160000F70D020900686D616353484132353600B9
:10161000484D41432D5348412D323536002A8648E6
:1016200086F70D020A00686D616353484133383410
:1016300000484D41432D5348412D333834002A860C
:101640004886F70D020B00686D61635348413531E0
:101650003200484D41432D5348412D353132002B46
:101660000E03021A0069642D7368613100608648B8
:101670000165030402040069642D73686132323429
:10168000006086480165030402010069642D7368E7
:101690006132353600608648016503040202006944
:1016A000642D736861333834006086480165030433
:1016B00002030069642D736861353132002B0E031B
:1016C000020700646573434243004445532D43427F
:1016D00043002A864886F70D0307006465732D656D
:1016E0006465332D636263004445532D454445339F
:1016F0002D434243006086480165030401020061F6
:1017000065733132382D636263004145533132389D
:101710002D434243006086480165030401160061C1
:1017200065733139322D636263004145533139327B
:101730002D4342430060864801650304012A00618D
:1017400065733235362D6362630041455332353659
:101750002D434243002A8648CE3D030107002A86D6
:101760004886F70D01010100727361456E6372795D
:101770007074696F6E00525341002A8648CE3D0254
:10178000010069642D65635075626C69634B65790E
:101790000047656E65726963204543206B6579007B
:1017A0002B8104010C0069642D65634448004543A6
:1017B000206B657920666F722045434448002A8675
:1017C00048CE3D04010065636473612D77697468D8
:1017D0002D53484131004543445341207769746893
:1017E0002053484131002A8648CE3D04030100655C
:1017F000636473612D776974682D534841323234C4
:10180000004543445341207769746820534841326E
:101810003234002A8648CE3D0403020065636473B7
:10182000612D776974682D53484132353600454340
:10183000445341207769746820534841323536005B
:101840002A8648CE3D0403030065636473612D77E7
:101850006974682D5348413338340045434453413B
:10186000207769746820534841333834002A864809
:10187000CE3D0403040065636473612D7769746869
:101880002D53484135313200454344534120776957
:1018900074682053484135313200616E79506F6C65
:1018A00069637900416E7920506F6C696379002B10
:1018B000060105050703010069642D6B702D736532
:1018C000727665724175746800544C532057656296
:1018D000205365727665722041757468656E74690F
:1018E000636174696F6E002B060105050703020032
:1018F00069642D6B702D636C69656E7441757468D5
:1019000000544C532057656220436C69656E742007
:1019100041757468656E7469636174696F6E002BDC
:10192000060105050703030069642D6B702D636FC5
:1019300064655369676E696E6700436F6465205321
:1019400069676E696E67002B0601050507030400D1
:1019500069642D6B702D656D61696C50726F746573
:101960006374696F6E00452D6D61696C2050726FF4
:1019700074656374696F6E002B0601050507030823
:101980000069642D6B702D74696D655374616D70A1
:10199000696E670054696D65205374616D70696E7E
:1019A00067002B060105050703090069642D6B70AC
:1019B0002D4F4353505369676E696E67004F435311
:1019C00050205369676E696E67002B06010401821F
:1019D000E425010069642D6B702D776973756E2D98
:1019E00066616E2D6465766963650057692D535590
:1019F0004E20416C6C69616E6365204669656C645C
:101A00002041726561204E6574776F726B202846A5
:101A1000414E2900551D130069642D63652D6261D7
:101A2000736963436F6E73747261696E747300429D
:101A30006173696320436F6E73747261696E74734E
:101A400000551D0F0069642D63652D6B6579557315
:101A500061676500551D250069642D63652D6578F6
:101A6000744B6579557361676500457874656E647C
:101A70006564204B657920557361676500551D11BC
:101A80000069642D63652D7375626A656374416CCA
:101A9000744E616D65005375626A65637420416CB4
:101AA00074204E616D65006086480186F842010130
:101AB0000069642D6E657473636170652D63657272
:101AC0007474797065004E6574736361706520434A
:101AD0006572746966696361746520547970650024
:101AE000551D200069642D63652D636572746966F8
:101AF0006963617465506F6C696369657300436500
:101B000072746966696361746520506F6C6963699A
:101B1000657300551D0E0069642D63652D73756234
:101B20006A6563744B65794964656E746966696555
:101B300072005375626A656374204B65792049644D
:101B4000656E74696669657200551D230069642DB0
:101B500063652D617574686F726974794B65794935
:101B600064656E74696669657200417574686F7248
:101B7000697479204B6579204964656E746966697A
:101B800065720069642D61742D636F6D6D6F6E4EAB
:101B9000616D6500436F6D6D6F6E204E616D650008
:101BA0005504060069642D61742D636F756E74723F
:101BB000794E616D6500436F756E747279005504DE
:101BC000070069642D61742D6C6F63616C697479B1
:101BD000004C6F63616C697479004C005504080017
:101BE00069642D61742D737461746500537461743C
:101BF000650053540055040A0069642D61742D6F0B
:101C00007267616E697A6174696F6E4E616D6500AD
:101C10004F7267616E697A6174696F6E004F00552B
:101C2000040B0069642D61742D6F7267616E697AAF
:101C30006174696F6E616C556E69744E616D65009B
:101C40004F726720556E6974004F55002A8648868A
:101C5000F70D01090100656D61696C41646472658D
:101C6000737300452D6D61696C20616464726573E6
:101C700073005504050069642D61742D73657269E4
:101C8000616C4E756D6265720053657269616C209E
:101C90006E756D626572005504100069642D617483
:101CA0002D706F7374616C4164647265737300505E
:101CB0006F7374616C2061646472657373005504A2
:101CC000110069642D61742D706F7374616C436FC2
:101CD000646500506F7374616C20636F64650055B8
:101CE00004040069642D61742D7375724E616D6515
:101CF000005375726E616D6500534E0055042A00E5
:101D000069642D61742D676976656E4E616D65003D
:101D1000476976656E206E616D6500474E0055041B
:101D20002B0069642D61742D696E697469616C732F
:101D300000496E697469616C730055042C00696414
:101D40002D61742D67656E65726174696F6E517572
:101D5000616C69666965720047656E657261746978
:101D60006F6E207175616C69666965720055040C4F
:101D70000069642D61742D7469746C650054697414
:101D80006C650055042E0069642D61742D646E51DC
:101D900075616C69666965720044697374696E6720
:101DA000756973686564204E616D65207175616C3D
:101DB0006966696572005504410069642D61742D7E
:101DC00070736575646F6E796D0050736575646FBF
:101DD0006E796D000992268993F22C6401010069E5
:101DE000642D756964005573657220496400099219
:101DF000268993F22C6401190069642D646F6D616A
:101E0000696E436F6D706F6E656E7400446F6D61C7
:101E1000696E20636F6D706F6E656E740055042D72
:101E20000069642D61742D756E697175654964650D
:101E30006E74696669657200556E697175652049D1
:101E400064656E746966696572009B6B702537798D
:101E5000E5F2F6CB16A58BB99A13A80575DC00FF41
:101E6000FFFFFF1F00647261676F6F6E2F6C696206
:101E7000732F73636865642F7372632F7363686570
:101E8000645F68616C5F74696D65725F67727463CB
:101E90002E6300286E756C6C29002A666C6F617465
:041EA0002A00000014
:101EA400FFFFFFFFFF1F00001F00000000000000F5
:101EB4001D40000000000000FFFFFFFF1FFF0000A7
:101EC400BAABBABA101010100100000000000000F4
:101ED4000050085000000000000000000C0000004A
:101EE40000FF7F0000000000000000000000000070
:101EF400000000003D2300000000000081C100003C
:101F0400000000005523000000000000A1C10000F3
:101F1400000000005FC1000000000000000000009D
:101F240000000000000000000000000000000000AD
:101F3400000000000000000000000000000000009D
:101F4400000000000000000000000000000000008D
:101F5400000000000000000000000000000000007D
:101F6400000000000000000000000000000000006D
:101F7400000000000000000000000000000000005D
:101F8400000000000000000000000000000000004D
:101F9400000000000000000000000000000000003D
:101FA400000000000000000000000000000000002D
:101FB400000000000000000000000000000000001D
:101FC400000000000000000000000000000000000D
:101FD40000000000000000000000000000000000FD
:101FE40000000000000000000000000000000000ED
:101FF40000000000000000000000000000000000DD
:1020040000000000000000000000000000000000CC
:1020140000000000000000000000000000000000BC
:1020240000000000000000000000000000000000AC
:10203400000000000000000000000000000000009C
:10204400000000000000000000000000000000008C
:10205400000000000000000000000000000000007C
:10206400000000000000000000000000000000006C
:10207400000000000000000000000000000000005C
:10208400000000000000000000000000000000004C
:10209400000000000000000000000000000000003C
:1020A400000000000000000000000000000000002C
:1020B400000000000000000000000000000000001C
:1020C400000000000000000000000000000000000C
:1020D40000000000000000000000000000000000FC
:1020E40000000000000000000000000000000000EC
:1020F40000000000000000000000000000000000DC
:1021040000000000000000000000000000000000CB
:1021140000000000000000000000000000000000BB
:1021240000000000000000000000000000000000AB
:10213400000000000000000000000000000000009B
:10214400000000000000000000000000000000008B
:10215400000000000000000000000000000000007B
:1021640000000000000000000C0300209BDD0000C4
:10217400A1DD0000A3DD0000C9DD0000A7DD000033
:10218400D3DD0000ADDD0000DDDD0000B3DD0000C7
:10219400E9DD0000BFDD0000C3DD0000B5DD0000A7
:1021A400BBDD0000D9DD0000E3DD000054030020A6
:1021B40001FF000065E2000071E2000075E200002A
:1021C4007DE2000081E2000000000000A75D030042
:1021D40000000000000100000000000000000000FA
:1021E40000000000000000000000000000000000EB
:1021F400000000000000000000000000658F0300E4
:1022040000000000000100000000000000000000C9
:1022140000000000000000000000000000000000BA
:10222400000000000000000000000000DD73010059
:102234000000000000010000000000000000000099
:10224400000000000000000000000000000000008A
:10225400000000000000000000000000000000007A
:10226400000000000000000000000000000000006A
:10227400000000000000000000000000000000005A
:10228400000000000000000000000000000000004A
:10229400000000000000000000000000000000003A
:1022A400000000000000000000000000000000002A
:1022B400000000000000000000000000000000001A
:1022C400000000000000000000000000000000000A
:1022D40000000000000000000000000000000000FA
:1022E40000000000000000000000000000000000EA
:1022F40000000000000000000000000000000000DA
:1023040000000000000000000000000000000000C9
:1023140000000000000000000000000000000000B9
:10232400158E010000000000000000000000000005
:102334000000000000000000000000000000000099
:102344000000000000000000000000000000000089
:102354000000000000000000000000000000000079
:102364000000000000000000000000000000000069
:102374000000000000000000000000000000000059
:102384000000000000000000000000000000000049
:102394000000000000000000000000000000000039
:1023A4000000000000000000000000000000000029
:1023B4000000000000000000000000000000000019
:1023C4000000000030530400000000006C050020F1
:1023D4006C05002000000000010000007C050020C6
:1023E4007C050020840500208405002000000000F6
:1023F4000100000094050020940500200000000066
:1024040000000000000000000000000000000000C8
:1024140000000000000000000000000000000000B8
:1024240000000000000000000000000000000000A8
:102434000000000000000000000000000000000098
:102444000000000000000000000000000000000088
:102454000000000000000000000000000000000078
:102464000000000000000000000000000000000068
:10247400000000000000000070770400000000006D
:102484000000000000000000000000000000000048
:102494000000000000000000000000000000000038
:1024A4000000000000000000000000000000000028
:1024B400000000000000000050770400000000004D
:1024C4000000000000000000000000000000000008
:1024D40000000000000000000000000000000000F8
:1024E40000000000000000000000000000000000E8
:1024F40000000000000000000000000041EC0000AB
:1025040000000000000100000000000000000000C6
:1025140000000000000000000000000000000000B7
:102524000000000000000000000000006700000040
:102534000000000000000000000000000000000097
:102544000000000000000000000000000000000087
:102554000000000000000000000000000000000077
:102564000000000000000000000000000000000067
:102574000000000000000000000000000000000057
:102584000000000000000000000000000000000047
:102594000000000000000000000000000000000037
:1025A4000000000000000000000000000000000027
:1025B40000000000000000000DF700000000000013
:1025C400CDF700000000000079F7000000000000D3
:1025D4000000000031F900000000000000000000CD
:1025E400010100004C0E0020160400004D0E0020D6
:1025F4000907000079B404006B620300D76A030082
:102604000C6904000000000001000000BC07002069
:1026140000000000000000000000000098110120EC
:1026240000000000000000000000000000020000A4
:10263400646B0400882A0020000000001786030051
:102644000000000000000000E8070020E807002068
:1026540000000000000000000E0000000100000067
:102664000100000000000000000000000000000065
:1026740067170500010000000100000000C01050B1
:102684000000000000000000000000000000000046
:102694000000000000000000000000000000000036
:1026A4000000000000000000000000000000000026
:1026B4000000000000000000000000000000000016
:1026C4000000000000000000000000000000000006
:1026D40000000000000000000000000000000000F6
:1026E40000000000000000000000000000000000E6
:1026F4000001000000A00D500000000000000000D8
:1027040000000000000000000000000000000000C5
:1027140000000000000000000000000000000000B5
:1027240000000000000000000000000000000000A5
:102734000000000000000000000000000000000095
:102744000000000000000000000000000000000085
:102754000000000000000000000000000000000075
:102764000000000000000000000000000C09002030
:102774000C090020180900200000000000000000DF
:10278400010000005BD704003C09002000000000A9
:102794000000000000000000040000000000000031
:1027A4000000000000000000000000000000000025
:1027B40010000000100000000000000000000000F5
:1027C40000020000400000002000000000000000A3
:1027D400A448002064480020444800200000000071
:1027E40000000000000000000000000000000000E5
:1027F40000000000000000000000000000000000D5
:1028040000000000000000000000000000000000C4
:1028140000000000000000000000000000000000B4
:1028240000000000000000000000000000000000A4
:102834000000000000000000000000000000000094
:102844000000000000000000000000000000000084
:102854000000000000000000000000000000000074
:102864000000000000000000000000000000000064
:102874000000000000000000000000000000000054
:102884000000000000000000000000000000000044
:102894000000000000000000000000000000000034
:1028A4000000000000000000000000000000000024
:1028B400000000001C70040005000800F38E0300F3
:1028C400000000004470040007000000458F03006E
:1028D40000000000B17301000100020000000000CC
:1028E4004F950300000000000000000000000000FD
:1028F40075800100000000000000000000000000DE
:102904006DA10100000000000000000000000000B4
:102914001DA00100000000000000000000000000F5
:10292400F5AA010000000000000000000000000003
:10293400FDA501000000000000000000DC0A0020EA
:10294400DC0A0020000000000000000001BA0100C1
:1029540009CA010071C90100000000000000000064
:10296400ADBD010003A30300C1A30300D9B9010055
:102974000000000028AD04000000020034AD040093
:1029840000000A0044AD0400000020000000000024
:102994000000000000000000000000000000000033
:1029A40000000000000000008DA8030000000000EB
:1029B40058AD04000000020064AD040000000200F1
:1029C40070AD040000000200680B0020680B0020BA
:1029D40000000000000000000E0000007C0B00203E
:1029E4007C0B0020D1EA0100000000008000000000
:1029F400000000007FB003000000000000000000A1
:102A040000000000C1B2030000000000000000004C
:102A140000000000C1B2030000000000000000003C
:102A240000000000C1B2030000000000000000002C
:102A340000000000A5B7030000000000E80B002020
:102A44000000000000000000000000000000000082
:102A54004F5900202000000000000000000000008A
:102A64000000000000000000A5B703000000000003
:102A74001C0C00200000000000000000000000000A
:102A84000000000071590020200000000000000038
:102A940000000000B507020000000000FF00000075
:102AA400440C002073FA040024020000000000001B
:102AB4000000000000000000000000000000000012
:102AC400000000002BC2030083C1030000000000CB
:102AD4006F04050000001800000000000000000062
:102AE40000000000000000000000000000000000E2
:102AF4002BC2030083C10300000000009104050001
:102B040000001800000000000000000000000000A9
:102B14000000000000000000000000002BC20300C1
:102B240083C1030000000000B30405000000180086
:102B34000000000000000000000000000000000091
:102B440000000000000000002BC2030083C103004A
:102B540000000000D504050000001800000000007B
:102B64000000000000000000000000000000000061
:102B7400000000002BC2030083C10300000000001A
:102B8400F704050000001800D5C10300CDC10300FF
:102B9400000000000400000000000000000000002D
:102BA40001000000480D00206077040000000000D0
:102BB4000000000000000000D5C10300CDC10300E7
:102BC40000000000040000000000000000000000FD
:102BD4000000000018060020D5C10300CDC1030089
:102BE40000000000040000000000000000000000DD
:102BF40001000000980D0020307704000000000060
:102C04000000000000000000D5C10300CDC1030096
:102C140000000000040000000000000000000000AC
:102C240001000000C80D00204077040000000000EF
:102C34000000000000000000D5C10300CDC1030066
:102C4400000000000400000000000000000000007C
:102C540000000000580600200090D003FF00000090
:102C64000F00000071020000080E0020080E002072
:102C74007707040073070400CF4E04006774200034
:102C840004110020541100202C1100201C120020DB
:102C9400101200201811002040110020334E0400AF
:102CA400374E0400314E0400434E04000649FC1123
:102CB400002F0000000000000000000000000000E1
:102CC4000000000000000000000000000000000000
:102CD40000000000000000000000000000000000F0
:102CE40000000000000000000000000000000000E0
:102CF40000000000000000000000000000000000D0
:102D040000000000000000000000000000000000BF
:102D140000000000000000000000000000000000AF
:102D2400000000000000000000000000000000009F
:022D340000019C
:102D3600000000000000000000000000000000008D
:102D4600000000000000000000000000000000007D
:022D560000007B
:102D5800000000000000000000000000000000006B
:102D6800000000000000000000000000000000005B
:102D7800000000000000000000000000000000004B
:102D8800000000000000000000000000000000003B
:042D98000000000037
:102D9C000000000000000000000000000000000027
:102DAC000000000000000000000000000000000017
:102DBC000000000000000000000000000000000007
:102DCC0000000000000000000000000000000000F7
:102DDC0000000000000000000000000000000000E7
:102DEC0000000000000000000000000000000000D7
:102DFC0000000000000000000000000000000000C7
:102E0C0000000000000000000000000000000000B6
:102E1C0000000000000000000000000000000000A6
:102E2C000000000000000000000000000000000096
:102E3C000000000000000000000000000000000086
:102E4C000000000000000000000000000000000076
:102E5C000000000000000000000000000000000066
:102E6C000000000000000000000000000000000056
:102E7C000000000000000000000000000000000046
:102E8C000000000000000000000000000000000036
:102E9C000000000000000000000000000000000026
:102EAC0048100020481000201835012000000000B8
:102EBC00010000002C000000000000006410002045
:102ECC006410002098350120000000000200000072
:102EDC000C02000000000000801000208010002078
:102EEC00A8AB00200000000001000000B0000000B2
:102EFC00000000009C1000209C1000209815012060
:102F0C00000000000400000064000000000000004D
:102F1C00B8100020B8100020C814012000000000D8
:102F2C00040000003400000000000000D410002059
:102F3C00D4100020443501200000000003000000E4
:082F4C001C0000000000000061
:102F540000000000F0890020800100000000000053
:042F64000000000069
:102F680004110020041100200000000000000000EF
:102F78000E000000181100201811002000000000A9
:102F8800000000000E0000002C1100202C11002071
:102F980000000000000000000E00000040110020AA
:102FA8004011002000000000000000000E0000009A
:102FB80054110020541100200000000000000000FF
:102FC8000E000000681100206811002000000000B9
:102FD800000000000E0000007C1100207C11002081
:102FE80000000000000000000E000000901100200A
:102FF8009011002000000000000000000E000000FA
:10300800A4110020A411002000000000000000000E
:103018000E000000B8110020B811002000000000C8
:10302800000000000E000000CC110020CC11002090
:0C30380000000000000000000E0000007E
:10304400E0110020E0110020000000000100000059
:10305400F0110020F0110020F8110020F8110020D8
:1030640000000000FFFFFFFF0812002008120020EC
:103074001012002010120020000000001C1200207A
:083084001C12002000000000F6
:10308C000000000000000000301200203012002070
:08309C00381200203812002058
:1030A4000000000000000000481200204812002028
:1030B40050120020501200200300030010000000F2
:1030C400000000000C720400203101200000000008
:1030D4000000000074120020741200207C120020F2
:1030E4007C1200200300030010000000EDC6010064
:1030F400A8720400A03401200000000000000000B9
:10310400A0120020A0120020A8120020A812002063
:10311400030003000000000000000000B070040081
:10312400742B01200000000000000000CC120020DD
:10313400CC120020D4120020D4120020010001007F
:1031440010000000E1A40100F8710400F82D012032
:103154000000000000000000F8120020F812002017
:1031640000130020001300200300030000000000EF
:1031740000000000C0710400B02D01200000000018
:103184000000000024130020241300202C1300202E
:103194002C1300200C000C00040000007D790100B9
:1031A4009C70040098290120000000000000000029
:1031B40050130020501300205813002058130020EF
:1031C4000400040004000000000000007C700400FF
:1031D400281D012000000000000000007C130020D6
:1031E4007C130020841300208413002002000200BA
:1031F40000000000000000007C6B04009814012013
:103204000000000000000000A8130020A813002004
:10321400B0130020B01300200100010000000000E2
:0C32240000000000C4700400C02C012059
:083230005D200200C51F020031
:08323800590B02000000000028
:0432400091F0000009
:0432440015E015E09C
:04000003100043099D
:00000001FF
