:10000000F8DB0020DD49010043870300C9490100F6
:10001000C9490100C9490100C9490100C949010094
:100020000000000000000000000000004D4B010037
:10003000C949010000000000E54A0100C94901006A
:10004000D54C0100D54C0100D54C0100D54C010028
:10005000D54C0100D54C0100D54C0100D54C010018
:10006000D54C0100D54C0100D54C0100D54C010008
:10007000D54C0100D54C0100D54C0100D54C0100F8
:10008000D54C0100D54C0100D54C0100D54C0100E8
:10009000D54C0100D54C0100D54C0100D54C0100D8
:1000A000D54C0100D54C0100D54C0100D54C0100C8
:1000B000D54C0100D54C0100D54C0100D54C0100B8
:1000C000D54C0100D54C0100D54C0100D54C0100A8
:1000D000D54C0100D54C0100D54C0100D54C010098
:1000E000D54C0100D54C0100D54C0100D54C010088
:1000F000D54C0100D54C0100D54C0100D54C010078
:10010000D54C0100D54C0100D54C0100D54C010067
:10011000D54C0100D54C0100D54C0100D54C010057
:10012000D54C0100D54C0100D54C0100D54C010047
:10013000D54C0100D54C0100D54C0100D54C010037
:10014000D54C0100D54C0100D54C0100D54C010027
:10015000D54C0100D54C0100D54C0100D54C010017
:10016000D54C0100D54C0100D54C0100D54C010007
:10017000D54C0100D54C0100D54C0100D54C0100F7
:10018000D54C0100D54C0100D54C0100D54C0100E7
:10019000D54C0100D54C0100D54C0100D54C0100D7
:1001A000D54C0100D54C0100D54C0100D54C0100C7
:1001B000D54C0100D54C0100D54C0100D54C0100B7
:1001C000D54C0100D54C0100D54C0100D54C0100A7
:1001D000D54C0100D54C0100D54C0100D54C010097
:1001E000D54C0100D54C0100D54C0100D54C010087
:1001F000D54C0100D54C0100D54C0100D54C010077
:10020000D54C0100D54C0100D54C0100D54C010066
:10021000D54C0100D54C0100D54C0100D54C010056
:10022000D54C0100D54C0100D54C0100D54C010046
:10023000D54C0100D54C0100D54C0100D54C010036
:10024000D54C0100D54C0100D54C0100D54C010026
:10025000D54C0100CBC60300D54C0100D54C0100A4
:10026000D54C0100D54C0100B5C60300D54C0100AA
:10027000D54C0100D54C0100D54C0100D54C0100F6
:10028000D54C0100D54C0100D54C0100D54C0100E6
:10029000D54C0100D54C0100D54C0100D54C0100D6
:1002A000D54C0100D54C0100D54C0100D54C0100C6
:1002B000D54C0100D54C0100D54C0100D54C0100B6
:1002C000D54C0100D54C0100D54C0100D54C0100A6
:1002D000D54C0100D54C0100D54C0100D54C010096
:1002E000D54C0100D54C0100D54C0100D54C010086
:1002F000D54C0100D54C0100D54C0100D54C010076
:10030000D54C0100D54C0100D54C0100D54C010065
:10031000D54C0100D54C0100D54C0100D54C010055
:10032000D54C0100D54C0100D54C0100D54C010045
:10033000D54C0100D54C0100D54C0100D54C010035
:10034000D54C0100D54C0100D54C0100D54C010025
:10035000D54C0100D54C0100D54C0100D54C010015
:10036000D54C0100D54C0100D54C0100D54C010005
:10037000D54C0100D54C0100D54C0100D54C0100F5
:10038000D54C0100D54C0100D54C0100D54C0100E5
:10039000D54C0100D54C0100D54C0100D54C0100D5
:1003A000D54C0100D54C0100D54C0100D54C0100C5
:1003B000D54C0100D54C0100D54C0100D54C0100B5
:1003C000D54C0100D54C0100D54C0100D54C0100A5
:1003D000D54C01009FC60300D54C0100D54C01004F
:1003E000D54C0100D54C0100D54C0100D54C010085
:1003F000D54C0100D54C0100D54C0100D54C010075
:10040000D54C0100D54C0100D54C0100D54C010064
:10041000D54C0100D54C0100D54C0100D54C010054
:10042000D54C0100D54C0100D54C0100D54C010044
:10043000D54C0100D54C0100D54C0100D54C010034
:10044000D54C0100D54C0100D54C0100D54C010024
:10045000D54C0100D54C0100D54C0100D54C010014
:10046000D54C0100D54C0100D54C0100D54C010004
:0C047000D54C0100D54C0100D54C01001A
:10048000064A074B02604FF41A725B78828008229A
:10049000C371002382710372704700BF13E3000031
:1004A00088140020064A074B02604FF490725B7A72
:1004B00082800822C371FF2382710372704700BFDC
:1004C0003BDE000088140020F8B5C41D0028054656
:1004D00024F007040CBF0020204600F0E5FA071EB8
:1004E00002DA6FF00B00F8BD254EB1887088033139
:1004F000F3790330B27989B280B20BF0E8FA0028C0
:10050000EFDB3C4473783178002D04F10304194487
:1005100024F0030400FB01F10CBF0020204600F092
:1005200047FC23180DB9002BDBDB717A184679B133
:100530000333002D728923F003040CBF00202046F2
:1005400000F0A8FC0028CCDB20440DB90028C8DB53
:10055000317A91B1737A83B1C41D002D24F0070460
:100560000CBF0020204603F0B3FB0028B9DB0DB11F
:100570000020B8E72018B6D5B3E7002DF8D1B2E7D0
:10058000881400201FB572B6194BDC68ECB9BFF3B4
:100590004F8F1849184BCA6802F4E0621343CB60CE
:1005A000BFF34F8F00BFFDE7B2FBF6F22B465D1C99
:1005B000002AF9D1DBB203F110056D4405F80C2CCB
:1005C0000A2233B901A8A047E1E7024600230A2620
:1005D000EDE7013BDBB203F110050DEB0506B0FBC7
:1005E000F2F502FB1500303006F80C0C2846E8E75F
:1005F0008814002000ED00E00400FA050A4B07B55E
:10060000DA886846ADF800209A885B88ADF8042047
:10061000ADF8023001F05AFE18B1FC219C20FFF722
:10062000B1FF03B05DF804FB8814002038B505461F
:1006300040B309F0AFFF10B94FF0FF3038BD09F0FB
:1006400087FBB0F5FA7FF7D8104C1148E56000F051
:10065000A7F9002323744FF4807323801B23638046
:10066000A38040F20323E3804FF4847323811F238C
:100670006381EFF3108472B600F0E2FC04B962B655
:100680000020DBE76FF01500D8E700BF88140020DA
:10069000FD05000010B5002840D1234C237C032B1E
:1006A00039D059B1002A3CD00239052936D8DFE8C3
:1006B00001F0031227352A2D137863700020FFF70D
:1006C00003FF0028B7BF012302236FF00B00237440
:1006D000A8BF237410BD13791BB353790BB31188D2
:1006E000FB291ED853881B3B9BB2E02B19D81A2933
:1006F00017D913689288C4F802300C4B9A80DDE752
:1007000013786372DAE713886381D7E71388FF2BC6
:1007100007D82372D2E74FF0FF30DBE76FF02C00F1
:10072000D8E76FF01500D5E7881400208A14002060
:10073000F8B50D46064620B319B311F0070420D1D1
:10074000114F3B7C012B02D16FF00B00F8BD032B46
:1007500002D14FF0FF30F9E700F060F80028F8D040
:100760002846FFF7B1FE0028EEDB0DF037FE3046DD
:10077000214601F03FFEFFF741FF032320463B7473
:10078000E4E76FF01500E1E78814002010B5064C8F
:10079000237C032B03D101F045FE02F0A7FD0BF0F3
:1007A0008FFA0020207410BD8814002050B1074B30
:1007B00003F1140253F8041B934240F8041BF9D1CF
:1007C000002070476FF01500704700BF60120500F1
:1007D00008B501F0D9FD03490120BDE8084000F04B
:1007E0005BB900BFA504000008B501F0E1FD0349B5
:1007F0000020BDE8084000F04FB900BF81040000B0
:1008000002680020014B1A60704700BF9C14002052
:10081000014B1B68184700BF9C140020024B18684E
:10082000003818BF012070479C1400202DE9F743C1
:100830000446264E071D2548376002F06FFD02284A
:10084000054607D1214920460AF004FD284603B099
:10085000BDE8F0830428F9D13378072B18D13E2066
:1008600000F04AF878B9F37801A93279684643EA8A
:100870000223ADF800300AF004FF0028DBD053213A
:100880000820FFF77FFE052000F076F80028EAD068
:10089000314620460AF016FDB0F5817F01D3722162
:1008A000EEE70028C7D094F8008094F80290404604
:1008B00000F022F80028BED0B8F13E0FC6D148465D
:1008C00000F05AF80028C1D1B5E700BFA0140020FD
:1008D000074B4FF0FF3141F6FF72C3E900120549A3
:1008E0000022C1E900221F21C3E90212704700BFA4
:1008F00040000020E41400203F280CD801380B4BA6
:10090000C0F3421200F01F0053F8223023FA00F027
:1009100000F001007047FF2806D04038044BC0F3B8
:10092000421200F01F00EFE7012070474000002056
:10093000E4140020074B0146006849681A4603C2C8
:1009400040F48C221A6041F0107242F4FF625A6047
:10095000704700BF400000200246024B006851680B
:1009600003C37047E41400200246024B006851683C
:1009700003C3704748000020431E3828DBB21FBF66
:10098000064A590903F01F0302EB81021DBF90685C
:10099000D84000F001000020704700BF4000002058
:1009A000014B1860704700BFEC14002010B5FFF732
:1009B0008FFF0BF046FB034B04461B6803B19847BF
:1009C000204610BDEC1400200A8870B595B2C67C94
:1009D000C2F30E020488023602F118033444C35AEB
:1009E000A4B233442344013BB3FBF4F303FB0422DE
:1009F000438892B29342044B8BBF2B40AB431343CB
:100A00009BB20B8070BD00BF0080FFFF4A1E062A0C
:100A100008B50346084604D84FF4D1711520FFF7F6
:100A2000B1FD094A914202D940F2A311F6E711B98A
:100A300003B1196008BD2BB11B680022C3E9012175
:100A40001A1D1A600430F5E7FAFFFF7F10B5114B4D
:100A500000EB41041A786389B3FBF2F303FB022332
:100A6000013A1A44B2F5706F0279807828BF0023EA
:100A70001A440B18B2FBF0F100FB11215B1AB3FB17
:100A8000F0F100FB113313446FEA43436FEA534321
:100A9000638110BDF0140020024B03EB800359600A
:100AA000704700BFF01400202DE9F04F10F0070A46
:100AB00085B0054604D040F261111720FFF762FDB2
:100AC000524F044607F10C06B146B04657F8043BB6
:100AD0008DF80BA03BB101A898479DF80A30082B70
:100AE00001D9E821E9E79DF80B1041BB05B1316060
:100AF0004F4506F10406E9D1002D6ED00022DFF843
:100B000010910227964689F8002058F827A0013F47
:100B1000BAF1000F54D09AF804609AF802C0FF2E80
:100B20005FD039460023481C37D19C44BCF1FF0FED
:100B30003ED90AB189F800E040F22711BDE79DF8DF
:100B40000AC04B1D60465A0004EB4303022838BF1D
:100B50000220441E40422344BDF808406444CCF1C6
:100B6000000C0340013C04EA0C04B4F5803F01D3BF
:100B7000F821A2E775B19A1A0120326091701480B1
:100B8000D0709DF80C00107101984FEA104C108144
:100B9000A2F806C004FB0134AAE758F8210028B1E6
:100BA00090F804B0B34504BF80781B180139BAE748
:100BB000DBB2E6458AF804303CBF5FFA8CFE0122C6
:100BC0007B1CA2D10AB189F800E0022640F6FF6A38
:100BD00058F82670B7B9013EFAD2601B05B0BDE8DF
:100BE000F08F0023E5E707EB410309F101093846DF
:100BF000A3F80AA0FFF72AFF5FFA89F1BB788B42BE
:100C0000F1D8E8E74FF00009F6E700BFF414002040
:100C1000F014002038B54FF6FF7302460380184BDE
:100C200003EB81031869A8B184780379B3FBF4F16D
:100C300004FB1133DBB2194600EB4105B5F90A504C
:100C4000002D0EDB0131B1FBF4F504FB1511C9B227
:100C50008B42F1D1002038BD6381BDE838400AF0F5
:100C600012BF00EB41046389C3F30E031380C27803
:100C7000002AF1D14FF4D5711720FFF783FC00BF94
:100C8000F01400201C4B03EB810370B51C69054672
:100C900044B3030404D54FF4DC711720FFF772FC52
:100CA000014620460AF0D2FEFF28014604D0204625
:100CB000BDE870400AF0E7BEA078B5FBF0F300FB9A
:100CC0001353DBB219460A1D04EB4206B6F9026063
:100CD000002E09DB0131B1FBF0F200FB1211C9B2A9
:100CE0008B42F0D1002070BD8B4201D00023E37015
:100CF00004EB42025580DAE7F0140020094B03EBC5
:100D00008103014610B51C6920460AF09FFEFF28AA
:100D1000014604D02046BDE810400AF0B4BE0020D1
:100D200010BD00BFF0140020F8B5104B074603EBD0
:100D3000810301461C6920460AF088FEFF2805460B
:100D400011D0E288238953EA024606D001462046A4
:100D50000AF099FE01463846B04720462946FFF77B
:100D600075FE0020F8BD0520FCE700BFF014002050
:100D700038B50E4B0446827903EB8203186908B933
:100D8000052038BD8278E1799142F9D24B1CE3719C
:100D900000EB41035D89B3F90A30002BF3DBA5803A
:100DA0000AF071FE20600020EBE700BFF014002085
:100DB00070B5044610F003000E4603D04E211820F3
:100DC000FFF7E0FBFFF722FE054624B1034831465A
:100DD0000460FFF71BFE284670BD00BF0C15002005
:100DE0002DE9F14FDFF870B01E4607460D46DBF8DF
:100DF000003090469DF828A09DF82C901BB96021EA
:100E00001820FFF7BFFB5246092140460AF09EFC1E
:100E10004A4684B2092130460AF098FC81B2DBF8D8
:100E2000000021440AF0E6FD386018B9286001B0DE
:100E3000BDE8F08F04445346414609222C603868CF
:100E40000AF047FC4B4609223146286801B0BDE84C
:100E5000F04F0AF03EBC00BF0C15002070B50E46E6
:100E600004460AF086FC054630460AF082FC044B34
:100E70002A1821461868BDE870400AF0E0BD00BF9E
:100E80000C150020024B186808B10AF0A7BD704786
:100E90000C1500201F2AF8B5044613460ED8920000
:100EA000033222F00303B3F5803F2DD2184DACB1CD
:100EB000A00710D05F210920FFF764FBFF2B4FEA4A
:100EC000420204D9FF339A42A8BF1A46E8E77C2AB7
:100ED000B8BF7C22E4E729706C602B8122F003020A
:100EE00028230127120403FB01F06B680025120C74
:100EF000EEB2B14200D8F8BD14B126181F705E6082
:100F0000104401352833F3E74FF0FF30F3E700BF1B
:100F100010150020154A002170B553681578C8B225
:100F2000854203D8AB210920FFF72CFB1C4618464D
:100F3000013114F8286B0EB92346F0E700219970AF
:100F400001241289996103F126055C709208D96128
:100F500003F11E04596824F8022FA54243F8041F28
:100F60001144F8D100234361037070BD10150020B7
:100F70004B782DE9F04106460C4602F0040702F0DA
:100F8000FB05E3B1A5BBFF23A3707B0804EB570768
:100F90003A7D032A02D1022D18BF0133E218012144
:100FA000117503F10C01002204EB830324F81120D6
:100FB0005B68A27030463360B280BDE8F081002DDE
:100FC000E1D1012301F11E028D6120464B7004F135
:100FD000260C1A4BCD611B8949689B0822F8023FF9
:100FE000944540F8041F1944F8D100236361CAE70F
:100FF000D1F8048014220021A01861700DF08FFC3C
:101000000E4B1B89B3F5FF7F0FD25A089B1A9BB278
:1010100008EB0301C4F804802384A1606284C4F84F
:101020000C80A3842161E284ADE7B3F5EE6F4FF04D
:10103000FF02EBD940F27263EAE700BF101500200F
:101040001F4B4FF0FF3000211A6801235360C2F894
:101050000803C2F80015C2F804351A4A1268536032
:10106000C2F80803C2F8001540F6FE71164A174888
:10107000C2F80815B0F90020002A0CDB510902F073
:101080001F02934001F12002114941F82230BFF3C1
:101090004F8FBFF36F8FB0F90030002B09DB5A0977
:1010A000012103F01F03994002F16003084A42F84E
:1010B0002310054B40F6FE72C3F80825704700BFA9
:1010C000F01C0020EC1C002000200850041D002013
:1010D00000E100E00A460648192302F8033BC36812
:1010E000C1F803300369536043699360704700BFE0
:1010F00020150020024B5A8C02435A845B6A184721
:1011000020150020014B00215B6A184720150020A4
:1011100010B5154C05F092FE05F062FA208DFFF730
:10112000F1FF237E63B12246104904F1190052F801
:101130000C3BE36063685360A36893600BF0ECFFC3
:101140000B4B228D93E8030002F0F2FD236B18880D
:1011500002F074FDA36B94F8341094F835009847AE
:10116000002384F83C3010BD20150020D51000006D
:101170004C150020034B93F83C300BB1FFF7C8BF70
:10118000704700BF2015002070B51D4C0646256B2A
:10119000636C95F88C20236494F8483095F86910B6
:1011A00003EB82002EB9FF2803D195F868308B42FB
:1011B00001D005F0F7FC95F88C30D3B1E06C05F068
:1011C000F5FE0123E16C84F87030206CD5E93A23F8
:1011D000C4E9182305F088F916B9304605F034FF44
:1011E00095F86810002005F077FF022384F83C3062
:1011F00070BD206C05F0DAFE05F0F2F9ECE700BFF7
:101200002015002008B5094B93F83C20022A04D091
:1012100040F24F212720FFF7B5F9DA7A42F00102B8
:10122000DA72BDE80840FFF773BF00BF2015002049
:1012300003280B4B10B5044605D19A6FD278022AC9
:1012400001D1002010BDD86F0AF012FB0028F9D19F
:10125000032CF6D001F0A8FA80F00100C0B2F1E74B
:10126000201500202DE9F043474C85B005468846FF
:1012700094F83C30012BDFB204D040F20451272017
:10128000FFF780F9266B02A8A16F0AF01BFD96F804
:101290007C309DF808903BB10021042086F87C103A
:1012A000FFF728FF86F87E70B9F1030F25D0BDF84F
:1012B0000C30002B18BF022796F88C3086F882700D
:1012C000ABB10123216B94F8487084F8703091F829
:1012D0006900D6E93A23C4E918230AF010FD002278
:1012E00003462A49009202203A4605F03DF86DB1C6
:1012F00005B0BDE8F043FFF70BBF96F882301BB98D
:10130000A16F0220FFF7F6FE0327D5E7B8F1000F23
:10131000EED0D4F88030284698470028E8D094F8DA
:101320003430002BE4D194F8843023B194F8850054
:10133000FFF77EFF0546606C0BF063FED4F8883043
:10134000B3B9B4F88C30B3FA83F35B09628C9107BC
:1013500010D5A26F137803F00303032BC8D1D37801
:10136000022BC5D1002005B0BDE8F043FFF70CBF4C
:101370000123EBE7002ABBD1012814BF002303F0AF
:1013800001032B43EED1B3E7201500207015002098
:1013900010B5094CD4F8883023B940F2F641272023
:1013A000FFF7F0F8B4F88C201846216C033209F0EE
:1013B000BBFA206410BD00BF20150020064B10B5FD
:1013C00093F83C2002F0FF0422B91C7602F0A8FC3E
:1013D000204610BD0C24FBE7201500200A4B0B4AC9
:1013E00070B506460D461A60FFF7E8FF18B1F42104
:1013F0002720FFF7C7F8064C012104F18E000BF0FF
:10140000F0FD6664E56470BD880000201C1C0000CF
:1014100020150020024B012283F89120704700BF65
:1014200020150020F0B585B0754C02AE0A9F86E805
:10143000030094F83C1001F0FF0511B90AB103B1A3
:1014400027B940F283112720FFF79CF896E80300A4
:1014500004F12C0C84F8915084F8345084F89250A4
:1014600084F8355084F8935084F894506584258529
:10147000C4F880306262A7638CE80300256B05F036
:10148000C3FB05F0ADF895F9700005F5807705F020
:1014900017FC6E6AE86905F019FC304605F078FD26
:1014A00095F89C0005F01CFC04F150060CF0E8F9DE
:1014B00095F8692000F17601012005F0ABFC514B55
:1014C000186805F06BFD2B69E3676B69C4F8983009
:1014D00005F1F0031868083353F8041C3246BB4288
:1014E00003C21646F6D15968474A236BD5F8000166
:1014F00093F8686003C293F88620A2F125010129C0
:1015000003D993F8871025295DD193F83E322BB18A
:10151000012E03D0012B0CBF0126022605F1300756
:10152000314638460BF088FE31460BF0AEFBAB8FF0
:1015300095F86910834228BF0346384684F89C30EA
:101540000BF063FE95F8691095F88C700429B5F8D6
:10155000446008BF03210BF098FB0FB9043080B240
:10156000864295F88C3028BF0646F6B284F89D6016
:1015700084F8486093B10123D5E93A0184F87030CA
:10158000C4E9180195F869000AF0B9FB0022034686
:101590001E4900920220324604F0E6FE0120FFF7C9
:1015A000F3FD002323606360A360B5F8803063809F
:1015B0002B88238095F89C302371EB6E0BB10122B0
:1015C0001A6005B0F0BD203A012A0DD823290DD0AC
:1015D00093F8263113F0010202D19B079ED5022217
:1015E000012E18BF164699E7232905D193F8262125
:1015F00093F861301340EDE7032E08BF04268DE712
:10160000201500208800002088150020701500207B
:1016100008B50C4B93F83C201AB9BDE80840FFF719
:1016200077BD93F83C20022A04D040F231212720D4
:10163000FEF7A8FF1B6BD3F8B001BDE8084005F02A
:10164000D1BC00BF20150020014B1876704700BFA9
:1016500020150020014B93F89300704720150020BF
:10166000024B93F82900C0F3C000704720150020FA
:10167000014B93F892007047201500202DE9F043AC
:10168000314D85B004460F4602A8296C2E6B0AF036
:1016900019FB14F00109BDF80C8004F0020428D0F5
:1016A000002385F89E3094B1FFF772FE0DF102021F
:1016B00001A9D5F898000AF087F901980AF06AF9AB
:1016C000012238604146D5F898000AF012F9B9F1C4
:1016D000000F0BD0D6E93A32013342F10002C6E9DD
:1016E0003A3296F88430013386F8843005B0BDE88C
:1016F000F08395F89E30032B20D801A252F823F0F6
:10170000A7160000111700002B1700002B17000070
:10171000002CEBD0FFF73CFE00224146D5F89800A4
:1017200005B0BDE8F0430AF0E4B8002CDED0D5F8EF
:10173000980005B0BDE8F0430AF042B940F2A2417A
:101740002720FEF71FFF00BF201500202DE9F04FD6
:101750000023A94C89B080468946276BCDE9043324
:1017600094F83C30022B04D040F28B512720FEF736
:1017700009FF216C06A80AF0A5FA97F88C30B8F199
:10178000000F00F027819DF819B0BDF81C60002BF8
:1017900039D004F033FFB0BB6EB197F8843003F05A
:1017A00001035B450BD1012384F83530FFF7B0FC12
:1017B00009B0BDE8F08FA4F88C60002006E0A4F822
:1017C0008C603146D4F898000AF073F8238D9DF8A8
:1017D0001A2043F40073C4F88800238597F88330F7
:1017E00003F001039A4263D0256B95F88230002BF9
:1017F0003DD0022B13D104A9E06F0AF003F838B9E9
:1018000040F23B41B2E7A4F88C60002ED5D0D8E777
:10181000D5E93832013342F10002C5E938320021FE
:1018200095F87E3085F8821023B1102085F87E105F
:10183000FFF760FC95F87D30A3B14FF0000A85F802
:101840007DA000F09BFF10B940F252418EE7514657
:101850000820FFF74FFCD5E93832013342F100028E
:10186000C5E9383295F88330013385F88330238D0C
:101870004FF0000A43F40063238597F8843003F0A7
:1018800001035B4544D19DF81830256B022B11D81C
:10189000EBB995F88430013385F88430002E37D0C9
:1018A000D5E93A32013342F10002C5E93A322FE07C
:1018B000C246E2E7032BECD1238D0120216C43F4D7
:1018C000805385F87C002385FFF714FCE1E7002EA8
:1018D000DFD0238D95F88C5043F48053238505F099
:1018E00013F9042894F89D3006D1002D0CBF1F2257
:1018F0001B22934228BF1346B34261D3D4F88830E9
:1019000033B194F89130002B73D02020FFF7FAFB0D
:10191000002697F88B308BB1002597F86800D7E93F
:10192000382384F87050C4E918230AF0E8F9FB2240
:10193000034632490420009504F016FDB9F1000F6A
:101940005ED1638C94F89210180708D5A26F1378B3
:1019500003F00303032B02D1D378022B50D00129CB
:101960004ED8D4F8803001209847002848D094F809
:101970003430002B44D11EB105A90120FFF77EFEB3
:10198000256B002395F88C208DF80D3094F84830A5
:1019900095F8681003EB8203FF2B03D195F86930AB
:1019A0008B4202D0FF2005F0FDF895F88230032B22
:1019B00000F21B81DFE813F07B00A600000111019B
:1019C00094F83430012043F0100384F8343007F0E9
:1019D000A1F99DE70BB104F025FE94F892300026A2
:1019E0000133B24684F89230238D43F4806323851B
:1019F0008FE746468DE700BF2015002070150020B8
:101A000005F076FB002E4DD14FF00109238D5A06CB
:101A100006D44020FFF776FB238D43F04003238557
:101A2000BAF1000F0DD0B4F80720B4F80530134315
:101A3000B7F8802013431EBFB4F809300133A4F86F
:101A40000930B8F1000F00F0DC80B4F80530013344
:101A5000A4F80530002384F892306D4802F0DCF8D9
:101A6000049830B109F096FF216B0022027201F058
:101A700099FC059B33B1216B00221A720C22059848
:101A800001F05EFCB9F1000F7FF490AE238D1B06D0
:101A90003FF58EAE8020FFF735FB238D43F08003AA
:101AA000238585E605A90320FFF7E8FDACE794F858
:101AB0009C305848ADF80E30A5F8583000F04EFE76
:101AC00028B1012385F87D3084F894301CE00DF1B5
:101AD0000D020DF10E01E06F09F072FEA06788B1F2
:101AE00095F8C73073B99DF80D302BB903800121EB
:101AF0008370A06F0BF075FAA36FBDF80E205A70BB
:101B00000123E1E7444BA367D4F878B095F883202C
:101B10009BF80000D20000F0F30300F0030002F095
:101B20000802134395F88420920002F00402134344
:101B30008BF80030FFF77CFB9BF8003023F010039C
:101B400043EA00138BF8003095F88B30A06F002B20
:101B50004ED04378002B4BD0E06C05F027FA0022E2
:101B6000D5E9380184F87020C4E91801E16CA06F50
:101B700005F0FCFB18B9A16FE06C04F049FC95F886
:101B800069100120012505F0A7FAA06F84F8935091
:101B90000BF037FAA36F84F884001B7884F83C506C
:101BA00003F0030384F88530002E3FF42FAF05A91E
:101BB0000220FFF763FD29E7B5F858300DF10D025B
:101BC0000DF10E01E06FADF80E3009F0F9FDA067E0
:101BD000002895D140F2F121C8E50E4800F0BEFD85
:101BE00000288DD140F2FB21C0E540F20931BDE56E
:101BF00005F0DCF904F0F4FC0021A06F0CF015FCFA
:101C0000BDE7B4F807300133A4F8073025E700BF7B
:101C10004C15002098150020AE150020051200007C
:101C20004D1700006512000075110000304BF0B533
:101C30005A8885B0B0F85C700C46B0F85A6097428C
:101C40009D8828BF1746964228BF16461B2E2ED0C9
:101C5000B5F5A47F2DD040F6480301A99D4228BFC9
:101C60001D460AF0B1F8BDF80A30BB4228BF3B461A
:101C7000E380BDF80C30AB4228BF2B462381BDF872
:101C80000630B34228BF33466380BDF80830AB420C
:101C900028BF2B46A380FF232370E3881B3B9BB206
:101CA000E02B08D940F2EE613920FEF76BFC1B2FC8
:101CB000CED105B0F0BD63881B3B9BB2E02B02D9AF
:101CC0004FF4DE61F0E72389A3F5A4739BB2B3F56B
:101CD000E06F02D940F2F261E6E7A388A3F5A473AE
:101CE0009BB2B3F5E06FE4D940F2F461DCE700BFEA
:101CF000C015002010B501210020FEF7FFFF0446AB
:101D000070B90121FEF7BEFF044620B940F29131BF
:101D10003920FEF737FC034B93F906100CF05FF8FF
:101D2000204610BDC015002008B50AF0CAFE00F01C
:101D3000DFFE00F0A5FB0BF0C7F901F0DBFF01F0BF
:101D4000DDF80022084B1B214FF4A4701A60074BEA
:101D500098801A8059800648064B186099805A74FA
:101D60005A829A829A7508BD8C000020C015002006
:101D700003021B00EC190020044B41F64C52C3E94E
:101D800002221B221A74FFF7CFBF00BFEC190020FC
:101D900073B5234D0446AB680363224B83610BF09C
:101DA000D9FE064600F05CFB8306297C53BF1B234B
:101DB0006B88AA881A46A4F85A301B4BA4F85C20FA
:101DC0001B6884F8381066871BB194F9701020885E
:101DD0009847164E204631460AF078FF01236A885C
:101DE00004F110006978E3850332AB88019192B267
:101DF00016F8121C033300919BB204F11401FEF794
:101E0000EFFF236923B940F2C5613920FEF7BAFB21
:101E1000636913B940F2C661F7E7002002B070BDF4
:101E2000EC19002000093D0090000020FE19002060
:101E3000F7B504460D460CF005F800286DD0204695
:101E40000CF0DCF838B1B5F80130013B7F2B02D93A
:101E5000122003B0F0BD20460CF0D4F808B90C20D5
:101E6000F7E720460BF06CFF0028F8D120460BF076
:101E7000A7FF06460028F2D1204603F05BF80028B1
:101E8000E6D042F21073B5F80170E97820465F435E
:101E90000CF0A0F820460CF0A9F8014648B93A46E3
:101EA000204602F055FAB0B341F69D413920FEF7C5
:101EB00069FB31460DF10600FEF7ACFE054608B998
:101EC0000D20C6E731460AF058FEBDF80630204620
:101ED00029462B800CF0A0F820460CF099F888B920
:101EE000216A20460CF096F801462846FFF750FF7D
:101EF0003A462946204602F02BFA024620B14FF41A
:101F0000E651D3E70121F0E7054B9B681BB105F5CE
:101F10008D712846984700209BE7422099E700BF33
:101F2000C0150020024B1B6803B118470C207047F6
:101F30008C000020034B5A8802801B78837000209D
:101F4000704700BFEC19002037B5837805461A2B7F
:101F500008D8042B04D9144A22FA03F3DB0705D46A
:101F600012241AE0292B01D03B2BF9D12888B0F597
:101F7000706FF5D269460AF0F3FD88B9019B93F8BA
:101F8000182102F0FF046AB9AA7883F81921FF2208
:101F900083F8182168460BF072F8204603B030BD74
:101FA0000224FAE70C24F8E7200038040188A1F1A4
:101FB0001B039BB2E02B0CD8428844F24810A2F5D8
:101FC000A4739BB2834204D8034B002059809A80AB
:101FD00070471220704700BFC0150020034B5A887D
:101FE0009B88028043800020704700BFC0150020FE
:101FF00038B50278447802F0010302F0020254EA94
:10200000030101D1112038BDBAB98578002DF9D06E
:10201000002B18BF002400E01D46204609F07FFE7B
:102020000028EFD0284609F07AFE0028EAD0054BB8
:1020300000209C74DD749882E5E7002BECD000242E
:102040002546EAE7EC19002013B5008869460AF036
:1020500087FD18B10224204602B010BD019A92F803
:10206000DC31DBB292F8A820002AF3D113F0FB0F89
:10207000F0D0019890F82A310BB13A24EBE790F8B0
:10208000D23003F0FF04002BF7D190F8C9309B0742
:1020900006D1FF2380F82A3168460AF0F0FFDAE71C
:1020A0000249CA300BF038F8D5E700BFF3D700007B
:1020B000F7B5077805460C46EF2F0FD890F90120A9
:1020C0004378002A0ADB8278900707D113F01000CA
:1020D0001DD1990603F0030202D51AB1122442E081
:1020E000032AFBD01E07F9D42979EA78EE7942EA6F
:1020F0000122697942EA0142A97941EA06212E7A50
:1021000041EA06418A42E9D81F2A0FD8E6E713F0D0
:10211000600FE3D103F00702052A05D003F00F0199
:102120000D22CA40D107D9D51A07DDD56A7A013AFE
:10213000062AD3D8AA7A032AD0D813F0040102D1F0
:10214000023A012A03D8EA7A012AC7D811B9AA7C2F
:10215000032AC3D82A7D48B1012ABFD12A7E012A89
:10216000BCD830B91124204603B0F0BD022AF5D105
:10217000B4E7DB0712D46B782A7D03F01803082B31
:1021800011D1022AEED101213846FEF7B7FD0646ED
:1021900078B10BF0D5FDB8B10C24E4E700F024F9D8
:1021A0000028E8D1DEE7022AEDD02B7F002BEAD011
:1021B000D8E701213846FEF765FD064640B3154BCA
:1021C00093F906100BF00BFE30460BF00CFF29467E
:1021D0002070E87430460BF051FEEB7E0446002B75
:1021E000C1D00028BFD10246316B6846FEF7C0FE61
:1021F0002246306B012109F0B1FC316B68460422A4
:10220000FEF7B6FE22462146306B09F0A7FCAAE78E
:102210000724A8E7C015002030B502798BB003462B
:10222000042A4FD84088B0F5804F4BD82649002467
:102230008D5C1144ADF800404A798DF8084042F0B9
:1022400010028DF8244042EA45028D7AC97B42EAA9
:10225000850242EAC102694602F01F028DF80020A1
:10226000BDF80020ADF809201A888DF80E00000A8C
:102270008DF80B20120A8DF80D408DF80C208DF88A
:102280000F008DF810405A7BD3F807008DF811200D
:102290005A79059002A88DF812209A798DF81320AA
:1022A000B3F80B209B7BADF818208DF81A307F23F4
:1022B0008DF81B304FF00113CDE90734FFF7F8FE1E
:1022C0000BB030BD1220FBE7C8680400027803465B
:1022D00072B1427862B142881A2A09D982881A2AD0
:1022E00006D90068034A106000209B8893807047DD
:1022F00012207047EC19002002680020014B9A6000
:10230000704700BFEC1900200378A3F10A02112ADC
:102310009BBF024A0020122013747047EC19002062
:1023200008B5052000F090F803F014FF014B024AB5
:102330009A6008BDC01500202D1C000008B502F0F1
:10234000E1FD02F0F1F80248BDE8084002F0C4BD2A
:10235000CC1500200B4A012310B5144682F8023137
:1023600002F0D8FD0BF0F8FF0AF0A9FB04F203110C
:102370002046FFF733F8002009F08DFBBDE8104040
:1023800000F0C4BFCC15002010B5064C064904F57A
:1023900002700AF054FA04F503700449BDE81040D5
:1023A0000AF04DBACC150020940000209C000020BB
:1023B00010B5094C094904F502700AF040FA04F519
:1023C000037007490AF03BFA04F504700549BDE8BB
:1023D00010400AF034BA00BFCC150020A400002041
:1023E000AC000020B4000020014B93F802017047BC
:1023F000CC15002010B5074C00F064FFD4F808029B
:102400000AF015FAFFF7B8FC01F092F8012384F8FE
:10241000143210BDCC150020014B93F81402704704
:10242000CC15002010B5074CD4F80C020AF0FFF9C7
:10243000D4F810020AF0FBF9FFF776FC002384F8C9
:10244000143210BDCC150020C208044900F007006A
:1024500001238340885C03438B5470475000002065
:10246000014BD3E90001704750000020034B18686E
:10247000C0F30020400040F00100704750000020F1
:1024800008B507F065FC0023074A32F823108142A3
:1024900005D302EB83029378044A137008BD01331D
:1024A0000C2BF2D10023F7E7DC680400E1170020D1
:1024B00010B54468238884F86711A4F8683194F84B
:1024C0006830012B06D0022B04D04FF46171062036
:1024D000FEF758F884F86A3194F86930012B01D07E
:1024E000022BF2D184F86B3104F5AF7003490AF086
:1024F00013FE002384F8243110BD00BFB9C80000CA
:1025000040680749038800F25110A0F8093010F81C
:10251000F13CC37210F8F03C03730AF0F7BD00BF42
:10252000CFC800002DE9F04389460979456885B098
:1025300099F8058001F00701044695F8866008F0D7
:1025400007084B1E08F1FF320B4002EA0802134352
:1025500095F88720232A3BD105F18707FBB9404630
:102560000AF0F6F900283DD095F86830984239D045
:1025700095F8262118EA020F11D0212E32D095F8B5
:10258000612018EA020F2DD1013B01384D4ADBB220
:10259000C0B2032B105C20D8D35C834222D995F8BB
:1025A0002431012B53D11E212046FFF781FF212E1C
:1025B00051D16368182283F80921092283F8862003
:1025C00093F8C230002B3ED14FF43171AE2007E0BA
:1025D000212E75D105F18607C0E74FF40F71062053
:1025E000FDF7D0FF08460AF0B3F938B195F8693025
:1025F000834203D095F827311942D0D0B9F806604C
:1026000003AB28464246009333460AF0AEF96368AE
:10261000054678BB93F82421012A28D1014620469B
:10262000FFF746FF3D70636803F18702974202D1CE
:10263000002283F88720636803F1870297423BD129
:1026400020460AF085FE002005B0BDE8F083002397
:1026500085F82431ABE7002320463B700AF078FE72
:102660001821204605B0BDE8F0430AF099BE83F872
:102670002401D8E7B3F88020A3F83C62013EB61AE3
:1026800047F6FD72B6B2964206D92822204683F854
:10269000A92001F0C5F8CEE793F887200D2A02D0D3
:1026A0000A3A012A01D82A22F0E7BDF80C20A3F843
:1026B0003E2225233B70BEE7002283F8C220C2E7FA
:1026C0000220C1E70C690400044B002283F8222099
:1026D0004FF6FF729A84DA841A857047E217002059
:1026E000054B9A8C824201BF002283F822204FF6CC
:1026F000FF729A84704700BFE2170020014BD88414
:10270000704700BFE2170020084B4FF6FF72998C0C
:10271000914206D193F82220012A04D003600120BF
:102720007047002303600020704700BFE2170020BD
:10273000064B93F82220012A1BBF0120DA8C0020CF
:1027400083F8220018BF9A84704700BFE217002068
:10275000014B1885704700BFE2170020064B024668
:10276000198D988C884205D193F8220018B1012068
:102770001360704700207047E2170020094B998CC6
:102780001A8D914201D0002070474FF6FF729A8453
:1027900093F82220002AF6D00022012083F822207C
:1027A000704700BFE2170020054B998C1A8D9142AB
:1027B00003BF93F82200B0FA80F04009012070476F
:1027C000E217002050B90A4A0120134603F8010B12
:1027D0000868C2F801008A889A807047012805D1EC
:1027E000034B0A68D8719A608A889A81704700BF43
:1027F0000C18002050B90B4B187888B1D3F8012081
:10280000B3F805300A6001208B807047012806D19B
:10281000044BD87920B19A689B890A60F3E70020BD
:10282000704700BF0C18002010B9044B187870478F
:10283000012806BF014BD879002070470C180020F2
:10284000F7B58A8800238DF80600ADF804200868E3
:102850000B4A8DF807300146147802F5A872019DE5
:10286000D8B2844201D8082007E052F8087F01332B
:102870005668AE4208BF8F42F2D103B0F0BD00BF30
:1028800020180020084B0146002230B55C7803F286
:102890000113D0B2844201D8082004E013F8015F8C
:1028A00001328D42F5D130BD20180020F8B52D4CF5
:1028B00063782218013B92F80251DBB283426370C5
:1028C00030D01A010101961C8F1C2644274406F1C2
:1028D000100C56F804EB664547F804EBF9D1823248
:1028E00082312244214402F1100652F8047BB242A4
:1028F00041F8047BF9D1E118221891F8026182F8BD
:10290000026106267343704303F5857300F58570F5
:10291000E618E35827182350B388BB8091F83A3162
:1029200082F83A312846FFF7ADFF082818D12378FE
:10293000013BDBB29D42237012D02B3305F12B02F9
:1029400004EBC30304EBC20293E8030082E8030034
:102950002078FFF797FF08281CBF241884F802513D
:10296000F8BD00BF20180020F0B5254D89B095F8BE
:10297000984105F299116846224607F0D5FF214695
:1029800068460AF0BDF80446B8B300EB400102A85F
:10299000C9B2FDF73DFF631E95F8A1610124DBB2CA
:1029A00095F8981105E0721CB2FBF1F001FB1022C2
:1029B000D6B206F120020DEB020010F8202C002AFE
:1029C000F1D103EB430100F8204C06EB4602203125
:1029D0002A44694411F8187C82F8A27111F8177C16
:1029E00011F8161C82F8A37182F8A411013BAA19F0
:1029F000DBB282F89941FF2BD2D109B0F0BD00BF04
:102A00002018002070B5064688B00C46002A4ED02B
:102A1000294A92F8A131D01890F8991119B9FF21DB
:102A20002820FDF7AFFD03EB43010133114491F87A
:102A3000A251E57091F8A35191F8A411257161712B
:102A4000002180F8991192F89811B3FBF1F001FB85
:102A5000103382F8A13192F8C23123B9174902F537
:102A6000DD700AF056FB65790D220021684605F0FD
:102A70003F0545F0400565710BF051FFE37804AA6E
:102A800069468DF80F30304623798DF80D508DF85A
:102A90000E3004230BF0ADFE9DF81F3023709DF81F
:102AA0001E3063709DF81D30A37008B070BD032107
:102AB0006018FDF7ADFED6E7201800206929000058
:102AC000044B5A78824286BF1B1893F84A010020B3
:102AD000704700BF20180020044B5A78824286BFFE
:102AE0001B1893F842010020704700BF20180020F7
:102AF000064B00224FF461711A8083F8C32183F8DA
:102B0000C421A3F8C61183F8C22170472018002001
:102B10002DE9F0478246894617469846FFF790FE12
:102B200008280546064603D0FFF7ACFE082860D10A
:102B3000324C6378072B5ED8082D15D12678731C8C
:102B4000072E237003D96C212820FDF71BFD06F109
:102B50002B02D9F8000004EBC20344F83200B9F8A4
:102B6000042083F806A09A80657807F110026B1C98
:102B7000290163704B1C234412F8010DBA4203F87B
:102B8000010FF9D1813108F11003214413F8012D0F
:102B9000984501F8012FF9D12544102140460AF04B
:102BA00038F8102185F8420138460AF032F885F8E5
:102BB00002616678002385F84A013146104885F89D
:102BC0003A3109F09DFF0128054607D831460D48E6
:102BD00009F096FF002818BF0135EDB284F898512E
:102BE0000025284684F8A151FFF7BEFE2846BDE81F
:102BF000F0871220FBE70720F9E700BF201800202C
:102C0000621900206A190020064B10B55878013867
:102C100040B2002800DA10BDC4B22046FFF746FEDD
:102C2000601EF5E720180020014B83F8C3017047B0
:102C300020180020014B93F8C30170472018002092
:102C4000431E4AF2B7129BB293429DBF024BA3F8B8
:102C5000C60101200020704720180020014BB3F866
:102C6000C6017047201800200A4B30B55C788442BA
:102C70000ED9184490F802012B3003EBC004A5795B
:102C80000D7053F8300010600120A388938030BD90
:102C90000020FCE7201800200246074810B590F8F5
:102CA000C34124B1417821B1023003F079FA2046C2
:102CB00010BD0C46FBE700BF201800202DE9F74FA0
:102CC0002F4C9A46804689466378834256D923180A
:102CD00093F8425185F00105F9B193F84A31E3B90F
:102CE00045F002070135BAF1000F18D1FA070AD5ED
:102CF000062104EB0810524601FB0841823001F521
:102D00008571FFF77FFEBB0734D504EB08105246F0
:102D100049460230FFF776FE2CE02F46E3E794F8B1
:102D2000A1614FF0010B002DE0D0A31993F8991188
:102D3000019399B90092DAB100F0CAFB019B06EB4E
:102D40004601009A4FEA102C83F899B1214481F88A
:102D5000A201000C81F8A3C181F8A401013694F806
:102D60009831013DB6FBF3F103FB1166F6B2DAE7E9
:102D700047F00407384603B0BDE8F08F0027F9E7B5
:102D800020180020074B5A78824209D91A1892F865
:102D900042212AB9062202FB003000F585707047F7
:102DA0000020704720180020064B5A78824281BFCD
:102DB0001B1893F83A01B0FA80F0400998BF002040
:102DC000704700BF20180020F8B50E4607460621C0
:102DD0001546304609F01DFF044670B10C4B002229
:102DE000587803F23913D1B2884202D80124204620
:102DF000F8BD013203F8015FF5E73146384609F0C6
:102E00009BFE0828F3D0024B034483F83A51EDE7C8
:102E10002018002030B5002442F21075A0F8404080
:102E2000B0F844404C43B4FBF2F4A0F84440541EC4
:102E300005FB0343B3FBF2F3A0F84230084BB3FBAE
:102E4000F2F30133A0F84830838F05FB0344436B52
:102E50005943B4FBF2F4B1FBF2F18463416330BD3A
:102E6000005A6202034B80F870101B680BB1008897
:102E700018477047BC0000200B2808B504D940F261
:102E8000C7112920FDF77EFB014B33F8100008BD68
:102E900010690400074B93F900301844142804DC2F
:102EA00010F17F0F03DB40B27047142070476FF0C2
:102EB0007E007047E81900207F2307B50DF1070059
:102EC0008DF8073004F0FCF803469DF9070053B174
:102ED000094B5B785B425BB21844142806DC10F1A6
:102EE0007F0F05DB40B203B05DF804FB1420FAE766
:102EF0006FF07E00F7E700BFE8190020024B0022C8
:102F00001A705A70704700BFE819002003464078D5
:102F1000B0B1DB783F2B0BD80A4AD35C03F07F02B9
:102F200090420CD08CBF0120002000EAD3107047E3
:102F300003F10A02D2B2022A01D8B63BECE7012023
:102F4000704700BF286904003F2908B5C17005D843
:102F50000C4B5B5C03F07F03437008BD01F10A0377
:102F6000DBB2022B04D8074B0B4413F8B63CF1E755
:102F7000FF2904D040F243412A20FDF703FB01233F
:102F8000EAE700BF286904002DE9F347894669464E
:102F90001546984609F0E4FD044620B9019E35B96E
:102FA000012386F88D30012002B0BDE8F087376933
:102FB0002946384608F0AEFB01460028F4D0164BEF
:102FC0005B88AB4225D3384608F0E0FC96F88D309C
:102FD00082460480002B84700CBF494602210AF00F
:102FE00000F841462A460AF1030007F09DFC2946F5
:102FF000384608F0CAFB18B97E212B20FDF7C2FA2B
:1030000068460AF03CF8019BA3F8A24186F88D407F
:10301000C9E72046C8E700BFEC190020024B987DA5
:10302000C04300F001007047EC190020044B987D6C
:10303000C0F3400080F0010000F00100704700BFC5
:10304000EC19002083230B70014B1B78CB70704769
:10305000041A00202DE9F84FD0F804800D46D8F866
:103060001460304608F084FC044618B9FF21102093
:10307000FDF788FA0146304608F088FCB4F800B045
:1030800082461FFA8BF9B9F1000F02D140F2031109
:10309000EDE71E4BC71C1B688BB9B8F80030A5F8CC
:1030A00006B0AB8000236B729AF8003003F0030384
:1030B000012B0FD0022B0DD040F21D11D7E74A464D
:1030C0003946B8F80000984704460028E5D1204664
:1030D000BDE8F88F30462B7208F05EFC044610B94C
:1030E0004FF49371C3E7B9F1FB0F02D940F23511E8
:1030F000BDE7286810B94FF49B71B8E74A463946D6
:1031000007F012FC304608F0A2FBE0E7C000002008
:103110002DE9F3478246894605270026DFF84881D6
:10312000D9F8103053B11B7A1BB980211020FDF75C
:1031300029FAD9F81040B4B9002071E0D9F8044058
:10314000237A012BF8D0EFF3108372B6D9F804205C
:103150001268C9F8042003B962B6C9F81040237A8E
:103160000BB9A621E2E7257AEDB227726B1E0B2B75
:103170006AD8DFE803F066061C3463693D69696953
:103180006958636813B94FF4D771CFE720465146A9
:1031900098470420EFF3108272B6237A052BD9B238
:1031A0005CD12672C9F81060B2B962B614E06368E7
:1031B00013B940F2B711B9E7514620469847034684
:1031C000ADF80400C0B2C3F30723012B3FD0022B9C
:1031D000E0D10023C9F810300028A1D020E06368B6
:1031E00013B940F2BF11A1E7204698470020D1E76C
:1031F00063680BB9B52199E70B2200248AF80020F7
:103200000122198818698AF80220AAF803108AF89E
:1032100005208AF8064008F01AFB0420C9F810407F
:1032200002B0BDE8F087D8F80030514620469847F4
:10323000034660B10220C9F81060F1E74FF4FB715A
:1032400074E740F2F91171E74FF4FE716EE72572F1
:103250000028E5D1002B7FF463AF6DE711B940F290
:103260001D2163E700209FE7C400002038B5134C00
:1032700014220021201D0BF052FB0125257404F1BE
:1032800008031422002104F11800C4E901330BF0F3
:1032900046FB84F8245004F11C03094AC4E90633B0
:1032A0000023E362236384F83430C4F83530C4F873
:1032B000393084F83D30136038BD00BF041A002057
:1032C000C000002010B5084C2378FF2B04D04FF429
:1032D000A0711020FDF756F907F056FA2070BDE8EE
:1032E0001040FFF7C3BF00BF5D00002010B5034CC6
:1032F000207807F063FAFF23237010BD5D000020E3
:10330000014B187807F06ABA5D000020014B024AB1
:103310001A607047C40000205530000010B50649FF
:103320000446FFF7F5FE28B920460449BDE81040E1
:10333000FFF7EEBE10BD00BF1C1A0020081A0020C7
:10334000134610B5027A22B140F299211020FDF700
:1033500019F90A4601460248BDE8104009F0B6BE18
:10336000081A0020044890F834301BB903492C3067
:1033700009F0C9BE704700BF041A0020BFD000008A
:103380000346064890F83E203AB190F83D2022B915
:10339000034900F8353B09F0B6BE7047041A002017
:1033A000453000000A4610B5037A23B140F2A1214E
:1033B0001020FDF7E7F8014607230248BDE810405A
:1033C00009F084BE1C1A00201346027A0AB1037267
:1033D00070470A460146014809F078BE081A0020E5
:1033E0001B234FF01B128384038482618382C2609B
:1033F000038539B94FF4A473034AC3844384C2617B
:10340000C3820261704700BF480148010346084675
:10341000F0B4B3F85420B3F84840B3F856109442CF
:10342000B3F84460DF8F28BF1446B3F84C20B3F8DC
:1034300042508A42DC8728BF0A46B3F846109142C0
:10344000A3F8422038BF1146A64238BF2646A742FD
:10345000A3F84610A3F844601FD1AA1A18BF01228E
:10346000B3F84A50B3F85040B3F85270A5429E8F5B
:10347000B3F8401028BF2546B3F84E40BC429D87A4
:1034800028BF3C46AE42A3F8404002D1A14200D141
:103490002AB10449F0BC09F03FBE0122E0E7F0BCCC
:1034A000704700BF1FD100000B8BA2F80900104627
:1034B000A2F80B304B8BA2F80D308B8BA2F80F309B
:1034C000CB8B0249A2F8113009F020BE6FD1000069
:1034D000094AD2E90003434083EAB01181EA43215B
:1034E0004FEAF34311605360044B58434FEAF060D6
:1034F00000EB8000704700BF441A0020BB79379E64
:10350000094AD2E90003434083EAB01181EA43212A
:103510004FEAF34311605360044B58434FEAF060A5
:1035200000EB8000704700BF60000020BB79379E31
:1035300010B50A4C08210948FDF76AF9D4E90032B0
:103540001343F7D0064CFFF7DBFF2060FFF7D8FFEF
:10355000236860601843F6D010BD00BF60000020F3
:10356000441A0020174B184A9A60184A5A60184AA1
:103570001A60184A9A62184ADA62184ADA60184AD7
:103580009A61184A1A63184A1A62184ADA64184A81
:103590009A64184A5A62184B184A9A60184A5A6232
:1035A000184ADA62184A1A61184A5A61184A9A6126
:1035B000184A1A63184A9A64184ADA64184A9A63CD
:1035C000704700BFC800002035D4000065D400005B
:1035D000D1D4000037D600008BD600004939000056
:1035E000A1D60000813B00002D3A00006FD70000FB
:1035F0008BD70000753A0000D401002051D40000A0
:1036000041D70000C3D6000067D60000E7D600000F
:10361000CD39000011D80000B9D70000ABD70000A9
:1036200027D70000044B054A5A65054B054A1A6521
:10363000054A5A65704700BFC800002085D50000C4
:10364000D40100206BD50000E3D50000054B064AED
:103650009A65064A1A66064B064A9A65064ADA656C
:10366000704700BFC8000020EDC9000025250000FC
:10367000D401002037C900009FCA0000252A034654
:10368000084610B518D8012A19D9023A232A16D8A3
:10369000DFE802F01A1525242431153315243944A6
:1036A0004815154C24245F5F7575151515151515EE
:1036B00015151515157C878FFF2A00F0828040F2C2
:1036C000DD415120FCF75EFF1A785B68012A02D1C8
:1036D00093F8103101E093F81931037110BD596866
:1036E000D1F8BE214260D1F8C22182605B68D3F874
:1036F0000431C360F2E75B68EAE701461846BDE8BB
:10370000104000F007BA10230371592343710023BE
:1037100083716A23C37130230372DFE75B6893F818
:103720000A31DAE7BDE8104000F0E4B95A681B78C6
:103730004BB992F8103133B192F80D31037192F810
:103740000C314371CAE792F80B31037192F80A31D8
:10375000F7E75B68B3F854200271120A4271B3F8BC
:1037600012218271120AC271B3F850200272120A39
:103770004272B3F8103183721B0AC372AEE75B6802
:1037800093F82621027193F82731DAE7114A146879
:10379000002CA3D001461A4623202346BDE8104042
:1037A00018470C4A1468002C98D001461A46242069
:1037B000F3E7084A1468002C90D001461A462520E9
:1037C000EBE75B68BDE8104093F83722D3F8381276
:1037D00009F01BBCE00200203F2803D8064B53F839
:1037E0002000704700F10A03DBB2022B01D8B63883
:1037F000F4E70020704700BFC80000203F2803D82E
:10380000064B53F82000704700F10A03DBB2022B8D
:1038100001D8B638F4E70020704700BFD40100207B
:10382000F7B5456804464FF6FF772E690DF10201A2
:103830000DF101023046ADF8027007F0C1FF01A999
:10384000304607F0DFFF40B1019808F0A3F8616847
:1038500000220272FFF7A6FDE8E7044905F1A00087
:1038600003B0BDE8F04009F051BC00BFC3D3000075
:10387000F0B5044685B00D46FF2600F8856C10F8BB
:10388000863CF3B1184F3B781BB148211F20FCF751
:1038900079FE0C21381DFCF7BBFF3E70002304F8B5
:1038A000853C07232A4602F8033BD4F80930C5F8C3
:1038B0000330D4F80D305360D4F81130936005B064
:1038C000F0BD01A80C21FCF7A3FFA4F51373039A24
:1038D000C3F8042101AB03CB44F88E0C44F88A1CD6
:1038E00004F8866CDAE700BF4C1A002010B5054CCE
:1038F00023782BB90C21201DFCF78AFFFF232370AE
:1039000010BD00BF4C1A0020024690F8C631BBB96A
:1039100090F8C73103F0FF010BB100207047094B4D
:1039200018780028F9D01970D9680433C2F8041146
:1039300003CBC2F8BE01C2F8C211FF2382F8C63120
:10394000012070474C1A0020426838B592F8873041
:1039500004460D463BB1132B05D0113B0B2B8CBFFE
:103960000120082038BD92F8C83013B9204609F06C
:10397000E5FC6268D5F80E30C2F8B631D5F81230E1
:10398000C2F8BA316368D5F81620C3F800211A8846
:10399000A3F855226A68C3F85722AA68C3F85B22C5
:1039A0006368AA89A3F85F226368002583F8C6517B
:1039B0006068054900F5137009F0A5FB63681522DE
:1039C000284683F88720CDE77138000038B5436872
:1039D000044693F887201C2A04D04FF4DE711F2080
:1039E000FCF7D0FD002293F8C8101D8803F5C970BC
:1039F00083F8C72069B10B4983F8C820A3F89C510C
:103A000083F89B2109F07FFB6368002283F88720FD
:103A100038BD012283F89B11A3F89C51024983F819
:103A20009E21EFE723D6000015D6000038B5456883
:103A3000AB6F13F0010417D14A680C4B896813402F
:103A40000B4AC5F8D830C3F307630A4043F00803B4
:103A5000C5F8DC2085F8DB3009F070FCAB6F204640
:103A600043F00103AB6738BD0120FCE72FC904F721
:103A70006FDB0080406808B590F88630042B24D1B5
:103A80004B688A68C0F8D830C3F30763C0F8DC20FD
:103A900043F0080380F8DB30002380F8C23080F860
:103AA000863090F8743103F0FF020BB1002008BD9E
:103AB000038800F5B670427243814B68C3608B681F
:103AC0000349036109F01FFBF0E70120EFE700BFA6
:103AD00005D70000406890F8743143B9038800F5B9
:103AE000B670034943811A23437209F00CBB704737
:103AF00005D7000010B50446FEF7B2FC034A044B9C
:103B000002400B406260A36010BD00BF2FC904F7E4
:103B10006FDB008037B50C464568FEF7A1FC084B0B
:103B2000084A03400A4095F8D81000930B400192D0
:103B30008DF800306B4603CB6060A16003B030BDF0
:103B40002FC904F76FDB008038B5DB04154604D5B8
:103B5000037D13B10023436338BD446B01344463D8
:103B600009F037FE836B9C42F6D30023034943637D
:103B70002846BDE8384009F0CFBA00BF61D7000041
:103B800038B54468054694F88630012B02D0A36FFF
:103B900098073CD494F8C9309A0715D40A79D80705
:103BA00084F8D320B1F80520A4F8D420B1F8072078
:103BB000A4F8D62043F0020284F8C9200FD5154995
:103BC00004F1CA0009F0A8FA94F8C930D90711D451
:103BD000A36F9A0708D555214020FCF7D3FC94F831
:103BE0002A31002BEBD1EFE743F002032846A3670D
:103BF00009F0A4FB94F88630012B4FF0000301D0AC
:103C0000002038BD84F8863084F8C230F8E70120FF
:103C1000F7E700BFF3D7000070B545680446FFF72B
:103C20004BF9054B014685F885001B681BB1204602
:103C3000BDE87040184770BDE8020020024B1B68C9
:103C400003B11847704700BFE4020020F0B51F4DD4
:103C500000242B7814709BB1013B6D68DBB21E1BF6
:103C6000012E0FDC05EBC40655F8347076688E42E1
:103C700008BF874227D0B84271EB060612D21470F3
:103C80000020F0BD1E197710C6F3470655F837C05F
:103C900005EBC70E8445DEF804708F412CBF334618
:103CA0003446DCE705EBC30455F8335064688C42B6
:103CB00008BF854206D0A84271EB040428BF013337
:103CC0001370DDE71C4601201470DAE76C1A00203F
:103CD00010F0070208B503D063214820FCF752FC1E
:103CE00018B1034B197258601A70C80008BD00BFA4
:103CF0006C1A0020014B00221A7070476C1A0020C9
:103D00000A460648822302F8033B0368C1F80330E1
:103D10004368536083689360704700BF751A002042
:103D20001622002101480AF0FABD00BF751A0020D2
:103D300082B002AB03E903000D48437DB3B15306E3
:103D400014D50A880C30B1F8803020F80C2CD1F84A
:103D5000182220F80A3C40F8082CD1F81C2205490A
:103D600040F8042C022202B0FFF72EBB02B07047CD
:103D7000751A0020013D0000094B53F8203003F56F
:103D8000224370B5B13316464FF47A720C46B3FB3A
:103D9000F2F5344403F0DAFA2C44204470BD00BF3D
:103DA000646A04002DE9F04F8BB0044698460F4634
:103DB000039290F8699008F07DFD824694F87300B4
:103DC000FFF75AF8824409F05BFD94F8873000F160
:103DD0004D061FFA8AFA0293039B83BB94F8DC31E9
:103DE000032B2CD1029B0D2B29D1B4F83C32BB42C2
:103DF00025D1D4F8E4312046B4F8B421C4F8D03148
:103E0000A369C4F8D431B4F82A321344C4F8D831C1
:103E100002F070F9D4E99023A262B4F83E22A361C3
:103E2000A285D4F84822226241F64B5293428CBFBD
:103E30000023012384F87230022384F8DC31B4F8C3
:103E4000285204F5FC73B4F880E07D1B0493A7EBC3
:103E50000E0E2DB20FFA8EFE002D10DA7546D4E943
:103E60008423C4E98823012294F8DC31032B00F277
:103E70006C81DFE813F00600FB0055001D0142468F
:103E8000F2E70121002008F036FF8146A06A514682
:103E9000484405F011FF5146C4F8E001A06905F05F
:103EA0000BFF07A9C4F8E40108A803F031F9079B48
:103EB0000093DDE90823D4E9880104F02CFF834650
:103EC000204609F0F5FCA26AD4F82C3294F8690077
:103ED000D51803F043FAD4F8E01100F52240203D54
:103EE0004FF47A73B13032466D1A3031AD1BB0FBEE
:103EF000F3F04D44A38DA5EB0B0503EB41012D1A07
:103F000094F86900FFF738FFD4F82C32C4F8E801C0
:103F1000EB1ACC2B59D840F2FC413020FCF732FB95
:103F2000A36A5146D4F8D401184405F0C5FE5146A1
:103F3000C4F8E001A06905F0BFFEC4F8E401204622
:103F400009F0B6FCA36AD4F8D4511D44B4F8B431D6
:103F5000002B40F08780B8F1000F00F0838094F8C8
:103F6000690003F0FBF9D4F8E011D4F8183200F539
:103F700022406D1A94F86920B130203D1D448D4BCC
:103F800053F822204FF47A7302F2E732D4E9849A8C
:103F9000B2FBF3F2A5EB0905B0FBF3F01544AD1B42
:103FA0002D1AD4F8D821D4F8D03194F8690002FB46
:103FB0000313A18D3246303301EB4301FFF7DCFEE2
:103FC0000123C4F8E80184F8DC31A369D4F8E421C2
:103FD000A93B9B1A9E1B0023864284F8F831D4E942
:103FE000883228BF064604F130005B19C4F8B0617E
:103FF00042F10002C4E9823209F005F93044A4F824
:104000002872C4F8FC01D4E98223C4E98823B4F8F7
:10401000A031DB1B1BB2002BD4BF002201225200B7
:1040200084F80022029A0D2A00F09280B8F1000F65
:1040300040F0918094F8DC31002B00F0A880A16959
:1040400004F5FC70D4F8E431C91A08F0EEFD80B232
:10405000002800F09C80149B03B1188001200BB055
:10406000BDE8F08FD4F8E0116D1A9AE7D4F8E42196
:10407000A369B4F8B4C19B1AD4F8D811F444D4F8A5
:10408000D0015D43D4F8E031ACEB010C30330CF1DE
:10409000FF3C00FB0133A18D94F8690002FB0C3357
:1040A000324601EB4301FFF767FEC4F8E8018CE7F5
:1040B000D4F8E4A1A369A3EB0A035D4394F8863026
:1040C000252B03D094F88730252B09D1B4F83C3246
:1040D000FB1A1B0404D494F83F32002B18BF9946F6
:1040E000B4F8B4C142B3BCF1000F25D1D4E98623A2
:1040F000D4E98401904271EB030302D34FF4AA6127
:104100000BE794F869104FF47A7B2A4B203A53F866
:104110002130D4E98401CDE9040103F2E73103F54C
:1041200022430498B133121AB1FBFBF1B3FBFBF34A
:104130000A44D21A921B15440CEB0E013246484633
:104140000AFB01F130314900ADE74FF4AD61E4E61F
:10415000B8F1000F1BD0B4F8C80110B3B4F8CA11FD
:1041600094F8CC214D1CA4F8CA1101FB0222904204
:104170000DDD002B0BDD0023A4F8CA5184F80032BA
:10418000FFF7A6F900F00700013084F8CC0104F530
:10419000FC7194F8F70104F05DFC20B940F2B151D4
:1041A000BBE60146DCE7039B83F0010384F8F431AE
:1041B000002054E7646A0400F7B5044618B9E22108
:1041C0003020FCF7DFF9072900F2BC80DFE801F0BE
:1041D0000484464641BA33B704F032FDC4E94001D5
:1041E000204600F0CFFFD4F8F400A43804F07EFDA0
:1041F00010B940F27B21E3E7204609F0FFFE0546B7
:10420000F8B90146204609F022FE00F1AE06D4F8C6
:10421000F400B04209D2301A0321192838BF1920FE
:1042200004F07FFC051E18BF0125C4F8F460204689
:1042300009F0FEFE3DB1204603B0BDE8F04009F0B4
:10424000F8BE0025F3E7D4E94023C4E93A2303B0DC
:10425000F0BD03B0BDE8F04002F066BF09F002FE19
:10426000002307460E4684F8F93004F04DFB072280
:10427000A7FB023502FB0655D4F8EC200192D4F8D6
:10428000E8209B18019A45EB0205D4F8CC2032B106
:1042900057EA060203D0984271EB050216D20222B9
:1042A00084F8F820D4F80821D4F80CC1121A6CEB69
:1042B000010C94F818E1BEF1000F09D1012A7CF13C
:1042C000000E11DA204600F065FF05E00122E7E765
:1042D000012A7CF1000CF5DB94F8C80004F02CFBFB
:1042E000002384F81031B2E7984271EB050E0ED22C
:1042F0003E430CD01B1A65EB01019A427CEB010096
:1043000005DB012B71F10000A4BF1A468C460F4952
:10431000012394F8C800914284F811314FF0000352
:1043200084F8F03073EB0C03B8BF0A4604F1F001D7
:1043300004F0FCFC00288AD140F2EF6140E74FF422
:1043400080713DE74FF482713AE700BF0040420FB1
:104350002DE9F04104460E46154690F8103103F061
:10436000FF071BB10C273846BDE8F08101464748DE
:1043700004F0F2FA20288046F4D05722394604F19E
:10438000C9000AF0CCFA84F8C880C4F8CC60FF23D6
:1043900084F8103136B1FFF7B3F800F007000130B0
:1043A00086F8CC0102234FF00008A4F8F83084F816
:1043B000F08005F0D7FC00F14906204609F01EFE0A
:1043C0000146B6B2002839D008F074FA00F5CD6184
:1043D000284689B205F070FC2844AE3DC4F8F400CC
:1043E00004F092FA3018A4F8268041F10001C4E9E3
:1043F0004001012084F8D00009F0B7FE2D1AC4F85E
:10440000D4504FF0FF356FF0004194F8C800D4E964
:104410004023C4E94251002504F1F001C4E93823E6
:10442000C4E93A2384F8115142F2107204F07EFC80
:1044300038BB40F2EB113020FCF7A4F82046DFF83F
:10444000508009F004FDAE30C4F8F400B8F8000064
:1044500048B1E08C38B1FFF753F8B8F80030B0FB42
:10446000F3F202FB1300064404F04EFA361841F151
:104470000001C4E94061002DC3D0AD1941F1000134
:10448000C3E72946204609F0D6FD6CE7B941000094
:10449000981A0020F0B5002385B0CDE90033012340
:1044A0008DF806306846FCF763FC70B11D4E0123A1
:1044B0000027B370CDE9027702A8FCF759FC054646
:1044C000C8B10023B37005B0F0BD009809F00BFB34
:1044D000E8E790F8F70104F0EFFA94F8F70104F038
:1044E00095FB94F8F70184F8DC5104F025FA2023B9
:1044F00084F8F731DEE7029B002BDDD093F8F7213B
:10450000202AD9D018884FF6FF739842D9D029466F
:10451000FCF7F4FB04460028DBD140F237113020D1
:10452000FCF730F8981A0020044B0022DA709A70D9
:1045300042F210721A80FFF7ADBF00BF981A002038
:10454000014BD870704700BF981A002008B502F0E0
:10455000E1FA044B5A6882422ABF9878002080F022
:10456000010008BD981A0020F7B5044606297AD83C
:10457000DFE801F0042715252B3074003B4B9B78B6
:1045800003F0FF025BB900920123B0F8A411FFF71A
:1045900009FC38B140F21E713020FBF7F3FF042311
:1045A00084F8DC3102F0A0FC04F0B1F90023B4F887
:1045B0008020A4F82A32A4F8F22184F8F53103B05F
:1045C000F0BD032380F8DC31F9E709F024FFC4E9EA
:1045D0008601F4E790F8690009F05AF97730D4F8C9
:1045E000E4319528A569214F8CBF0020C0F19600C9
:1045F000C218954288BFED1AFB7894BF00252D1A8A
:104600001BB9236B9D4228BF1D46D4F8B06104F14D
:10461000300008F0F8FD0644022004F0EDFA022113
:10462000AD1B25EAE575854228BF0546284604F0FE
:1046300078FA00B92E4401234FF4807231462046A7
:1046400008F03EFED4F8B0317860A069184404F058
:104650004DFB0028B3D140F2A3319DE703B0BDE884
:10466000F04009F025B940F2ED7195E7981A002065
:104670002DE970430C4615466ABB0246174994F86B
:10468000C80004F08BF920B940F2FD713020FBF72F
:1046900079FF02F03FFA84F8D0500646D4E9408909
:1046A00084F810510121D4F8CC0008F066FAD4F84F
:1046B000CC00C0E9848994F8C830C0F82C6280F836
:1046C000F731C0E9888909F0E3F902F00DFCBDE893
:1046D000704304F01CB940F61801D7E7CBD80000AE
:1046E000014B1880704700BF981A00200346074A04
:1046F0001068D3F85120C0F80320B3F85520A0F873
:10470000072093F8501008F0F1BB00BFA01A00205A
:1047100070B504460E461346407F6588324615F054
:10472000040118BF04F15F01FEF7C8FA410705460E
:1047300021D4C2070BD50123607F84F85030FEF7E7
:1047400021FB0368C4F851308388A4F85530AB07C7
:1047500001D4012070BD094B01211868D4F85F30E5
:1047600084F85E10C0F80930B4F86330A0F80D305A
:1047700008F0C5FBEDE70020ECE700BFA01A002021
:1047800038B5C38D04460F4D0133C3F30E03C38503
:10479000AB7C2BB102F086FC01F060FD0023AB7412
:1047A00000232B7194F871302BB101212046BDE814
:1047B000384009F043BA637C13B1E28D9A42F4D2D7
:1047C0000021F3E7A01A002010B5094C2379012B32
:1047D00002D02379022B05D1A37C1BB102F062FC2D
:1047E00001F03CFDE069BDE81040FFF7C9BF00BF24
:1047F000A01A002070B5294C2379012B07D023790A
:10480000022B04D040F65C412D20FBF7BBFEA0B983
:104810000125A37C1BB102F045FC01F01FFD002D1A
:104820003AD0E06909F084F9002830D002F006FBA4
:10483000236ABDE870409B6818472168E26911F857
:10484000095B02F1510392F85020E80908F03AF9A7
:104850000028DDD00021206808F076FB0028D7D0A2
:104860002379E069012B05D02379022B02D040F691
:104870003541C9E7237905F00F01226A03F180432E
:104880005269013B52F8233098470546C1E7E06979
:10489000BDE87040FFF774BF70BD00BFA01A0020D4
:1048A0000346074AD06903B909B9FFF769BF13790D
:1048B000126A03F180431269033B52F82330184710
:1048C000A01A002003292DE9F043054685B01746BC
:1048D00007D14388980723D40024204605B0BDE8BB
:1048E000F083428890F87030D107DBB2F4D5002B0A
:1048F000F2D14FF00108DFF8D49099F81260C6B1F8
:1049000008F024F90828387016D002AA0DF1070122
:10491000FEF7AAF938B940F6D4612D20FBF732FE34
:104920004FF00208E7E702A99DF8070008F09EFF94
:1049300006463B78082B08D1D9F8001011F8030B74
:10494000C0F3801008F092FF0646D9F8001005F178
:10495000580395F8572011F8030BC0F3801008F0A6
:10496000B1F8D9F80010044611F8030BC0F3801019
:1049700008F0E2F88146FEF717FA40B1B9F1080FE6
:104980001BD04846FEF79CF880F00103D8B23A7875
:10499000082A14D01CB96C7FA21A544254416A8868
:1049A00053079AD4002897D176B9EC7C444518BFB8
:1049B000002C0CBF012400248FE70020E7E780F0E3
:1049C00001022240D4B2EAE7344686E7A01A00206A
:1049D0002DE9F04F85B00823052104460DF10702AB
:1049E0008DF80730FFF76EFF064620B900263046E7
:1049F00005B0BDE8F08F744F396807F11403FA7CF5
:104A000011F8030BC0F3801008F05CF88046002812
:104A1000ECD13B6840F2E249216A184691F88E20B9
:104A200010F8035B02EA55121D4602F0010281F8FC
:104A30008E20D3F80320C1F803208288A1F8072034
:104A400015F81F1B226AC1F38011917002A9D3F8D7
:104A50001F00029028790871D3F80F00D061587DAB
:104A60001D7D000440EA0520DD7C28435062B3F838
:104A7000190082F8728009FB00F090619D7DC5EB02
:104A8000451005EB800505EB85056D009585B3F8B0
:104A9000170009FB00F09062B3F81B001084B3F814
:104AA0001D00508493F8243003F01F005B0982F846
:104AB0009A0082F87330256A94F912A005F18E00ED
:104AC00008F06FF940F20113A5F868304FF0FF0BC2
:104AD00085F86AB0414605F13000FEF781FC514689
:104AE0002846FEF7BFF9236A84F87B8004F186012B
:104AF0001A8884F899B0A4F87C204FF6FF729DF8CC
:104B00000700A4F89A209A69B2FBF9F2A4F892205F
:104B10001A8CA4F894205A8CA4F8962093F8732049
:104B200084F89820227F5AB394F85020012A27D184
:104B300094F8562002F0C002402A21D1D4F8512026
:104B4000C4F88620B4F855208A8008289A7803F1A2
:104B5000030504F18C0184F87F2004F18002D3F86E
:104B6000033027D0C4F88C30AB888B8004F17F01F0
:104B7000FEF77AF840B940F6BB312D20FBF702FD75
:104B80000022C4F88620DFE794F87F3043F0020368
:104B900084F87F3004F172000C4908F0B4FA0C4B31
:104BA0000022206A1B683A71002B3FF420AF214697
:104BB00098471CE7C4F88030AB8893800023C4F882
:104BC0008C308B80E6E700BFA01A002065DD000076
:104BD000F0020020032973B5044604D0052956D0FD
:104BE000012002B070BD08230DF107028DF80730D7
:104BF000FFF768FE0028F3D0237C294D03B39DF80E
:104C0000070094F8BE30DBB92378082804F1C1020C
:104C100084F8BF302CD004F1C001FEF725F820B98C
:104C200040F64A712D20FBF7ADFC94F8C03043F0FC
:104C3000020384F8C0301B4904F1B60008F063FA9F
:104C40002B680622042620465A701E70FFF74EFD80
:104C5000E16B94F84020286808F067F928682E7105
:104C600002F0A4F90021286809F0DFFB0020B8E772
:104C70002868034613F8031BC1F3801184F8C010A1
:104C8000D0F80310C4F8C1109B889380D3E7064B7B
:104C90001B68002BEAD0984780F00100C0B2A0E763
:104CA000A01A00204DDD0000EC020020F8B50446FB
:104CB0000F4619B300F12805284609F033FAA0B9C8
:104CC00063881A072ED5284609F041FA0646284679
:104CD00009F028FA301AC0B209F047FA494A936835
:104CE00003442846936009F0FCF9284609F0FEF9D0
:104CF00001F0F6FF2179252001F054FF414E0023F9
:104D000094F85E203068037043706388103B0D2B6D
:104D100068D8DFE803F063675F0C6744676767671D
:104D2000676767442046BDE8F840FFF729BD0623C2
:104D30004370202303702046FFF7D8FC638823F0DC
:104D400008039BB2152B05D094F83820616B3068AE
:104D500008F0DCF8306802F029F90021306809F029
:104D600064FB032321790020337101F0E3FF054642
:104D700007B9F06063881B0704D509F0F3F905440F
:104D8000C4F8D8506388103B0D2B36D8DFE803F009
:104D900038352F2F352F353535353535352F0C2313
:104DA00021214370034603F8091B52B1D4F85F2058
:104DB0000121C0F80920B4F863209A8008F09FF818
:104DC000B9E7A26DC0F80920B4F85C209A8094F885
:104DD0005710F3E7062303704370ACE70223037018
:104DE0000623F9E740F236612D20FBF7CBFB217952
:104DF0000120BDE8F84002F06FB940F6CF41F3E77B
:104E0000F8BD00BFA01A002038B543880446102B17
:104E100004D10121BDE83840FFF748BF0B4DAB7C02
:104E200023B101F0EFF9402002F030F9286802F0D8
:104E3000BDF8608810F0040002D1217902F04CF92D
:104E4000002002F001F901232B7138BDA01A0020C7
:104E5000024B0121D869FFF729BF00BFA01A00202B
:104E600010B5134CA37C1BB102F01CF901F0F6F94C
:104E7000E06908F05DFE70B12379012B10D1237930
:104E8000226A03F18043E069D268013BBDE810402B
:104E900052F823301847E069BDE81040FFF770BCB6
:104EA0002379022BEBD040F65E312D20FBF76AFB15
:104EB000A01A0020074810B5037903F0FF0433B9A6
:104EC00018222146043009F02AFD204610BD0C248A
:104ED000FBE700BFA01A002010B50023084C237187
:104EE0002060FFF7E7FF20B140F2EF212D20FBF714
:104EF00049FB236A13B940F2F221F7E710BD00BF66
:104F0000A01A0020014B024A1A627047A01A002022
:104F1000D8510000034B044A1A60044B044A1A603B
:104F2000704700BFEC020020D1490000F0020020D1
:104F300071460000F8B5057D0446AF1EFFB2002D96
:104F40003AD0012F2DD800F1580190F8570007F002
:104F5000F3FD0828064624D0FDF7BEFD10BB023D38
:104F600018BF0125012F84F8505066778CBF0027A9
:104F700001272777FDF772FE054603F0C5FC0022E6
:104F8000164B84F85E20E5FB0301C4E912011146CB
:104F90002046FFF7BDFB70B940F27A412D20FBF7A8
:104FA000F1FA0826022D09D104F151010020FDF784
:104FB00021FC80B90020F8BD0826F5E7E37E002B30
:104FC000F8D0D4F815300125C4F85130B4F81930B0
:104FD000A4F85530C6E70025C4E700BF40420F00E3
:104FE000F0B5464E85B00446327902F0FF0312B99F
:104FF0000278FF2A04D140F6B9112D20FBF7C2FA3E
:105000003382B3607371B37180F871303C4B684682
:1050100004F1280500933B4B01933B4B0293336A09
:105020005B68039301F0BAFF01F0EEFD02F03AF87D
:1050300001F014F9354801F049FE354801F0A8FFA8
:10504000284609F04EF8284609F050F801F048FECD
:105050002179252001F0A6FD94F9120001F030FE1F
:1050600004F13401206B06F097FD074604F13C0182
:10507000206B06F0B8FD0546E7B194F82430CBB1BB
:10508000B4F92E50ED43ED0F237F13B963885B070E
:1050900009D56FF00043D4E912129A4208BFB1F16A
:1050A000FF3F0ED1A5B930680330FDF7F5FDB074B0
:1050B00005B0F0BD002DE7D094F82550002DDFD1CC
:1050C000E2E703F021FCD4E9122390429941E9D3AD
:1050D000012229462046FFF71BFB50B1FDF7BEFD1C
:1050E000054603F011FC0B4BE5FB0301C4E912017B
:1050F000D9E7002DD7D040F6F6117EE7A01A0020A0
:10510000614E0000F5470000A1480000D6BE898E20
:105110005555550040420F0073B50446FFF760FF38
:1051200000212046FFF7C2FDA36E0BB101221A60D9
:105130006388DB0720D50023104E256ACDE90033B4
:10514000FF23F3746846FBF713FEA8B9009CA54241
:10515000F8D005F10A036A7A04F10A01607A07F0CF
:10516000B1FC0028EED0A378F374D4F80300044B0C
:105170007061B4F807209A8002B070BDA01A0020B8
:10518000B41A0020024BD8611B6A1B68184700BF85
:10519000A01A002043881B0710B504460ED5036AE9
:1051A0003C220849723042721B884381FF2380F8F9
:1051B00027304FF6FF73038507F0A5FFFF2384F820
:1051C000713010BD65DD0000B7DD0000094E000044
:1051D000BDDD0000D54B000019510000C94700009B
:1051E000514E0000C8510000CC510000D4510000C5
:1051F0000138022808B503D9C3212F20FBF7C2F9D3
:1052000013290A4B05D811290CD8102907D0D12110
:10521000F3E71529FBD103EB4003D88801E033F80D
:10522000100008BD03EB40039889FAE7AC6904005D
:105230000C4A0346117889B9906833B9B0F8581010
:10524000828F91420AD8FFF781B993891B0707D54E
:1052500090F88800073818BF012070470020704779
:1052600001207047C41A00202D4AF8B503469489DE
:1052700090681C43402B948104D10421BDE8F84080
:10528000FFF772B9802B01D10521F7E703F0030482
:10529000032C04D140F6C3213120FBF773F913F03E
:1052A000020418BF1161DD0705D55161C9780629CF
:1052B0000DD00B2917D02CB11169C97805291DD043
:1052C0000B2927D09B0644BF08231370F8BD90F824
:1052D00087101829EFD1002600270121C0E938677F
:1052E00080F88B10E7E790F88710122901BF0021A2
:1052F00080F88B10012180F8C810DCE790F8871047
:105300001629DFD1002400250121C0E93A4580F8A3
:105310008C10D7E790F887101129D3D10021F6E738
:10532000C41A002073B5044640680D46836F13F01D
:10533000300F47D109891A2903D96B89B3F5A47FA6
:1053400006D2E978204602B0BDE8704008F028B8DF
:10535000AA881A2AF5D9EE88B6F5A47FF1D33030A1
:10536000009607F062FF184B9A8992070ED51B69C9
:10537000DB78142B0AD16268936F43F010039367B4
:10538000204607F0DBFF002002B070BD636893F891
:1053900086201D2AEFD093F81B31002BEBD16368D8
:1053A00093F81A31002BE6D16268936F114602F52B
:1053B0009F7243F0200331F8300B42F8C63CFEF7F1
:1053C00073F8DDE70120DFE7C41A002037B5044693
:1053D00001A8FDF799F920B940F6A3013120FBF7A8
:1053E000D1F822220021019809F099FA019D0321A8
:1053F000284607F0F6FD2B78214623F010032B708A
:105400000198FDF7A1FD224601990548FEF736F9FE
:10541000FDF78EF910B940F6AD01DFE703B030BDFE
:10542000C81A0020264B70B59C6894F83E5294F838
:105430003F62002D3DD194F86810002E3BD194F8C6
:10544000693084F8681084F86930FF2384F86A3082
:105450001C4B1B680BB12046984794F82431012B54
:1054600001D0354303D000211748FDF721F804F19E
:105470003006304607F0C7FE04F2351105462046D7
:10548000FDF7C4FF20460621FFF76EF8304607F00F
:10549000BAFE8542044610D203F0A4FB0146601B0D
:1054A000192838BF192003F03CFBB0FA80F04009FE
:1054B00070BD2946C1E73346C3E70120F8E700BFC6
:1054C000C41A002000030020C81A0020154B1B69D5
:1054D00010B51979436893F88620092A09D193F801
:1054E00009218A4205D1002283F8862083F8C22050
:1054F00010BD9A6F12F0080406D022F00802BDE831
:1055000010409A6707F024BFFF2905D1332283F8A2
:10551000344283F88620EBE740F24C513120FBF710
:1055200031F800BFC41A0020F8B50D790446A5F182
:105530000E03DBB2152B0DD8012640F2512206FADC
:1055400003F7174208D14268152B92F8862028D01D
:10555000082B08D00020F8BD024631462846BDE899
:10556000F84008F006BE212A01D02E2AF2D12046AA
:1055700007F0DBFE636893F88720222AEAD093F8CD
:10558000D9201A21204622F0010283F8D92062682E
:1055900092F8D93023F0080382F8D930FCF788FF5D
:1055A000D8E7282AD6D1034B1B68002BD2D09847C6
:1055B000D0E700BFFC0200202DE9F041A0F10E046D
:1055C00000291346E4B208BF1F21172C0AD8012670
:1055D00040F25127A6403E4207D116F4600F23D176
:1055E000082C07D00020BDE8F0810021BDE8F04183
:1055F00008F0BFBD546894F88620212A08D11846C7
:10560000FCF756FF002384F8863084F8C230E9E7BF
:105610002E2AE7D194F88720A2F120010629F1D99A
:105620002E2AEFD02A21EAE7054A1468002CD9D0A7
:105630000A46014618462346BDE8F041184700BF18
:10564000F80200202DE9F7437F4D0646AC6800289C
:1056500040F0A480AB891A0724D594F80E31FE2BB4
:1056600004D140F2CF513120FAF78CFFFE2384F8A9
:105670000E3194F887301A2B06D184F8C700281D04
:1056800007F066FE84F8876094F88630202B33D0CC
:10569000332B3FD094F88830072B02BF02232B76A0
:1056A00084F80E31AB89DB073DD4AB895F0700F18D
:1056B000AB80990740F1B280AB68012283F80F21DB
:1056C0002B69DF780D2F00F0A680112F00F0B1803C
:1056D000072F00F0B0803846FEF790F80346002808
:1056E00040F09A80FF2F40F0A880AA68332182F80A
:1056F000340282F8861091E094F88730A3F12002FA
:10570000062A05D92E2B03D0212384F88630C1E741
:105710002E23FAE7012384F83532002384F88630FB
:1057200084F8C230B6E7D5F80890D5F8148099F817
:105730008730113B0B2B0BD898F80330023BDBB2C0
:10574000092B7DD840F2333222FA03F3D80777D5FC
:105750004046FDF7DBFB98F8037020B939463B481B
:1057600007F01EFE49E0012F01D9162F30D199F81C
:10577000860007F002FE40B199F88630202B04D055
:10578000212B07D12E2389F886303846FEF724F8DE
:1057900003462AE0162F14BF022620262B781B076B
:1057A00012D594F88730113B0B2B4BD9002501A95A
:1057B00003200195FBF762FF019B2BB11D720C22A8
:1057C00021460198FDF7BCFD304603B0BDE8F083EB
:1057D000112F0ED005D8072F14D00D2FD5D11C4B6B
:1057E00008E0142FD1D11B4B1B681BB998F803108C
:1057F000B5E7194B69691548984700283FF455AF3C
:105800000646CBE7154BF5E794F88820062A04BF37
:1058100001222A764DE7124B0C489847AB89DA06ED
:10582000BCD594F887300A2BB8D10B2384F8873085
:10583000B4E70C4BF0E70C4BEEE740F2C25112E735
:105840000826ABE70820C0E7C41A0020C81A0020C9
:10585000B1E20000F4020020F9E200002955000046
:1058600041E200005FE20000CD5400002DE9F74F57
:10587000B64F0E468046B989BC688D0504F1780A9A
:1058800054BFB4F8B8200023504653BF0132A4F8E7
:10589000B83084F8AF31A4F8B82008F0F8FC30B183
:1058A0000B4604F5967221465046FEF74DF9BB892A
:1058B00003F4C0632BB194F88A30002B47D0032B3C
:1058C0004CD094F88A20BB89012A04D1180544BF22
:1058D000022284F88A20B8F1000F40F09580590622
:1058E00057BFB4F8C8214246013292B2A4F8C82189
:1058F00003F00A020A2A0DD13A69D278022A09D1A4
:1059000023F008033046BB81FFF79CFE3043082399
:10591000C6B2BB813046FFF795FEBD68304395F8AF
:105920000E31C6B2FE2B3CD1DEBB95F88830063B6B
:10593000012B36D995F81831ABB195F81931012200
:105940000221A5F8BC6085F8103128462BE1012121
:1059500084F88A102046FEF707FEB2E702230121F1
:1059600084F88A30F6E795F88790A9F110095FFA74
:1059700089F9B9F10C0F40F2ED80AB6FDA0702D56F
:1059800032460921E1E7980740F1938032460C2125
:10599000284608F03CFC95F8C93043F0010385F82F
:1059A000C930B4F8A83194F8AC510133A4F8A83147
:1059B000002D00F0FD81FBF753FE10B10023A4F889
:1059C000A83194F88A10012940F2278294F888308F
:1059D000072B40F00582B4F8B830022B40F21D824C
:1059E000B4F8BA500135ADB2B4F880302B44A4F805
:1059F000A03194F8AD31002B00F013820123B4F8EC
:105A000080201344A4F8A431BB89BD685B0657BF4E
:105A1000B5F8B4310023B5F8A6219B1858BF9BB246
:105A2000A5F8B43195F8183123B995F88830063BBC
:105A3000012B06D8B5F8BC30B5F8A6211344A5F85B
:105A4000BC3095F8C21031B1B5F8BE30B5F8A6211A
:105A50001344A5F8BE3095F9C620002AC1BFB5F899
:105A6000C430B5F8A6011B18A5F8C43095F8A930C4
:105A700063B9B8F1000F40F065823B7E022B40F025
:105A8000178295F81031062B18BF162395F8A82019
:105A900022B92F4885F8A930FDF7C2FE284608F044
:105AA00064FC002384F8AB3103B0BDE8F04FFCF791
:105AB00065BE590702D53246132146E71A0706D5B7
:105AC00095F80831324685F8103107213DE713F08B
:105AD000300F35D095F81B31002B4AD195F81A318B
:105AE000CBB195F8873005F58D7105F23E22252B57
:105AF00024D095F88630A3F125004342434128463F
:105B000007F085FBAB6F23F0200343F01003AB6776
:105B1000002385F81A31AB6FDA062AD505F2351164
:105B20002846FDF773FCB5F8523000221521A5F880
:105B30001031B5F85630A5F8123106E70123DEE73B
:105B40005B0616D500222421FFE600BFC41A002000
:105B5000C81A0020D7F808B09BF88730113B0B2BF0
:105B60000ED8DFE803F01D0D0D0D232C0D0D0D0DCE
:105B70000D55B86890F88730222B4FD0312B4AD082
:105B800095F88630002B59D195F88730103B0C2BB7
:105B90005CD995F8B630002B58D001221221D4E6FA
:105BA00000220B21584608F032FBFAE65846FDF772
:105BB000ABFE00283FF4F5AE00220421F2E79BF88B
:105BC0003032012B08D100220521584608F01FFB76
:105BD00000238BF83032E4E69BF83032022BD9B246
:105BE0007FF4DFAE9BF8C85025B1062300228BF866
:105BF0001031EAE703210622B34807F0B8FB9BF80F
:105C0000D8302A4613F0040F0CBF0D211121DCE718
:105C100000220621C6E700221121C4E790F82431B2
:105C2000022B02D100221721BDE790F82431012B6D
:105C3000A6D190F82531002BF4D0A1E7092B05D18E
:105C400095F80931012285F810313EE7B9F10C0FC2
:105C50007FF6A7AED7F8089099F886B0BBF1000F91
:105C600040F08C8099F82B313BB101220E2148463F
:105C700008F0CDFA89F82BB1ADE799F82A3193B144
:105C800099F8C9B01BF003030DD14BF0010B0122B1
:105C90000C214846019308F0BAFA89F8C9B0019B73
:105CA00089F82A3197E799F81A3133B399F81B31FB
:105CB0001BBB99F8873009F58D7109F23E22252B1F
:105CC00019D099F88630A3F1250043424341484654
:105CD00007F09DFA002389F81A3101221421484661
:105CE00008F095FAB9F85230A9F81031B9F85630E1
:105CF000A9F8123155E60123E9E799F82431012B7F
:105D00004BD199F82531002B47D199F88730A3F171
:105D10002002062A41D92E2B3FD099F8680001288D
:105D200006D0022804D04FF461710620FAF72AFC4D
:105D300099F86910012901D00229F4D1022899F8B3
:105D400026210BD0012A14BF0022012242B90A3BAE
:105D5000042B13D901221621484624E7022AF2E730
:105D6000022999F8272116D0012A14BF0022012206
:105D7000002AECD000215448FCF79AFB95F88630B5
:105D8000002B7FF40EAE95F83432002B3FF409AEB1
:105D90000122FF21D9E5022AE7E74C4B1B68002BC3
:105DA000ECD049489847FE280146E7D00122D3E7C6
:105DB000FBF750FC08B1A4F8A851FBF759FC0028E8
:105DC0003FF4FFAD94F8AF310133DBB2022B84F81E
:105DD000AF3182BF0023A4F8A83184F8AF31F0E5D9
:105DE00094F8B6301BB194F886300F2B15D1B4F867
:105DF000BA505046B4F8B830ED1A033D08F047FAEF
:105E000068B1D4F8B030D4F8AC20033B9B1A9D4263
:105E1000A8BF1D46012D3FF7E6AD0125E4E52B4661
:105E2000F5E7012D7FF6EAAD94F8873013B10B2B1F
:105E30007FF4E4AD94F88630002B7FF4DFAD94F866
:105E40008830002B7FF4DAAD02297FF4D7AD94F8C7
:105E5000AF31002B7FF4D2AD2069B4F82E9005F05D
:105E600000FD00283FF4CAAD94F80E31FE2B7FF4FC
:105E7000C5ADB4F8A231012B7FF6C0ADB4F8A821AE
:105E8000238C9A42BFF4BAAD013D9B1AADB29BB2CE
:105E9000B5FBF9F59D4228BF1D4605FB09F3003D02
:105EA00003F1010318BF01259BB284F8AA51A6E5AE
:105EB000012B0DD195F88930002B7FF4E7AD00213F
:105EC0002846FEF751FBECE5C81A00200403002029
:105ED0005EB1F00634D4310734D4B20634D4B307FB
:105EE00034D140F64421312020E739B1B5F8BE1055
:105EF000B5F8C030994201D32223C7E5002A05DD59
:105F0000B5F8C420B5F8C0309A42F5D2B5F8BC2037
:105F1000B5F8BA309A420AD295F88A20B5F8B83066
:105F200052B1B5F8BA209A42C9D80823AEE595F81F
:105F30001831002BE0D1EFE7052BC0D93E23A5E5B2
:105F40001E23A3E53D23A1E523239FE52A239DE509
:105F500073B5634B00250126044698601E719D8130
:105F60001D701D76FF2380F8AB310088FCF7C6FB5F
:105F70002088FCF7EDFBB4F8A231E3B194F80E31C0
:105F8000FE2B18D194F81831ABB194F88830063B49
:105F9000B34210D994F81931204632460221A4F8B0
:105FA000BC5084F8103108F032F9022084F8AA516C
:105FB000FFF70CFA03E094F80E01FE28F8D1B4F8CC
:105FC000A61104F17806E38D0139B4F8A821304612
:105FD00089B2B1FBF3F31344A4F8A831B4F8B83094
:105FE0000B44A4F8B83008F052F920B1D4F8AC3022
:105FF0000B44C4F8AC30B4F8A2310025012B9CBF8F
:106000000133A4F8A23109B184F8AF5194F8873074
:1060100084F8AA51A3F10A02012A1DD8B4F88030ED
:10602000B4F83C229B1A19042FD404F23E2104F147
:106030008E0006F0B6FE84F88750FF2384F8C33044
:10604000B4F8A6212146304606F0F2FE98B340F699
:10605000C8113120FAF796FA252B16D1B4F83C2254
:10606000B4F880309B1A1A040FD484F88750FFF7D5
:10607000D9F9014630B984F8240102B0BDE8704076
:10608000FFF7F4BB84F82451DAE794F8863003F084
:10609000FD03252BD4D1B4F88030B4F83C229B1AF0
:1060A0001B04CDD4002384F88630FFF7BBF90146EA
:1060B0000028C5D1E1E70B4B0B4900930B4A0C4B71
:1060C00003C9FBF7AFF994F88730113B0B2B04D8C9
:1060D00002B0BDE87040FBF79DB902B070BD00BFD3
:1060E000C41A00206D580000C81A00206952000030
:1060F00031520000D0F844328269934210B5044610
:1061000004D1D0F84812026A914215D0228804F5D1
:10611000C0700F49A4F88A2140F2E242B3FBF2F3C7
:10612000A4F88C31B4F84832A4F88E31B4F84A326D
:10613000A4F8903106F0F0FF0221204606F01DFD84
:10614000002384F88730032384F88A3010BD00BF11
:10615000B1D4000008B5FDF765FA024B024A1A6097
:1061600008BD00BFF402002025530000064B1B6849
:10617000D3F8000138B1D3F8040120B1D3F80801F5
:10618000B0FA80F040097047EC1C0020034B00225D
:106190001A705A7010229A70704700BFE01A0020DF
:1061A000F8B50646022014460D4600F077FA114B6A
:1061B000114A0127191D5C609A6002F18072033454
:1061C0002D011F70DC601D83C3E9042600222433E7
:1061D00003F80A2C0D2203F8092C084A1268C2F8A9
:1061E00030150749C2F80875C2F8383503C983E885
:1061F0000300F8BDE01A00200300000BEC1C002097
:10620000CC69040008B5022000F048FA0D4B0122C9
:106210001A7000220C4B1B68C3F80021C3F804213C
:10622000C3F80821094AC3F88020094BC3F88C2021
:10623000084B1B68C3F88C210822074BC3F80425C0
:1062400008BD00BFE01A0020EC1C00200300008005
:1062500000300850F81C002000200450154A08B5F2
:106260001378FBB1144B19680023C1F8803013492F
:10627000C1F88C3012490968C1F88C310821114BE2
:10628000C3F80815FFF772FF88B101235370938E8E
:10629000FF2B03D9BA213B20FAF774F9DBB29370D4
:1062A000002313700020BDE8084000F0F7B9102368
:1062B0005070F4E7E01A0020EC1C00200030085079
:1062C000F81C0020002004500A4B1A786AB10A4BCF
:1062D0001B68D3F8002152B1D3F8040140B1D3F8C0
:1062E0000801B0FA80F040097047587870470220E2
:1062F000704700BFE01A0020EC1C0020064A08B5D9
:1063000013782BB1FFF732FF20B192F8340008BDAB
:106310009078FCE71020FAE7E01A00200A4B0221EF
:106320001A680023C2F88030084AC2F88430084A4C
:106330001268C2F88431074AC2F8081502F58022B3
:10634000C2F80835704700BFF01C0020003008502C
:10635000F81C002000200450024B00221A809A7082
:10636000704700BF181B00202DE9F04106460120B0
:106370000C461F46904600F091F906F00301224BAF
:1063800022481D6841EA0743077143F08073C5F84E
:106390000435FFF7C3FFE368A0F806801FBAA368BF
:1063A000C67019BA63681ABA2368C5F810751BBAA3
:1063B000C5F81415C5F81825E769A169C5F81C3595
:1063C0003FBA09BAD4E9042C94F82040130AC5F85E
:1063D0002075003C4FEA026243EA0C63C5F82415BD
:1063E00018BF012412BA23F00043022E43EAC473FB
:1063F0001BBAC5F828354FF00103C5F82C254370AA
:1064000098BF0370BDE8F081F01C0020181B00202D
:10641000304B5A782DE9F04704460D4622B94FF427
:1064200007713C20FAF7AEF82B4A03F10C0E4F78B7
:1064300003F1140603F13C0CDFF8A0904FF00E08B6
:106440001F811F8503F14C0A0437DD61C3F82090DA
:1064500083F82B80A3F8607092E80300C3E9154924
:106460008EE80300D2E9020186E80300E91C002659
:10647000596283F82A60D2E90401C3E90B668CE80B
:106480000300611C596416499964D2E90601E21CB3
:106490008AE80300DA65012183F8626083F863808B
:1064A000D8789970C3E91966AA78A2700D4A126863
:1064B000C2F830E5C2F838C540B91B780BB9E32102
:1064C000AFE7C2F804011160BDE8F0871970C2F8A7
:1064D0000461F8E7181B0020D46904000100000DD6
:1064E0000100000CF01C0020334B5A782DE9F041DC
:1064F00004460D4622B94FF412713C20FAF742F8D7
:106500002E4A03F13C0C03F14C0603F10C07DFF8B3
:10651000B080DFF8B0E0C3F848805D65C3F858E0AC
:1065200092E80300C3E9094E8CE80300691C596432
:10653000D2E9080186E80300E91C0026D965224952
:106540009E6683F83260C3E91816D2E9040187E831
:106550000300611CC3E90518D2E90601E21C03F13E
:106560001C08DA62DA881A860E2288E8030083F8AB
:1065700033200121C3E90D66AA789970A270134AED
:106580001B781268C2F830C5C2F8387513B940F2EA
:106590000F11B2E70E4BC2F80461C2F880300D4A09
:1065A000C2F884300C4A1268C2F8843102220B4BC4
:1065B000C3F80425BDE8F081181B0020D46904004D
:1065C0000100000C0100000DE803000EF01C00208B
:1065D0000100008000300850F81C0020002004500A
:1065E000054808B503781BB1FFF798FE0023037038
:1065F00000234370837008BD181B002008B5084BAA
:106600001B68D3F8042122B94FF422713C20F9F71A
:10661000B9FFD3F80004003818BF012008BD00BF3F
:10662000F01C0020024B01221B685A60704700BF1B
:10663000F01C002038B50A4D00242B68D3F8002543
:10664000032A04BF01225A60064A1268C2F80045B4
:10665000C3F80045FFF7C4FF2B68C3F8804038BD7E
:10666000EC1C0020F01C00200A4BB3F90030002B7A
:106670000DDB5A09012103F01F03994002F12003A9
:10668000054A42F82310BFF34F8FBFF36F8FFFF718
:10669000D1BF00BF041D002000E100E010B504469A
:1066A000FFF7C8FF012C06D0022C0AD044B18C2180
:1066B0003D20F9F767FF084B02221B68C3F800254D
:1066C00010BD064B03221B68C3F8002502F10042EF
:1066D000C3F88020F4E700BFF01C0020EC1C002071
:1066E000024BD3F8A00300F00100704700C0FF0088
:1066F000084BD3F8A423D3F8A833511C9BB203D181
:106700004FF6FF718B4203D00260838001207047F7
:106710000020704700C0FF000B4B30B5D3F89053FA
:10672000D3F89443D3F89813D3F89C2305EA0403D1
:106730000B401340013317BF0560002044608160A7
:106740001CBFC260012030BD00C0FF000B4B30B544
:10675000D3F88053D3F88443D3F88813D3F88C2329
:1067600005EA04030B401340013317BF0560002006
:10677000446081601CBFC260012030BD00C0FF00CA
:10678000064B0022C3F80022C3F81822C3F82022C7
:10679000C3F80C22C3F81422704700BF00A00850B1
:1067A000024B00221A809A701A717047881B0020D1
:1067B00038B5144D0346084695F83D2022B940F6F9
:1067C000B2113E20F9F7DEFE6BB9012AAC6B95F8E9
:1067D0003C1005D100F058FE20442B6BC01A38BD88
:1067E00007F029FEF8E7012B0AD1012AAC6B95F8D6
:1067F0003C1002D100F03AFEEEE707F027FEEBE78F
:106800000020EAE7881B002008B50128084B83F820
:106810002400084B06D0022808D040F6EC613E2048
:10682000F9F7B0FE0322C3F8002508BD0422FAE7F9
:10683000881B002000A0085008B5144B93F84A307C
:10684000D90720D59A070ED5114BD3F8002442F072
:106850000102C3F80024D3F8200500F0F600023846
:1068600018BF012008BD5B070DD5094B094AC3F8C5
:106870000821A3F5A043D3F8403123B140F28A7137
:106880003E20F9F77FFE0120ECE700BF881B0020C7
:1068900000A008500B00008008B570B9104B2831DB
:1068A0001846D9600F4900F097FE0130012816D92B
:1068B00040F66D013E20F9F765FE01280CD1084B2A
:1068C00029311846D960074900F08CFE01300128B3
:1068D00005D940F67701EDE740F67B01EAE708BD10
:1068E0006C000020FC69040008B50C4B9B78012B60
:1068F00009D100F07DFE013001280ED940F60421B7
:106900003E20F9F73FFE022B07D100F077FE013061
:10691000012802D940F60A21F2E708BD881B0020B1
:106920000A4B40F409000A4A1B8D40F04000B3F5C1
:10693000166F36BFA3F63813A3F5166343F48073BE
:10694000C2F80837C2F84005704700BF881B002016
:1069500000A0085037B50C460546FFF755FF204606
:106960002146FFF7DDFF104A01AB284692F92520AA
:1069700000F0CCFD9DF8050000F046FE20B140F28D
:1069800055713E20F9F7FEFD9DF9040000F00AFD67
:10699000064B40F20312C3F8442E40F25B62C3F888
:1069A000482E03B030BD00BF881B002000A0085057
:1069B0002DE9F8430C4617468046434D00283FD149
:1069C0000123AB702B78012B23D1404B33F81230CD
:1069D0004FF47A7203F5FA73B3FBF2F3CC1A2B6B14
:1069E0003B4E1C443B4BC6F84045C6F8C0312B78A3
:1069F000002B57D195F84A3043F0020385F84A300E
:106A0000FFF71AFF0546002853D100252846BDE8A8
:106A1000F883104695F82610FFF79CFF2E4B4FF495
:106A20007A7253F8273003F5FA73B3FBF2F3E41AE2
:106A30002B78002BD3D1294B264AC3F80021CEE76F
:106A400001282AD10223254EAB702B78012B06D1C9
:106A5000D6F8003443F01003C6F80034BFE795F8C9
:106A600026901046FFF7D0FE293C4846FFF758FF16
:106A7000D6F8003443F01003C6F8003440F2031394
:106A8000C6F8443E40F25B63C6F8483E2B78002BC4
:106A9000A5D1104BC6F80431A1E74FF413613E2095
:106AA000F9F770FD012BABD195F84A3043F00403A0
:106AB000A4E70123F364D6F84C35A342A5DA2146B6
:106AC0004046FFF7E9FEA1E7881B00207C6A04002E
:106AD000005008500B000080706A040000A00850AD
:106AE00008B560220021034807F019FFBDE80840FF
:106AF000FFF756BE881B0020024B0344187D00F5AB
:106B000016607047FC690400014B93F83C00704725
:106B1000881B0020024B986B1B6BC01A704700BF8C
:106B2000881B00200A4B93F83C20D3E90C30C01A94
:106B3000084B03EB8203DB6BC01A074B53F8223080
:106B40004FF47A7203F2F313B3FBF2F3C01A7047F7
:106B5000881B0020FC690400646A04000F4A08B521
:106B600092F83C10012906D0022914D040F2C62127
:106B70003E20F9F707FD40F61C40D2E90C239B1A92
:106B8000074A02EB8102D26B9B1A4FF47A72B0FB78
:106B9000F2F0184408BD4FF4AF60EEE7881B002008
:106BA000FC690400FF2808B504D940F2E5213E2025
:106BB000F9F7E8FC124B0129A3F8480004D0022998
:106BC00019D040F24131F2E7002343F4801340F042
:106BD00000700C4A43F4847340F44030C2F8203E05
:106BE000C2F8280ED2F8203503F0F703032B05D1A5
:106BF0004FF45671DBE74FF08073E6E708BD00BF46
:106C0000881B002000A00850F8B5244E4FF4806780
:106C1000C6F89070BFF34F8FBFF36F8F204C0121E8
:106C2000204DC4F8A410FFF7ABFD0323C4F8401EA9
:106C300085F82410C4F800354FF40023C4F800345C
:106C4000194B187C00F0F2FC03F044FE174B184A75
:106C5000C4F83833174BC3F8C820013AC3F8C4202E
:106C600040F6FE72144BC4F81433144BC3F80425D9
:106C70000023AB87AB6385F84A3002F042F84FF44B
:106C800080732863C6F89071C4F888342B6E37611E
:106C900003B19847BDE8F84000F092BC00E100E085
:106CA00000A00850881B00206C000020030000801A
:106CB00006000080005008500100008000200850AD
:106CC000014B83F825007047881B0020020E034B00
:106CD0000002C3F8342EC3F82C0E704700A00850F1
:106CE000044B054A034482F826001B7D03F5166316
:106CF00013857047FC690400881B002010B504460A
:106D00000068FFF7E3FF094B6268C3F84C2E207A56
:106D1000FFF7E6FF617A6089FFF744FF607AFFF7CB
:106D200073FD227B024B83F8252010BD00A0085084
:106D3000881B00202DE9F041324C06460F4694F89E
:106D40004A30DA0704D440F6BE013E20F9F71AFCB7
:106D50002D4D43F00203D5F8002442F00102C5F89E
:106D6000002484F84A3028BB012394F826103846C2
:106D7000A370FFF7EFFDA378012B02D040F6CA0104
:106D8000E3E7224AD3642B60204B3046D3F84C55BE
:106D90002946FFF781FD236BED1A7EBB1C4B4FF498
:106DA0007A7253F8273003F5FA73B3FBF2F35819EC
:106DB000BDE8F0810128E7D1022394F82680084637
:106DC000A370FFF721FD4046FFF7AAFDD5F8003478
:106DD00043F01003C5F8003440F20313C5F8443EF5
:106DE00040F25B63C5F8483EA378022B02D040F620
:106DF000D201AAE7054BDE646E60C5E705F1290004
:106E0000D6E700BF881B002000A0085000500850A3
:106E1000706A040008B5FFF7CBFD58B9064B012294
:106E2000C3F8400503F5A04302201A61BDE80840FD
:106E3000FCF7A6BA08BD00BF0050085013B5264B9A
:106E40004FF48061254A4FF0FF30D3F88844C3F8EF
:106E50009004C2F890114FF40022214904F4807488
:106E6000C3F80024002281F84A201E49C1F84025B9
:106E7000C3F80821C3F80021C3F80421D3F8201572
:106E8000C9B2D1B18DF80700C3F8202201221A61DE
:106E90009DF8072012B1D3F820223AB19DF80730AF
:106EA0005BB940F6F2113E20F9F76CFB9DF8072024
:106EB000013AD2B28DF80720EAE7FFF715FD06493F
:106EC0000023C1F82032FFF76BFC1CB14FF4807334
:106ED000C1F8883402B010BD00A0085000E100E005
:106EE000881B00200050085070B50024234D244E0C
:106EF000C5F84845C5F84445C5F84045C5F84C4572
:106F0000FFF79CFF00F062FBC5F8C441C6F80841DA
:106F1000C6F80041C6F80441C5F8C840C5F8C440E9
:106F200003F0F0FC174B40F6FE72C6F83843C6F883
:106F30001443C5F8C041C3F808254FF48062124BD2
:106F40001C77C3E90D44114BC5F84845C5F84445C5
:106F5000C5F84045C5F84C45C5F84841C5F8444119
:106F6000C5F84041C5F84C41C3F89020BFF34F8F9E
:106F7000BFF36F8FC3F8902170BD00BF0050085061
:106F800000A0085000200850881B002000E100E00D
:106F9000014BC3F84C0E704700A0085010B50FC845
:106FA000014C84E80F0010BDEC1B002008B50B4B12
:106FB000C3F8D00E0A4B93F84A20586442F00102FD
:106FC00083F84A20FFF738FC30B9FFF737FF03207A
:106FD000BDE80840FCF7D4B908BD00BF00A00850C8
:106FE000881B0020144B1A6B10449A6B824210B518
:106FF000124C09D30220FCF7C3F900230122C4F884
:1070000040350F4B1A610DE0012218621A77626455
:10701000D4F844350533834205D3094BD3F80C1219
:107020000029EFD010BD0023C4F84431054BC4F84B
:107030004405C4F8C431F5E7881B0020005008500F
:1070400000A008500900008010B50E4C0346022233
:1070500094F83D002277012894F83C1094F82420FD
:107060004FF096000BD100F01BFA074A0023206274
:10707000C2F84431A36B0344C2F8443510BD00F09C
:1070800029FAF2E7881B002000500850044BC3F88F
:10709000940ED3F8002442F04002C3F80024704755
:1070A00000A00850054BD3F8002422F04002C3F89A
:1070B00000240022C3F8942E704700BF00A008509F
:1070C000044BD3F8183703F07F035B4203700120B1
:1070D000704700BF00A008500022044B90421A7075
:1070E000D97014BF022201225A707047881B0020F9
:1070F000054B0022C3F84025044AD2F82035DBB204
:107100000BB10123136170470050085000A00850D4
:10711000044B30B5D3E914459B6DC0E900450B60C5
:1071200030BD00BF881B00202DE9F0470123824CB1
:10713000824DB4F84870EB64D5F84C25236BA2EB74
:10714000030801F0E1FBC4F85880C4E91401FFF71B
:10715000CBFB7B4A0023C2F80831C2F80031C2F8E9
:107160000431D2F8001421F01D01C2F8001484F893
:107170004A30237F23B1D5F84431003B18BF0123A7
:10718000A17801290AD1D2F81852002D43D16C4BB5
:10719000D3F82032ABB145F0100512E0022938D106
:1071A000674AD2F81852D2F80C2E003D18BF0125BC
:1071B000D6074FEA450558BF45F004052BB345F007
:1071C0000105FFF7DDFAE806A37803D5012B08BF18
:1071D00045F02005594A94F80190D2F84815A1636A
:1071E000D2F8442584F83D3094F82430626384F862
:1071F0003C30B9F1000F10D1FFF7D2FA84F81C909F
:10720000E9077DD5636E984744E015F00B0FD8D1A0
:10721000BDE70025BBE70825D3E715F0110F0ED118
:10722000B9F1010A2379267818BF4FF0010A012B22
:1072300043D0022B56D02BB14FF4456145E0FFF708
:10724000FDFDDDE796215046FFF7B2FA0146FFF754
:10725000A7FA012E50D1B9F1010F14BF2723332310
:107260009844884543D90220FCF78AF8344B3046CD
:107270001E61AA0746D5636C01465B78BB42A36ECC
:1072800088BF45F00405C5F3800585F0010505F0CC
:1072900001009847A378022B0DD1237F5BB1022B0D
:1072A000264A3DD1A36B216A0B44C2F84435234BD7
:1072B000244AC3F8C421BDE8F0872348FFF71EFD28
:1072C00094F83D3023B940F6B5013E20F9F75AF95C
:1072D000012B04D1FFF742FCA369C118B7E7FFF700
:1072E00021FCF9E71848FFF709FDA169AFE7134B47
:1072F00000222670C3F84021E2785046FFF78AFD4D
:107300000020B6E715F0280F05F0200104D0B1FAEF
:1073100081F1E36E4909BCE7EB06BBD5236F72E749
:10732000012B02D040F6AF51CFE7236AA16B8B420D
:10733000BBD84FF45B61C8E7881B002000500850A1
:1073400000A0085009000080901B0020024B03EBB6
:107350008003D86B704700BFFC690400024B03EB4D
:107360008003986C704700BFFC690400F8B50123E6
:107370000D46477801464370044628461646FFF7F7
:1073800047F8074B1A68D2F80431002BFBD067701E
:1073900016B9EB78A370AB707B1E58425841F8BD0C
:1073A000F01C00202E3008B5362854D8DFE800F055
:1073B0005053535353534D535353535353535353A6
:1073C00053534B53535353535853585349534753A1
:1073D00045534353413F3D3B39373533312F2D2BF7
:1073E00029272523215A1C003F231F4AC2F81037A2
:1073F00008BD3323F9E72D23F7E72823F5E72323F7
:10740000F3E71F23F1E71B23EFE71823EDE715232D
:10741000EBE71323E9E71123E7E70F23E5E70D2364
:10742000E3E70B23E1E70A23DFE70923DDE708238E
:10743000DBE70723D9E70623D7E70523D5E70423AE
:10744000D3E70323D1E70123CFE74FF49873CCE7C9
:107450004FF48873C9E74FF486713F20F9F792F82B
:107460000223C2E73923C0E700A00850054B4FF4C0
:107470007A72023833F8113003F2E733B3FBF2F3D8
:10748000184470475C6A0400044B4FF47A7233F876
:107490001130B3FBF2F30133184470475C6A040007
:1074A00038B51D460A4B33F8114003EB820305350E
:1074B0009B681C444FF47A7304F6B73403FB004412
:1074C0001046B4FBF3F42544FFF740FF284438BDD1
:1074D0005C6A040070B5064608461546FFF73EFF95
:1074E000094B03EB85039C684FF47A7304F6B734B9
:1074F00003FB0644241A2846B4FBF3F4FFF726FFE7
:107500000530204470BD00BF5C6A04002DE9F04FD7
:10751000264C87B0074698460D46164601F0BAFE3F
:1075200023788146BB4211D16378AB420ED194F9E6
:107530000230B3420AD1E378834207D1A388A8F886
:10754000003094F9060007B0BDE8F08F7B1EDBB277
:10755000032B0DD8164A294612F803A00DF1170384
:107560003246504601F09CFE38B14121A92002E08C
:1075700040F2FE410620F9F705F8039028469DF9F0
:1075800017B0FFF7B9FA039A0346414658460092EE
:10759000524600F03FF8B8F80030A071A380277081
:1075A0006570A67084F80390CBE700BF80000020D0
:1075B000826A0400014B1B681B68184708030020FF
:1075C000014B1B685B68184708030020014B1B68D0
:1075D0009B68184708030020014B1B681B6918476C
:1075E00008030020014B1B685B6918470803002053
:1075F000014B1B689B69184708030020014B1B685F
:10760000DB69184708030020014B1B689B6A184779
:107610000803002030B4044C9DF8085024680295FB
:10762000E468A44630BC60470803002000220D49EE
:10763000134610B540FA02F4E40744BFCA545C1C78
:1076400002F1010248BFE3B2042AF3D1054AFF2444
:10765000D118032B01D9107110BD013301F8014B72
:10766000DBB2F6E75823002008B5074801F05AF8C6
:10767000054800F03FF801F009FD01F003FC00F0BF
:10768000A7FB012008BD00BF541D002008B501F074
:1076900025F801F0D1FC01F019FCBDE8084000F02C
:1076A000B3BB01F035BD01F06FB810B5EFF3108436
:1076B00072B601F069F804B962B610BD01F076B88F
:1076C00001F08EBD01F044BD01F054BD01F054BD88
:1076D00001F058BD01F07ABD08B5054B1A781AB112
:1076E0002721032002F0B4FE5860197008BD00BFC6
:1076F0005C1D0020024B986000221A705A6070478F
:107700005C1D0020F7B51E4C2378012BDAB204D0A3
:10771000022A2ED0012003B0F0BD0DF107016068F0
:1077200000F07EFB65686B7DDB071CD5AB7F042B0F
:1077300019D001F083F80646A8B101F085F82B694D
:10774000D5E900279A18B36847F100070A332CBF20
:10775000012500251B1845EB01059342BD4102D3CD
:10776000606800F02DFC0023636023709DF8070023
:10777000D1E70DF10701606800F05CFBF3E700BFA3
:107780005C1D002010B5837F8BB9034601F1180200
:1077900051F8044B914243F8044BF9D1012484770A
:1077A0002146FFF799FF00F0E1FF204610BD0020C1
:1077B000FCE773B505460C4601F040F80646AB7F82
:1077C000012B1AD021462B4604F1180251F8040B64
:1077D000914243F8040BF9D101230DF1070128462A
:1077E000AB7700F01DFB16B1012002B070BD044B59
:1077F0000421986806F069FFF6E70020F5E700BF6E
:107800005C1D002010B5FFF7D4FF044620B1034BE8
:107810000621986806F059FF204610BD5C1D002027
:10782000024B0621986806F050BF00BF5C1D002087
:1078300010B5EFF3108472B601F000F818B9C92141
:10784000032002F005FEFFF7EBFF04B962B610BD9E
:1078500010B504460221FFF73FFF00F087FFA07F2D
:10786000B0FA80F0400910BD38B50446A37F03B9D3
:1078700038BDA37F032B02D0A37F042B0FD1EFF3DE
:10788000108572B6204600F0F0FA05B962B6A37F03
:10789000002BEDD040F20D11032002F0D9FDA37FA3
:1078A000012B02D14FF48971F6E706F0ACFFDDE75A
:1078B00010B50446FFF7CCFF20B92046BDE81040C4
:1078C000FFF7D2BF10BD13B50DF1070100F0B2FAFA
:1078D000044600F0B3FF20B940F22F11032002F05C
:1078E000B7FD204602B010BDF8B504460F4600F0C3
:1078F000ABFF0025A4682418384641F10006224653
:10790000334600F001FBA04271EB060309D3001BD4
:107910006FF0010361EB0601834275EB010102D3B5
:10792000F8BD2846FCE74FF0FF30F9E710B5EFF35C
:10793000108472B6FFF7D8FF04B962B610BD2DE906
:10794000F04185681746002306464A190C465B41FC
:1079500013B10020BDE8F08100F076FF2A18384608
:1079600041F1000314EB020843F1000500F0CCFAEA
:107970004045A941EDD301F0CBFB00F075FAB368A7
:10798000012037752344B360E4E710B5EFF31084AA
:1079900072B6FFF7D4FF04B962B610BD837F012B26
:1079A00001D100F08DBB00207047D0E90001704785
:1079B0000069704700F048BF10B5EFF3108472B64D
:1079C00000F042FF04B962B610BD80687047007DC8
:1079D0007047F8B50369044623B140F2D51103207E
:1079E00002F036FD01F094FB05460E4602F09AF9CE
:1079F00070B36435D4E9003246F10001AB4272EB5A
:107A0000010001D22B460A46C4E90032EFF310858B
:107A100072B600F013FF064698B100F015FFB36888
:107A20000B332CBF012200221B18D4E9006042EB6B
:107A30000101B34271EB00023CBF33460146C4E989
:107A4000003105B962B62046BDE8F84000F0D2BA70
:107A500002F088F9074600F00DFFB84238BF3846FB
:107A6000963546F100024319D4E9000142F10002C3
:107A7000834272EB0105C7D20346C4E7042300F139
:107A8000180283770023037643768376C376044B0C
:107A9000196811B91A605A60704759680A60FAE7A4
:107AA000681D00202DE9F843DFF86C8000240646AD
:107AB0000F46D8F80830204633B950B3174B187822
:107AC000BDE8F84302F08ABE53E90612D3F80090ED
:107AD000B14272EB07051AD253F8085C6D1842F1F7
:107AE0000002B542BA4112D24CB12268126822603B
:107AF000A3F11800FFF7C2FF01204B46DCE7D8F8DE
:107B00000820002AF4D01268C8F80820F0E71C46C4
:107B1000F3E7BDE8F88300BF681D00205103002093
:107B20002DE9F047304B4FF0000E05469446C2F861
:107B300000E09868002855D018380746BA69002A2E
:107B400050D0D0E9009352E906684E4578EB030423
:107B500003D2BF219F2002F07BFCA94573EB0104F7
:107B60000BD2046914EB090443F10003A542A146BA
:107B700071EB03043CBFA9460B46AE4278EB01040F
:107B80000BD252F8084CA41948F10008A542264629
:107B900071EB08043CBF2E46884684680A344EF1D7
:107BA000000A14EB090443EB0A03A64278EB030333
:107BB00018D2047D12F8043C9C420DD08CBF0123E6
:107BC00000232BB107F11803A2F11800CCF8003004
:107BD000BF693FB1183FB1E79388848B1B1BC3F388
:107BE000C033EEE7BDE8F087681D00202DE9F04FB7
:107BF00085B082834E4A04460091D2F808C094F8BA
:107C00001580D0E90030BCF1000F40D0ACF1180174
:107C1000002708F00109D1E90026934270EB060520
:107C20006DD3B9F1000F2CD0277D0D7DAF4228D345
:107C30008D68AD1846F1000615F10A0A46F1000EEE
:107C4000534570EB0E0219D22269D21840F1000799
:107C500092457EEB070B01D252467746AA42B741C6
:107C60000FD220460024FFF709FF324B187802F0AC
:107C7000B5FD009B1C7005B0BDE8F08F1A460746A5
:107C8000ECE78A690F4622B1A2F11801C3E7624608
:107C9000674618F0010F37D0A168C91840F1000BF2
:107CA00001918AB3019DD2E9001615F10A0E4BF13C
:107CB00000058E45B54127D394F814E0157DAE45F7
:107CC00019D395686D1846F1000615F10A0946F1B9
:107CD00000084B4570EB080113D22169C91840F127
:107CE000000E894578EB0E0A01D24946C646A942E4
:107CF0007EEB060EB5D3926932B1183AD2E70A4646
:107D0000C7E719468646F2E704F118035FB1BA697E
:107D1000A261BB6103AA00200021FFF701FF231A23
:107D20005C425C41A5E7024AC4F818C09360F1E7E1
:107D3000681D002051030020F8B5244C0023E360A7
:107D4000EFF3108272B621686360E160236002B9CC
:107D500062B60026E36803B9F8BD9A79A3F118006A
:107D6000032A07D11A6801219E7153F80C3CE26086
:107D70009847EFE7196851B1A1F1180307460022AF
:107D80009D7F042D09D09B7F032B02D1B2B9E16006
:107D900017E063219F2002F05BFBB0F81CC09D8BB5
:107DA000A5EB0C052D049D6944BF07F11802184688
:107DB000002DEBD01F46A5F11803E1E713681B68FF
:107DC0001360C36802218677D2E700BF681D0020D8
:107DD00010B50A4C2378FF2B04D04FF484719F20F8
:107DE00002F036FB064802F0CFFC064B0022207062
:107DF0009A601A605A601A8210BD00BF51030020B9
:107E0000397D0000681D002010B5044C2078FF2843
:107E100003D002F0D3FCFF23237010BD51030020D8
:107E2000034B1A8A10B4541C1C8210BCDEE600BF3F
:107E3000681D002037B504460D4601AA0021002028
:107E4000FFF76EFE231A04F11801584258412870BA
:107E5000044806F060FC10B100230120A37703B0B2
:107E600030BD00BF701D00201CE638B5114B044624
:107E700000F118011A68B2B11A6800209AB1914253
:107E80000ED108B1A56905601D68A94204BF12683A
:107E90001A605A68914200D158600023A37707E026
:107EA00010461268EAE7044806F035FC0028F4D1D1
:107EB00038BD00BF681D0020741D002037B5054681
:107EC0000C46FFF7EFFD01AA28462146FFF728FEE2
:107ED00028B100F11803034A536103B030BD0346D3
:107EE000F9E700BF681D002010B5064C616904F178
:107EF000080006F010FC18B16069002318386361AF
:107F000010BD00BF681D00209C46144BF0B59D6855
:107F1000FDB115F8043C183D834218D812F10A044B
:107F2000D5E900364CF10001A34276EB01070BD2F4
:107F30002F69FF1846F10006A7428E4107D3B4F11E
:107F40000A0041F1FF31F0BD1C463146F7E7AD694B
:107F5000DEE74FF0FF300146F5E700BF681D002067
:107F600008B5837F022B1CD1437D13F0020302D09E
:107F70000023837708BD0322037643768376C37696
:107F80000D4B827700F11802196839B91A605A60EE
:107F90000A4B1878BDE8084002F020BC59680A6016
:107FA000F5E7837F012BE5D0837F042BE2D04FF4EC
:107FB000FB719F2002F04CFA681D00205103002045
:107FC00010B500F118010446084806F0A4FB20B9DA
:107FD0004FF400719F2002F03BFA2046FFF74EFD60
:107FE000034BBDE81040187802F0F8BB701D00206C
:107FF000510300202DE9F74FD0F810E0BEF1000F3B
:1080000004D040F21F219F2002F022FA836890F8EA
:1080100014800193D0E90014EFF3108972B6274B56
:10802000B3F810C09B686BB1019D183B0A35D3E9CA
:1080300000264EF1000A6D1844EB0A0A95427AEBCD
:10804000060707D2B9F1000F35D0C0E9001403B01C
:10805000BDE8F08F8A4276EB04070CD31F69BF1886
:1080600046F1000BAF427BEB0A0B34BF0125002524
:1080700075B99B69D7E712F10A0A9D6846F10007B6
:1080800015EB0A0547F10007A94274EB0707ECE777
:108090001D7DA84509D0ECD912F10A019D6846F171
:1080A0000004691844F10004E3E79D8BA5EB0C057F
:1080B0002D04DED5F0E762B6C7E700BF681D0020DB
:1080C000F7B50C460DF107010646878BFFF7B2FEA8
:1080D00020B940F24A219F2002F0BAF90FCC354670
:1080E0000FC594E803003A4685E8030030460DF1D9
:1080F0000701FFF77BFD012003B0F0BD034B1878AB
:1081000000F0FD00431E584258417047801D00207A
:1081100038B5FFF7E9FE002580B1094CC4E9010537
:10812000E56000F0E7FE6068022329468377C368B4
:108130009847D4E90401FFF797FE012038BD00BF3E
:10814000801D0020024B0521986906F0BEBA00BFD1
:10815000801D0020042938B5054613D005D8023902
:10816000012915D940F2C91109E00529FAD1FFF713
:10817000C5FF10B1114C607F60B140F2BF11B0205B
:1081800002F066F9FFF7BEFA10B10C4B01221A7724
:10819000002012E0236A98470123206B6377084A86
:1081A000D4E90A31323B41F1FF31181841F10001A5
:1081B00000F07EFF034B02202B6038BD801D0020A5
:1081C00045810000FD840000064B586810B520B9B9
:1081D00040F28D21B02002F03BF9C3680621BDE8D2
:1081E00010401847801D00202DE9F84F2B4D814687
:1081F0006B7F2E6B002B3AD1FFF780FF074618B13B
:10820000AB8E9E4238BF1E4600F082FF04468019A6
:108210008B4641F10001FFF751FE68B3D0E9008AB7
:10822000B0457AF1000324D3B8EB06006AF10001EF
:10823000844223465A467BEB01043CBF03460A4670
:108240009B1942F10002C5E90432154A00F030FFE3
:108250004046514600F08EFEEFB1A98E114B124AF6
:108260008E4218BF1346C9F80030BDE8F88F0027CA
:10827000CAE700200146DBE76B7F33B12B78023B76
:10828000012B02D82B6A0120984700236B7700F05E
:1082900072FE064BE7E7044BE5E700BF801D0020B8
:1082A0004581000077830000B1820000498300000F
:1082B000042938B5044624D007D80239012938D911
:1082C00040F26B11B02002F0C3F80529F8D100F09C
:1082D00053FE194D01F01AFDFFF710FFD8B16B7F67
:1082E000CBB900F015FFAA8E2B6B9B1A134AC5E978
:1082F0000A01181841F1000100F0DAFE104B23606A
:1083000007E0FFF7FFF9A0B100F0F2FE2046FFF70B
:108310006BFF022038BD00F0FBFE2B6B074A323B9F
:1083200065EB0505181845EB010100F0C1FE054B92
:10833000E5E70020EEE700BF801D0020458100003A
:1083400055810000FD840000032910B5044606D8BD
:1083500001290ED840F21711B02002F079F8042953
:10836000F8D1FFF7CFF920B12046FFF73DFF0220FB
:1083700010BD0020FCE7042938B5054613D005D808
:108380000239012929D940F23B1109E00529FAD126
:10839000FFF7B4FE10B1124C607F70B140F23311A0
:1083A000B02002F055F8FFF7ADF9B0B100F0A0FE33
:1083B0002846FFF719FF022038BD236A984701239A
:1083C000084A6377236BD4E90401C01A61F1000104
:1083D00000F06EFE044B2B60EDE70020ECE700BFE1
:1083E000801D002045810000B18200002DE9F0478A
:1083F00080468A4691463A4C002B5ED0D3E900561F
:10840000854276EB01033CBF0E46054631462846C1
:10841000C4E9045600F0AEFDA38EB5EB080803F1E5
:10842000640366EB0A0A43454FF0000373EB0A034B
:1084300021DA637F43B12378023B012B02D8236A00
:108440000120984700236377FFF758FE0746236B08
:1084500003F5E17398457AF1000A15DA6FB1A08E41
:10846000204A281A66F1000100F022FE1E4BC9F8CE
:108470000030BDE8F0870027E9E71A4A2846314670
:1084800000F016FE194BF2E700F077FD01F044FC16
:10849000A38E206B4FB1834207D9E81A114A66F1C7
:1084A000000100F005FE124BE1E7281A0D4A66F1C3
:1084B000000100F0FDFD0F4BD9E7637F33B1237856
:1084C000023B012B02D8236A0120984700236377DF
:1084D00000F053FD01F020FC00F04DFD064BC6E717
:1084E000801D0020458100008D8500000D86000064
:1084F00077830000B182000049830000023970B523
:108500000446032938D8DFE801F00502070E1D4BA9
:1085100000221A77002012E0FFF7F4F80028F9D0C3
:10852000184B0122F5E700F029FDB0B1154B1B7F78
:1085300033B9FFF7EDFD18B1134B2360022070BD76
:1085400000F0E6FD06460D46FFF7B8FC224603465E
:1085500029463046FFF74AFFF0E700200021FFF7E9
:10856000ADFC08B1FFF72CFD00F007FD01F0D4FBD6
:108570002046FFF739FEE1E740F2A511B02001F0F7
:1085800067FF00BF801D002065860000042970B5CC
:10859000044613D005D8023901292ED94FF40F71A2
:1085A00009E00529FAD1FFF7A9FD10B1144D687F44
:1085B000B8B14FF40D71B02001F04AFFFFF7A2F8F7
:1085C000D8B100F095FD00F0A3FD06460D46FFF77B
:1085D00075FC2246034629463046FFF707FF022076
:1085E00070BD2B6A98470123064A6B77D5E90401D1
:1085F00000F05EFD044B2360F1E70020F0E700BFD0
:10860000801D0020458100000D860000042970B502
:10861000044611D007D8023901291FD940F2172189
:10862000B02001F015FF0529F8D1FFF771FD40B129
:108630000B4B2360022070BDFFF764F870B100F0AF
:1086400057FD00F065FD06460D46FFF737FC224654
:10865000034629463046FFF7C9FEEBE70020EAE76C
:108660006586000002392DE9F041064604292ED81E
:10867000DFE801F003090B2D0E00174A1378003BC9
:1086800018BF0123537700201FE0FFF73BF8FAE7FC
:10869000DFF8448000F044FC00F03AFD0C4605464B
:1086A000FFF70CFC0746D8F80400FFF759FC00233D
:1086B00000222846C8F8043000232146C8E90423D4
:1086C0003B463246FFF792FE0220BDE8F08140F2C1
:1086D000EF11B02001F0BCFE801D002010B5EFF3BB
:1086E000108472B60B4B0C4A9B691B6893420DD0E9
:1086F0000A4A93420AD00A4A934207D000F03DFC4E
:1087000001F00AFB00F037FC00F0F2FC04B962B69D
:1087100010BD00BF801D002049830000778300004A
:10872000B1820000054B10B5054C03600023A06129
:10873000237001F017FB3230206310BD4983000025
:10874000801D002008B5074B9A691168064A9142BE
:1087500004D040F27221B02001F07AFE323018636A
:1087600008BD00BF801D00204983000010B5EFF355
:10877000108472B6034B0421986905F0A6FF04B972
:1087800062B610BD801D002008B5064B5B6823B99A
:1087900040F29321B02001F05BFE034ABDE808409F
:1087A00000F086BC801D0020C981000008B5064B82
:1087B0005B6823B940F29921B02001F049FEBDE881
:1087C000084000F095BC00BF801D002008B5054B97
:1087D0005A6822B940F29F21B02001F039FE98601A
:1087E00008BD00BF801D002008B5054B5A6822B99E
:1087F00040F2A521B02001F02BFED86008BD00BFDB
:10880000801D0020054BDB6810B523B940F2AB2179
:10881000B02001F01DFEBDE810401847801D00206B
:10882000054B9B6810B523B940F2B121B02001F08F
:108830000FFEBDE810401847801D0020014B58680E
:10884000704700BF801D002008B5054B5A6822B94B
:108850004FF42F71B02001F0FBFDD3E9040108BDF6
:10886000801D0020024B323118701A6299867047C1
:10887000801D002008B5FFF741FC08B1014B988E20
:1088800008BD00BF801D00200028ADBF00F1604082
:1088900000F00F00044B00F56140B4BF185C90F885
:1088A00000034009704700BF14ED00E0064B1B6851
:1088B00010B51BB97621452001F0CAFD1A6A0521C1
:1088C000586ABDE810401047B81D0020064B1B68D1
:1088D00010B51BB97021452001F0BAFD1A6A0421B8
:1088E000586ABDE810401047B81D0020FFF76EBF62
:1088F000FFF77ABF034800214022C0E90011083089
:1089000006F00DB8B81D0020FEF7CBBE704708B5C5
:10891000074B1A681AB9C121452001F099FD054994
:10892000D1600022C3E90022BDE80840FEF778BF0D
:10893000B81D0020658C00001F2801D90020704759
:10894000044B03EB4000037A002BF7D000230372A3
:1089500001207047B81D0020F8B50E4A0C460023D0
:1089600002EB4306357A05F0FF0175B9DDB2FF274A
:108970003772282673431A44C2E91A040648202293
:10898000184405F0CCFF2846F8BD0133202BE7D171
:108990001D46F8E7B81D0020001E00201F2810B556
:1089A00001D9002010BD064B03EB4004247A002CB3
:1089B000F7D0282404FB0030C0E91A120120F1E7A7
:1089C000B81D002030B587B00C460546182200219E
:1089D000684605F0A4FF237853BBD4E904310A3B71
:1089E0006268207A41F1FF310A328DF81400029258
:1089F0009DF81520154822F003020390CDE90031BF
:108A0000637A6946C3F340035B0043F001031343F9
:108A10008DF815300E4B5868C0F3080088B1103837
:108A2000FFF732FF68B92846FEF7C3FE07B030BD36
:108A3000FEF737FE226910F10A03049241F10001AA
:108A4000CDE72846FEF79EFEF0E700BF658C0000EC
:108A500000ED00E01F2830B411D80A4A02EB4004B0
:108A6000257A65B14B7A4832C3F3800383F0010362
:108A70006372282330BC03FB0020FFF7A3BF002054
:108A800030BC7047B81D002008B50A4B0246586834
:108A9000C0F3080040B11038FFF7F6FE20B91046C9
:108AA000BDE80840FEF70FBF1046BDE80840FEF7DE
:108AB000CFBE00BF00ED00E0024B282202FB0030D9
:108AC000FFF7E2BF001E002010B5037886B0044611
:108AD00023B14FF4AA71452001F0BAFC0593416817
:108AE000CDE90333D0E90432007A0A310A3B8DF82C
:108AF0001400684642F1FF320291CDE90032FEF7E0
:108B000068FF009B019A01200A3342F10002C4E988
:108B1000043206B010BD4FF4BA71452008B501F01B
:108B200097FC08B5094B0A46596821B940F27911FA
:108B3000452001F08DFC01461868FEF700FF18B1D2
:108B4000FEF7BCFD002008BD0220FCE7B81D002098
:108B5000194B70B50446586886B0C0F3080010B9C8
:108B6000002006B070BD1038FFF78EFE03460028C7
:108B7000F6D1C3F307230E7A4D6823F003030A35B9
:108B8000CDE90400D1E904208DF814600A3A0B4EB7
:108B9000029540F1FF300396CDE900204A7A204645
:108BA0006946C2F34002520042F0010213438DF8BD
:108BB0001530FEF7F3FED4E700ED00E0658C000011
:108BC0001F280AD8064B03EB4002127A2AB1483319
:108BD000282202FB0030FFF7BBBF0020704700BF18
:108BE000B81D0020034B5A6812B11868FEF7EFBE9B
:108BF00002207047B81D0020024B01461868FEF79E
:108C000073BE00BFB81D0020FEF72EBE1F2808B59A
:108C100004D940F2E511452001F01AFC074B03EBA3
:108C20004002127A12B94FF4F371F4E74833282264
:108C300002FB0030BDE80840FEF716BEB81D00205C
:108C400008B5074B5B6823B94FF4F671452001F076
:108C5000FFFBFEF7AFFE0A3041F1000108BD00BF87
:108C6000B81D00202DE9F0411C4F05461C4B0E4657
:108C700007F14804041BE4105C43E4B2620007EB14
:108C80004404237A19BB3B681BB18E21452001F0B7
:108C9000DFFB7B680BB18F21F8E707F10803134472
:108CA000C7E900030F48FFF791FD0F48FFF79CFD50
:108CB000FFF7C6FF637A80464BB1FEF701FDA8EBD4
:108CC0000000C7F8480500F035FA0028FBD02B6AF1
:108CD0003146686ABDE8F041184700BFB81D002062
:108CE000CDCCCCCCCD880000AD88000010B50446BA
:108CF000FFF7A6FF201841F10001FEF7D4FC012088
:108D000010BD024BD3F84805704700BFB81D0020C6
:108D1000FEF7DABC7047FEF7D5BCFEF7D7BCFEF70E
:108D2000D7BC08B5FFF79EFD002008BD70B50B78D5
:108D300086B023B140F23121452001F089FB059333
:108D40000E7A4D68049228228DF814600A35124E6E
:108D500002950396D1E904340A3B44F1FF34CDE98E
:108D600000344B7A4FF00001C3F34004C3F3800397
:108D700064F3410183F001038DF81510074901EBFD
:108D80004004637201F14803694602FB0030FEF7BC
:108D9000F9FC06B070BD00BF658C0000B81D002056
:108DA0007FB5FEF77EFC002305930B4B039340F247
:108DB0001E2302934FF0FF33CDE9000169460748B7
:108DC0000493FEF7F6FC18B9CB21432001F040FBD9
:108DD00007B05DF804FB00BFE18D00000823002010
:108DE00038B5062937D8DFE801F00438333636368F
:108DF000170005F088FBFEF7DDFD044617480D4619
:108E0000FEF7E3FD1E3C45F1FF312018BDE8384078
:108E100041F10001FEF747BC00F084FF38B10F4B71
:108E2000002283F82020BDE83840FEF7F9BC05F0A9
:108E30006CFB08B905F067FB00224FF4007107488E
:108E4000FEF77DFD0028D6D1EA21432001F000FB8A
:108E5000BDE83840A4E7F921F7E738BD0823002032
:108E600010B5074C94F8203043B900F05BFF28B9E7
:108E7000012384F82030BDE8104091E710BD00BF09
:108E8000082300204FF000430D4A0E480021C2F88D
:108E90008030A2F58022C2F88031012302F57832B9
:108EA000C2F80435A2F58022C2F804352022064B10
:108EB00080F820101B68D3F81835436205F02FBDE9
:108EC00000400C5008230020FC1C00200023084A0E
:108ED000C2F88030A2F58022C2F88031012302F569
:108EE0007832C2F80835A2F58022C2F808357047FA
:108EF00000400C5008B533F0F3FB074AD2F858375E
:108F000043F00103C2F858370122044B1B68C3F831
:108F10001825BDE80840A3E700200E50FC1C0020E7
:108F200008B533F0DFFB0E4AD2F8583723F00103BF
:108F3000C2F858370B4B0C4A1B68526AC3F8182505
:108F400001220A4B5A604FF0FF32C3F80823202257
:108F5000074BC3F89021BDE8084000F0C9B800BF36
:108F600000200E50FC1C0020082300200050085058
:108F700000E100E0704770477047704708B500F0A7
:108F8000D1FEB0B90D4BD3F800314BB90C4A936AFE
:108F90000133312B93620BD99C21432001F058FA05
:108FA00005F0B3FA08B1A021F7E705F0AAFA01200D
:108FB00008BD034B00229A62F9E700BF00E01050A1
:108FC000082300204CE700BF1848202208B5C0F84D
:108FD0009020BFF34F8FBFF36F8F154BC0F89021D8
:108FE000D3F8041521F00301C3F80415D3F80815CC
:108FF00041F00301C3F8081592FAA2F1B1FA81F128
:10900000092904DD4FF473710A4801F017FAC3F817
:10901000101501215960D9604FF00041C3F880104C
:109020004FF0FF31C3F80813026108BD00E100E012
:10903000005008507B120500124B4FF4E062C3F859
:1090400038230022C3F8AC25C3F8BC25C3F8CC25CF
:10905000C3F82021C3F82421C3F8282120220A4B79
:10906000C3F89C21C3F89C20BFF34F8FBFF36F8FD1
:10907000C3F89020BFF34F8FBFF36F8FC3F89021D9
:10908000704700BF00200E5000E100E008B5FFF778
:10909000D3FF054B4FF4A062C3F834232022034BC7
:1090A000C3F89C21DA6108BD00200E5000E100E009
:1090B0000C4B10B51C681CB14B21042001F0C8F901
:1090C000B1F5801F1A6004D340F2E141064801F077
:1090D000B5F9064B0122C3F8A005C3F8A415C3F8DF
:1090E000AC2510BD382300207B12050000200E5057
:1090F000054A136833B100230449C1F8AC35C1F8FF
:1091000020311360704700BF3823002000200E502C
:1091100030B54FF0FF30064C6FF04041D4E90023EA
:10912000904271EB0305F9D31046C3F3130130BD30
:1091300040270E5008B5FFF7EBFF044BD3E902239D
:10914000904299412CBF0120002008BD3823002007
:1091500010B5029C241841F10001A01A61EB030133
:10916000B0F1004F71F1000103DB7721042001F021
:109170006FF910BDFFF7CCBF014B1861704700BFFE
:109180003823002008B50E4B1B691BB9872104202A
:1091900001F05EF9EFF3108272B6B1F5801F04D3CF
:1091A00040F2E141074801F049F9074BC3F8C00517
:1091B000C3F8C4150121C3F8CC1502B962B608BDC5
:1091C000382300207B12050000200E5008B5FFF761
:1091D000FBFE024B01221A6008BD00BF0050085080
:1091E00010B5FFF7F1FE114C0023C4F8BC35C4F8EC
:1091F0002431FFF78DFF0A3041F10001B1F5801FE6
:1092000004D140F2E1410A4801F018F94FF000435F
:10921000C4F8B005C4F8B415C4F8A4310123C4F8E7
:10922000BC35044BC3E9020110BD00BF00200E5045
:109230007B12050038230020144BD3F8342312F49A
:10924000A06F10B503D1C821042001F001F9D3F8B3
:1092500020215AB100220E49C3F8AC25C3F82021C1
:109260000B680BB9D021EFE70A609847074BD3F89A
:1092700028214AB10022C3F8CC25C3F82821044B89
:10928000BDE810401B69184710BD00BF00200E50FC
:1092900038230020014B187D704700BF001C0020C0
:1092A000042810B511D883B104280CBF1024282439
:1092B000A1420AD2064C54F8200018B141568A4205
:1092C000A8BF0A4600201A7010BD6FF01500FBE71A
:1092D000001C00200728034611DC10F12D0F10DBC5
:1092E000094A101890F82E0002EBC00292F93C20B7
:1092F0009A4207D0002918BF0130C0B270471B2026
:1093000070470020704700BF886A0400072808B52E
:1093100007DCFFF7DFFF044B03EBC00393F93C00CE
:1093200008BD0820FCE700BF886A040010F0FF00B9
:1093300008B5094B05D0012807D05121B52001F00F
:1093400087F801229A601A6008BD044A1268292A27
:10935000F3D15862F8E700BF00E01050E41C002091
:1093600010F0FF0008B5174B05D0012820D084214C
:10937000B52001F06DF801225A60DA60C3F80001EF
:10938000114B18700F4BD3F80824D2070FD40F4A93
:109390001268292A03D1D3F86834DB0707D4094BB4
:1093A0000022C3F81021C3F81821C3F8142108BD06
:1093B000064A1268292ADAD100229862C3F81C21D1
:1093C000E0E700BF00E01050151C0020E41C002066
:1093D000014B01221A707047151C002008B50D4B77
:1093E00028B101280BD0D021B52001F031F8D3F8F5
:1093F000103113B9084B187808BD0120FCE7074A63
:109400001268292AEFD1D3F81C01003818BF0120B7
:10941000F2E700BF00E01050151C0020E41C002003
:10942000024BD3F8080400F00100704700E0105030
:10943000024BD3F8480400F00100704700E01050E0
:10944000024BD3F84004C0B2704700BF00E0105098
:1094500007490246D1F84C04D1F84C1410F480307E
:1094600005D0D0B201F003031B1A5842584170478F
:1094700000E0105038B51A4BD3F80C34DA0304D49A
:1094800040F27F116D2000F0E3FF164A0124164BD5
:10949000106A536620F03F0094645464136CDB033D
:1094A000FCD4136A116C03F03F03C1F30A01C1F548
:1094B000806181EAE1750B29A5EBE17509DD3F2BA0
:1094C00004D0013303431362172DE6DC00239364B9
:1094D00038BD0B31F8DA002BF8D0013BF2E700BFC2
:1094E00000E01050000812500100008038B50B4C0D
:1094F00023781BB100232370FFF7BCFFEFF3108527
:1095000072B6637803F0FF000BB9FFF729FF05B9C6
:1095100062B6034B00225A6638BD00BF181C0020FB
:1095200000081250002808DB4309012200F01F0048
:1095300002496033824041F82320704700E100E097
:1095400070B5174D012204460E462B18DA7004F050
:10955000CBFFA0B934B1012C0FD04FF494716D2022
:1095600000F076FF11232A19012105EB84045171C3
:109570000C4AA660C2F8043370BD8023F3E7002EC6
:10958000FAD034B90220B047002305EB8405AB6064
:10959000F2E7012C01D12046F5E740F24311DEE766
:1095A000181C002000E01050044B0022191803EB97
:1095B00080034A719A60CA70704700BF181C00206F
:1095C000014B1882704700BF181C0020014B988A7D
:1095D000704700BF181C0020014B188A704700BF5D
:1095E000181C002010B5EFF3108472B6064B03442C
:1095F0005A780132D2B25A705B78012B01D1FFF751
:1096000095FE04B962B610BD181C0020034610B5C3
:10961000EFF3108472B611490B445A7822B940F224
:1096200067216D2000F014FF5A78013AD2B25A70C7
:109630005B7883B98B7D43B1094BD3F80C34DB03E2
:1096400006D44B7803F0FF002BB9FFF789FE02E048
:10965000C87D01F0C3F804B962B610BD181C002023
:1096600000E0105010B504F042FF0C4C04F03CFF39
:1096700060B1237E3BB90A4B01229A6104236376D1
:109680000023A37610BD04F035FFF9E70323012280
:109690006376034BC3F80423F2E700BF181C0020D5
:1096A00000E01050014B01221A62704700E0105098
:1096B000044BD87E28B1044BD3F81001B0FA80F0E7
:1096C00040097047181C002000E0105038B50C4BC2
:1096D000DD7E5DB90124DC7604F009FF094B102220
:1096E000C3F81051C3F80423DC6138BDFFF7E0FF75
:1096F0000028FAD040F2A3216D2000F0A9FE00BF9F
:10970000181C002000E01050024B587E003818BF93
:1097100001207047181C002038B5174CA37D23B9D1
:1097200040F216316D2000F093FE01232370237E5A
:10973000C3B9237FB3B1A27E013B9A4212DA04F08F
:10974000D3FE054600F0E4FF237F012B82BFA37EFA
:109750000133A37655B1236AC31A0133022B09D909
:1097600035B12062BDE83840FFF77CBF636AF3E79C
:109770006062F7E738BD00BF181C002037B5184CF1
:10978000237E63B9A06A00F00300FFF761FE30B1E9
:10979000EFF3108372B6627E1AB103B962B603B0FA
:1097A00030BD0122627603B962B608230D4DC5F8BB
:1097B00008334FF42073ADF80630BDF806309BB285
:1097C0005A1E92B2ADF80620002BF6D1C5F80C3126
:1097D00084F82C30FFF746FF0823C5F80433DEE792
:1097E000181C002000E010502DE9F74F544CA37DC9
:1097F000002B00F0A1800323524AADF80430524BF5
:109800001268D3F80051003D18BF0125292A07D15D
:10981000D3F81C2122B1012245F080058DF80520E6
:10982000D3F80881D3F8142112B9D3F8183173B1E1
:10983000454B0026C3F81461C3F81861C3F81061E2
:10984000E37E0BB104F056FEE676FFF7BBFB3E4B22
:10985000D3F810316BB3E37E1BB104F04BFE002351
:10986000E376637913B102238DF8043045F01005D7
:10987000364E0DF1040A344B4FF00009F71EC3F8C1
:1098800008531AF8010B03280AD03B7843B14FF074
:10989000000B336887F800B013B19847C6F800B0E2
:1098A00009F10103043601374FF00109022BE8D119
:1098B00001E0002DDCD1B8F1000F08D0224B0022CE
:1098C000C3F808210422C3F80823FFF757FF94F8D0
:1098D0002C60EA071C4BF6B2D3F80C7108D5627EF7
:1098E000032A05D1227E82B90422627601229A617E
:1098F000A7B1154B0022C3F80C21637E042B09D0BD
:1099000040F279316D2000F0A3FD04F0F3FD022355
:109910006376EDE70223637604F0ECFD66B1002385
:1099200084F82C30637E022B01D1FFF79BFE03B03D
:10993000BDE8F04F04F0DEBD03B0BDE8F08F00BF1E
:10994000181C0020E41C002000E01050201C002007
:1099500010B5054CA06A00F00300FFF779FD002860
:10996000F8D0002010BD00BF181C00202DE9F041E8
:10997000054650B10278022A07D8437842B9013B24
:109980001F2B02D88378212B07D96FF01500A0E098
:10999000002BFAD18378002BF7D1754EB6F9003041
:1099A000002B0DDB5A09012103F01F03994002F13E
:1099B0002003704A42F82310BFF34F8FBFF36F8F1D
:1099C000B6F90000FFF7AEFD6B4AFD236B4CC2F801
:1099D00008336B4B1B68292B4FF0000308BFC2F8FC
:1099E0001C31C2F80031C2F80831C2F80C31637082
:1099F000A370AB88A382FFF713FD10B10123E370BE
:109A000063705D4F40F25633D7F80C04238210F494
:109A100080301BD0FFF7DCFC5A4800F0B5FE564FF3
:109A20006023E0750022C7F804332B78A978012B56
:109A3000E276A26223762177A2761FD0022B16D07F
:109A4000EBB140F22E516D2000F002FDC7F810017D
:109A5000FFF76CFCD7F81031002BFBD0FFF70AFDA5
:109A60000020FFF77DFC484B00225A66D4E704F043
:109A70003EFDD7F80C34D903FBD50223A362FFF7D0
:109A8000D7FC68B3FFF7DCFCA36A03F0030398423A
:109A900026D1AB79FBB9FFF75BFF237F63B12B784E
:109AA00053B904F021FD054600F032FE6FF000438B
:109AB000002D52D0C4E9080300230125B6F90000A7
:109AC0006376A575FFF72EFDB6F90030002B47DA57
:109AD0000020BDE8F081284B0422C3F80423DCE712
:109AE000254B012200215A61C3F8081194F828106F
:109AF000C3F840141A610422C3F80423AA79002A87
:109B0000CBD1D3F80423520702D440F2E1419AE7C3
:109B10001E4A116901F01008116941F0100111612C
:109B2000D3F808310BB904F070FE134FD7F80831A1
:109B300083B1FFF70DFFB8F1000F04D1134A136989
:109B400023F0100313610423C7F808330023C7F878
:109B50000831A2E704F057FEE8E7C4E90830ABE7B4
:109B60005A0903F01F039D40024B43F82250AFE710
:109B7000001D002000E100E000E01050181C002053
:109B8000E41C0020ED9400000008125000ED00E0FD
:109B900038B51D4C0023E078A37508B9FFF7E0FB4A
:109BA000637E042B0BD1194D0020FFF751FC18B137
:109BB000D5F80C31002BF7D00023C5F80C31002369
:109BC000134863706376A370B0F90030002B0DDB8F
:109BD0005A09012103F01F03994002F120030D4AA5
:109BE00042F82310BFF34F8FBFF36F8FB0F900001F
:109BF000FFF798FC054BFD22C3F80823E07DBDE884
:109C0000384000F0DBBD00BF181C002000E0105001
:109C1000001D002000E100E040B1012808D1054B03
:109C20001868A0F129035842584170470120704735
:109C300000207047E41C00200F4A38B51379044611
:109C40000D461BB18D216F2000F002FCFFF7E4FFF1
:109C500070B1224453790BB1002038BD0123204656
:109C60005371FFF7BFFC29462046FFF769FCF3E775
:109C70006FF01500F1E700BF481C002070B50D4DD6
:109C800004462E791EB1A4216F2000F0E1FBFFF7FE
:109C9000C3FF60B125446B790BB9002070BD20462D
:109CA000FFF782FC20466E71FFF7B0FCF5E76FF01E
:109CB0001500F3E7481C002010B501B3F0B14FF0D8
:109CC000FF33104A1C46E0FB0134944203D9E521DE
:109CD0006F2000F0BDFB1A0DC3F30F100A4B42EAD0
:109CE00004324FF22444B2FBF4F100EB024003FBD8
:109CF0001100B0FBF4F040EA0140013010BD08460D
:109D0000FCE700BF3F420F00000024F4014B9B68BA
:109D1000184700BF481C0020014BDB68184700BFF4
:109D2000481C0020014B1B69184700BF481C00203D
:109D300008B5064B1B7923B140F241116F2000F0AA
:109D400087FBBDE80840FFF7E7BC00BF481C0020C8
:109D5000034B1A790AB9FFF739BC988D704700BFD9
:109D6000481C0020034B1A790AB9FFF735BC988AC2
:109D7000704700BF481C0020024B1B790BB9FFF74E
:109D8000FDBC7047481C0020014B9B69184700BF71
:109D9000481C002038B51D4C237933B3FFF7C2FFB0
:109DA00050B91B4DC5F81001FFF7B0FFD5F81031C1
:109DB000002BFBD0FFF7B0FF154B6022C3F8042344
:109DC000636A9847002806DB94F82E3023B10123FC
:109DD000002084F8303038BDFFF7D6FF0028F6DACF
:109DE00040F2A5116F2000F033FB0A4BA3610A4B30
:109DF000E3610A4B23620A4BA3600A4BE3600A4B00
:109E00002361FFF7B3FD0028E1D0E4E7481C002000
:109E100000E010505199000001E500000997000092
:109E2000EFE40000F5E40000FBE4000010B50A4C8C
:109E300023795BB194F8303053B1A36A9847002876
:109E400006DA4FF4EE716F2000F002FBFFF7A0FE80
:109E5000002384F8303010BD481C002038B5084B72
:109E600004461D7925B140F2F9116F2000F0F0FA97
:109E7000FEF768FC2046FFF7A3FB284638BD00BF6D
:109E8000481C0020034610B3007888B91A79012ACB
:109E90001ED85A79012A1BD89A680E49643A8A4218
:109EA00016D8D8680C4B98422CBF00200120704770
:109EB00001280CD11A79012A09D85A79012A06D821
:109EC000DA680449643A8A4201D89868EAE70020CF
:109ED000704700BF3C8601000040420FF8B50446C1
:109EE00020B94FF4DC716A2000F0B2FA90F82C50DF
:109EF000072900F2FB80DFE801F004B25959899389
:109F00009DA490F82A30033B012B02D940F2C311E3
:109F1000E9E7052380F82A30002380F82D30037804
:109F200093B32378012B39D1FEF78AFE636894F846
:109F300028606362C4E906019EBB714B0122314671
:109F40002046DA602022C3F84065C3F84061C3F8B8
:109F50004465C3F84461C3F84865C3F84861C3F871
:109F60004C65C3F84C61674BC3F8902104F0E9FAE3
:109F7000236A3146284698470146204600F0EEF80D
:109F8000022840F0B680F8BDFEF7BEFC07460E463C
:109F9000FEF756FE87428E41F6D3C2E7D4E90401AC
:109FA000C4E72046BDE8F84000F0AEB890F82A308B
:109FB000DA1E012A02D940F2FB1194E790F828201A
:109FC0002AB121462846BDE8F84004F0A0BA042B87
:109FD00014BF01230223022980F82A30036A0AD120
:109FE0000521284698470028CDD00378002BCAD0F9
:109FF0004FF4047177E70621284698470028C2D01D
:10A000000378002BBFD040F215216CE790F82A307E
:10A01000052B02D04FF4077165E7036A0221A9E717
:10A0200090F82A30052B02D040F222215BE7036A28
:10A0300001219FE790F82A30052BB2D04FF40A7126
:10A0400051E790F82A30052B02D040F22D214AE743
:10A05000036A0A21284698474FF40C7143E790F8A9
:10A060002A30052B07D090F829200AB1032B02D003
:10A070004FF40D7137E794F82820002AA1D194F805
:10A080002D3093B102230821284684F82D2084F82E
:10A090002A30236A984700283FF475AF0378002BD5
:10A0A0003FF471AF4FF410711DE794F8292062B1AD
:10A0B000214694F82B0084F82930FEF7CBFC0028C9
:10A0C0007FF461AF40F245210DE7022307212846C6
:10A0D00084F82A30236A984700283FF454AF037865
:10A0E000002B3FF450AF4FF41371FCE640F25121C6
:10A0F000F9E60128236A0CBF042103213AE700BFD7
:10A100000050085000E100E070B50446FEF7FCFB8B
:10A1100040F2F966656AD4E90632963342F10002EC
:10A120005B1905F5DF6542F10002B5FBF6F55B1939
:10A1300042F1000283428A4103D207212046FFF701
:10A14000CDFE054C236813B1984700232360BDE87A
:10A150007040FEF7DCBB00BF7C1C002070B50446DD
:10A160000D4639B9012380F82D30FFF7CDFF0226C7
:10A17000304670BD0E78032E6AD801A353F826F03E
:10A180006FA1000091A10000F3A10000AFA10000A9
:10A190004868C72801D80026EAE70421FEF7C1FC79
:10A1A0000028F8D16968204604F0CBF9E0E790F880
:10A1B0002860F6B94D682846FFF764FE002847D0AE
:10A1C0002B78C3B9012222702B79003B18BF0123E1
:10A1D00063726B79002B14BF042302232372AB68D4
:10A1E000A5336360EB6884F829202361032384F896
:10A1F0002A302046B9E794F82A30052B04D04FF4D2
:10A20000CF716A2000F024F926702B7994F82B0086
:10A21000003B18BF012363726B79002B14BF04232A
:10A2200002232372EB68A968A5336360D4E9063280
:10A230005B1842EBE1722146C4E90432042384F83E
:10A240002A30FEF707FC0028D3D14FF4D071D8E7AD
:10A25000012384F82D30CCE72DE9F84388460746E2
:10A2600088B300F03DF84FF0000905465FFA89F623
:10A27000B54203D86FF00B00BDE8F883304609F112
:10A28000010900F033F890F82A40002CEED1304656
:10A2900000F02CF805460146048580F82A4080F835
:10A2A0002C600A48FEF758FB202885F82B0002D1C5
:10A2B0006FF02200E0E701232F62204685F82A3064
:10A2C00088F80060D8E76FF01500D5E7DD9E000044
:10A2D000024B00221A601A71704700BF801C0020D8
:10A2E000014B1879704700BF801C0020044B1A797D
:10A2F000824283BF1B68302202FB0030002070477F
:10A30000801C00200A4610F0030110B50AD1074C4A
:10A310002271206008B9002010BD30235A4304F098
:10A32000FEFAF8E76FF00D00F6E700BF801C002092
:10A33000BFF34F8F0549064BCA6802F4E06213432E
:10A34000CB60BFF34F8F00BFFDE700BF00ED00E023
:10A350000400FA05144B01224FF0FF3113481B682B
:10A360005A60C3F80813B0F90030002B0CDB590910
:10A3700003F01F039A4001F120030D4941F8232007
:10A38000BFF34F8FBFF36F8FB0F90030002B09DBA5
:10A390005A09012103F01F03994002F16003044AA6
:10A3A00042F82310704700BFF41C0020081D002055
:10A3B00000E100E0F8B51D4C2378ABB3FDF766F97A
:10A3C000EFF3108772B600230125194E6360FEF784
:10A3D0009DFAFFF72BFD174BC3F8A4504FF4806391
:10A3E000C6F89030BFF34F8FBFF36F8FC6F8903130
:10A3F000FFF7B0FFB4F90830002B0BDB5A0903F06C
:10A400001F039D4002F1200346F82350BFF34F8FF6
:10A41000BFF36F8FFFF75CFF074B0122C3F80825DE
:10A4200007B962B600232370F8BD00BF881C002066
:10A4300000E100E000A008500020085008B572B606
:10A44000024B5B6803B19847FFF772FF881C00203E
:10A450001FB572B6144B5C6894B9FFF769FFB2FB85
:10A46000F6F22B465D1C002AF9D1DBB203F1100590
:10A470006D4405F80C2C0A2233B901A8A047ECE77B
:10A48000024600230A26EDE7013BDBB203F110058B
:10A490000DEB0506B0FBF2F502FB1500303006F8B7
:10A4A0000C0C2846E8E700BF881C0020F8B5294FAF
:10A4B00005460C4616463B78002B47D100F0CEF9F6
:10A4C000254B1B681C2B06D1244B1B681BB99E21F6
:10A4D0001120FFF7BDFF04F006F87E60204B012637
:10A4E0003C814FF48062C3F8A4601E4BC3F89020F7
:10A4F000BFF34F8FBFF36F8FC3F89021FFF72AFF91
:10A50000194B002D14BF28461846FFF743FC05469B
:10A51000D0B9FEF7EFF9FFF72FFC04F029F8FDF7AB
:10A52000A3F808B9BE21D3E7002C0BDB04F01F030E
:10A530006409A4009E4004F1604404F56144C4F839
:10A540008061266001233B702846F8BD4FF0FF353F
:10A55000FAE700BF881C0020E41C0020E81C002053
:10A5600000A0085000E100E0A06B0400074BB3F925
:10A570000830002B09DB5A09012103F01F03994021
:10A5800002F14003024A42F823107047881C002061
:10A5900000E100E0014B1878704700BF881C0020E4
:10A5A0002DE9F74F4FF0FF38524DCDE90012524AD6
:10A5B0001478E4B282F8008014B14FF0FF3151708A
:10A5C0004E4FDFF83C91DFF83CA1EFF3108B72B6F1
:10A5D0004FF0010C2968009E4FF0000EC1F804C036
:10A5E000C1F800E1C1F804E1C2E90167019EC2E9D6
:10A5F00005670668C1F810654668C1F81465866885
:10A60000C1F81865C668C1F81C653F4EC1F83065D1
:10A610001036C1F83865C1F800C0BBF1000F29D170
:10A6200062B627E0394ED6F810C01CF0100F22D0C9
:10A63000B9F9001000290BDB4FEA511C4FF0010E55
:10A6400001F01F010CF1600C0EFA01F14AF82C1018
:10A65000EFF3108C72B64FF0030E2968C1F804E3D3
:10A66000D1F800E1BEF1000F01D1D1F80411BCF125
:10A67000000FD5D02968D1F800C1BCF1000F04D17A
:10A68000D1F804C1BCF1000FCCD04BB10C9E3EB14F
:10A69000D1F840C5C3F800C0D1F83CC5C6F800C029
:10A6A000D1F80411002990D10CBB5778FFB2547037
:10A6B0004FF0030C2968C1F808C3C1F80441C1F880
:10A6C00000410F49B1F9001000290BDB4C094FF094
:10A6D000010C01F01F010CFA01FC04F16001094CAE
:10A6E00044F821C000211170002F7FF461AF03B046
:10A6F000BDE8F08FF41C0020941C00201000000B1B
:10A70000081D002000E100E0981C002000ED00E0A2
:10A710001A4B4FF4000270B5C3F89820BFF34F8F67
:10A72000BFF36F8F164C0021164DC4F80011C3F80B
:10A7300098212E692B6906F0100643F010032B6157
:10A740000123C4F804332360D4F800319BB11EB94F
:10A750002B6923F010032B610123D4F808054FF473
:10A7600000026360C4F808330023C4F80031034BCF
:10A77000C3F8982170BD04F046F8E5E700E100E079
:10A7800000700D5000ED00E038B50B49042301EBDB
:10A79000C302157905F0FF042DB1013BF7D240212A
:10A7A0006920FFF755FE41F8330001215471D8B2FA
:10A7B0009471117138BD00BFB81C0020042808B581
:10A7C00003D947216920FFF743FE034B002203EB27
:10A7D000C0031A7108BD00BFB81C0020042808B5CA
:10A7E00003D950216920FFF733FE094B03EBC0006A
:10A7F0000379012B01D05121F4E7437982790133A8
:10A80000DBB29A4218BF4371BDE80840FFF7AEBE05
:10A81000B81C002038B505240F4D95F8281005EB1D
:10A82000C1031A79012A09D158799A79904205D041
:10A830005A79D2B29A7155F83130984795F8283044
:10A84000013C0133DBB2052B28BF002314F0FF04C9
:10A8500085F82830E1D138BDB81C00201449154BCB
:10A86000D1F84023292AF0B51A60D1F844C316D094
:10A87000272A02D1BCF1000F11D00F4A40F2051473
:10A880000E4F46200E4E47210E4D5962C3E901C2BC
:10A89000C3E90327C3E90565C3E90740F0BD0A4AD8
:10A8A0004FF48774074F4A20084E4B21084DECE7C0
:10A8B00000C0FF00E41C0020006004500070045041
:10A8C0000030045000B0045000A004500040045078
:10A8D00000E00450094B0A4AC3F800230132C3F8D0
:10A8E0000C230132C3F818230132C3F820230132AC
:10A8F000C3F81C230132C3F81021704700A0085090
:10A9000004000080074B0022C3F80023C3F80C2387
:10A91000C3F81823C3F82023C3F81C23C3F810215D
:10A92000704700BF00A00850844641EA000313F0BE
:10A93000030359D1403A33D3F0B4F0C9F0C0F0C9A1
:10A94000F0C0F0C9F0C0F0C9F0C0403AF5D2F0BC98
:10A9500026E0403A24D300BF0B6803604B68436095
:10A960008B688360CB68C3600B6903614B6943618B
:10A970008B698361CB69C3610B6A03624B6A436273
:10A980008B6A8362CB6AC3620B6B03634B6B43635B
:10A990008B6B8363CB6BC36340304031403ADBD277
:10A9A00030320BD30B6803604B6843608B68836065
:10A9B000CB68C36010301031103AF3D20C3205D39B
:10A9C00051F8043B40F8043B043AF9D2043208D071
:10A9D000D2071CBF11F8013B00F8013B01D30B88E3
:10A9E00003806046704700BF082A13D38B07B0D09E
:10A9F00010F00303ADD0C3F10403D21ADB071CBF70
:10AA000011F8013B00F8013BA3D331F8023B20F8D9
:10AA1000023B9EE7043AD9D3013A11F8013B00F812
:10AA2000013BF9D20B7803704B7843708B788370BD
:10AA3000604670474FF0FF0C1CEAD0521EBF1CEA64
:10AA4000D15392EA0C0F93EA0C0F6FD01A4480EAAC
:10AA5000010C400218BF5FEA41211ED04FF0006395
:10AA600043EA501043EA5111A0FB01310CF00040C1
:10AA7000B1F5000F3EBF490041EAD3715B0040EAE7
:10AA8000010062F17F02FD2A1DD8B3F1004F40EBB7
:10AA9000C25008BF20F00100704790F0000F0CF08A
:10AAA000004C08BF49024CEA502040EA51207F3A4E
:10AAB000C2BFD2F1FF0340EAC250704740F4000029
:10AAC0004FF00003013A5DDC12F1190FDCBF00F01A
:10AAD00000407047C2F10002410021FA02F1C2F1C8
:10AAE000200200FA02FC5FEA310040F1000053EA64
:10AAF0004C0308BF20EADC70704792F0000F00F0B2
:10AB0000004C02BF400010F4000F013AF9D040EAB7
:10AB10000C0093F0000F01F0004C02BF490011F44B
:10AB2000000F013BF9D041EA0C018FE70CEAD15349
:10AB300092EA0C0F18BF93EA0C0F0AD030F0004CC9
:10AB400018BF31F0004CD8D180EA010000F000407D
:10AB5000704790F0000F17BF90F0004F084691F03B
:10AB6000000F91F0004F14D092EA0C0F01D1420275
:10AB70000FD193EA0C0F03D14B0218BF084608D13E
:10AB800080EA010000F0004040F0FE4040F4000088
:10AB9000704740F0FE4040F44000704781F00041B3
:10ABA00002E000BF83F0004330B54FEA41044FEAB2
:10ABB000430594EA050F08BF90EA020F1FBF54EA4D
:10ABC000000C55EA020C7FEA645C7FEA655C00F0E9
:10ABD000E2804FEA5454D4EB5555B8BF6D420CDDBA
:10ABE0002C4480EA020281EA030382EA000083EA3D
:10ABF000010180EA020281EA0303362D88BF30BDDD
:10AC000011F0004F4FEA01314FF4801C4CEA113132
:10AC100002D0404261EB410113F0004F4FEA033391
:10AC20004CEA133302D0524263EB430394EA050F1C
:10AC300000F0A780A4F10104D5F1200E0DDB02FA8B
:10AC40000EFC22FA05F2801841F1000103FA0EF21F
:10AC5000801843FA05F359410EE0A5F120050EF1E5
:10AC6000200E012A03FA0EFC28BF4CF0020C43FA16
:10AC700005F3C01851EBE37101F0004507D54FF023
:10AC8000000EDCF1000C7EEB00006EEB0101B1F573
:10AC9000801F1BD3B1F5001F0CD349085FEA3000B9
:10ACA0004FEA3C0C04F101044FEA445212F5800FC4
:10ACB00080F09A80BCF1004F08BF5FEA500C50F161
:10ACC000000041EB045141EA050130BD5FEA4C0C44
:10ACD000404141EB0101013C28BFB1F5801FE9D2A1
:10ACE00091F0000F04BF01460020B1FA81F308BFC4
:10ACF0002033A3F10B03B3F120020CDA0C3208DD90
:10AD000002F1140CC2F10C0201FA0CF021FA02F16A
:10AD10000CE002F11402D8BFC2F1200C01FA02F1DA
:10AD200020FA0CFCDCBF41EA0C019040E41AA2BFFF
:10AD300001EB0451294330BD6FEA04041F3C1CDAC7
:10AD40000C340EDC04F11404C4F1200220FA04F0E7
:10AD500001FA02F340EA030021FA04F345EA030191
:10AD600030BDC4F10C04C4F1200220FA02F001FA53
:10AD700004F340EA0300294630BD21FA04F02946D5
:10AD800030BD94F0000F83F4801306BF81F480116E
:10AD90000134013D4EE77FEA645C18BF7FEA655CE1
:10ADA00029D094EA050F08BF90EA020F05D054EAB3
:10ADB000000C04BF1946104630BD91EA030F1EBFB8
:10ADC0000021002030BD5FEA545C05D140004941BC
:10ADD00028BF41F0004130BD14F580043CBF01F5AF
:10ADE000801130BD01F0004545F0FE4141F4700195
:10ADF0004FF0000030BD7FEA645C1ABF1946104670
:10AE00007FEA655C1CBF0B46024650EA013406BF70
:10AE100052EA033591EA030F41F4002130BD00BF2F
:10AE200090F0000F04BF0021704730B54FF48064EC
:10AE300004F132044FF000054FF0000150E700BF6D
:10AE400090F0000F04BF0021704730B54FF48064CC
:10AE500004F1320410F0004548BF40424FF00001B9
:10AE60003EE700BF42004FEAE2014FEA31014FEAFC
:10AE700002701FBF12F07F4393F07F4F81F060514B
:10AE8000704732F07F4208BF704793F07F4F04BF96
:10AE900041F40021704730B54FF4607401F0004573
:10AEA00021F000411CE700BF50EA010208BF7047D3
:10AEB00030B54FF000050AE050EA010208BF7047C4
:10AEC00030B511F0004502D5404261EB41014FF42D
:10AED000806404F132045FEA915C3FF4D8AE4FF035
:10AEE00003025FEADC0C18BF03325FEADC0C18BF18
:10AEF000033202EBDC02C2F1200300FA03FC20FA69
:10AF000002F001FA03FE40EA0E0021FA02F11444B5
:10AF1000BDE600BF80F0004002E000BF81F00041CC
:10AF200042001FBF5FEA410392EA030F7FEA226CEF
:10AF30007FEA236C6AD04FEA1262D2EB1363C1BF7F
:10AF4000D218414048404140B8BF5B42192B88BFEE
:10AF5000704710F0004F40F4000020F07F4018BF11
:10AF6000404211F0004F41F4000121F07F4118BF31
:10AF7000494292EA030F3FD0A2F1010241FA03FCD9
:10AF800010EB0C00C3F1200301FA03F100F00043C1
:10AF900002D5494260EB4000B0F5000F13D3B0F189
:10AFA000807F06D340084FEA310102F10102FE2AF8
:10AFB00051D2B1F1004F40EBC25008BF20F0010068
:10AFC00040EA03007047490040EB0000013A28BF07
:10AFD000B0F5000FEDD2B0FA80FCACF1080CB2EB8A
:10AFE0000C0200FA0CF0AABF00EBC2505242184308
:10AFF000BCBFD0401843704792F0000F81F40001AD
:10B0000006BF80F400000132013BB5E74FEA41037F
:10B010007FEA226C18BF7FEA236C21D092EA030FEB
:10B0200004D092F0000F08BF0846704790EA010F65
:10B030001CBF0020704712F07F4F04D1400028BF92
:10B0400040F00040704712F100723CBF00F5000074
:10B05000704700F0004343F0FE4040F400007047AA
:10B060007FEA226216BF08467FEA23630146420256
:10B0700006BF5FEA412390EA010F40F48000704769
:10B080004FF0000304E000BF10F0004348BF40420F
:10B090005FEA000C08BF704743F0964301464FF04B
:10B0A00000001CE050EA010208BF70474FF00003A7
:10B0B0000AE000BF50EA010208BF704711F00043E8
:10B0C00002D5404261EB41015FEA010C02BF8446B8
:10B0D0000146002043F0B64308BFA3F18053A3F517
:10B0E0000003BCFA8CF2083AA3EBC25310DB01FA5E
:10B0F00002FC634400FA02FCC2F12002BCF1004FE2
:10B1000020FA02F243EB020008BF20F00100704772
:10B1100002F1200201FA02FCC2F1200250EA4C00C6
:10B1200021FA02F243EB020008BF20EADC7070470C
:10B130007BB972B90029BEBF00204FF0004106E084
:10B1400008BF00281CBF6FF000414FF0FF3000F037
:10B1500057B8ADF1080C6DE904CE002909DB002BCE
:10B160001ADB03F03AFCDDF804E0DDE9022304B069
:10B170007047404261EB4101002B1BDB03F02DFCCB
:10B18000DDF804E0DDE9022304B0404261EB410157
:10B19000524263EB43037047524263EB430303F0B5
:10B1A0001CFCDDF804E0DDE9022304B0404261EB61
:10B1B00041017047524263EB430303F00EFCDDF89C
:10B1C00004E0DDE9022304B0524263EB430370471D
:10B1D00053B94AB9002908BF00281CBF4FF0FF31FE
:10B1E0004FF0FF3000F00CB8ADF1080C6DE904CE63
:10B1F00003F0F3FBDDF804E0DDE9022304B070475F
:10B20000704700BFF7F78CB801F00ABB01F00BBB29
:10B2100001F003BB1FB5014601A800F006F801A824
:10B2200001F037FF05B05DF804FB0B88C3F30B0397
:10B2300083804B88C380002343724B78C3F3011390
:10B24000012B03D09A1E534253415B000431037219
:10B25000016070478B88043010B500F8043C0C4640
:10B2600010F8033C03F0F00300F8033C8A88C2F3B3
:10B270000322134300F8033C03F0CF03CA8800F80D
:10B28000022CCA8800F8033C120A00F8012C0A7A42
:10B29000120102F03002134303F03F0300F8033CB5
:10B2A0004A7A43EA821300F8033C0968814205D0D8
:10B2B000E288FB2A28BFFB22FFF736FBE088043038
:10B2C000C0B210BD70B50B7805460C46192B12D8CC
:10B2D000CBB1013B182B16D8DFE803F01A261599DD
:10B2E0009FA5ABB1B5B7C7CD1515152ABBC1D1D731
:10B2F000DDE3E9EFF500822B4FF0FF0200F0E9807B
:10B30000832B00F0EA8040F26721C720F5F73AF975
:10B310000C230B700823637066782146284602369A
:10B320003246FFF701FB49E01A230B700123F2E7D5
:10B330002920F5F721FB30B13E23237022236370CF
:10B340002923A370E8E70A20F5F716FB3E2305F151
:10B35000080204F108012B7090B30A231F26AB707A
:10B36000E378EB70A3882B71A3881B0A6B71A37918
:10B37000AB71E379EB71A368AB608B889380D4F8F1
:10B380000E30C5F80E30638A6B8263696B61238B64
:10B390002B83638BAB76638B1B0AEB76A38B2B77AC
:10B3A000A38B1B0A6B77E38BAB77E38B1B0AEB77E3
:10B3B00094F8203085F820306E700236304670BD2B
:10B3C00001231326AB70E378EB70A3882B71A3885D
:10B3D0001B0A6B71A379AB71E37903F00103EB7185
:10B3E000A368AB608B889380638BAB73638B1B0A02
:10B3F000EB73A38B2B74A38B1B0A6B74E38BAB7463
:10B40000E38B1B0AEB7494F820302B75D4E73E23B2
:10B410000B7004234B70142393E73E230B700C2313
:10B420004B7004238DE73E230B700A234B700323DC
:10B4300087E73E230B700D234B70052381E705231F
:10B440002370042367E70823FAE730230B700323F4
:10B4500061E73E230B700B234B70072371E73E23FC
:10B460000B7006234B700C236BE713230B708B7848
:10B470009B0001334FE757230B7002234BE73E231A
:10B480000B7006234B7012235BE73E230B700923DE
:10B490004B70132355E73E230B7005234B7020237D
:10B4A0004FE73E230B7009234B70212349E7FF230D
:10B4B0000B700B234B70A22343E7FF230B70052374
:10B4C0004B70A3233DE7FF230B700D234B708023AC
:10B4D00037E70A700D22627033E70A700222FAE73A
:10B4E00008B510B96FF0150008BDFFF793FE0028EE
:10B4F000F8D00020F8E710B50C4648B141B1F5F797
:10B5000095F9002820700CBF6FF02200002010BDBC
:10B510006FF01500FBE708B5F5F70CFA002008BD41
:10B5200000F011BE08B5F5F717FA002008BD01F0CC
:10B53000EDB801F0FBB80346022200201A70052284
:10B5400058709A709B22D8705A716B2218719A7138
:10B550007022DA7125221A7237225A7279229A726F
:10B560006FF01A02DA72704700F03ABE70B5044606
:10B57000FBF7B6F8012805461AD1601CFBF7B8F8AE
:10B58000B0B1A3790020E61D63F03F03A371F7F784
:10B590004BF938B110220021304603F0C0F90020E9
:10B5A000257070BD3046FBF7B7F80028F2D0F6E7FB
:10B5B0000025F4E710B504461022002103F0AFF98E
:10B5C00004F1100310220021184603F0A8F9FBF73C
:10B5D000BDF80020F7F728F920B12046FBF79CF8CA
:10B5E000002010BDFBF77CF80028F6D0F8E701201A
:10B5F000704701F0FCB80078003818BF012000F057
:10B60000F6BEF6F779BE8178008801F0BCB801F08B
:10B61000D7B837B505460C4600880DF1060100F095
:10B62000EBFE2B882380BDF80630638003B030BD6D
:10B63000F6F76ABE01F0F9B800F073BD00F0C5BDC1
:10B6400008B5F5F791F9002008BDF6F773BC00F0D6
:10B6500000BF00F0D6BDF6F7DFBD00F0A2BD00F0E0
:10B66000F4BF00F0BEBF01F005B800F0D7BD00F098
:10B67000D0BE00F0A1BD00F060BD03880B8001F0DA
:10B680002AB803880B8001F034B800F0EEBDF6F75D
:10B69000A5BCF6F78BBC00F0D9BC00F0FABC00F0FA
:10B6A0002EBD00F03ABD00F01ABD00F00FBD00F055
:10B6B0000ABE00F033BEF6F79BBC00F06DBE00F092
:10B6C0005FBD00F010BE01F09BB8F6F73DBCF6F789
:10B6D000BBBCF8B5941C0E46054617460C446343A4
:10B6E000B3F5004FA8BF4FF0FF3310F003019CB239
:10B6F00003D0B0211420F4F745FFB4F5004F01D971
:10B70000B121F7E71422043003F009F9EF746C80DB
:10B710002E80F8BD38B50388C4888B420589C4F3F0
:10B720000E0203D2D1211420F4F72CFF84EA050382
:10B73000C3F30E030BB9AC4206D102F11803012288
:10B74000C1528274184438BD1846FCE702310144E6
:10B750004A43B2F5004FA8BF4FF0FF3290B21B3002
:10B7600020F00300B0F5004F34BF00B24FF0FF30BF
:10B77000704740881B3020F00300B0F5004F34BF05
:10B7800000B24FF0FF3080B2704738B503888B426B
:10B7900003D2F7211420F4F7F5FE857C65B1C38848
:10B7A000C3F30E031833C25A8A4207D3C152811D14
:10B7B000F5F70AF900238374284638BD0025FBE716
:10B7C00003461830F0B59E88DD88B4B2C6F30E0685
:10B7D000A54214D05F89DD7C845B3D44E41B0235C7
:10B7E000A4B2354428440D88A54284BF0C80254668
:10B7F0005989B1FA81F149091170DD81F0BD002547
:10B800002846FAE7F8B582880026C38904460D4623
:10B8100092B20E60CBB14189C2F30E020B441832D2
:10B820009BB28718825A4381934204D94FF4A27184
:10B830001420F4F7A7FE04D1011DF5F7C5F84681E1
:10B840002F6000230120E381F8BD1846FCE78388C0
:10B85000014602899BB29A4202D00831F5F7B4B88A
:10B8600070478388C0889BB2C31A584258417047BA
:10B87000828873B595B2C488C2F30E02AC4202F15D
:10B88000180212D04189C689835A314499420EDB8D
:10B890000DF10601ADF80650F5F796F8BDF8060073
:10B8A000001B18BF012002B070BD0020FBE7012083
:10B8B000F9E770B5C488034606891830C4F30E054D
:10B8C00084EA0602C2F30E020AB9B4420FD19C897F
:10B8D0001A880CB1465B921B914207DCDA7C2C443F
:10B8E0000232224410440A461A8270BD00221046D9
:10B8F000FAE7F8B5038A002B38D08B4236D3C488D8
:10B9000000F118038589C4F30E041E1995B91D555D
:10B91000757085891E5B0D443144ADB28581195324
:10B92000D2B1811DF5F750F80023838100230382F3
:10B930000120F8BD1E5BAE4204D04FF4F671142016
:10B94000F4F720FEC57C2644878A023535445E190B
:10B950005F53857DB570DCE7C27C254402322A4402
:10B9600099189B5A83828B788375DFE70020E0E784
:10B970008388C2889BB29A4206D0428922B9C3F317
:10B980000E0318331844704700207047C37C0233FD
:10B99000C81870470230704738B58388C2889BB298
:10B9A0009A4209D043893BB9C5893DB9011DF5F7D4
:10B9B0000BF8C581012038BD0020FCE71846FAE7E6
:10B9C000002383810382704703881380C388C3F3F5
:10B9D0000E031833034480890B607047036800220C
:10B9E00023B9C0E90132031D0360704759681B6821
:10B9F0000A44F5E70729034670B504D84FF4EC7103
:10BA00001520F4F7BFFD0068C0B1446806461A6807
:10BA10008C4210D0106860B901F10805AC420DD31A
:10BA2000546850501868651A541800686560505082
:10BA300002E01346E9E7146830461C6070BD00233D
:10BA4000C1E9003203680B600160704730B590B106
:10BA50008478B1FBF4F304FB131300EB4302528927
:10BA60008A4201D1D8B230BDC27822B900F10803B0
:10BA7000D0B2844201D8FF20F5E733F8025F0132EB
:10BA80008D42F5D1EFE78278038805324B4303EB13
:10BA900042031844704737B500240546CDE90044F9
:10BAA0008DF806006846ADF80440F5F761F9BDF879
:10BAB000044008B103B030BD29462046F5F734F9FB
:10BAC0000028EFD040F215211720F4F75BFD70B588
:10BAD0001E460D460921FFF739FE0446324609216C
:10BAE0002846FFF733FE40EA04031B0454BF001945
:10BAF0004FF0FF3070BD012303707047F8B50C465E
:10BB0000054611461E4684F001046400E4B2FF239A
:10BB1000837003191B7D012B05D00134E4B2031996
:10BB20001B7D012B0AD105EB44073B8B3A8C9819FE
:10BB3000904205DD00232C443B8323750020F8BD93
:10BB400005EB8404324660681844FEF7EDFE3B8B3B
:10BB50001E443E830023AB700120F0E781F0010119
:10BB6000490010B5C9B2FF23837043181C7D012C16
:10BB700007D10C3120F8112002221A75002383709E
:10BB800010BD0131C9B243181C7D012CF1D04FF416
:10BB90008C710920F4F7F6FC024630B5837803F087
:10BBA000FF00F3B9137D022B19D0537D022B15D161
:10BBB0000346012089B10024D5180C332C7522F8D6
:10BBC0001340131803241C7502EB80035B680B60A1
:10BBD00000F10C0332F813308B80012030BD0123BB
:10BBE000E8E70020FAE7034630B5827802F0FF006C
:10BBF000E2B99A7D022A17D0DC7D022C13D10322F0
:10BC000081B11D1900200C34287523F814009818F0
:10BC10000324047503EB82000C32406833F81230C1
:10BC200008608B80012030BD0324E9E70020FAE79B
:10BC3000037D012B01D1008B7047437D012B0CBF8D
:10BC4000408B00207047837D012B01D1808B704792
:10BC5000C37D012B0CBFC08B00207047038B23B921
:10BC6000408B003818BF0120704701207047838B3C
:10BC700023B9C08B003818BF0120704701207047DE
:10BC8000027D022A01D1008B7047437D022B01D136
:10BC9000408B7047032AF6D0032BF9D00020704761
:10BCA000827D022A01D1808B7047C37D022B01D196
:10BCB000C08B7047032AF6D0032BF9D000207047C1
:10BCC000F5F7BEB92DE9F0410D460446084691F856
:10BCD000008001F092F90746284608F0030801F0B9
:10BCE00088F90646284601F08CF96B78E07020460A
:10BCF00084F800806770A670A380BDE8F0810128F9
:10BD000008B506D0022806D040F29D410620F4F77F
:10BD100039FC032008BD0420FCE7F5F7F9B910B59C
:10BD2000044638B1F6F7A2FB24EA0000B0FA80F02E
:10BD3000400910BD0120FCE7002307B5CDE9003321
:10BD400001238DF806306846F5F712F808B1002097
:10BD500004E0009801F0F4FF0028F4D003B05DF88F
:10BD600004FB1FB5002240F6881303A90092FBF7DD
:10BD700051FC05B05DF804FB38B5054602F062F8E9
:10BD8000F0B1284601F0DCFF08B9002038BD284694
:10BD900001F0A6FE0446284601F0A5FE054688B936
:10BDA000002CF2D02088F6F79BFC29462088F4F777
:10BDB000BBFF0028E9D041F6E3413920F4F7E2FB6C
:10BDC0004220E3E70C20E1E72DE9F8430F46B0F805
:10BDD0005A60B0F85C50804601F0BCFE0221044677
:10BDE00000F053FF81460221204600F04EFF4E45F1
:10BDF000B8F8003028BF4E463B8040F64803B6B244
:10BE00001B2E38BF1B26FB2E28BFFB26854228BFD2
:10BE100005467E80ADB21B2D38BF1B25FB2D28BFEC
:10BE2000FB25B4F5A47F38BF4FF4A474FD809C4279
:10BE300028BF1C46BC803C81BDE8F8832DE9F04159
:10BE400086B00546008801A900F08AFE0446002855
:10BE50006FD1029A92F84631D91E4B424B418DF870
:10BE60000230936F98064ABF9DF80230234683F054
:10BE700001038DF8033092F8D8309B0603D49DF867
:10BE80000330002B5BD0EB881B3B9BB2E02B58D8D8
:10BE9000298944F24810A1F5A4739BB2834250D87B
:10BEA0006B881B3B9BB2E02B4BD8AA88A2F5A473EE
:10BEB0009BB2834245D840F64807B94243D8BA42BC
:10BEC00041D8029E4FF0FF0886F81B819DF8023092
:10BED0009BBB03A93046FFF777FF6A88BDF8123095
:10BEE000BDF814109342E88828BF1346B942AA88C7
:10BEF000A6F8203128BF3946BDF80E30834228BF4E
:10BF000003462889A6F81C31BDF81030BB4228BF73
:10BF10003B46834228BF03468A42A6F81E31134699
:10BF200028BF0B46A6F8223186F81A81002386F82E
:10BF30001B31204606B0BDE8F0813A24F6E71A240A
:10BF4000F7E71224F5E71124F3E710B5FFF7F4FE45
:10BF500060B1F5F7CFFE044602F04CF840B9204638
:10BF600002F044F880F00100C0B210BD0120FCE7EF
:10BF70000020FAE72DE9F04385B0064688460088A0
:10BF800002A900F0EDFD054640BB039C94F8593131
:10BF900003F0FF051BB1B8F1020518BF012594F8A5
:10BFA0008730222B94F8D93043EAD3030CBF85F0B5
:10BFB00001094FF00009DB0702D4B9F1000F3BD0B3
:10BFC000B77817B9F6F752FA0746F078B0BBF6F72C
:10BFD0004DFA3FB9B9F1000F29D10925284605B01E
:10BFE000BDE8F0830028F5D0FF2384F825310DBB90
:10BFF00094F8243103F0FF05E3B984F8270101A97F
:10C0000084F82481204684F82671B3788DF80430B2
:10C01000F3788DF805303379727943EA0223ADF86D
:10C02000063000F053FE002384F82531D6E70020C7
:10C030000746D9E73A25F6E71A25CFE7002FD3D1EF
:10C04000C8E708B5F6F7EEF9002008BD10B503788B
:10C050000446012B01D9122010BDFFF76DFE58B91F
:10C06000207810F0FD000DD104F11703E21D611CD2
:10C07000BDE81040F6F74CBDF6F7DCFD0028EFD028
:10C080000C20E9E7A37903F0C003C02BE3D1012022
:10C09000EAE710B503780446012B0DD8FFF74CFEF4
:10C0A00060B9214611F8010B00F0FD00003818BFFF
:10C0B000012000F032FD38B9122010BDF6F7BAFDAC
:10C0C0000028EED00C20F8E70020F6E708B500883D
:10C0D000F6F7B6FD00280CBF3020002008BD38B5AB
:10C0E0000546FFF729FE044638B92878003818BFFE
:10C0F0000120F6F799FD204638BD0C20FCE708B575
:10C10000FFF71AFE18B9F6F77FFD002008BDF6F715
:10C1100091FD0028F7D00C20F8E7082303700020D9
:10C120007047102243F26A030270C2705922A0F8CD
:10C1300001308280C38000207047082108B5F4F7E1
:10C1400067FB002008BD73B506460D4600886946AA
:10C1500000F006FD044688B9B3785BB9019B93F9FA
:10C160007000A87033882B80F6F794FEA8702046E4
:10C1700002B070BD7F20FFF7F4FDF2E70224F6E77E
:10C1800010B504466FF07F00FFF7EBFDF6F782FE77
:10C1900020707F20FFF7E5FDF6F77CFE6070002041
:10C1A00010BD10B50446F5F7A5FD01F01CFFF6F72C
:10C1B00071FE2070002010BD0A4600F1100108B584
:10C1C000072302F016FB002008BD10B50146044607
:10C1D0000020F6F70FFB08B92060A080002010BDFA
:10C1E00010B50446F6F718F928B900202146F6F7ED
:10C1F000E9FA002010BDFFF7A8FE0028F5D10C20B9
:10C20000F8E710B50446FFF7A0FE28B1012021464B
:10C21000F6F7D8FA002010BD0C20FCE7F7B50C4665
:10C2200005466946008800F09BFCA21C034690B9B5
:10C23000019901F18F0781F8C330386810603879AF
:10C2400010712888208091F8C36006F0FF00002E4E
:10C25000F1D103B0F0BD00230220C4F80230137105
:10C2600023706370F5E7FFF7E9BD1FB544F2902234
:10C270008388934217D840F64802934228BF13465A
:10C280000288ADF8042040880A80ADF80600ADF8B9
:10C290000A0001A8ADF80830ADF80C30FFF7CEFD6C
:10C2A00005B05DF804FB1220FAE737B50D46694684
:10C2B00000F056FC044618B929460198FFF784FDA2
:10C2C000204603B030BD034648210020082210B5A7
:10C2D0006FF00404587099701C70DA701C715871FA
:10C2E0009971DA7110BD10B50446FFF725FD78B9D4
:10C2F0002146E27911F8010B00F0FD00003818BF6B
:10C300000120F6F761FD80F001004000C0B210BDD1
:10C31000F6F790FC0028EBD00C20F8E737B505467F
:10C320000C460088694600F01BFCD8B9019B83F8D5
:10C330006A0093F86820012A06D0022A04D04FF43C
:10C3400061710620F4F71EF9A27093F86920012AA2
:10C3500001D0022AF3D1E27093F86A20002AE6D1D4
:10C360002B88238003B030BD10B583880446022B90
:10C3700010D8C078FFF7D3FC08B9112010BDA07801
:10C38000FFF7CDFC0028F8D020460121BDE8104081
:10C39000FFF7F0BD1220F1E737B58378C17803F0DD
:10C3A0000104027903F0020351EA04051DD052EAA8
:10C3B00003051AD0002C18BF0021002B037818BFEA
:10C3C00000228DF802108DF80320427843EA022300
:10C3D000ADF8003043798279684643EA0223ADF82C
:10C3E0000430FFF7C1FF03B030BD1120FBE708B5F3
:10C3F000F5F72AF9002008BD13B50C46694600F090
:10C40000AFFB20B9019BB3F880300133238002B029
:10C4100010BD07B50088694600F0A2FB38B99DF849
:10C420000020019B012A05D093F82B216AB103B0AB
:10C430005DF804FB93F8DC21D2B293F8A81011B98F
:10C4400012F0FB0FF0D10220F1E7FF2283F82B213D
:10C45000EDE710B50446F6F703F8206000206160B0
:10C4600010BD2DE9F3410546477801210078F4F726
:10C4700045FC044600285ED001F0A5FDEE7886421A
:10C4800028BF0646042FB6B22FD1002E39D1204640
:10C4900001F0BEFD6B78032B37D107F0FD08B8F132
:10C4A000010F44D1204601F0B3FD00283CD1012FFB
:10C4B00008BF4FF002084246216B6846F4F758FD6A
:10C4C00033466A680121206BFFF718FB002834D03F
:10C4D0006B78023B012B2CD8206BFFF7A9FB0121C5
:10C4E0000246206BFFF73AFB23E0206BFFF7A0FB2F
:10C4F000304480B21F2804D8FB1E012BC7D9002E60
:10C50000C5D1122002B0BDE8F0810028F9D1042B7A
:10C51000C3D1204601F014FC0028F2D0206BFFF7B5
:10C520009DFB0028B9D1ECE74FF00008C3E7042FCA
:10C53000C6D10020E6E74220E4E70720E2E72DE944
:10C54000F3410746457890F8038001210078F4F71D
:10C55000D5FB044600283CD001F04CFD0028206BA0
:10C5600008BF4FF00008FFF76EFB00EB0806B6B2FD
:10C570001F2E30D8042D2ED0032D0CD1204601F0D3
:10C5800047FD20BB012D14BF05220622216B684602
:10C59000F4F7EEFC08E0B8F1000F1CD0204601F0E3
:10C5A000CFFBD0B9012DE9D043467A680021206B3A
:10C5B000FFF7A4FA98B1023D012D04D832460021BC
:10C5C000206BFFF7CBFA002002B0BDE8F081042217
:10C5D000DCE74220F8E71220F6E70C20F4E707201A
:10C5E000F2E713B50446F5F785FB4FF44073684650
:10C5F000ADF8003000238DF8023014F8013B8DF8BF
:10C6000003300194FFF79BFF02B010BD38B5012144
:10C6100005460078F4F772FB0446A0B101F090FBE8
:10C6200028B92046691C01F020FC002038BD2046B6
:10C6300001F0E0FC08B10C20F8E7204601F0D6FC40
:10C640000028EED0F7E74220F0E713B50446F5F7EF
:10C6500051FB684614F8013B8DF803304FF44073EA
:10C660000194ADF8003000238DF80230FFF7F9FE99
:10C6700002B010BD73B50546F5F73CFB04462B78B8
:10C6800063B100230DF1010101208DF80030F6F7B0
:10C69000B1F818B16846FFF7B9FF88B900262046FF
:10C6A0008DF8006001F0AAFC2B78C0018DF80360C2
:10C6B000012BADF8010005D169462046F5F7B8FB1E
:10C6C00002B070BD2BB9204602B0BDE87040FFF744
:10C6D00053BB1220F4E710B5002104460088F4F79C
:10C6E0000DFB20B1A11CBDE8104001F04BBE0220A3
:10C6F00010BD08B500210088F4F700FB20B100212F
:10C70000BDE8084001F03EBE022008BD37B5054631
:10C710000C460088694600F023FA28B92B8823804C
:10C72000019BB3F8B430638003B030BD37B50388E4
:10C7300004460B8098B2638813B9122003B030BD51
:10C74000694600F00DFA0028F8D1658842F21072AF
:10C75000019BA9B29C695143DA8D62431C8C04FB96
:10C7600002229142E9D39A699C699442FBD100224A
:10C77000A3F8B450C3F8AC20621E0A44B2FBF4F232
:10C78000C3F8B020DAE710B50C460021F4F7B6FA8A
:10C7900090B1022C12D804F00102C4F3400480F8D6
:10C7A000AD2180F8AC4112B190F8AA310BB900204C
:10C7B00010BD01F0DFF9FAE70220F9E71220F7E7F0
:10C7C00010B504460078FF280AD00121F4F796FA44
:10C7D00058B16378A27843EA0223C384002010BDD5
:10C7E000B4F80100F7F77CFFF8E74220F7E708B557
:10C7F0000078003818BF0120F7F7A2FE002008BD1E
:10C8000010B50446F5F776FA6178C1F3400201F0FD
:10C81000010101F013FC002010BD0620F5F714BE45
:10C820000820F5F711BE01F0D7BD1220704710B5F2
:10C83000044604B910BD236898476468F9E70368A3
:10C840000BB9016070471A465B6813B18A42FAD18E
:10C8500070478A4218BF5160704708B50020FFF743
:10C860001AF9F4F70FFBF5F72FFFF4F7A7FD20B146
:10C8700040F221119320F3F785FE08BD08B5F7F7C4
:10C8800009FEF8F717FB20B140F241119320F3F7AE
:10C8900079FE0120BDE80840FFF7FDB808B5FFF7B5
:10C8A000EDFF01F057FD20B14FF4AB719320F3F78A
:10C8B00069FE08BDFDF74CBA0B46122203F8032BA4
:10C8C000D0F80920C1F80320427B1A71704737B5B0
:10C8D00004460D46F6F7A2FB18B36FF4A8730221C5
:10C8E000E01803886846ADF8003034F8ED3CADF848
:10C8F000023034F8EB3CADF80430FFF73BFB18B1E5
:10C900004221AE20F3F73EFEADF800009DF8003066
:10C91000002063F307009DF8013063F30F2003B09C
:10C9200030BD18232B70D4F80930C5F80330042328
:10C93000ADF80030EAE708B5436893F886201AB1ED
:10C940008521AE20F3F71EFE202283F8862008BD45
:10C95000034610F0010007D19A0704D4C3F3800303
:10C960009B00D8B27047022070472DE9F84F074668
:10C97000104692461D46FFF7EBFF83460846884661
:10C98000FFF7E6FF4BEA00060A9C8146F6B2003E3E
:10C9900018BF0126F5F76AFD10EA0A0A18BFDA4641
:10C9A000F5F764FD97F8683010EA080118BF4946AA
:10C9B000534508BF4FF0000A84F800A097F869308B
:10C9C0008B4208BF002161705AEA01010BD1B7F810
:10C9D0008030013DED1A47F6FD73ADB29D428CBF2C
:10C9E000002606F001063046BDE8F88F70B54468B1
:10C9F000064694F88750A5F12003062B4DD92E2D1D
:10CA00004BD0002D47D194F88630252B45D00B799B
:10CA100013F0070335D04A7912F0070231D084F8B9
:10CA2000612084F8603094F8253113BB94F82431E8
:10CA3000012B1ED094F8693094F86020D91E01298A
:10CA400098BF04239A4222D194F86830DA1E012A52
:10CA500094F8612098BF04239A4218D10223B4F8B5
:10CA6000642084F82431B4F86630A4F82621A4F8B0
:10CA700028312223304684F8873000F05FFC2846B6
:10CA800070BD3046C978BDE8704000F089BC3046C2
:10CA9000F5F736FDEDE70125F1E72025EFE708B5CD
:10CAA000436893F88720222A05D022B140F2EA3168
:10CAB000AE20F3F767FD232283F8872008BDF5F742
:10CAC00003BE704730B542401C7808785D786040FE
:10CAD0004C786C409D7820448C786C40DD78204404
:10CAE000CC786C401D795B7920440C7949796C4095
:10CAF0004B40204418441044B0FA80F0400930BD47
:10CB0000024600200139C9B2FF2900D17047535CA9
:10CB100083F001030344D8B2F4E708B5F5F790FEBB
:10CB2000082807D0F5F7AEFE082803D0F5F7BEFEBB
:10CB3000012008BD0020FCE708B5F5F781FE0828B4
:10CB400003D0BDE80840F5F79DBE08BD08B501F06B
:10CB500050FC18B1BDE80840F9F7D0BB082008BD6B
:10CB600010B50C460021F4F7C9F8606018B1012334
:10CB70000020237010BD0220FCE770B504460D466E
:10CB800059BB4FF41A7201F0CAFE012384F8DE503B
:10CB900084F88E306FF0360384F8D930042384F89B
:10CBA000DA306FF03B0384F8DB306F2384F8DC303D
:10CBB0006FF03C0384F8DD306FF07F0384F8DF30E2
:10CBC0002B2384F8D830FE2384F80E317F2384F899
:10CBD0008530202384F8F73170BD012911D100235D
:10CBE000A0F8B43180F8AB3140F6B8338269A0F8D0
:10CBF000B4301146438C04F17800BDE87040F6F77C
:10CC000009B90229E8D1B0F84A32D0F84422816942
:10CC1000F1E701440023884203D1B3FA83F04009CD
:10CC2000704710F8012B1343F5E7F8B505460C469D
:10CC3000D0E90476FBF748FF20B940F2071129201C
:10CC4000F3F7A0FCECB1D5E90423D21B63EB060398
:10CC5000012A73F100014FF0000114DB6FF00100B5
:10CC60009042994102DA40F21111E8E7631E134441
:10CC7000B3FBF4F35C43E41946F10006C5E904464E
:10CC80001C462046F8BD0C46FBE7CB1E012B0FD8F7
:10CC900003290BBF96234FF416731022402203F58D
:10CCA000BC73984210D9C01A90FBF2F080B2704762
:10CCB000022904D13C2807D980100F38F6E77028E4
:10CCC00002D9C0100E38F1E70020704738B50D4684
:10CCD0000446F5F7CBFB2B78002B08BF034684F8FE
:10CCE00064306B78002B08BF034684F865306B888E
:10CCF000A4F8663038BD012908B5034606D00229DC
:10CD00000CD040F289112920F3F73CFC40F6C41006
:10CD100040F2E242002B08BF104608BD40F6C410A6
:10CD2000FBE7002307B501A80193FAF743FC01983C
:10CD300010F0030018BF012003B05DF804FBC2B27D
:10CD400092FAA2F2030A93FAA3F31B0E100E40EA22
:10CD500003207047013105300022C9B270B510F8C8
:10CD6000013F8B4216D310F8054C0023012505FA2C
:10CD700003F626421CBF01F1FF31C9B269B101338C
:10CD8000082BF4D10132D2B2052AE8D199214620EC
:10CD9000F3F7F8FBC91AC9B2F4E703EBC200C0B25B
:10CDA00070BD0B6870B5C0F8013004460B790546BC
:10CDB000461D03F01F0343710023C37215F8010FD2
:10CDC00000F0A2FA6871B542E37A1844E072F5D136
:10CDD00070BD81EA114170B58CB20546C17A032657
:10CDE00082EA0400FFF7ABFF013E00EB001016F0F3
:10CDF000FF0604EB000290B2F4D144402522B4FBBC
:10CE0000F2F302FB1343C3F3C402D8B203F00703E7
:10CE10002A445678012202FA03F31E4207D16143E5
:10CE20002846C1F30741BDE87040FFF793BF70BDCE
:10CE3000F8B590F8215004466B1E242B54D80AB93B
:10CE40000020F8BD807D18B1012844D01F20F8E7EC
:10CE500094F8233094F8221002FB01322523B2FB10
:10CE6000F3F103FB1123DBB204EBD30203F007065B
:10CE700084F82330D17D0122B240114202D084F8DF
:10CE80002430DDE7B3FBF5F205FB123304F11B019F
:10CE9000013303F0FF0311F8012F934218D811F862
:10CEA000055C0022012606FA02F72F4208D0013B5A
:10CEB00013F0FF0304D102EBC00284F82420BFE783
:10CEC0000132082AEFD10130C0B20528E3D1BDE715
:10CED0009B1ADBB2F7E7228904F11600C969FFF754
:10CEE00078FF84F82400ABE71220AAE703788901D1
:10CEF00023F0400301F040010B43037070470378B7
:10CF000003F07F0343EAC113037070471F2A38B54B
:10CF10000546144603D9B7212A20F3F733FB06341C
:10CF20000930FDF701FD6C7038BD1F2A38B5054684
:10CF3000144603D9D9212A20F3F724FB06340930FB
:10CF4000FDF7F2FC6C7038BD0378024603F00F0366
:10CF5000032B3ED0052B42D1C37F90F82000034322
:10CF600092F82100034392F82200034392F8230031
:10CF700000F01F00184333D05378222B2FD1B2F882
:10CF80001930B1B1B3F5506F13D940F607518B4248
:10CF900025D8B2F81B30B3F5FA7F20D2B2F81D00C5
:10CFA00040F676430A3880B298428CBF00200120B8
:10CFB0007047991F40F67A4089B281420FD8917D1F
:10CFC000481E07280BD8994209D2B2F81710994287
:10CFD000DEE74078A0F10C0358425841704700202A
:10CFE0007047037801F0030123F003030B43037040
:10CFF00070470078C0F3800070470078C0F3C0002D
:10D0000070470078C0F3001070471B2A08B504D998
:10D0100040F24D412A20F3F7B5FA42700330BDE8E3
:10D020000840FDF781BCB0F80730B1B1B3F5506FDF
:10D0300013D940F6075293421FD8B0F80930B3F520
:10D04000FA7F1AD2B0F80B0040F676430A3880B265
:10D0500098428CBF0020012070479A1F40F67A4109
:10D0600092B28A4209D80279511E072905D89A42FC
:10D0700003D2B0F805209A42DEE7002070474068EE
:10D0800090F8AA3123B1002380F8AA3100F072BDD4
:10D09000704708B5017A19B101290AD0002008BDEE
:10D0A00003680221C2888088F5F76EFF20B1012055
:10D0B000F5E70368C288F6E7F6F754F9F7E70223C5
:10D0C0000B7001238B707047F6F7D0B810B521B9FB
:10D0D0004FF410711020F3F755FA4A600B72EFF31A
:10D0E000108472B6031D0B6042681AB1127A012ACD
:10D0F00008BF036003681960016004B962B6BDE847
:10D100001040F6F7FDB80222F6F71AB90322F6F737
:10D1100017B90422F6F714B90222F6F755B911230C
:10D120000B706FF49A7318440388A1F80330838F4F
:10D13000A1F80530B0F84030A1F80730C38FA1F84E
:10D140000930B0F84230A1F80B307047012908B51A
:10D1500003D10E30C00080B208BD022902D10F30C9
:10D160008000F8E74FF42E710620F3F70BFA30B584
:10D1700087B004460D46F5F759FF90B3A4F59F74A8
:10D18000694624882046FFF790F820B14FF4847157
:10D190002C20F3F7F7F9BDF8063003A8ADF80C40E2
:10D1A000ADF80E30BDF80830ADF81030BDF80230E3
:10D1B000ADF81230BDF80430ADF81430FFF753F875
:10D1C00010B140F21111E3E7ADF80C009DF80C30FE
:10D1D000002063F307009DF80D3063F30F2007B0C4
:10D1E00030BD2B46172203F8032BD4F80920C5F8CD
:10D1F0000320D4F80D205A60B4F811201A810423BA
:10D20000ADF80C30E2E740687047C08A70478A8802
:10D210000B8910B5CC884988A0F85440A0F850106C
:10D22000A0F85220A0F8563010BD8383BDF800301E
:10D2300001834283C383704738B5C58B0446438C52
:10D24000007A9D4228BF1D46FFF780FF6389AB42ED
:10D2500028BF2B46984238BF184680B238BD2DE90A
:10D26000F041984607460E46808919461446FFF756
:10D270006DFF054641463846FFF7DEFF85429DF8C3
:10D28000181028BF0546B88AFFF760FFFB8AADB2C9
:10D29000834228BF0346A01D9BB230442B44184450
:10D2A000BDE8F08107B590F8693000229621303052
:10D2B000009390F83830FFF7D2FF03B05DF804FB1D
:10D2C00038B514460D4619469634FFF7EBFF204457
:10D2D000A84294BF281A002038BD38B50D46114623
:10D2E0000446FFF7DFFF2844606338BD8369006BA5
:10D2F000984228BF184601F19C0383423DBF401A63
:10D300009C3840080020704700F05503400800F0AA
:10D310005500034403F033009B0803F03303034438
:10D3200003F00F0000EB131070474368002283F8EE
:10D33000862083F8C220A3F8BE20704743680022ED
:10D34000A3F8C42093F8C620013283F8C6207047A2
:10D35000426808B592F8C630013B5BB2002B82F8F8
:10D36000C63003DA52214A20F3F70CF908BD4368AE
:10D3700083F80B1183F80A217047A0F10A03042BEC
:10D380000CD9A0F14303012B08D9A0F120032E28CA
:10D3900018BF062B94BF0120002070470120704762
:10D3A0004268936F10B513F0080408D143F00803E6
:10D3B00082F808119367FFF7C1FF204610BD0120D6
:10D3C000FCE730F8023CF7B505460E4630F8A07C85
:10D3D00073B101226846ADF801708DF80020ADF8F8
:10D3E0000330F4F79FFD18B195216320F3F7CAF8D5
:10D3F00008230024A6F803703370B4706B7A55F8D4
:10D400008C0C7371FEF72DFA08B9BA21EDE7384696
:10D41000F5F766F921463846F3F786FC4FF40173B9
:10D42000204603F004021B0A62F3070063F30F2097
:10D4300003B0F0BD4368002093F88820063A012A23
:10D4400081BF0A7983F88920062283F888207047F3
:10D45000426892F88830063B012B84BF072382F88C
:10D4600088307047426870B592F88750F5B9B1F8C6
:10D470000930B2F88060A2F83C32013B9B1B47F6B2
:10D48000FD769BB2B34206D9282382F8A930F6F77D
:10D49000C7F9284670BD4B68C2F83E320B7A82F855
:10D4A00042320A22436883F88720F2E70125F0E739
:10D4B0000B46062203F8032BD0F80920C1F80320FD
:10D4C000D0F80D205A60427C1A720023CB7070474E
:10D4D000436870B593F8875006460C46002D42D13C
:10D4E00029462046FFF79FFD28B9E1783046BDE880
:10D4F0007040FFF755BF7268B4F80D30B2F8801075
:10D50000A2F83C32013B5B1A47F6FD719BB28B429D
:10D5100007D92823304682F8A930F6F781F9284642
:10D5200070BDB4F8073040F2E2414B43C2F84432D8
:10D530002379C3EB431003EB800303EB83035B000E
:10D54000A2F83E32B4F805304B43C2F84032B4F88A
:10D550000930A2F84832B4F80B30A2F84A320D2351
:10D5600082F88730DBE70125D9E708B5436893F8EF
:10D5700086201AB12621A320F3F704F81D2283F890
:10D58000862008BD73B5456806460C4695F886307A
:10D590001D3B022B23D809891A2919D96389B3F5B0
:10D5A000A47F15D3A2881A2A12D9E088B0F5A47FE7
:10D5B0000ED3009005F13000FFF737FE7168284662
:10D5C00001F23511F5F722FF06217068F6F7CCFF5E
:10D5D000002085F8C20085F8860002B070BD0120E9
:10D5E000FBE74268936FD90610B5044603D4B02117
:10D5F000A320F2F7C7FF990601D5B121F8E723F080
:10D6000010039367FFF7A4FE60680621BDE8104091
:10D61000F6F7AABF09230B70D0F80930C1F8023021
:10D6200070470B460A2203F8022BB0F809204A8003
:10D63000C27A9A70704738B54368054693F88740B8
:10D6400034B1113C0B2C8CBF01240824204638BD7A
:10D6500093F88C30002BF9D0FFF770FE6B68112225
:10D6600083F88720F2E708B5436893F88720152AE6
:10D6700004D04FF4BD711F20F2F784FF012283F81C
:10D68000C720162283F8872008BD436893F88720B7
:10D69000122A05BF13220020022083F8872070473A
:10D6A000436810B593F887300446182B07D1FFF76D
:10D6B0004FFE63681C22002083F8872010BD0220E3
:10D6C000FCE708B5436893F88720112A04D040F29C
:10D6D000A3111F20F2F756FF012283F8C720122260
:10D6E00083F8872008BD08B5436893F88720162A79
:10D6F00004D040F2AB111F20F2F744FF182283F848
:10D70000872008BD0B46052203F8032BD0F809201B
:10D71000C1F80320D0F80D205A60B0F811201A810A
:10D72000C27C9A72704708B5436893F886201AB194
:10D73000DD211C20F2F726FF042283F8862008BD95
:10D74000426808B5936FD90703D4EB211C20F2F788
:10D7500019FF23F001039367BDE80840FFF7F8BD08
:10D760000C23A0F596700B7003884B8070474368BC
:10D77000002093F886200F2A01BF002283F8B620EC
:10D7800083F8C22083F88620704738B54568AB6FB0
:10D7900013F0040407D1FFF7D1FDAB6F204643F02F
:10D7A0000403AB6738BD0120FCE74268936F23F0A8
:10D7B00004039367FFF7CCBD08B5436893F8862050
:10D7C0001AB170214B20F2F7DDFE0F2283F886207C
:10D7D00008BD10B5D0E90D42A24206D30B8C121B36
:10D7E000C98D05334B43934202D3012380F83E3069
:10D7F00010BD01230B7000238B7030F8CA3CA1F8D8
:10D800000330437A4B714389CB8083890B81704706
:10D8100010B5446894F8C9309A070ED494F886304D
:10D820001BB174214020F2F7ADFE0122A4F8BE30F6
:10D8300084F8862084F8C22010BDA36F9B0705D50D
:10D84000FFF786FDA36F23F00203A367002384F88C
:10D850002A31F1E710B50B7901284C790A6843EABF
:10D860000421104608BF41F4803110BD07B5FFF711
:10D87000F1FF0DF10702F6F7E9F903B05DF804FBDB
:10D8800008B5FFF74EFA002814BF1420002008BD89
:10D8900010B5F9F763FD0446FFF7F2FF4FF47A7213
:10D8A00004F54443CD304933B3FBF2F3184410BDC3
:10D8B00010B5044690F86900FFF7EAFF012201461F
:10D8C0002046BDE81040FFF708BD7FB5044618B9F3
:10D8D000AA213020F2F756FE072900F2D780DFE8B0
:10D8E00001F004C933332ED5C1D390F8F431B0F828
:10D8F0008020DBB1B0F8F231934208BFB0F8A43118
:10D900009A1AA0F8A621A4F880302046D4E98223F0
:10D91000C4E98423F8F71CFB94F8AB31002B00F02A
:10D920009F8004B0BDE8704000F01DBDB0F8F0313C
:10D930009B1AA0F8A631B0F8F0319BB2E3E704B02F
:10D94000BDE87040F9F7F0BBFAF7DEFFD4E98423B5
:10D95000801A61EB0301012871F1000302DA40F241
:10D960003C61B6E76FF0010383424FF000038B4147
:10D9700002DA40F23D61ACE7A3690BB1B0FBF3F30F
:10D9800094F88710B4F8F2210D2932D10132A4F8AD
:10D99000F221B4F82A3202AEB4F880500133A4F870
:10D9A0002A32B4F8BA301D44B4F8B830013DED1A4B
:10D9B000ADB2B4F8F2116B1A180435D40023204626
:10D9C00000961A46F6F7EEF9012849D1B4F8F2218B
:10D9D000B4F8A011BDF808301344521A12049BB2D7
:10D9E00004D5EA1A12F4004F18BF0B46A4F8F2311E
:10D9F000DFE7B4F880100B449BB2D11A0D044BBF83
:10DA0000013301329BB293B2A4F8F23194F8F531AC
:10DA1000002BBED1B4F8A431B4F8F221934204BF74
:10DA20000133A4F8F231B4E794F88A303046039415
:10DA3000002B14BF08233E2384F8A93001238DF85E
:10DA40000830F5F7EDFE204600F08FFC002394F837
:10DA5000F70184F8DC31FAF76FFF202384F8F731FF
:10DA600004B070BD0120FBF755F904B0BDE870406B
:10DA7000FEF753B990F8DC31042B01D0D02128E710
:10DA8000002380F8DC31EBE7D62122E7DA2120E71A
:10DA9000002313B51A4680F8DC31A0F82832194665
:10DAA00000930446F6F77EF920B140F21D213020A4
:10DAB000F2F768FD0123C4F8D801C4F8D00184F856
:10DAC000DC31A4F8F201A4F8F00184F8F501B4F80F
:10DAD0008030A4F82A02013BA4F8803002B010BDC7
:10DAE000D0F8CC00704710B5044690F81031EBB177
:10DAF000FF2380F81831012100F09DFA94F81031CD
:10DB0000A3B194F8C800FAF7D7FF94F8C800FBF760
:10DB10007DF894F8C800FAF70FFF20B940F2092108
:10DB20003020F2F72FFD002384F81031002010BDC3
:10DB300008B590F8182142B990F8D02042B1D0E948
:10DB40003531994202D9F7F725FB0022104608BD6E
:10DB50000122FBE710B50446FFF792FE00F2951193
:10DB60002046FFF7C3FB40F64803984228BF1846FB
:10DB700080B210BD7FB5044690F8AB3103F0FF05CD
:10DB8000002B59D190F8DC31032B55D1FAF7BCFEAC
:10DB9000D4E98423801A61EB0301012871F10003A9
:10DBA0004ADB6FF00103834275EB010104DA40F2B6
:10DBB000E5513020F2F7E6FCA269B4F880300AB1F2
:10DBC000B0FBF2F2013313449BB2A4F8F031B4F885
:10DBD000A431B4F8F0219B1A1BB2002B2CDD94F871
:10DBE000F701FAF769FF38B3FF2384F8F531B4F889
:10DBF000BA300DF10E06B4F880501D44B4F8B830B8
:10DC0000013DED1AADB2B4F8F031EB1A1B0413D498
:10DC1000B4F8F01100230122204689B20096F6F7ED
:10DC2000C1F8012808D1B4F8F031BDF80E20134432
:10DC30009BB2A4F8F031E6E704B070BD70B50446BD
:10DC400021B1012978D040F6280172E000F00AF9EC
:10DC500094F8113105460E46DBB150EA010318D0A5
:10DC6000D4E93832D4E94001C01A334661EB0201ED
:10DC70002A4600F00BFE05FB01F300FB0633A5FB73
:10DC800000021344D4E93821121843EB0103C4E91C
:10DC90003823E08C30B1F5F71BFCE38CB0FBF3F2DA
:10DCA00002FB1300D4E93832ED184FF0000346EBC5
:10DCB00002062D184FF0020284F8F03046F10006FB
:10DCC00084F81131A4F8F820C4E93856C4E9405664
:10DCD00094F8183103F0FF01DBB96FF00043D4E989
:10DCE00042029A4208BFB0F1FF3F18D02046D4E963
:10DCF000405600F0ACF8AE30D4E942325B1B62EB28
:10DD000006021B1A62F10002002A08DA2046F7F721
:10DD100041FAF9F7E9F8BDE87040FAF7F8BD04F107
:10DD2000F00194F8C800FAF795FE0028F1D14FF4FD
:10DD3000EA613020F2F726FC002380F8D030E8E7D3
:10DD400090F81001003818BF012070470B461422CC
:10DD500003F8032BD0F80920C1F80320D0F80D20D8
:10DD60005A60704738B510220B460C4603F8032B57
:10DD700000F10902293052F8041B824243F8041BC7
:10DD8000F9D1127800211A700123A588A3712846C1
:10DD9000F2F7B4FF70B1E37863B10088F4F7A0FC48
:10DDA00000212846F2F7C0FF20B140F22B212D20A0
:10DDB000F2F7E8FB38BD0121F6F778BFFFF7FBBFAC
:10DDC00090F87A300BB10120704790F8B22002F041
:10DDD000FF03002AF7D190F8A4201846704737B502
:10DDE0000D464FF490720021044600F098FDFF2389
:10DDF00023701323638042F21073E384F3F78AF8ED
:10DE00000022014620636846F3F7B2F8206B002237
:10DE10000121FDF7A3FE216B68460422F3F7A8F861
:10DE20000022206B1146FDF799FE04F12800A5742D
:10DE300003B0BDE8304000F03AB9FF23086B0B7027
:10DE4000FDF759BE0078FF3818BF0120704710B5A4
:10DE50000446283000F07BF928226188F7F7C8F9DA
:10DE60006D3010BDD0E9020170470B68C0F8153065
:10DE70008B88A0F819300123C37670472DE9F04F45
:10DE8000064691B00C46074606AD0DF110080FCEC0
:10DE90000FC50FCE0FC596E8030085E80300404686
:10DEA00000F005F9667894F8149006F07F0594F870
:10DEB0000AA0B9F1010F94F800B02E4607D0B9F1CD
:10DEC000020F04D040F29A310620F2F75BFB617A30
:10DED000404600F0F3F8237D227F4046022B02F1FA
:10DEE00001020CBF617D0121D2B204BF0131C9B270
:10DEF00000F0E6F815F0080362D14046019300F007
:10DF000026F928223146F7F773F940F2712100F221
:10DF10009922E5782079019B45EA00256079B2FBDA
:10DF2000F1F245EA00454A434D43AA420AD9E07955
:10DF3000A57945EA0025207A45EA00454D439542FA
:10DF400028BF1546227E0393531EA17C386B5A428C
:10DF500002915A410192FDF793FE386BFDF7A0FE46
:10DF6000039B019A0299ADF81A6006AE08953D46EA
:10DF70008DF828208DF82B108DF82CA08DF818B076
:10DF80008DF81C9009930FCE0FC50FCE0FC596E8E4
:10DF9000030085E8030098E80300B8620020B98513
:10DFA000E37A03F0FD03003B18BF012387F85730E5
:10DFB000E368BB65238AA7F85C3011B0BDE8F08F39
:10DFC00000252B46BEE7438813F0040F0CBF1F202B
:10DFD000002070474FF40043C38543881D2B08BFC2
:10DFE00000214174704790F912007047408800F09A
:10DFF000010070478078C0F3400070478078C0F31C
:10E00000C000704708B5006BFDF731FE012008BD68
:10E01000012070470120704790F8503001624B7228
:10E02000D0F85130C1F80A30B0F85530CB81704784
:10E030007047F6F7A5BB80F87010704780F8241081
:10E0400080F8252070478278034612F0010002D044
:10E05000D978C90710D5900702D5D97889070AD58C
:10E0600012F0040008D0D878C0F3800080F00100DE
:10E070008000C0B2704702207047C0F34002C0F376
:10E08000800300F00100134418447047022808B5CB
:10E0900007D0042807D0012807D039212E20F2F715
:10E0A00071FA262008BD2720FCE72520FAE7002387
:10E0B000C0F80230012343700370704781707047CD
:10E0C00010B54270144601708078FFF7D6FF4843C0
:10E0D00004FB00F2FE2A03DD5C212E20F2F752FA47
:10E0E00010BD0023C37043710371704710B504461F
:10E0F000FFF7A9FF637962780133DBB29A4263715B
:10E100000CD1E3780022A17803436271DBB299421B
:10E11000E37001BF2379E27001332371BDE8104041
:10E12000FFF7B4BF38B504468078FFF7A6FF014675
:10E13000E078FFF7A2FF2378227965789B1A6B437A
:10E1400059436379C91A00FB1510C0B238BD0146A6
:10E1500008B58078FFF791FF4A780B78534358430E
:10E16000C0B208BD40F2EE20704740F25A33584327
:10E17000704738B50E38536814460D4693F886201C
:10E1800009283FD8DFE800F0053E3E3E0F3E173E2F
:10E190003E26042A05D12046FFF7C7F82046F5F7AA
:10E1A00099FC002038BD0F2AFBD120460021BDE894
:10E1B0003840FFF7DCBA1D2AF3D12046FFF7B5F847
:10E1C000002DEED0626892F8D83023F0200382F858
:10E1D000D830E6E793F88720232AE2D100252046AD
:10E1E00083F88750FFF7B4F8636893F82431012B64
:10E1F00003D129462046F4F75BF96368002283F8CF
:10E200002421CEE740F256213120F2F7BBF908B5C0
:10E2100090F80E31FE2B04D040F6B3013120F2F716
:10E22000B1F9002380F80E1180F80F3112B9A0F86F
:10E23000C42008BDA0F8BE30012380F8C230F8E742
:10E2400008B5436893F88720162A04D040F252514B
:10E250003120F2F797F91A2283F8872008BD08B514
:10E26000436893F88720312A06D1002283F887205B
:10E27000BDE80840FFF76CB8162A03D11A2283F8CC
:10E28000872008BD40F267513120F2F77BF9037D0A
:10E2900063B9C37BA3F11002032A07D990F8500099
:10E2A00028B11C2B8CBF0020012070470120704733
:10E2B00002464068097990F886301D2B14D00BD89F
:10E2C000042B13D00F2B13D090F88730232B0CBFC7
:10E2D0001720FE20F7F770B9282B0BD02E2B01D07A
:10E2E000212BF1D11620F5E71420F3E70E20F1E7FA
:10E2F0001220EFE72320EDE7024640680B4690F836
:10E30000D81041F0040180F8D81059791879F7F73E
:10E3100053B938B50C460546D1E90401F2F79EFD24
:10E3200094F8F70120280FD0FAF7C6FB94F8F7010C
:10E33000FAF76CFC94F8F701FAF7FEFA20B940F608
:10E340001D113120F2F71EF928460221BDE83840A0
:10E35000F2F7EABC0020704708B5F5F703F9BDE80D
:10E360000840F5F7C3BAF3F753B90022A0F88620A6
:10E3700080F88A2090F8AB3113B10221F6F7F4B897
:10E380000321FBE738B50446084694F8303213B150
:10E390000C25284638BD94F88730153B012BF7D85B
:10E3A00094F8543203F0FF05002BF1D191B194F8A9
:10E3B000C63123B940F699213120F2F7E3F805235D
:10E3C00004F1F00204F5DB7100F013FA012384F884
:10E3D0003032DEE70223FAE7F5F738B908B5F8F787
:10E3E0007FFBF8F741F9F7F7D1FEBDE80840F7F7F2
:10E3F000B3BFC82108B5F7F767FF022807D1013975
:10E4000011F0FF01F7D1EB213B20F2F7BBF8431EDF
:10E410005842584108BD10B5F8F784FB0446FAF796
:10E420000FFC201841F1000110BD19B943780BB160
:10E43000C3788370704710B504460846F8F78EFF1E
:10E440004FF47A73B0FBF3F0201A10BD10B50446F8
:10E450000846F8F783FF4FF47A7200F2E733023C84
:10E46000B3FBF2F3E01A10BD08B5FCF7F7F9BDE80D
:10E47000084000F038B8801A00F3070038B50D46A0
:10E48000144659B240B2FAF741FF002328702044E5
:10E490006B7040B238BD00230360704770470020A6
:10E4A00070474FF0FF3070474FF0FF3070477047B4
:10E4B0004FF0FF3070470020704700207047002366
:10E4C000037070479DF800300022FFF7D4BF4FF073
:10E4D000FF307047002070474FF0FF3070474FF01B
:10E4E000FF307047704770470020FAF777BF002071
:10E4F000FBF778B80020FBF789B80020FAF76EBF69
:10E500007047FBF7CFB8FBF7E1B8FBF7D1B838B5E8
:10E51000054691F82B000C46FAF70EFA18B9F621C9
:10E520006A20FBF795FF002309212846238584F8FC
:10E530002A30236A984718B103780BB1FA21EFE724
:10E5400038BD426A08B5034611441A78A1F1960015
:10E550005962012A06D1FAF7C9FB40B9DA216A20CB
:10E56000FBF776FFFAF7C2FB08B9DF21F7E708BD32
:10E5700070B50024FBF7B4FE05462646E0B285429E
:10E5800000D870BDFBF7B2FE0134068580F82A6022
:10E59000F4E7F8B504460D460027FBF7A1FE064652
:10E5A000F8B2864204D8082D0CD96FF0150008E0A7
:10E5B000FBF79CFE90F82A300137002BF0D04FF08B
:10E5C000FF30F8BD2CB129462046BDE8F840FBF7E6
:10E5D00099BE21462046F8E710B50446FBF786FEB3
:10E5E000014688B190F828308BB990F82A3073B181
:10E5F000013B012B04D82046FFF789FF002010BD06
:10E60000012380F82830F9E76FF00100F7E76FF099
:10E610002200F4E770B50D46FBF768FE04460028BB
:10E6200048D090F82A60731E012B49D8002D44D0A1
:10E630002846FBF727FC00283FD02B78FBB90123A5
:10E6400023702B79003B18BF012363726B79002B79
:10E6500014BF042302232372AB68A5336360EB6805
:10E6600023610323214694F82B0084F82A30FAF71B
:10E67000F1F940BB40F2E2216A20FBF7E9FE022EED
:10E680001ED1002323702B79003B18BF0123637236
:10E690006B79002B18BF04262672EB68A968A53396
:10E6A0006360D4E906325B1842EBE172C4E90432DC
:10E6B0000423D7E76FF0010070BD6FF01500FBE792
:10E6C0006FF02200F8E70020F6E7F8B5037904467A
:10E6D0001BB11B219D20FBF7BBFE4679017126B9BA
:10E6E00001234371217909B96171F8BD276820467A
:10E6F0002671B84702280546F4D103212046B847C1
:10E7000008B12F21E6E723682946204698470028CC
:10E71000E8D03021DEE703460068884204D109B121
:10E720000A681A600846704728B97047884202D1C3
:10E730000A681A60F6E7034600680028F6D17047B9
:10E7400001F11003013813F8012D8B4200F8012F5D
:10E75000F9D170472DE9F04713F0010F8EB0044650
:10E760000D4617469A46DDE9168924D006A8FFF71C
:10E77000E7FFA30735D002AA04F11005206808348A
:10E7800054F8041C1346AC4203C31A46F6D106AD36
:10E7900002AC1AF0020F4346CDF8009023D0294670
:10E7A00020460AAAFBF7FCFE0AA93846FFF7C8FF75
:10E7B0000EB0BDE8F08713F0040F0DD106AB0E4686
:10E7C00001F1100C1D463068083656F8041C1A4634
:10E7D000664503C21346F6D1214602A8FFF7B0FFF3
:10E7E000D6E706ADD5E73A4629462046FBF7D8FEE0
:10E7F000DEE713B50024CDE90044FFF7ABFF02B01C
:10E8000010BDFCF707B820BF704720BF704791428A
:10E81000F8B503D373219620FBF71AFEB2FA82F300
:10E820003BB1C3F1200499409A4020FA04F4984087
:10E8300021434FEA124C93B2040C87B2B1FBFCF5B2
:10E840000CFB151E05FB03F64FEA0E4E0EEB1040B7
:10E85000864205D9361A964294BF01260226AD1B80
:10E8600004EB0141280405FB1211B1FBFCF40CFB85
:10E870001411634307EB0147BB4205D9DB1B9342ED
:10E8800094BF01230223E41A2043F8BD2DE9F0418F
:10E890001D4607460C46164652EA050303D1A6213B
:10E8A0009620FBF7D5FD85B9914204D2FFF7AFFF63
:10E8B0002946BDE8F08108462946FFF7A8FF05462E
:10E8C0003246384606FB1541F0E7B5FA85F80123D4
:10E8D000400803FA08F3C8F11F0840EAC470A3FB1C
:10E8E0000212610803FB0522FFF791FF30FA08F0DE
:10E8F0004FF0000102D0013861EB010100FB05F38C
:10E90000A0FB062C06FB0133BF1A634464EB03042F
:10E91000B742AC41CDD3013041F10001C9E7F0B5B8
:10E92000C9B20446A30726460ED14FF0013522F0A6
:10E9300003034D43E718BC420CD1334402F00302F9
:10E940001A44934209D1F0BD002AFCD0013A04F8E0
:10E95000011BE7E744F8045BEDE703F8011BF0E770
:10E9600000280CBF6FF01500002070470020704792
:10E970000723037000207047002070470020704775
:10E9800010F8012B11F8013B012A28BF9A42F7D059
:10E99000D01A7047034611F8012B03F8012B002A07
:10E9A000F9D17047034613F8012B002AFBD1181A3E
:10E9B00001387047430803F05533C01A00F0333371
:10E9C000800800F0333018444FF0013300EB101092
:10E9D00000F00F305843000E70472DE9F04786468F
:10E9E0008C460846089E154674461946002B40F092
:10E9F000C1808542B2FA82F245D94AB1C2F1200300
:10EA000000FA02FC954094402EFA03F343EA0C0C02
:10EA10004FEA154EA8B2230CBCFBFEF80EFB18CC37
:10EA200008FB00F943EA0C43994528D9EB1808F193
:10EA3000FF3704D2994502D9A8F102072B44A3EB72
:10EA40000903A4B2B3FBFEFC0EFB1C330CFB00F06D
:10EA500044EA0344A04214D92C190CF1FF3304D228
:10EA6000A04202D9ACF102032C44241A43EA074025
:10EA70001EB1D440002334607360BDE8F087474680
:10EA8000DDE76346F1E792BB431B01214FEA154ED8
:10EA9000AFB2200CB3FBFEFC0EFB1C330CFB07F8E3
:10EAA00040EA0343984561D9EB180CF1FF3004D2DA
:10EAB000984502D9ACF102002B44A3EB0803A4B2A1
:10EAC000B3FBFEFC0EFB1C330CFB07F744EA0344CC
:10EAD000A7424DD92C190CF1FF3304D2A74202D919
:10EAE000ACF102032C44E41B43EA0040C0E7C2F14E
:10EAF00020039540944020FA03F12EFA03F34FEAE5
:10EB0000154E9040AFB20343B1FBFEFC0EFB1C1050
:10EB1000190C0CFB07F841EA0041884522D9691815
:10EB20000CF1FF3004D2884502D9ACF1020029442F
:10EB3000A1EB08019BB2B1FBFEFC0EFB1C110CFB10
:10EB400007F743EA01439F420ED9EB180CF1FF315E
:10EB500004D29F4202D9ACF102012B44DB1B41EAF3
:10EB6000004193E76046E3E76146F7E76046A4E7C4
:10EB70006346B8E7834206D916B9002108467CE708
:10EB8000C6E900E0F9E7B3FA83F78FB9834201D30E
:10EB9000724508D8BEEB020460EB030301209C46DB
:10EBA0001EB9002169E73846FAE7C6E9004CF8E7E4
:10EBB000C7F1200CBB400EFA07F522FA0CF42EFA2E
:10EBC0000CF1BA401C4320FA0CF3B8404FEA144948
:10EBD00001431FFA84FEB3FBF9F809FB18300B0C54
:10EBE00008FB0EFA43EA00439A4540D9E31808F1BE
:10EBF000FF3004D29A4502D9A8F102002344A3EBC6
:10EC00000A0389B2B3FBF9F809FB183308FB0EFEBF
:10EC100041EA03418E452CD9611808F1FF3304D233
:10EC20008E4502D9A8F10203214443EA0040A1EB3A
:10EC30000E01A0FB02984145CE46434602D306D1C1
:10EC40004D4504D20138B9EB020E68EB0403002EE7
:10EC5000A7D0B5EB0E0261EB030101FA0CFC22FA1E
:10EC600007F3F9404CEA0303C6E9003199E740464F
:10EC7000C5E74346D9E700002DE9F04704460F46B3
:10EC8000164688B030F0BCFA4FF47A75A0FB050C3C
:10EC900047F6122205FB01C10023FCF799FA012F68
:10ECA00080460D4607D102460B462046264928F0ED
:10ECB000ABFB002011E0766824483146FFF760FE88
:10ECC00070B131462248FFF75BFE48B1204632461C
:10ECD000204928F0B5FB6FF0040008B0BDE8F087CC
:10ECE000404617A3D3E900232946FCF721FA06463C
:10ECF0000D4610461946184A0023FCF719FA8046BB
:10ED00000F46104619464EF660220023FCF710FA13
:10ED100082468946104619464FF47A720023FCF762
:10ED200007FACDE902A9CDE90623CDE9040132466F
:10ED30002B462046CDE90087084928F065FBB8E757
:10ED4000005C2605000000008DBA04009EBA040095
:10ED5000A1BA0400AABA040080EE3600C2BA0400C8
:10ED600000222DE9F04184B0114640F6034002AF85
:10ED70000AF090FA044600285AD109F007FF21460C
:10ED800041F203003A1D0AF085FA044600284FD1EB
:10ED90007A68BF4DD16805F17803D1F80100D1F848
:10EDA000051003C3104606F0D1FB214641F20100D5
:10EDB0003A1D0AF06FFA0446002839D17868C36812
:10EDC0005A7885F870205A88A5F872201A7985F843
:10EDD0007120B3F80720A5F87420B3F80530A5F822
:10EDE000763006F0B3FB214641F202003A1D0AF0EC
:10EDF00051FA0446E0B9D7F804C005F18006DCF802
:10EE00000C20531C4132344618685968083303C437
:10EE100093422646F7D1604606F098FB95F87C3081
:10EE200059060FD49B4803685A0706D16FF01204A5
:10EE300020460837BD46BDE8F0810121964A2AF0F8
:10EE400069FBF3E7002142F203003A1D0AF022FABF
:10EE500004460028ECD17A68904BD168D1F80100C3
:10EE6000D1F8051003C3104606F070FB214642F2AC
:10EE700002003A1D0AF00EFA04460028D8D17E6836
:10EE8000F468B4F801309AB2B2B1E278A2B1A5F850
:10EE90000431E378032B0AD07E48026812F0060F93
:10EEA00005D00322022100927D4A27F00FFFE2786D
:10EEB0007C4811462FF018FF304606F047FB1F2311
:10EEC00095F87C60A5F8203116F0200619D14FF096
:10EED000FF304FF0FF3109F079FE0446002800F0C2
:10EEE000C58002210C3029F03BFE0123214603702E
:10EEF0004670324640F66D400AF0CCF904460028D0
:10EF000096D195F89C301B0712D5002142F21C00C7
:10EF10003A1D0AF0BFF90446002889D17868C36811
:10EF2000D3F80120D3F80530C5E9382306F00EFBED
:10EF300095F8D8309E0623D53846B91C0AF08CFACD
:10EF4000044600287FF474AF4FF0FF304FF0FF31DC
:10EF500009F03CFE0646002800F0888004210C30B1
:10EF600029F0FEFD3B88224603807B8831464380A2
:10EF700042F224000AF08EF9044600287FF458AFCC
:10EF800095F8D8305C0610D5002142F22A003A1DCF
:10EF90000AF080F9044600287FF44AAF7868C36815
:10EFA0005B7885F8223106F0D1FA4FF0FF304FF050
:10EFB000FF3109F00BFE0446002857D008210C3021
:10EFC00029F0CEFD95F8D81040F2022311F0400F41
:10EFD00008BF0323024688074CBF43F02C0043F0D0
:10EFE0000C0095F8D9308E0648BF40F0400013F071
:10EFF000090F18BF40F40060CB0748BF40F0100075
:10F0000000212AF0A1FA2146002242F201000AF072
:10F0100041F9044600287FF40BAF95F87C30B5F831
:10F0200004119E0625D4C9B941F205003A1D0AF023
:10F0300031F9044600287FF4FBAEB5F804317C6852
:10F040004BB9E368B3F80120A5F804219A88154864
:10F0500011462FF049FE204606F078FA4FF0FF30B7
:10F060004FF0FF3109F0B2FD0446F8B96FF06804C3
:10F07000DEE60029F2D1074803685C0702D16FF091
:10F080000404D5E60121084A2AF044FAF7E700BF54
:10F09000F803002008100020D0E40400D004002071
:10F0A000F4E40400000500203AE5040008210C30D7
:10F0B00029F056FD95F8D8300246D9072ED44FF0E6
:10F0C00000516F482AF040FA2146002240F60140E4
:10F0D0000AF0E0F8044600287FF4AAAE01463A1D83
:10F0E0004FF601400AF0D6F8664CD8B1236813F009
:10F0F000060F04D002212046634A2AF00BFA0BF0D7
:10F100000DF8044600287FF493AE0CF0C9FC0446C9
:10F1100000287FF48DAE09F057FE89E656A1D1E9AB
:10F120000001CFE77B68DE68236803F00703022B4A
:10F1300068D9B6F80130E846032B98BF534A8AB025
:10F1400094BF52F82310524902AAD3614FF40073BE
:10F1500050481384504BC2E9050142F8103F4FF468
:10F16000135148482AF0E5F92368C54603F0070320
:10F17000022B47D9B6F80120B6F80330022A55D140
:10F18000052B53D8454A52F82310E8468AB002AA04
:10F19000D3614FF40073424813843F4BC2E9050129
:10F1A00042F8103F4FF4135136482AF0C2F9236851
:10F1B000C54603F00703022B24D9737996F806E0BD
:10F1C000032B98BF374AB6F807C0D6F809006E4639
:10F1D0008CB094BF52F823102D4902AAC2E9073E11
:10F1E0004FF40073DFF8C0809385304BC2E905818E
:10F1F000C2E909C04FF47351224842F8103F2AF087
:10F2000098F9B546786806F0A1F900214FF602405A
:10F210003A1D0AF03FF8064650B1236813F0060F76
:10F220003FF46DAF224A0221164866E71849ACE761
:10F230007868C368B3F80130A5F8C13006F086F9E4
:10F2400095F8C1305B077FF55AAF31464FF6034062
:10F250003A1D0AF01FF830B1236813F0060F3FF48F
:10F260004EAF144ADFE77868C3685B7885F8C03032
:10F2700006F06CF943E700BF908800020080002090
:10F2800010880002081000205DE50400707704007B
:10F29000D8E2040081E5040004000001587704006E
:10F2A0009AE5040048770400B2E504000700000175
:10F2B000DFE5040008E6040037B50024164D6FF0C2
:10F2C00009034FF4806228461449009419F042FF64
:10F2D000134928461AF01AF8124913482FF087FDEF
:10F2E000224604211C2005F065FC01220F4BD3E8C7
:10F2F000EF1FC3E8E02F0028F9D105A3D3E90023CD
:10F3000028460B4919F066FF204603B030BD00BF08
:10F31000389C1C0000000000C8400020B8BE00203F
:10F32000A309050085C603002C520020F8510020D7
:10F33000A00600200000000010B50B4BD3E8AF3F43
:10F3400053B1FAF7F5FC06A3D3E90023BDE810405A
:10F350000649074819F03EBF10BD00BFAFF300805B
:10F36000389C1C0000000000F8510020A00600207E
:10F37000C8400020000000002DE9F04F012984461C
:10F380008E4687B064D8002942D033A3D3E9002346
:10F3900033A7D7E9006734A5D5E900450FF2D00BB4
:10F3A000DBE900AB34A1D1E90001CDE9042334A3AA
:10F3B000D3E90023CDE9002333A3D3E90023CDE92A
:10F3C000022333A3D3E900234FF000084FF00009D4
:10F3D000CCE90A01DDE90401CCE90C01DDE9000119
:10F3E000CCE90E01DDE90201CCE910010020CCE9F5
:10F3F0000089CCE90289CCE90467CCE90645CCE96F
:10F4000008ABCCE91223CCF8D0E007B0BDE8F08F10
:10F4100021A3D3E9002322A7D7E90067CDE904237C
:10F4200021A5D5E9004522A3D3E900230FF2880BDB
:10F43000DBE900ABCDE9002321A1D1E9000122A342
:10F44000D3E90023CDE9022321A3D3E90023BBE7BD
:10F450006FF07400D9E700BF310BC0FF6726336738
:10F46000D89E05C15D9DBBCB07D57C362A299A6203
:10F4700017DD70305A01599139590EF7D8EC2F1514
:10F4800011155868874AB48EA78FF9640D2E0CDBCE
:10F49000A44FFABE1D48B547D182E6AD7F520E514A
:10F4A00008C9BCF367E6096A3BA7CA8485AE67BB97
:10F4B0001F6C3E2B8C68059B2BF894FE72F36E3C00
:10F4C000F1361D5F3AF54FA56BBD41FBABD9831FEC
:10F4D00079217E1319CDE05B70B5284B9CB01B7869
:10F4E000002B37D0012305930DF10A030225069363
:10F4F00040F60C030795ADF82030214804A9866832
:10F5000073689847044638BBBDF90A3032892846EB
:10F51000534303A9039310F027FB0446E0B9BDF958
:10F520000A3060210093039B164A1B1304A826F09F
:10F530003FF804A8FFF736FA4FF0FF3103464FF0CB
:10F54000FF3004AACDE9000132210F4811F0DCFFA1
:10F550001CB070BD6FF012040C48036813F0060F66
:10F5600004D0022123460A4A27F0A6FB2346602145
:10F57000084A04A826F01CF8DBE700BF405A002028
:10F58000FC590400D0B0040039B1040088100020F8
:10F59000FFB0040020B1040010B504460E48036813
:10F5A00003F00703022B04D9032123460B4A27F05B
:10F5B00083FB0B4B1A691268D20748BF84F0010421
:10F5C00034B19B68DB68012105489847002010BDD5
:10F5D0009B681B69F7E700BF8810002043B1040057
:10F5E000945804002DE9F04184B0904D00AF2B6891
:10F5F00003F00703022B1AD9032128468C4A26F070
:10F6000099FB2B6803F00703022B10D90123032178
:10F610002846884A27F050FB2B6803F00703022B8B
:10F6200005D9012303212846834A27F045FB00F032
:10F63000B7FB0446F8B9C7E90100F860381D00F0CF
:10F6400011FA044648B12B68590714D003467B4A87
:10F650000121764827F030FB0DE000F0AFF92B6870
:10F66000F86068B95A0704D00121754A6F4826F03E
:10F6700061FB6FF0010420461037BD46BDE8F08104
:10F6800003F00703022B04D903216E4A674826F0D2
:10F6900051FB381D11F034FD2B68044620B15B0787
:10F6A000E9D0694A0346D3E703F00703022B04D9E4
:10F6B0000321664A5D4826F03DFB4FF4D0116448B3
:10F6C00026F017FB002808DA2B6813F0060F04D089
:10F6D0000221604A554826F02DFB2B6803F00703F2
:10F6E000022B15D96C468AB06A465B4B4FF4007109
:10F6F00053615A4B11841B68594993610023D361AC
:10F7000042F8101F4FF41351484801F09BFEA546E4
:10F710004FF48031534826F0ECFA002818DA2B68B1
:10F7200013F0060F04D002214F4A404826F002FB96
:10F730004E4C20462FF025F9002847D12B6813F0B6
:10F74000060F53D002214A4A384826F0F3FA4DE01A
:10F75000424CA6682369D6F81880B8F1000F18D07B
:10F760001B684FF0A07213F0010F14BF4FF000732D
:10F770004FF0806300212046C04760B901223D4917
:10F780003D4B8A604B60F369002BD1D020469847EF
:10F79000CEE76FF057002B6813F0060FC8D0236830
:10F7A0006C468AB06A463549D361C2E9051040F219
:10F7B0000131002391843249136242F8101F4FF443
:10F7C00032511A4801F03EFEA546B1E7A368204633
:10F7D0001B682C4998470346E0B12A6812F0060FCF
:10F7E00004D00221284A114827F066FA00F0FEFAF8
:10F7F000044600287FF43FAF2B6803F00703022B79
:10F8000004D90321214A094826F094FA012000F086
:10F810008DFA30E701221E4B1A702B6803F00703A4
:10F82000022BE3D903211B4A8EE700BF881000207A
:10F830005CB1040088B10400A3B10400CCB10400A1
:10F84000F0B104000BB204001EB2040039B204008F
:10F85000246F04004BB2040064B204004458040056
:10F86000040000011C6F04007FB20400FC59040076
:10F87000D0B2040050450020315D03009BB204006B
:10F88000050000010E6F0400F4B204004CB3040044
:10F89000405A002029B3040000B5C3B069460B48A4
:10F8A00006F010FA811C034603D1084806F07AF9E5
:10F8B00003463BB106480268520703D00121054ABE
:10F8C00027F0FAF943B05DF804FB00BF65B304000C
:10F8D0003C10002077B304002DE9F047064684B0C1
:10F8E00000AF8946FFF7D8FF304626F025FA041E00
:10F8F0002CDD05F081FCA2460546002853D04FF0D0
:10F90000000801223146381DC7E9018887F80C80BC
:10F9100005F0FEFE0446F0B1244803685A0712D0F1
:10F92000E9468AB06A46224BD461C2E905364FF4F3
:10F93000007313841F4B42F8103F4FF4115143469C
:10F9400001F080FDCD46284605F070FC20461037BA
:10F95000BD46BDE8F08752462946381D05F088FFB0
:10F96000041E1DDA114803685B0712D0E9468AB00D
:10F970006A46114BD461C2E905364FF40073138413
:10F980000C4B42F8103F4FF41151434601F05AFD21
:10F99000CD46284605F04AFC381D05F04BFFD5E75B
:10F9A000C9F80050F8E76FF00B04CFE73C100020D7
:10F9B0009CB3040004000001B7B3040030B591B05B
:10F9C000224805A9FFF788FF041E3DDB07A8059D17
:10F9D00030F03EF800231E4A2946CDE9003202935A
:10F9E000224607A81CF0B8FC014678B11948036804
:10F9F0005C0704D0184A4B42012127F05DF900242E
:10FA0000284605F013FC204611B030BD1A220DF136
:10FA1000260035F05EFD114B06AA0C9347F2121337
:10FA2000ADF824304FF4804309A907A80B931DF0CB
:10FA300087F8034630B1074802685207DFD0084A0A
:10FA40005B42D9E7069CDBE70024DCE7D2B3040085
:10FA50003DFA03003C100020ECB304000000020952
:10FA600007B4040013B5044601A90548FFF734FFA5
:10FA70000028A2BF019BC4E90030002002B010BDE5
:10FA80002BB4040008B501F037FB054803685B0799
:10FA900003D00121034A27F006F9012000F082FE7D
:10FAA0004C10002045B4040070B5054616461C46AF
:10FAB00069B9214827F0D0FA48B1204803685907AE
:10FAC00038D01F4A0121BDE8704027F0ECB823462A
:10FAD00032462946184827F063FA034648B11748CA
:10FAE0000268520726D0BDE870400121154A27F070
:10FAF000E3B8FCB101202BF0BDFB03460F4823B156
:10FB000003685B0716D0104ADCE7036803F00703BD
:10FB1000022B03D903210D4A27F0C5F801F074FA2E
:10FB200004460028FAD10021094819F0E5FF2046D3
:10FB300000F038FE70BD00BF5C450020641000205E
:10FB400062B404007DB404009AB40400B4B40400A8
:10FB5000366E010009B9014B1860704788470020D4
:10FB60000022024B02481A6019F0EEBA88470020C2
:10FB7000C00700200023024A024819F055BB00BF0D
:10FB8000688909006803002070B503788AB00446CC
:10FB90000E4607AD032B20D8DFE803F002191B1D2A
:10FBA00011492846FEF7F6FE059563781E21049359
:10FBB000A37830460393E3780C4A029323790193A8
:10FBC00063790093A37925F0F3FC0AB070BD08496E
:10FBD000E7E70849E5E70849E3E70A212846074A35
:10FBE00025F0E6FCE0E700BFDFB4040001B5040047
:10FBF000E6B40400EDB40400F7B4040073F70400A5
:10FC0000B0B50C468AB000AF07F108052AF02FF80E
:10FC10002946FFF7B9FF2346072138460E4A25F04B
:10FC2000C7FC0E48036803F00703022B11D96C468A
:10FC30008AB06A460A4BD761C2E90535094B13629F
:10FC4000094B42F8103F00234FF4235101F0FAFB17
:10FC5000A5462837BD46B0BD24B504004810002095
:10FC600029B50400000201030400000290B589B028
:10FC700000AF29F0FCFF3946FFF786FF0D48036807
:10FC800003F00703022B11D96C4688B06A460A4B71
:10FC9000C2E905374FF400739383084B42F8103FD5
:10FCA00000234FF4E65101F0CDFBA5462437BD46B5
:10FCB00090BD00BF481000203CB5040003000001C7
:10FCC000B0B50C468AB000AF07F1080529F0CFFFA8
:10FCD0002946FFF759FF2346072138460E4A25F0EB
:10FCE00067FC0E48036803F00703022B11D96C462A
:10FCF0008AB06A460A4BD761C2E90535094B1362DF
:10FD0000094B42F8103F00234FF4235101F09AFBB6
:10FD1000A5462837BD46B0BD24B5040048100020D4
:10FD200052B504000002010304000002074AD37820
:10FD300040B143F00103D370002303211A46044865
:10FD40000AF03CBB03F0FE03F5E700BFF50E002010
:10FD5000D007002010B50E4C0E482268036862B12F
:10FD600003F00703022B03D903210B4A26F09BFF64
:10FD70002068BDE8104029F0A9BF13F0060F05D098
:10FD8000BDE810400221054A26F08DBF10BD00BF1E
:10FD900088470020481000206DB5040080B504009D
:10FDA00010B5002009F0ACFB044650B10B480368C5
:10FDB0005A0704D023460A4A012126F07DFF204637
:10FDC00010BD08480BF052FE04460028F7D0034847
:10FDD00003685B07F3D0044A2346EDE74810002090
:10FDE000AAB50400A8070020C9B5040030B50A4A26
:10FDF00089B0D378094D23F0010303ACD3700FCD44
:10FE00000FC42B680322236000230549009303A835
:10FE10000AF0ECFA09B030BDF50E002020680400AD
:10FE2000D007002010B5FFF7E1FF034648B10748AF
:10FE30000268520709D0BDE810400121044A26F0AB
:10FE40003BBFBDE81040FFF795BE10BD4810002035
:10FE5000F4B504002DE9F04F91B0009302F00403D3
:10FE60000293C2F3C2030133840705460E46DDF850
:10FE700068800392059340F0BB81041D30B10729CF
:10FE800009D86FF01B0011B0BDE8F08F01F0070634
:10FE90003444C6F10806009B4FF000094FF0040AF5
:10FEA000591E4FF0FF334F460193CB465346CDF8D2
:10FEB00010900DB1009A22600598002800F3E880A8
:10FEC0009848009A824203D397488242C0F0E0806B
:10FED000039AA4EB050E92074FEA9E0000F10381FE
:10FEE0000F2F00F2B180002D00F0058107F14002D4
:10FEF0000DEB020C019A0CF8200C0CF8102C049855
:10FF000001300490E7E07A285DD84B280ED84728C6
:10FF100059D829282DD8252852D054D820287AD02D
:10FF20002338D0F1000B4BEB000B74E04C382E283B
:10FF300049D8DFE800F070484848484848484848F1
:10FF400048484B484848484848484859484B4B5906
:10FF50005959704B6D487048184B184848827F4B70
:10FF600048484B487F0000204FF0000B4FF0040A38
:10FF700038E001222A38C0B202FA00F010EA0E0F6F
:10FF800049D110F0625C2FD110EA020B43D06046D9
:10FF9000013C5444B4FBFAF40AFB04F4002D61D094
:10FFA000A3EB050CA444B4453FF66BAF002868D121
:10FFB000042B47D158F8043B2360042304342AE07F
:10FFC000019A013A01924FF0000B24E011F8010C64
:10FFD0006C2834D1002011F8023C83466C2BC5D12B
:10FFE0004FF0080A5346D3E708F1070828F007083E
:10FFF000073424F00704F8E802AB35B10698204432
:020000021000EC
:10000000B0423FF63EAFC4E900AB4FF0000B0834FE
:100010004FF0080A534611F8010F002878D0BBF1C1
:10002000000F7FF470AF2528F5D14FF0010B019B35
:10003000013301934FF0040AECE7584694E700209F
:100040008346A5E7082B02D06FF015001BE708F1E7
:10005000070828F00708F8E80223C4E9002308236A
:100060000834D8E768B9042B02D108F10408A4E7E2
:10007000082BE9D108F1070828F0070808F108085B
:10008000EDE7059A013A059258F8042B009210E723
:10009000039A900720D54FF0010CA4EB050E4FEA10
:1000A0009E00BEF5007FCFD20F2FCDD8F5B107F15E
:1000B00040020DEB020E019AC0B20EF8200C0EF8B1
:1000C000102CBCF1000F3FF41AAF60F07F000EF867
:1000D000200C09F101090137C5F108024FF6DA7E5B
:1000E0000434069297E74FF0000CDAE7BCF1000FFA
:1000F00001D00136EFE7029802360028EBD10098D4
:10010000CDE90631FEF74EFCDDE906310644E2E7B3
:10011000631BB3F5806F97D245B9A6F10804E018C8
:10012000B1E600BFCC560400B8120500029A9B0845
:1001300028602B709DF81030C2B1EB7085F80290EA
:10014000B9F1000F05D0002208A8C5F1010C9742B3
:100150000ED14FF0000AC5F101030DF12008019303
:100160000DF1300B574512D1601B8CE66B70E5E743
:1001700010F8013B190608D50CEB040EB64503F048
:100180007F033FF67EAE04F8013B0132DFE7B9F1B1
:10019000000F03D098F90020002A17DB029BD3B18F
:1001A0001AF80B2004F8012B0022019B18191044A7
:1001B000B0423FF666AE98F80000009904F8010BD3
:1001C0002046039235F05EF9039A14440AF1010ABD
:1001D00008F10108C6E798F8002055F8223000938E
:1001E000029B009845F82230FEF7DCFB421CDCE75E
:1001F0006FF00D0047E600BF2DE9F04F97B000AF5C
:10020000D7F880B03B62CBF3C0030446894690F830
:1002100002A0FA62BB6141B9457800780AEB800020
:1002200020444D4517D8A0EB0409E378FB61BAF1EF
:10023000000F02D01BF0010F16D1FB6953BBFB6A04
:100240001BB1494620463A6A98474D4628465C37D6
:10025000BD46BDE8F08F461C3046FEF7A3FB0130DB
:10026000304409F10109DCE7626823787A62FA6AAE
:100270009900796104EB8301002A40F005810E4664
:100280004FF000084D4601EB0A094E4550D101EBF5
:100290000A0610E01BF0020FD1D023789A007A6191
:1002A000626804EB83017A62FA6A002A7BD14D46C8
:1002B000904601EB0A061BF0050F0CBF0223012339
:1002C000FB62FB6906EB430A0BF00203BB62564577
:1002D000BCD016F8021B16F8013C54F823909B4B37
:1002E000994502D39A4B99453AD3BB69002B44D028
:1002F000786A25F051FF00283FD09648036813F034
:10030000060F13D0E9468AB06A46934B53617B6A65
:10031000C2E906314FF400731384904B42F8103F4A
:1003200000234FF4125101F08DF8CD46023DCEE787
:1003300016F8013BF96254F82300FEF733FBD7F8B7
:100340008430F96A01304BB1D7F8883098453EBF08
:10035000D7F8843023F8180008F10108054494E721
:10036000BB6923B1786A25F017FF0028C5D11BF0BF
:10037000010F05D1FB6AED1AA9E7BB6A002BA6D0D5
:100380004846FEF70FFBD7F8843053B1D7F88830D2
:1003900098453FBFD7F88420431C22F8183008F155
:1003A0000108054493E7BAF1000F73D01BF004066F
:1003B00073D0D046002607F1480052463B61B9622F
:1003C00035F060F8B96A3B6901EB0A02BA62FA6972
:1003D000F9695200FA60BA6A02EB41023A610BF025
:1003E0000202BA603A69B96A8A4258D162781BF04F
:1003F000020F18BF00217A6208BF4FEA5801B218F5
:100400001BF0010FD2B240F09F801BF0040F14BF0D
:1004100040460020BB616270A070E17020463A6ADD
:100420007969FB6A9847051EFFF610AFBB69414624
:1004300023707B6A3A6A6370FB6984F802A0E370F8
:1004400007F14800FB6A9847B0F10008C0F2BA8093
:100450007B69A9EB0A01C91AFB683A6AC91AD7E98C
:100460000A0398470028C0F2AF804FF0000BA84461
:1004700008EB000507F1380AB34571D300213A6A49
:100480000846FB6A9847E1E656464FF0000807F138
:10049000380092E75646D04696E7B04694E7BA6AE7
:1004A00012F8021B12F8015CBA6254F82500274AC0
:1004B000904202D3264A90421ED3BA6932B1786A7A
:1004C0007B6025F069FE7B6800288BD1BA6802BB8F
:1004D00008F1280207F1300C08F10100944407F1FB
:1004E000580208F1020852FA80F00CF8101C5FFA6A
:1004F00088F800F8105C75E7BA693AB1786A7B60F1
:1005000025F04AFE7B6800287FF46CAF1BF0010FDA
:1005100009D006F1280207F13000711C161806F800
:10052000205CCEB25EE71BF0040F3FF45BAF08F136
:10053000280207F1300008F1010102EB000808F879
:10054000105C5FFA81F84DE7002063E7CC560400A9
:10055000B81205002C10002039B604000400000178
:100560001BF80A3054F8239087F83730D7F88430D6
:100570002BB3D7F888309B4521D2D7F8843033F895
:100580001B8001213A6AFB6A07F13700984700286F
:100590001ADB0544B8F1000F06D14846FEF702FA0F
:1005A00000F101081FFA88F8414648463A6AFB6A9A
:1005B0009847002808DB05440BF1010B5CE74FF07E
:1005C0000008DEE7454641E605463FE670B51F4BAD
:1005D00082689A4215DDD0E90016013392FBF3F3ED
:1005E000012976F100054FEAE3741CDAC91844EBDF
:1005F0000604C0E90014164901FB032383600120AF
:1006000070BD002AFBDAD0E90041124E9B1A002986
:10061000B3FBF6F310DA01F100459C4275F10005D9
:100620000ADA0020ECE7CD439D426FF00045A5EBD0
:100630000605A541DADAF4E706FB0322E41A61F1C4
:100640000001C0E900418260D9E700BFFFC99A3BC1
:10065000003665C400CA9A3B30B50446EFF31185F5
:10066000402383F31288BFF36F8F044B0FCB84E8D2
:100670000F0085F31188BFF36F8F30BD602300201A
:1006800001281FB50C4605D004281ED06FF01500B8
:1006900004B010BD2EF0B4FD47F612220023FAF785
:1006A00097FD4FF4FA435A43C4E90001A26068463B
:1006B000FFF7D2FF6946204625F093FD18B90A4B93
:1006C0000FCB84E80F000020E2E72EF099FD47F6FB
:1006D00012220023FAF77CFD4FF4FA435A43C4E98F
:1006E0000001A260EFE700BF0068040001287FB5A9
:1006F0000D462ED18A68184B9A422AD82EF080FDDA
:1007000047F612220023FAF763FD6C46134B404272
:1007100002FB03F361EB4101CDE9000120460293A6
:10072000FFF754FF2946204625F05BFDEFF31186C5
:10073000402383F31288BFF36F8F94E80F00084DB6
:1007400085E80F0086F31188BFF36F8F002004B097
:1007500070BD6FF01500FAE7FFC99A3B0083FFFFF9
:1007600060230020014B1860704700BFE80700209D
:1007700080B505460E461746984619F00FFA03460F
:1007800034F09AFF0446DFF81890424649F80030EA
:1007900039463046A84754F8090004F08DF900BFE7
:1007A00008000000044608B5EFF31183402383F3EB
:1007B0001288BFF36F8F72B610F0E0FB204604F092
:1007C00029FF034825F041FD27F0D9FFFCE700BFD2
:1007D000EDB604002DE9F043079D15B91560002022
:1007E00012E00324B5FBF4F404EB4407BD4218BF48
:1007F0000134B4F1804F09D2A40001348C4200D8F6
:1008000038B96FF00B001460BDE8F0834FF0FF348F
:10081000F7E704460021DFF8B4E0B94203F1030C26
:1008200004F104062BD3A942274623D201F1010C7F
:10083000AC451F7828BF002324494FEAA70E38BFD4
:100840005B7811F80EE0AC4584F800E001EB131E74
:100850002EBF3D239B0003F03C034FEA071738BF30
:10086000CB5C07F030071EF80770A3703D2367705C
:100870003746E3700023381A10603B70AFE71CF86E
:10088000034C1CF8023C4FEAA4091EF8099024010D
:100890001CF8018C04F0300406F8049C0EEB1319CC
:1008A00019F804409B0006F8034C03F03C030EEBE0
:1008B0009814E35C08F03F0806F8023C1EF8083084
:1008C000344606F8013C03316346A6E796B70400B8
:1008D0002DE9F04300273C463D46DDF81CE0DFF8FB
:1008E000288175451FD3E4BB00201460BDE8F08368
:1008F0000136764533D013F806C0BCF1200FF7D08F
:10090000AEEB0609B9F1010FA6EB05050DD0BCF160
:100910000D0F0AD103EB060999F80190B9F10A0FFE
:100920006ED1751CDDE72E46E3E7BCF10A0FF8D067
:100930002DB9BCF13D0F05D10137022F0DD96FF054
:100940001500D3E71CF0800FF9D118F80C507F2D5B
:10095000F5D03F2D01D8002FF1D10134E1E7354624
:10096000C1E74FF0060C04F00706E4080CFB06F69E
:100970000CFB04F40736E41B04EBD60470B18C4284
:100980000CD80027014603263C46DFF87CE0DFF860
:100990007C801D449D4205D10C1AA5E76FF00B0029
:1009A0001460A3E713F8019BA9F10A0C5FFA8CFC11
:1009B000BCF1160F04D848FA0CFC1CF0010FE9D06A
:1009C0001EF809C00134BCF1400F08BF013E0CF015
:1009D0003F0C042C4CEA8717DCD17EB13C0C012E75
:1009E0000C7002D101310024D4E7022E4FEA172403
:1009F0004C7016BF8F7002310331F4E73446C9E7FB
:100A0000002DA2D09BE700BF16B70400F6FFBFFF82
:100A10002DE9F84340F26C7344690569E11701352B
:100A2000E41841F10001022D8CBF00230123E41AD8
:100A3000C76861F100010029064607F1FF374EDA69
:100A40006FF4C7704FF4C8720023201861F10001E1
:100A5000FAF76EFB244B4FF03C0E03FB0044D6E943
:100A600000834FEAE37C99466346022D02468CBF21
:100A70006FF002000920B6680544C6FB0E93A9FB7F
:100A80000EC60EFB036640F26D1E9920A3080EFBF6
:100A900004333B44642745430520B4FBF7F4023597
:100AA000B5FBF0F51B1B114C1CEB080CA2FB042042
:100AB00004FB01012B4446EBE87698180C4A41F1FF
:100AC000000380180B4A63F10003A0FB020102FB44
:100AD000031110EB0C0041EB0601BDE8F8834FF465
:100AE000C87200232046B3E770FEFFFFB13A020050
:100AF0009405F5FF8051010010B5FFF789FF002430
:100B0000024634F0D9FD0B460249445010461946BE
:100B100010BD00BF0C0000002DE9F047058B044616
:100B20002807904611D4022905F0070540F0CC8033
:100B3000204625F060FE78B10138218B042811D8B9
:100B4000DFE800F0C2106D85950001290CBF45F06B
:100B5000100545F02005258388F31188BFF36F8FBA
:100B6000BDE8F08701F0070AAA4500F0A58000273C
:100B7000B9463E46A368002B00F0BC8041F0080156
:100B8000218388F31188BFF36F8FA168002900F0DB
:100B9000BA800D68002900F0B680334652462046E0
:100BA000D1F80480C047002D76D02B6829461D4619
:100BB000F0E701F007035A1F012A1BD8002221F099
:100BC0000701062B276889B2C4E9002209D13B46F8
:100BD00003E0628B013262831B68002BF9D141F084
:100BE00002012046218325F006FE00287AD041F03C
:100BF000200176E0042B0AD121F0070189B22046BA
:100C0000218325F0F8FD10B141F020012183218BD3
:100C100001F0070AAA454FD00027B946AAE7236981
:100C200021F0070141F00601062DD3F80090218341
:100C30002DD1B9F1000F3FD041F00801218388F395
:100C40001188BFF36F8F20463949C84729E021F04A
:100C50000701236941F0040189B2042DD3F80490FF
:100C60002183E6D000274FF0040A3E4682E721F0B8
:100C70000701236941F0050189B2052DD3F80890D9
:100C80002183D6D000274FF0050A3E4672E70027A1
:100C90004FF0060A3E466DE72B4687E7B9F1000F95
:100CA000D1D1EFF31188402383F31288BFF36F8F04
:100CB000238B23F008032383258BEA062ED525F00A
:100CC0001003238305F007056669218B002EBFF60C
:100CD00070AF00232768C4E9003321F0070141F019
:100CE00001012183218B4FF0000901F0070AAA4579
:100CF0007FF440AF002F9CD041F00801218388F39E
:100D00001188BFF36F8F002FC8D03D683946334636
:100D10005246204625F09BFD2F46F4E7AB067FF5B3
:100D20001BAF25F02003238305F0070500E700BF74
:100D30007B6803002DE9F047044607464FF00109A0
:100D4000DFF8508014B93846BDE8F08794FAA4F56E
:100D5000B5FA85F509FA05F32E0108EB05156FEADA
:100D6000030A24EA03042B7B002BEBD058F806304F
:100D70001B694BB94644736804222846196807EA80
:100D80000A0725F00CFFDDE7284698470028D9D14F
:100D9000F0E700BF5066040030B5002289B00F496B
:100DA0000F482EF075FA002200230024CDE9062317
:100DB0000E230C4DCDE903344FF440722846CDE9A3
:100DC0000144094B0949009418F060FB0849284682
:100DD00018F09CFA204609B030BD00BFF50D0100A7
:100DE00040280020702300203D1101005081002088
:100DF000D6B70400014817F095BF00BF9C12002031
:100E00002DE9F047804621480F4625F0A4FE06460E
:100E1000002833D000252846BDE8F087237B83B126
:100E20002368DB680BB120469847636883F8069017
:100E300023681B69D3B9636804222046196825F02A
:100E4000AEFE013610345445E8D3B8F1000FE2D0BD
:100E5000002DDFD02846FFF76DFF0546002FF7D0A5
:100E6000002140F2391018F047FEF1E7204698477C
:100E70000028E0D009FA06F31D43E2E705464FF0EB
:100E80000109034CDFF80CA0DDE700BF9C47002000
:100E9000506604006066040008B5034608462BB19E
:100EA000044A136000F070FD002008BD6FF01500CB
:100EB000FBE700BFEC07002010B5044C237813B902
:100EC000034817F02FFF0123237010BD415A002063
:100ED0009C12002010B50446094825F03CFE3CB1A8
:100EE000084BD3E8EF1F0139C3E8E21F002AF8D10D
:100EF00005482EF0D9F9BDE81040044817F012BF9C
:100F00009447002098470020402800209C12002091
:100F100000200146034BD3E8EF0FC3E8E21F002A8D
:100F2000F9D170479447002070B5FFF7F1FF0546EF
:100F3000074C084EB44200D370BD63685B792BB197
:100F400023685B6813B12946204698471034F1E7BF
:100F5000506604006066040010B5044C0449204645
:100F600025F092FA034B1C6010BD00BF9C0F0020BF
:100F70002C6F04008C47002000230E4A10B513701C
:100F80000D4A0E4913600E4A0E481360FFF784FFA6
:100F9000FFF7E2FF00F080F90B4B0C4918468B423B
:100FA00000D310BD1A1A5C6812110132227110337D
:100FB000F5E700BF425A00209447002040420F004E
:100FC00098470020536B03005066040060660400DD
:100FD000014600220023014825F077BA9C0F00202B
:100FE000014825F010BB00BF9C0F0020024B0146BA
:100FF000186825F05CBB00BF8C470020014825F035
:1010000091BB00BF9C0F00202DE9F041344B1878B4
:10101000002862D0FFF7E4FF0446002859D1314B85
:10102000314C1B68002B19DD2EF0EAF84FF47A756D
:10103000A0FB050647F61222002305FB0161FAF723
:10104000C7F8D4E90032C01A40F2E93361EB02017B
:10105000984271F1000101D3FFF766FFD4E9003235
:1010600013F57A7342F10002C4E90032BDE8F041A1
:10107000FFF7C4BF6B685B793BB121784B0713D591
:101080002B68214628461B68984710354545F1D303
:101090002046FFF7ABFF154BD3E8EF1F0139C3E83C
:1010A000E21F002ABBD0F7E720462688C1F3C2071B
:1010B00000F0A8FAC6F382160246002EE0D00028FF
:1010C000DEDB01233946284600F096F9B042DCD336
:1010D000D6E7074DDFF81C80D8E7BDE8F08100BFF8
:1010E000415A0020944700203828002098470020CB
:1010F000506604006066040070B50D4D297861B932
:101100000120FFF77DFE0B4C0B4EB44206D3FFF7D8
:101110007BFF0028FBD101232B7070BD63685B79D6
:101120001BB1236820469B6898471034EDE700BF49
:10113000425A0020506604006066040000212DE938
:10114000F0470846FFF75CFE044658B340F21B68C0
:101150004FF0000934F0B0FA1B4B1C4A1B581360C7
:1011600033B11B4B1B68092B02DD1A4817F0DAFD5F
:101170000025194FDFF85CA044B12046FFF7DAFDE7
:10118000044618B94FF0FF384FF0FF39FFF73CFF26
:10119000064628B9B5B942464B46504617F0FCFD05
:1011A0003546E9E74FF0FF384FF0FF39D2E72B68BB
:1011B0009B691BB100222846114698471035BD4255
:1011C000F5D3E8E7054DFAE7080000009047002056
:1011D000984700209C1200206066040050660400BE
:1011E00013B5184825F0B7FC174B1B7873B1EFF314
:1011F0001184402383F31288BFF36F8FFFF704FF3E
:1012000084F31188BFF36F8F02B010BD0F4B1B68C2
:10121000002BF9D050B9002200230D48CDE900235E
:1012200047F61222002319F017F8EDE70928EBD151
:1012300007482EF039F8074802B0BDE8104017F013
:1012400071BD00BF98470020425A002090470020FF
:10125000402800209C12002010B5064B04461B6855
:1012600098472146A060044825F0AEF9BDE810403B
:10127000FFF7B6BFEC0700209C0F0020044A054B87
:101280009B1AB1EBD30F34BF52F8310000207047E6
:10129000086404005066040000210B480B4B30B575
:1012A0001B1A0B4CDB080430994200D130BD10F8FA
:1012B0003120256802F0070225F007052A4344F88B
:1012C000042B0131F0E700BF0864040050660400FD
:1012D000E00F0020F8B5064600240A4F0A4DED1B2A
:1012E000ED08AC4203D14FF0FF342046F8BD57F86B
:1012F000340020B13146FDF743FB0028F5D001341E
:10130000EFE700BF086404005066040000282DE9E0
:10131000F047884615461F461DDA4FF0000A54462E
:10132000DFF89090244EA6EB09063609B24509F184
:10133000100902D12046BDE8F08759F80C0C3B4655
:101340002A4641460079FFF7E1FF844238BF044650
:101350000AF1010AEAE7194B194AD21AB5EBD20F82
:1013600026D203EBC5031C79BC4228BF3C460722AA
:10137000144EC0B200EB400056F82530824023EAFC
:10138000020304F00702824013430021032223FAE0
:1013900002F000F00700814202F1030238BF01466B
:1013A0001E2AF4D123F007030B4346F82530C1E78A
:1013B0000024DCE750660400606604000864040052
:1013C00050660400E00F0020F8B506460F460024E2
:1013D000074D084BED1AED08AC4200D3F8BD0021D3
:1013E00022B23B463046013425F0D1FBA4B2F3E7EC
:1013F000506604000864040070B14168097973B153
:10140000002A17DBCBB20C4903EB430351F822004F
:10141000D84000F0070070474FF0FF31EFE7074971
:101420000748401AB2EBD00F3ABF01EBC20108796E
:101430001846704704207047E00F0020086404003D
:10144000506604002DE9F04F8FB0C1F34A2804AF75
:101450000D469146B8607B600C0DB8F1000F67D067
:1014600000264FF0040B4FF00A0A07F11403C7F8E7
:101470000C80C7E907667E620193CDF808B0CDF80D
:1014800000A007F11C0332464846F968FEF7B4FE97
:10149000B0F5006F034620D32A48036813F0060F07
:1014A00017D06C468AB0D9F8041004AB264D1A4602
:1014B000C3E9055140F2FF71D9614FF400711984FD
:1014C000224B42F8103F4FF412513346FFF7BAFF58
:1014D000A5462C37BD46BDE8F08FC0F30A0804F1DD
:1014E0001700184420F0070080083B60FFF770FDEC
:1014F00068F35325044690B13B6800F11001C7E939
:10150000083607F11403F961CDE900A3CDF808B05E
:1015100048460F4AF96807F11C03FEF76DFE68F3B1
:1015200053252A4620467B68B96825F06CFBD0E736
:1015300004F1170020F007008008FFF749FD04467A
:10154000EDE700BF80100020EBB7040004000001AD
:10155000D96B03002DE9F04F87B00446DDE9105A3E
:10156000DDE91279934698460391DFB13B46524636
:1015700010210020CDF80090CDF81490FEF76AFC01
:10158000B0F5006F06460ED31C48036813F0060F33
:1015900030D040F2FF730221194A07B0BDE8F04F86
:1015A00025F08ABB3E4605F11700304420F00700C5
:1015B0008008FFF70DFD04F007040BF0070BE400B3
:1015C00044EA8B1444EA462444EA0554054640B1F3
:1015D0003FB13B4652463146CDF800901030FEF701
:1015E00039FC434622462846039907B0BDE8F04F30
:1015F00025F009BB07B0BDE8F08F00BF80100020C8
:101600002AB80400406820B1034BC01A40F38F0091
:1016100070474FF0FF307047E00F00200EB403B565
:1016200003AB53F8042B01460448019303F07CFDFF
:1016300002B05DF804EB03B0704700BF1B6D030000
:10164000CA0605D48B064CBF02490349FFF7E6BF23
:10165000704700BF9310050062B804002DE9F04FF9
:1016600089B09B46149B9DF84CA00693159B04469D
:101670000593169B0D469046179E0493BAF1000FF2
:1016800000F09D8006F48073079325F07EFA06F043
:101690000209024600283ED020469149FFF7BEFFCE
:1016A0000746B9F1000F08D016F0440F35D12A468D
:1016B00020468C49FFF7B2FF074406F0010353B1FF
:1016C000894B204653F82A20884B8949002A08BFB5
:1016D0001A46FFF7A3FF06F48073002B49D006F0EB
:1016E0000803002B63D1B8F1000F66D042462046B4
:1016F0008049FFF793FF0546069B3D44002B6DD1C3
:10170000049B002B73D1F30700F1E480314620469F
:10171000FFF796FFD8E00746C3E7774B1868002825
:10172000CAD0764B4FF47A791B684FF03C0CB5FB6E
:10173000F3F5B5FBF0F14FF4616300FB115509FBC4
:1017400005F5B1FBF3F2B5FBF0FE03FB121100FB54
:101750001E55B1FBFCF309FB05F5B5FBF0F50CFBE1
:10176000131120460091CDE901E56549FFF756FFC9
:10177000A2E706F00803EBB1624B204653F82A209B
:101780006149FFF74BFF0546B8F1000F05D042460F
:1017900020465849FFF742FF0544BBF1000FABD08C
:1017A0005A4620465949FFF739FF0544A4E74FF050
:1017B000000BE1E706F00805E6E745469CE7BBF1CC
:1017C000010F069B06D1002B64D1049B002B7BD01C
:1017D00000250CE0002BF8D04D485CE04D48069BFE
:1017E00022464D4924F0A7FC049B002B68D0DFF86B
:1017F0002C81DFF82C91049F3146102F204628BF02
:1018000010274FF0000BFFF71BFF5D4545DC059BE4
:10181000494620461A78FFF701FF4FF0010B1BF0F5
:10182000070F03D141462046FFF7F8FE5F453BD93D
:10183000059B4946204613F80B20FFF7EFFE0BF1FE
:10184000010BBBF1100FEAD14FF0000B20463549D8
:10185000FFF7E4FE5A46059B20469A5CA2F1200160
:101860005F2928BF2E223049FFF7D8FE0BF1010B6C
:10187000BBF1100F1DD01BF0070F03D141462046CE
:10188000FFF7CCFE5F455A46E5D841462046FFF7B4
:10189000C5FEEBE71F485546A1E741462046FFF746
:1018A000BDFE0BF1010BB0E720462049FFF7B6FE65
:1018B000C5E7059B3B440593049BDB1B04939AD12E
:1018C000BAF1000F7FF41FAF204609B0BDE8F04F1A
:1018D00025F016BA2046054A0549FFF79FFE15E791
:1018E00095C804006AB80400406F040065B804009D
:1018F0003DC004008FB80400A4470020A04700208A
:1019000073B80400546F040093B8040099B804003D
:10191000496D03001B6D0300295101006211050090
:101920009EB80400A8B8040079C80400A4B8040054
:1019300042F20F7373B58B4228BF0B46056804460D
:10194000052168460D4A23F033FE064663682846A3
:101950000B225B680A4925F0C5F96368324669467F
:1019600028465B6825F0BEF963681B2228465B6841
:10197000044925F0B7F902B070BD00BFA009050009
:10198000C6B80400AAB8040000210123064A904208
:1019900006D8064A01B901231360054B1860704749
:1019A000012140085B00F2E740420F00A047002001
:1019B000A4470020014B036000207047686F0400BB
:1019C00003289ABF024B53F820000248704700BF1B
:1019D000686F04000B11050070B5104B0D461C68B4
:1019E000B4B10F4B196800238B4202DB6FF001008A
:1019F00070BD224612F8106B864202D014460133A5
:101A0000F2E7E0682CF0BDFF28B100202C60EFE782
:101A10006FF00C00ECE76FF01200E9E7F007002030
:101A2000786F0400F7B583680446002B2FD0D0E907
:101A30000476026AB3FBF2F502FB15353DB100688E
:101A4000551B2A4694F82410184433F042FDA3682D
:101A5000E06822683E442B4481684D683146A847BF
:101A6000054660B11F480368590705D001212B4680
:101A70001D4A009625F02AF9284603B0F0BDE36917
:101A80005BB92369A268134423610023A360002586
:101A9000F2E7535DDB4353550135A3682268AB423F
:101AA000F7D8E06881680D683146A847054648B117
:101AB0000C4803685A07DFD02B460C4A012125F059
:101AC000FBF8D9E73246E369A168206898470546E4
:101AD0000028D6D0034803685B07CDD0044A2B46C4
:101AE000ECE700BFE00F002011B9040035B9040095
:101AF000B206050010B50446054803685B0703D02D
:101B00000121044A25F0CFF80020606010BD00BF1D
:101B1000E00F00204BB904002DE9F3470E46DDE944
:101B20000AA891461F46044698B191B18AB18B68C4
:101B30000846DB6898470368B7FBF3F203FB1272B1
:101B400062B1294803685D0703D0284A012125F0C6
:101B5000AAF86FF00D0002B0BDE8F087BAFBF3F20F
:101B600003FB12A22AB1204803685C07F1D0204A87
:101B7000ECE7B8F1000F04D0B8FBF3F503FB1585D3
:101B80002DB1194803685907E3D01A4ADEE7C4E9C2
:101B90000097C4E905A8E6602561A56003686A4668
:101BA00023620C9B1449E3614379304684F8243066
:101BB000CDE9007529F003FC019A2AB90A480368A7
:101BC0005A07C6D00D4AC1E7D4E905310B449A4201
:101BD00007D2054B1B685B07BBD00121084A0248AE
:101BE000B5E72846B7E700BFE00F00206BB9040057
:101BF000A2B90400B6B90400FD6E0300C8B9040020
:101C0000E4B9040010B5044629F0A9FF03490246CF
:101C1000204625F0F9FB002010BD00BF38BA0400B3
:101C20001346002273B5044601920A21586801AA9E
:101C300001F00CFE019D95B920EAE07447F61226EA
:101C4000294640F2E7304FF47A720023C4FB0601C4
:101C5000F9F7BEFA17F050FF284602B070BD2A46C9
:101C60002046024925F0ECFB019DF5E764BA04002B
:101C700008B5034A034925F0C7FB002008BD00BF93
:101C800054BB04005BBB0400F7B5174600230546B0
:101C90000A2101AAB868019301F0D8FD1749C6B21C
:101CA000284625F0BFFB019C44B122462846144932
:101CB00025F0C6FB019C204603B0F0BD042E09D9D7
:101CC000324628460F4925F0BBFB284625F0EDFBA0
:101CD0000124F0E77868FFF7FDFA021E07DA2846CC
:101CE0007A68094925F0ACFB6FF01504E3E7334649
:101CF0002146204612B224F04AFFDCE77EBB0400F6
:101D0000E4BB04000BBC040022BC0400002307B5A4
:101D10000090694604488DF8043018F0A1F89DF849
:101D2000040003B05DF804FB6F70030010B50446B7
:101D30000FF010F907490246204625F065FB2046C2
:101D4000054925F061FB2146044818F0A3F800205E
:101D500010BD00BFB4BC0400D3BC0400611D010071
:101D600070B58EB004460D46D0F8AC602DF0EEF89C
:101D7000034633F0A1FC214A21491058214A002B87
:101D800018BF1A460092204A2346844218BF0A46CA
:101D900028461E4925F038FBD4E90A23CDE9002363
:101DA000284694F90E30227B194925F02DFB06A90F
:101DB0002022204617F0BAFA636F024615492846DA
:101DC00025F022FB204605A92DF0CEF8024628B1C9
:101DD0002846114925F018FB0EB070BD6422059B02
:101DE0002846F11A4A43B2FBF6F20091CDE90162AE
:101DF0000A49324625F008FBEEE700BF0800000064
:101E000062110500DDBC0400F7100500E0BC040011
:101E1000ECBC040018BD04002FBD04005CBD040030
:101E2000F0B50025044691B0294608AF1C2209A848
:101E300033F04FFB134E1A222021384633F049FB72
:101E40002146114818F026F807AA4FF400613046E1
:101E50002DF07EF86423079A2046C2F500614B43BB
:101E6000DB0A05934FF400630097CDE90313CDE936
:101E7000013206492B46324625F0C6FA284611B0F3
:101E8000F0BD00BFB8C20020911E0100A8BD040033
:101E900070B504460D46D0F8AC6088B007A92DF0A7
:101EA00063F8024628B128460E4925F0ADFA08B07D
:101EB00070BD20462DF04AF86422079B0096F11A67
:101EC0004A43B2FBF6F2CDE90131074BCDE903629B
:101ED000002818BF034622462846044925F094FAF4
:101EE000E5E700BF2FBD0400DDBC0400F1BD040028
:101EF00038B51346054610220021586823F022FC0D
:101F00000446FFF703FF38B9224628460D4925F05D
:101F100097FA6FF0150038BD33F0CEFB0A4B1B5813
:101F20009C4204D12846094925F08AFAF1E7204667
:101F300017F0C2FB28462246054925F065FA002025
:101F4000E9E700BF55BE04000800000070BE0400B1
:101F500098BE040038B51346054610220021586883
:101F600023F0F0FB0446FFF7D1FE38B9224628469D
:101F70000D4925F065FA6FF0150038BD33F09CFB74
:101F80000A4B1B589C4204D12846094925F058FAAF
:101F9000F1E7204617F0AEFC28462246054925F019
:101FA00033FA0020E9E700BF55BE04000800000036
:101FB000D7BE0400FDBE040038B513460546102206
:101FC0000021586823F0BEFB0446FFF79FFE38B996
:101FD000224628460D4925F033FA6FF0150038BD2A
:101FE00033F06AFB0A4B1B589C4204D1284609492E
:101FF00025F026FAF1E7204602F05EFD284622464B
:10200000054925F001FA0020E9E700BF55BE0400AC
:102010000800000038BF04005DBF040010B50C4686
:10202000002125F0D0FC00B100680023024A2060A6
:10203000C4E90123E36010BD78C0040010B50C466C
:10204000002125F0C4FC00B100680023024A206092
:10205000C4E90123E36010BD78C0040070B50646F2
:102060005068154625F0B7FC044640B930466A680A
:102070000F4925F0E5F96FF01204204670BD2CF0F1
:1020800080FC30B16A680B49304625F0AFF9002476
:10209000F3E720462CF06CFC044630B103466A6836
:1020A0003046054925F0CCF9E7E76A680349EBE7D4
:1020B00095BF0400AABF0400CCBF0400F9BF040010
:1020C0002DE9F04F8FB0054601A88846914616F0DD
:1020D0004DFA2823019F082103FB0077324A284646
:1020E00025F077F9019CBC4203D300200FB0BDE876
:1020F000F08F26680EB1337833B9234630212B4A4E
:1021000002A823F055FA02AEB8F1020F07D130460B
:10211000D9F8041033F05BFA08B92834E3E7334602
:1021200008212846224A25F054F920462CF029FCA3
:1021300078B3002320460DF103018DF8033024F01D
:1021400046FE20BB9DF80300FFF73AFC034608213A
:102150002846184A25F03DF9636A002BDDD01E6839
:10216000002EDAD03368002BD7D008212846124A37
:1021700025F02FF9B3464FF0000A33680F4A534554
:1021800009D8082128460E4A25F023F9C5E70D4B4A
:10219000DDE70D4BDBE7082128465BF8043F25F01F
:1021A00018F90AF1010AE8E72CC0040036C004005F
:1021B0003BC00400A3BF040040C004003CC00400B6
:1021C000931005001DC0040023C004001FB50C6857
:1021D000D1E9043203944C68013302948C6802F212
:1021E0006C720194C9680091024925F00DF904B0A0
:1021F00010BD00BFC2C00400F7B5137806463A2BE5
:102200000F46154614D1541C23783A2B28D101349B
:102210000A22204601A923F01FFA019A0346A2428E
:10222000386017D01078A8B93C2B15D915490EE0A5
:102230000A22284601A923F00FFA019CB860AC429B
:1022400008D023783A2B05D1172807D90E493046F4
:1022500025F0F6F86FF0150003B0F0BD0134D3E7B8
:102260000A22204601A923F0F7F9019B7860A342D6
:10227000F0D01A783A2AEDD13B2801D90349E6E794
:102280005C1CC5E701C10400E3C00400F1C0040008
:102290002DE9F0410D4690B002A9044601201746F1
:1022A000FEF7EEF907A902A823F0BEF8032D55D1D9
:1022B0007D680A22284601A923F0CEF9019E8046B6
:1022C000B54215D032782D2A12D101360A22304675
:1022D00001A923F0C1F9019B9E4209D01A782D2A49
:1022E00006D1451E0B2D0CD92849204625F0A8F80B
:1022F000204625F0DAF86FF01505284610B0BDE845
:10230000F0815E1C0A22304601A923F0A5F9019B49
:102310009E42EDD01B78002BEAD1431E1E2B01D923
:102320001B49E2E7A8F26C73CDE90B53BA680A9037
:10233000204607A9FFF760FF0028D9D107A8FEF7BC
:10234000DBFBB1F1FF3F08BFB0F1FF3FCDE9020178
:1023500008D120460F4925F073F8CCE7022DC7D1EC
:102360007A68E5E700230493012002A9FEF7BEF98D
:10237000054628B102460849204625F061F8BAE72B
:10238000204607A9FFF722FFB7E700BF11C10400ED
:1023900020C104002DC1040056C104002DE9F04104
:1023A00014468846074610220021606823F0CAF9C7
:1023B000B8F1020F064607D8202308213846244AE0
:1023C00025F007F8336816E00A220021A06823F000
:1023D000B9F9C5B22B46082138461D4A24F0F9FF49
:1023E000B8F1030F1AD1102D0CD0202DEAD0082DF2
:1023F0000BD13378DBB208213846164A24F0E9FFC6
:10240000002009E033889BB2F5E738460821124ADC
:1024100024F0DFFF6FF01500BDE8F08110220021ED
:10242000E06823F08FF90821034604460B4A38463A
:1024300024F0CFFF102D06D0202D07D0082DE4D199
:10244000E4B23470DCE7A4B23480D9E73460D7E773
:1024500096C10400C1C10400ABC10400D2C1040094
:1024600000232DE9F04F91464FF0FF35012287B050
:102470000193504B074688461A60202602F0E4FE7E
:102480002C46DFF834A149465246404602F000FF90
:10249000411C06D16A1C41D14849384624F0D0FF7E
:1024A00017E073281AD0772828D0612811D1DFF8D7
:1024B00010B11021DBF8000001AA01F0C7F9019B5F
:1024C0000546002BDFD0DBF800203E49384624F0DB
:1024D000B7FF6FF0150007B0BDE8F08FDFF8E0B090
:1024E0000021DBF8000001AA01F0B0F9019B0446CD
:1024F000002BC8D0DBF800203349E7E7DFF8C0B095
:102500000021DBF8000001AA01F0A0F9019B0646BA
:10251000002BB8D0DBF800202C49D7E7631C01D191
:102520002B49BAE75FFA86F8C6F3C406002C3FD001
:1025300002AB29461A46A6EB050C0CE0B8F1100FC9
:102540001DD0B8F1200F20D0B8F1080F2AD108789B
:10255000187031443344A64203D80CEB0100102814
:10256000ECD9102CA14628BF4FF0100929464B4644
:10257000384601F051F81035A4EB0904D6E7088875
:1025800080B21870000A5870E3E708684FEA102E0E
:10259000187083F801E04FEA104E000E83F802E055
:1025A000D870D6E7082138460A4A24F012FF90E78F
:1025B000204690E76408002020C2040027C20400DF
:1025C000E84A0020E6C10400F9C104000CC204007E
:1025D00044C20400ABC1040070B50F4E04460D4662
:1025E000337871B123B10D49BDE8704024F028BFA4
:1025F0000123337020460A4924F006FF012333707B
:1026000004E083F001033370002BF3D12946204608
:10261000BDE8704024F063BF435A00205EC204004E
:1026200099C204002DE9F04105460C46DFF8EC8024
:102630003B4E8F18A74201D1BDE8F08198F80020E9
:1026400014F8013B182A22D1112B20D10026354C39
:1026500028462268344988F8006024F0D5FE2846D0
:102660003146FFF7B9FF314B18780028E4D1304AE2
:1026700023681168042B2EDC08B12360116013F06D
:1026800003012FD1126813681BBA1360D4E7A3F1BA
:102690003002092A88F8003004D923F02002413A98
:1026A000052A04D83168234A535401313160336814
:1026B000022BBFD1102200211E4823F043F81E4AEE
:1026C000136803F8010B1360164A13680133136093
:1026D00000233360AEE70868043B00BA41F8040BFE
:1026E0000120C7E75B4203F0030358BF59420229A8
:1026F00004D1126813885BBA9BB2C6E703299BD149
:10270000106802681104C2F3074301F47F010B4310
:1027100002F47F42134303608EE700BF445A002057
:10272000A8470020AC470020C3C20400455A00203F
:10273000B0470020465A0020B44700202DE9F84F4A
:102740000023064615460C462949DFF8A8800B6091
:102750002949DFF8A890DFF8A8B088F800300B60AE
:10276000012C2F4655F804AF1ED902224946504687
:1027700032F0E5FE80B99AF80220003A18BF012233
:102780009244504602221F4932F0D9FE30B901234B
:1027900088F80030013CE3E70022F1E74946504663
:1027A000FCF7EEF8A8B9043700227868114622F049
:1027B000C9FF0022144B11461860786822F0C2FF4E
:1027C000124B134918603046FFF706FF0020BDE8A2
:1027D000F88F9AF800202D2AE6D19AF80120002AD5
:1027E000E2D052465946304624F00EFED2E700BFF2
:1027F000A8470020455A0020AC470020560D050090
:10280000E0C20400DDC20400B4470020B04700204D
:102810002526010008B5024924F0F6FD002008BD78
:1028200047C4040008B5024924F0EEFD002008BDAD
:1028300061C4040008B5024924F0E6FD002008BD8B
:102840006AC4040007B50B482CF09BF870B105F082
:1028500081FA0423084A00931268012305490748B6
:1028600000F040FF002003B05DF804FB6FF01200A1
:10287000F9E700BF0C590400807104006866040089
:1028800038B5054640688360154BC0E90012036106
:1028900014302CF004FA6A684FF48071134653F830
:1028A000644B91659364002302F15C01C2E90D134E
:1028B0000821C2E91333C2E90F3353655164C2F8EA
:1028C000A031A36823B11B6C13B12046054998477A
:1028D000A3681B6A0BB120469847002038BD00BF93
:1028E00030140020E92801002DE9F74F05460C4679
:1028F0008368DB6B03B19847AB68DB6A002B36D18A
:102900004FF0000804F1100B04F1480904F14C0ADF
:10291000B4F85410B4F84C30A26D5B1A9BB2D31AC1
:10292000934228BF13465146484601AA24F06DF849
:102930000746002852D0AB6801991B69002B38D09C
:10294000024628469847061E18BF4FF00108324637
:102950005846019905F02EF9361A2FD132465146C4
:10296000484624F088F8B8F1000F04D051E028461A
:1029700098470028C4D1AB68DB69002B4ED1E28FA9
:10298000638F04F134079B1A626C9BB2934204F18B
:102990003E0828BF13464146384601AA24F035F8C0
:1029A0000646002841D1284624F089FBC4F8A061DE
:1029B00047E06FF057064FF00108C8E70023019A7F
:1029C0001118C95CD15401339E42F8D132465146A8
:1029D000484624F050F8BE429AD0C4E71D48036828
:1029E00013F0060F03D002211B4A24F05CF9AB68F8
:1029F0001B6933B1012228460DF1030198470028D5
:102A0000B1D0012258460DF1030105F0D3F8012899
:102A1000A9D1D4E9013100209847ACE7284698476E
:102A20000028ACD103B0BDE8F08FAB680199DB683A
:102A300063B102462846984702464146384624F08C
:102A40001AF8D4E9013101209847EBE76FF05702FB
:102A5000F3E700BFF010002063C504000048704792
:102A60006866040010B504468168183101F080F9E9
:102A7000A1682046BDE81040014A183101F010B9A4
:102A8000A5C5040038B583680446D3F87832DB075F
:102A90001DD4C06925F0E7FA606803685B68984751
:102AA000054620B9E06825F084FCA3681D75A3687D
:102AB0005B6C13B1294620469847002232F0FCFD9A
:102AC000A368C3F8A022034B185801F0F5FF6FF07C
:102AD0000F05ECE708000000014924F06FBB00BFC0
:102AE000931005002DE9F04FA7B0044654220021B1
:102AF00011A832F0EEFC0023CDE90533A36820468F
:102B00005633029325F083F8204624F0C7FF10B90E
:102B10006069FFF7E1FF00264FF0FF38B246B34689
:102B20003546B146A06814220021183032F0D1FC9D
:102B3000204624F00DFFA168E068B1F8502056311E
:102B400025F043FC204625F0D2FC11AF0396DDE9C9
:102B50000532012A6CD0132B6DD8B8F1000F2BD1A0
:102B6000BBF1000F0AD0204625F0E2FC1423A26836
:102B700011A956320DEB030024F06AFDB9F1000FE4
:102B80000CD099F81130FE2B08D1059B26AA02EB38
:102B9000830252F8542C0AB101330593A068059DB5
:102BA000436A002B40F0B580C6B1C3699E422BD06A
:102BB0000D9600F1180522E002233946029A06A874
:102BC00024F046FD7A6806990346029231B1012944
:102BD0000AD148B1694A204625F0C4F86FF00705CC
:102BE000284627B0BDE8F08F059B002B32D038680F
:102BF00001F0F0F898B166B1A5680D9618350CAEE5
:102C00000FCE0FC533682B602046FFF72BFF012541
:102C1000E6E75B4A0121204625F0A4F8DEE7059BA4
:102C2000C3B1294620463A6801F076FA022809D154
:102C3000059B132B94D9069B022B91D10121514B5B
:102C4000514AC8E7032805D0059B4FF0010B01331B
:102C500005937CE7039B2BB94846396807AA24F003
:102C6000EEFD0546043708F1FF38A5B3EB68BBF16C
:102C7000000F08D0FBB1204624F0C9FF204624F005
:102C800024FF424AC6E7B3B1AE46A368DDF814A0FC
:102C900003F1180CBEE80F00ACE80F00DEF80030BE
:102CA000CCF80030AB6833B96B7CFE2B04BF95F8D1
:102CB000108008F1FF38D5F804C0BCF1000F08D02F
:102CC000AE460CAEBEE80F000FC6DEF80030336033
:102CD0006646A94603E0059B63B101230393069B67
:102CE000B8F1000F02D1022B7FF431AF059B013305
:102CF00005932CE7A368DB6A13B1DB68002BECD1EA
:102D0000234B012100932046119B224A25F02AF8EB
:102D1000E3E790F82830A5EB0A05BBB14FF6FF7248
:102D200090F82910FF2918BF0A469D4202D3134488
:102D30009D420BD9836901212046174A25F012F8DC
:102D40002046FFF78FFE6FF0150549E7012124F0BB
:102D500079FAA06824F06AFAA36811AA29465B6A86
:102D600002EB8A02204698470546A06824F062FAE2
:102D70000021A06824F066FA32E700BFB3C5040062
:102D8000C7C5040028C604003DBC0400E5C5040016
:102D900014C6040063DA04004CC60400F7B5044608
:102DA00080680D46D0F878325A0705D5002124F006
:102DB00054FAE06825F0CFFAE368DB6873B9002DB8
:102DC0003BD0A66806F15607384624F004FA0028DE
:102DD00035D0394606F5AB70FBF7DCFDA268294615
:102DE000E0680DF10603563225F0B8FA58B9A0682C
:102DF00000F5AB715630FBF7CDFDA068563024F0DE
:102E0000EAF9ADF80600204624F0FAFEA368D3F8EC
:102E100074329B0603D50B49606924F0CFF9204634
:102E200000F07AFDA268BDF806302046A2F85230C4
:102E3000A268A2F8503024F048FE03B0F0BD86F836
:102E40005601CBE7A86B0400022210B58368044644
:102E50001A7583689B6CBBB924F08FF98368D3F82B
:102E60007832DB040BD50321084B094A24F07AFFA2
:102E7000A0686FF4805100F51E7024F094F920468C
:102E8000BDE8104000F0CEBE10BD00BF67C6040014
:102E90003DC004002DE9F04F044680680121B1B027
:102EA00000F51E7024F074F9A3681B7D022B20D15D
:102EB00000230993A36860689E6C03681D6909ABD1
:102EC0000EB310221BA9A847099B93B10121A0684A
:102ED00024F0B8F92046099A1BA9B0470021A06840
:102EE00024F0B0F9A3689B6C002BE3D12046FFF7D8
:102EF000ABFF6FF00101A06800F51E7031B0BDE8B6
:102F0000F04F24F050B901220DF12301A847099B8D
:102F1000002BEED09DF923209DF82330002AA068D5
:102F2000C8DB427D032A00F2F482DFE812F00400DD
:102F300074028B02F2020D2B67D00A2B43D0B0F83B
:102F40007822092B6FF3CA02A0F8782272D029D810
:102F5000002B00F00381082BA06800F0E8810246F6
:102F6000D2F87412890740F1F980013B162B00F268
:102F7000F580DFE813F0B702F901FD01F501B102B8
:102F80000F02F300F300F300F30013021702F30043
:102F90002C02F3003102F300F300F300F3003302DC
:102FA000F30048021B2BA06841D07F2B00F0CB819F
:102FB000A3F120015E290246D2D8012124F04DF967
:102FC0009DF82310B8E0D0F87822C2F3C7022AB1E6
:102FD000D0F87822C2F3C7020A2AC0D1B0F878220A
:102FE00063F3CA02A0F87822A568B5F85010C1B9F9
:102FF000284624F032F9E06825F0ADF96069FFF762
:103000006BFD2046FFF720FF54E7D0F87822C2F38B
:10301000C702002AE2D0D0F87822C2F3C7020D2AF4
:10302000DBE72046FFF75EFDC5F8A402E9E70123D0
:10303000437593E0A068D0F874329B0740F18E800E
:10304000012124F00AF9A068B0F85030FF2B00F0FD
:1030500085800025B0F8522000F1560100F5AB70D4
:1030600032F010FAA3681BA9B3F852200BA813443E
:1030700083F85651A268142302F5AB7224F0E8FAE3
:103080000B9914296AD830AB03EB810343F8545CE5
:10309000A368B3F85220002A52D0134493F8553055
:1030A000202B02D0093B042B4AD800294BD1002504
:1030B0000A950A9B30AA02EB830353F854AC00260E
:1030C000504624F088F8B3468146B0463746394624
:1030D000284616AA00F080FB0346002842D1012EA4
:1030E00068D10A9B30AA02EB830353F8540C24F0F6
:1030F00072F8A268064641462846183200F06CFB7A
:103100000568284624F067F8864205D0821B92B2F3
:103110002046A91924F06DFEA068B0F8523003448F
:1031200093F85630202B34D0093B042B31D9D0F8FA
:103130007432DF0732D42021204600F03BFD0DE041
:103140000129B4D9013900200CAB009301900AABDE
:103150001BAA24F09FFB05460028AAD1606924F031
:10316000C4F9A7E61B684A4651461846039332F055
:10317000E6F960B9039B1846FBF714FC584538BFC5
:103180005846002E08BFB8461FFA80FB01360137AB
:103190009DE70121204624F0CCFCDFE7002124F04C
:1031A00066F82021204600F005FD0121A06824F0EA
:1031B0005EF8D3E70490D1D90A9A30AB03EB8202D0
:1031C00052F8543CC1461846039324F004F8049B7B
:1031D000A2680590A2F840300496A26849462846A5
:1031E000183200F0F9FA039BD0F800A009F10109A8
:1031F0004BB1BAF1000F06D019465046059A32F08D
:103200009EF90028E9D1A168BAF1000F4DD1A1F8CB
:1032100040A0049B013B0493DFD16069FFF75CFC95
:10322000204600F0FFFC0A9B30AA02EB830353F810
:10323000540C23F0D0FF414611AA8146284600F0E5
:10324000CBFA0746A0683968FF2200F5AB7032F070
:1032500088F93B684FF6FF7708F1010AB8460393F7
:103260005146284616AA0AF1010B00F0B5FA0028CB
:1032700051D00022A168036801F2551111F801EF45
:10328000985C704503D110B101324245F6D1B9F1D5
:10329000000F01D04A4506DBBA42A8BF3A46013EBC
:1032A000012E97B237D0DA46DAE79B48069123F031
:1032B00092FF069900EB0B074A8FBFB2121A92FBDE
:1032C000F7F2504692B20791069223F084FF0799D5
:1032D0003F1AB1F84000069A00F1010CA1F840C075
:1032E000B0FBF2F102FB110080B2BFB260B906215F
:1032F0002046894B894ACDF800A024F033FD394699
:10330000204600F0F3FA84E7534606212046844A1B
:1033100024F028FDF3E7002F3FF420AF0399A7EB3B
:103320000902204692B2494424F063FD16E7D0F822
:1033300074329E077FF512AF012123F08EFF2046E5
:1033400024F078FD0AE7D0F874329D077FF506AFC8
:10335000012123F082FFA368D3F874321807EED45A
:10336000204624F048FDF9E6204624F059FCF5E615
:10337000204624F04CFC204624F090FB10B96069F4
:10338000FFF7AAFBA068012123F067FF2046FFF7A3
:103390005BFDE3E6204624F04CFCDFE6204624F00B
:1033A00053FCDBE6D2F874329F0603D55D496069B1
:1033B00023F004FFA368D3F874329E0603D55A495C
:1033C000606923F0FBFE204600F02CFCC6E60021DD
:1033D0002046FFF7E3FCC1E60121F9E7204624F08F
:1033E0000FFC204623F0C9FE0121A06823F035FF21
:1033F000A368D3F874329D067FF5B0AE4B4960697F
:1034000023F0DCFEAAE6204600F000FB0121A068C4
:1034100023F023FFA2E65B2B01D1022308E6D0F8BC
:103420007422900706D5622B08D14FF0FF31204659
:1034300024F0A8FB0022A3685A758FE6662BF9D109
:103440000121F4E700224275A268D2F874128907BC
:103450007FF530AD313B1B2B3FF680AE01A151F81B
:1034600023F000BFE1340100ED340100013501001B
:10347000D53401005D3101005D3101005D31010095
:103480005D3101005D3101005D3101005D31010000
:103490005D3101005D3101005D3101005D310100F0
:1034A0005D310100D9330100CF33010095330100B4
:1034B000693301005D310100D93401005D31010043
:1034C000E53401005D3101005D3101005D31010035
:1034D000F134010003235375204624F098FB3DE6A8
:1034E00003235375204624F08BFB37E603235375E3
:1034F000A068D0F8741201F0010181F0010156E6D4
:1035000003235375A368D3F874329B077FF526AE67
:1035100026E700238CE500BFA5B80400ABC6040075
:103520003DC00400AD6B0400B26B0400A86B040046
:103530002DE9F34104468068154600F51E70002908
:103540003AD04FF4804123F023FEA3680021DD64CC
:10355000606803689B68984798BB204623F0C5FEC7
:1035600078BB4FF0FF364FF0FF37174DDFF85C8028
:10357000A06800F51F7000220721CDE900672BF03D
:1035800082FFA06823F056FE2A460421204623F03D
:1035900090FE42460121204623F08BFE2046022168
:1035A0000B4A23F086FE606803685B6903B19847A5
:1035B000A06823F03BFEDBE76FF4804123F0F3FDCE
:1035C000C3E702B0BDE8F081852A0100952E010015
:1035D000E371030010B504460A4923F015FF2046A5
:1035E000094923F011FF2046084923F00DFF20462A
:1035F000074923F009FF20460021064A00F050FB4E
:10360000002010BDB1C60400EFC604004EC7040080
:10361000A2C704003CC80400F8B51E4617460A4677
:103620002949044623F0F0FE3EB320463A78274964
:1036300023F0EAFE01256A0703D12046244923F03E
:10364000E3FEAE421ED920467A5D204923F0DCFE1F
:103650000135102DEFD120461E4923F0D5FEB6B915
:1036600020461B4923F0D0FE0125AE422B4610D840
:103670002046174923F0C8FE15E02046164923F0DE
:10368000C3FE01252046144923F0BEFEE0E70025D5
:103690002B46FA5C2046A2F120035F2B28BF2E2286
:1036A0000E4923F0B1FE0135102D06D06B07DCD199
:1036B0002046074923F0A8FED7E72046BDE8F8409A
:1036C000074923F0A1BE00BF52C804009EB8040001
:1036D00062110500A8B80400A4B8040079C8040069
:1036E00059C804002DE9F041044680688846D0F8A6
:1036F000A06215461F4688B0002E52D14FF42A72A0
:10370000314631F0E6FEE06824F0D7FEA06800F50F
:103710001F702BF0A8FEA06800F522700122114650
:103720002BF0E2FAA36902211E60A06866F382050D
:1037300000F51E7023F02CFD5022A36820465A8706
:103740001822A3681A87216823F088FEA3684146DF
:10375000C3F874526068144A03681D682346A8477A
:103760000546D0B90122A3681A75D4E90A010022DE
:103770000023CDE906230E2303930E9B4FF4006232
:10378000CDE901730495094B009415F07FFEA36801
:10379000C3F8A002616A15F0B9FD284608B0BDE87B
:1037A000F0816FF07705F8E79F7203003135010073
:1037B00010B5044613460A460146064801F0B4FC1B
:1037C00023691B7923B12046BDE8104023F08DBE4C
:1037D00010BD00BF0375030038B50B46154648B948
:1037E0001449154A521AB3EB920F05D251F82350DF
:1037F000284638BD84680CB90025F9E70F4A944281
:103800000AD30F4A944207D21846294622689047A5
:103810002B68002BECD1EFE70A4A944202D30A4A04
:10382000944205D3246814225343E518E358F0E783
:103830000133F8E798660400CC660400F8670400DA
:1038400000680400CC660400F8670400F7B503784C
:1038500004462D2B164605D16FF01503002033606A
:1038600003B0F0BD31F028FF002305460A4F0A4699
:10387000C35101A9204621F065FFEB59222B02D14B
:103880006FF02103EAE7002BE6D1019BA342E3D0CE
:103890001B78002BE4D0DFE70C0000008368D3F82E
:1038A00074329B0603D50249406924F0D8B87047AA
:1038B000B86B0400014924F0D2B800BF9310050092
:1038C0000A1E0DDC0ED042238168D1F874128906DD
:1038D00008D5002A04494069B8BF524224F0BFB855
:1038E0004123F1E7704700BF75C804000A1E0DDCD4
:1038F0000ED044238168D1F87412890608D5002AB5
:1039000004494069B8BF524224F0A9B84323F1E703
:10391000704700BF75C804002DE9F047856804466C
:1039200005F15600FBF73EF80023984695F83C70E9
:10393000DFF8549086B2A268558FED1BB54209DBC3
:10394000002E1FDD5633606910491A44BDE8F04768
:1039500024F085B81D442A4492F856A082F8568077
:10396000A26856331A444946606924F078F8A3687F
:103970002B4483F856A0A3685B8FDB1BF61A002745
:103980002B46D8E7BDE8F0873DBC04003DC00400ED
:1039900008290A4617D8836893F83E10914212D03E
:1039A00083F83E208368082AD3F8743205D099063C
:1039B00009D50549406924F052B89B0603D503494F
:1039C000406924F04CB870477CC80400BD6B04000B
:1039D00038B50D4609780446FFF7DAFF6A78072AFA
:1039E00011D8A36893F83F1091420CD083F83F2080
:1039F000A368D3F874329B0605D560690249BDE817
:103A0000384024F02CB838BD85C80400F8B5836868
:103A10000446B3F85020002A55D0B3F852100029BC
:103A200051D0553103F156050B441846A84206D330
:103A3000014611F80169202E3CD0A8423CD286B242
:103A40009DB2AB1B9BB2591C471CD21A014438468D
:103A500031F025FDA268711BB2F85030204613FAF0
:103A600081F3A2F85030A36809B2B3F85020134490
:103A7000002283F8562024F05CF8A368D3F874324F
:103A80009A0603D51049606923F0E9FF3B460821F7
:103A900020460E4A24F066F92046FFF7FFFEA36891
:103AA000D3F874329B060ED560690949BDE8F84029
:103AB00023F0D5BF0846B9E7014611F80169202E69
:103AC000BDD00846B9E7F8BDC26B04003DC0040094
:103AD000C66B04002DE9F84F04460F4690460AB124
:103AE000FFF7DCFEA668D6F87432B6F852505B07D2
:103AF00024D505F156003044FAF754FF05462A4E06
:103B0000B5B9A368B3F85020A3F85220A06823F0F9
:103B1000B3FF30B1B8F1000F00D017B16069FFF703
:103B2000C9FE79422046BDE8F84F09B224F001B839
:103B30003146606923F093FF013DE1E73046FAF733
:103B400031FFB6F85090738F19FA80F915FA80F0AA
:103B5000B0FBF3F2B9FBF3F39A42AA461BD0134D24
:103B60004845A368CDDA5A8F461CB0FBF2F302FB3E
:103B7000130313B96069FFF79DFEA3682046534401
:103B80002A46082193F856300AF1010B24F0EAF88E
:103B9000DA463046E4E7563508212046044A7319D0
:103BA00024F0E0F8ADE700BFF710050079C8040085
:103BB0003DC0040013B583688DF80710D3F8742254
:103BC0000446D00725D5B3F85210B3F850208A42E6
:103BD0001FD0481C9DF80720A3F852000B4483F81F
:103BE0005620A368D3F87412890710D5D3F874321D
:103BF000606913F0040F18BF2A22094923F02FFF30
:103C0000204623F04BFF10B16069FFF753FE02B06E
:103C100010BD012220460DF1070124F0B0F8F6E7AF
:103C200079C8040010B5044683680221084A24F0CC
:103C300099F8A368D3F874329B0707D52046FFF79D
:103C40006BFE2046BDE8104023F04EBF10BD00BF04
:103C50003DC00400014924F074BA00BF9310050070
:103C6000F8B50F465168044615461E4611B11A466E
:103C700024F074FAAB6883B131462046FFF736FE74
:103C800020463B460821054A24F06CF82046A968E6
:103C9000F21DBDE8F84024F061BAF8BD8EC80400FA
:103CA0002DE9F04F0F460021044616460D4689B017
:103CB000384603AA01F10108FFF78EFDA8B98DB1BE
:103CC00026B132460821204624F04CF80021DFF8C6
:103CD0009090DFF890B0384603AA01F1010AFFF78F
:103CE0007BFD60B909B0BDE8F08F006810B1FAF74C
:103CF00059FE80B2854238BF05464146D8E7D0F824
:103D00000080B8F1000F0FD098F8003063B146681A
:103D10004B4608212046CDE90058134A24F022F8EA
:103D200026B96069FFF796FF5146D4E74B465A46DD
:103D30000821204624F016F8AB1DB2079BB209D12A
:103D400031680A4A914205D1324641462046FFF782
:103D500087FFE9E71A463146204624F0FFF9E3E7FA
:103D6000AEC8040099B8040099C80400C40BD286F8
:103D7000F7B50F6805460E46EFB13846FAF712FE62
:103D800084B2114B0821009328463B460F4A23F08A
:103D9000E9FF7168E31C9BB279B18A070DD108680D
:103DA0000B4A904209D10A462846316803B0BDE863
:103DB000F040FFF755BF3C46E3E71A46284603B0FC
:103DC000BDE8F04024F0CAB9AAC80400ACC604009B
:103DD000C40BD28610B507490446FAF7D1FD38B1B5
:103DE00020460549FAF7CCFDB0FA80F0400910BD35
:103DF0000120FCE7A0C80400A3C8040010B5836834
:103E00000446D3F874329B0603D50649406924F072
:103E100015FA5022A36800205A871822A3681A872F
:103E200010BD00BFCA6B040008B5836902491A6857
:103E300023F0EAFA002008BDB1C804002DE9F341DF
:103E40000D49054623F0E0FA00220C4C0C4EDFF839
:103E50003480B44202F1010703D3002002B0BDE870
:103E6000F081636A92B20093A3684146284623F02A
:103E7000CBFA30343A46ECE7C1C804006866040067
:103E800098660400D9C8040008B5024923F0E6FA90
:103E9000002008BD0B11050073B5044600250D4E2A
:103EA000A2680DF106030121E06802F5AB7224F06F
:103EB00055FABDF80600A36840B12A4631462046AF
:103EC00003F5AB7323F0A0FA0135E9E783F8560157
:103ED00002B070BDEAC8040010B5044623F0F7FA3A
:103EE00003490246204623F08FFA002010BD00BF90
:103EF000D9C20400022907B50BD153680C490093BD
:103F000012680C4B23F09CFA6FF0150003B05DF8BB
:103F100004FB8368084AD3F87432084913F0020F8F
:103F2000074B18BF1A4623F06FFA0020EEE700BFD8
:103F300009C90400F4C8040003B9040012C904004C
:103F400025C5040010B583680446D3F874329A0678
:103F500003D50749406924F071F9A368D3F8743296
:103F60009B0603D50349606924F068F9002010BD61
:103F7000D16B0400D66B0400F0B50129044685B06E
:103F80000AD053685E49009312685E4B23F058FADA
:103F90006FF0150005B0F0BD8368D3F87432990650
:103FA00003D55949406924F049F900256FF0F9011A
:103FB0002046FFF785FCFA212046FFF797FCA06812
:103FC0004FF48072294600F5AB708DF80B5031F03C
:103FD00080FA4E49606924F031F9606923F085FA6E
:103FE0004FF47A766068012203680DF10B011F69B6
:103FF00003ABB847039BEBB9013E4FF47A70B6B2FE
:104000002AF09AFC002EEDD1A368D3F874329B06F7
:1040100003D53F49606924F011F95022A368204676
:104020005A871822A3683B491A8723F0FBF96FF0DF
:104030000700AFE79DF80B20A3681B2A53D093F825
:1040400056111B29CED1522A4DD15A19002382F87C
:104050005631A66896F857215B2A2BD1022506F225
:10406000571010F8011F2A463B2905F10105ADB292
:1040700023D1FF2AC8D002F5AB7216FA82F10022D2
:1040800011F8010F18BBFA2A28BFFA22FA2B28BF11
:10409000FA2386F85601A1684A87A2681387A368A5
:1040A000D3F874329A0603D51949606924F0C6F82A
:1040B00000206FE786F85631A6E703EB830330391B
:1040C00001EB4301B5F5807F8BB2CAD19CE7013586
:1040D00002EB8202ADB2303800EB4200B5F5807FD2
:1040E00082B2CDD190E72B440135ADB2092D83F8D2
:1040F00056217FF677AF0022A36883F8562183E725
:1041000009C90400F4C80400DC6B04005DC90400A4
:10411000E06B040023C904002DE9F04F0746154663
:10412000894689B021B1104624F0CDF900285BD131
:10413000032455E05C463CE029460AF5AB7031F0BB
:1041400046FA0646002854D0FAF72CFC82B2601CCE
:1041500031460132304431F0A2F922465946304608
:1041600031F090F94FF020033355BAF8543008F18C
:10417000010801331C44AAF85440002401994B1C47
:10418000484603AA0193FFF727FB0646E8B1002241
:104190002846316824F07BFC0028EFD1D6F800B027
:1041A000D7F808A0BBF1000FC4D05846FAF7FAFBC5
:1041B00084B2BAF854302344FF2BBDDD2B460321D3
:1041C00038460D4A23F0CEFD0124B8F1000F07D088
:1041D000B8682A4600F1540100F5AB7023F008FBE3
:1041E000204609B0BDE8F08F4FF000080224414698
:1041F000C5E70224E9E700BF1FCE04002DE9F04F18
:104200008BB0D0F808A01E4600AFDAF80C3080461C
:104210000D46914698470368202B0ED92C48036819
:104220005C0703D02B4A012122F03DFD6FF01505FC
:1042300028462C37BD46BDE8F08FB9F1000F05DAEE
:10424000234803685907F1D0234AECE746EA0904FA
:104250005A1E144008D01E4802685207E6D00121B9
:104260001E4A22F029FDE1E72946202207F1080035
:1042700031F02FF92546A642DAD9A6EB040BBBF1A3
:10428000200F28BF4FF0200B09EB0401DAF804508F
:104290005B46404607F108027960A847051E796829
:1042A00014DA0B4803685B07C2D06C4688B06A46D4
:1042B0000B4BD161C2E90538042342F8103F0023BB
:1042C0004FF40151FDF7BEF8A546B1E75C44D2E7D3
:1042D0005010002071CE040097CE0400B4CE04002C
:1042E000E6CE040008B5054821F0AFFF044821F0F0
:1042F000ACFFBDE80840034821F0A7BF13CF04007E
:104300004FCF040082CF040008B50348034A0021C0
:10431000121A24F00EFA08BD881400204C810020E7
:10432000074808B5074A0849121A24F004FABDE8FC
:1043300008400648064A0749121A24F0FCB900BF93
:104340004000002088140020B81205004000002022
:1043500040000020B81205002DE9F84305460C4640
:1043600000AF002948D0DFF8B890D9F800305A07DC
:1043700042D0D1E900016E468AB06A46A3684FF088
:104380000508DFF8A0C0C2E90713C2E905C042F87A
:10439000108F00234FF421514846FDF753F8D9F808
:1043A0000030B5465B0727D0D4E903018AB06A46DE
:1043B0006369DFF874C0C2E90713C2E905C042F8B7
:1043C000108F002348464FF42151FDF73BF8D9F8F0
:1043D0000030B54658070FD0E36901214846134A1B
:1043E00022F06AFCD9F80030590705D0A3690121F1
:1043F00048460F4A22F060FC012D0AD1EFF30583F5
:1044000007480268520704D00A4A2946103B22F0A6
:1044100053FC2146284614F0B5F8BD46BDE8F883A4
:10442000B4100020B0CF0400DFCF04000ED0040091
:104430001DD004004BD0040030BFFFF7FDBF00BF0C
:104440002DE9F04105460B4EDFF82C80324606EB95
:104450000807CC1B2046094931F014F8A019424640
:104460000021083C31F035F8C5F8B84007F10800E4
:10447000BDE8F081000000000800000000680400B2
:10448000054B5A699B689A421FBF044A536843F020
:1044900080535360704700BFF852002000ED00E0E9
:1044A000F8B5364C064623680D465B0703D0204618
:1044B000334924F04DF9334B9B6ADF065CD5236802
:1044C000580703D030492D4824F042F911202D4BD4
:1044D0009B6A190707D523685A0703D02B49274839
:1044E00024F036F91220274FBB6A9B0719D52368A1
:1044F000580703D02649214824F02AF97B6BBA6A71
:1045000011060DD52268520704D00121214A1B480B
:1045100022F0D2FB26B11B4A936A23F080039362F8
:104520001320184B9B6ADB0707D523685F0703D06E
:104530001949124824F00CF91420124B9B6A9E066C
:1045400007D52368580703D014490C4824F000F914
:1045500015200C4B9A6AD10658BF9A6A9A6A92063D
:1045600042BF5A6A22F400525A629A6A42F0FF022B
:104570009A6200232B70F8BD1020A8E7B410002029
:104580005ED0040000ED00E074D00400A7D0040069
:10459000BAD00400D2D00400E8D0040007D104004F
:1045A00010B5334C2368580703D02046314924F016
:1045B000CFF8314B9B6A990157D523685A0703D02E
:1045C0002E492B4824F0C4F81E202B4B9B6ADB019C
:1045D00007D52368580703D02949254824F0B8F89F
:1045E0001F20254B9B6AD90207D523685A0703D0A1
:1045F00024491F4824F0ACF802201F4B9B6A1B0380
:1046000007D52368580703D01F49194824F0A0F89C
:104610002120194B9B6A590307D523685A0703D0F9
:104620001A49134824F094F82220134B9B6A9B03E9
:1046300007D52368590703D015490D4824F088F899
:1046400023200D4B9B6ADA0307D523685B0703D051
:104650001049074824F07CF82420074A936A6FEA3F
:1046600003436FEA1343936210BD1D20ADE700BF03
:10467000B410002036D1040000ED00E04ED104005B
:1046800061D104007BD10400A5D10400C3D1040092
:10469000E8D1040002D20400F8B5374C064623687E
:1046A0000D465B0703D02046344924F051F8344BC3
:1046B0009B6ADF0451D52368580703D031492E483F
:1046C00024F046F817202E4B9B6A190507D523685E
:1046D0005A0703D02C49284824F03AF81820284FCC
:1046E000BB6A9B0519D52368580703D02749224880
:1046F00024F02EF8BB6BBA6A11040DD5226852075C
:1047000004D00121224A1C4822F0D6FA26B11C4AC4
:10471000936A23F4004393621920194B9B6A5B054B
:1047200007D523685F0703D01A49134824F010F80F
:104730001A20134B9A6AD60511D52368590703D05E
:1047400015490D4824F004F81B200D4A936A43F4E0
:104750007F43936200232B70F8BD1620B3E79B6A5A
:104760009A04F2D523685B0703D00C49024823F072
:10477000EFFF1C20E9E700BFB41000202DD2040099
:1047800000ED00E043D20400A7D0040054D204009E
:104790006DD2040082D204009DD2040007D104002F
:1047A0002DE9F0418AB0734B0446D3F8048000250C
:1047B00000AFC8F3080685F31188BFF36F8F02F0CE
:1047C0007F43B3F17F4F0AD102F00C03082B15D1C0
:1047D00069480368590702D0684923F0B9FF0025EA
:1047E0002C460023FB71F31E092B00F29E80DFE8AC
:1047F00003F00A90938C9C9C9C9C9C9612074CBF47
:104800000C460125EDE75C4E33685B0703D030466C
:104810005B4923F09DFF0023FB71564BDA6A90073A
:1048200008D53368590703D05649534823F090FF01
:1048300000233BE0DA6A002A04DA33685A07F7D02B
:104840005149F2E7DB6A5B00F2D53368580703D0C1
:104850004E49494823F07CFF464BA1695A6942F40E
:1048600080725A61BFF34F8FBFF36F8F5A6931F86F
:10487000021C22F480725A61BFF34F8FBFF36F8F17
:104880004DF60272914207D09A6AD2B282B30120E9
:10489000F91DFFF705FE3AE03368590705D0236894
:1048A00001213B4A344822F007FA2368FA79DAB941
:1048B00007F1080604F1200C3246206861680834CC
:1048C00003C264451646F7D17A6A002D4DD0C2F373
:1048D000080121B96FEA52226FEA42227A62184631
:1048E00007F10801FFF738FD2837BD46BDE8F08124
:1048F0009A6A12F47F4F04D00120F91DFFF7CCFE15
:1049000005E09B6AB3F5803F92D3FFF749FE03466B
:10491000CCE70020F91DBCE70020F91DEEE71648A2
:1049200003685A0784D01B4980E7134803685B0774
:104930003FF47EAF184A18F4F87FE8468AB0174B68
:1049400018BF13466A461649103EC2E905134FF4D4
:1049500000731384134BD66142F8103F00234FF4C9
:104960001151FCF76FFDC54662E722F4FF7222F099
:104970000102B3E700ED00E0B4100020E3D2040030
:104980000ED3040025D3040046D3040054D30400FE
:1049900073D304008FD30400CAD20400B5D204003C
:1049A000B3D3040004000001064B5A6942F0100220
:1049B0005A615A6942F480625A615A6922F00802C7
:1049C0005A61704700ED00E0EFF30880EFF30981D2
:1049D00001B57246FFF7E4FE01BD00BF002080F381
:1049E0001488BFF36F8F002080F30A8880F30B8850
:1049F000124880F308880FF089FD002010490860F4
:104A0000BFF34F8F00F032F8402080F311880D483B
:104A10004FF0AA014FF4006223F08BFE09484FF4D7
:104A20000061401880F30988EFF3148002210843E5
:104A300080F31488BFF36F8F00F0E4F8F8DB0020F8
:104A400094ED00E0B8C20020002318460649D1F8D2
:104A50009020C2F30722934200DB7047C1F89830E0
:104A6000C1F8A0000133F6E700ED00E010B572B622
:104A7000002484F31388FFF7E7FF23464FF0FF304D
:104A80000C4A03F120010133102B42F82100F8D128
:104A900000234FF0FF30074A03F160010133102B70
:104AA00042F82100F8D162B6BFF34F8FBFF36F8F8A
:104AB00010BD00BF00E100E0084B9B6883420BD1B2
:104AC000EFF3058343B1064B5A6842F080525A60B7
:104AD0005A6A22F400425A6215F066B8F852002071
:104AE00000ED00E016498A684FF030001044EFF303
:104AF000098C80E8F01F402080F31288BFF36F8F8D
:104B0000104F4FF000664A698A603E60D2F8B800E4
:104B10000D4C2060D2F8BC000023C2F8BC3080F3FA
:104B2000118802F1300090E8F01F8CF3098802F13F
:104B3000000004B523F014FEBDE8044070470000F7
:104B4000F852002004ED00E0C04A00201EF0040FDF
:104B50000CBFEFF30880EFF30980816911F8021CA4
:104B60000229FFD001B5724623F0E7FD01BD00BF69
:104B700000B2002807DB01234109034A00F01F00AF
:104B8000834042F82130704700E100E000B2002885
:104B90000CDB01220649430900F01F00824020334C
:104BA00041F82320BFF34F8FBFF36F8F704700BFD3
:104BB00000E100E0D30748BF002100B258BF023136
:104BC0000028ACBF00F16040064A4FEA4113DBB257
:104BD000ABBF00F5614000F00F0080F800331354C4
:104BE000704700BF14ED00E0044B054A23F07F033B
:104BF0009360BFF34F8FBFF36F8F704700000000CB
:104C000000ED00E008B5FFF7EFFF074AD2F8883063
:104C100023F47003C2F88830FFF776FBFFF780FBC0
:104C200000F048F813F0E6FD00ED00E042F8203C0B
:104C3000009B0B4942F81C3C019B21F0010142F80A
:104C4000183C029B42F8081C42F8143C4FF0807359
:104C500042F8043C0023203A0265C0F8BC3070479B
:104C60007107010000B50E4B15469860D0F8B820CA
:104C70000C4B0E461A60D0F8A83083F30B882C46F4
:104C800086F309880020044B984720460021002223
:104C90000023024C204700007187030071070100C8
:104CA000F8520020C04A00201022014B1A617047C0
:104CB00000ED00E00023402040F20F1210B5044C3C
:104CC000E1180133934281F80003F9D110BD00BF10
:104CD00000E100E008B5EFF30583064A103B02EB64
:104CE000C30152F8330049688847BDE80840FFF720
:104CF000C7BB00BF4C5A04001FB5094C094A2346E4
:104D00000121094800F01CF900230393074B0121FE
:104D1000E41A01A80193029400F01CF904B010BD3C
:104D200000F0022000000020F87404008814002025
:104D300010B50C7A0B6804F01F0223F01F031A430E
:104D4000CB68640923F01F03054943EA440343F099
:104D50000103C1F89800C1F89C20C1F8A03010BD33
:104D600000ED00E010B50C4B0446D3F89030C3F3CF
:104D70000723013B98420BD9084803685B0704D01E
:104D800001212346064A21F097FF6FF0150010BD60
:104D9000FFF7CEFFFBE700BF00ED00E0A41000200E
:104DA000CAD304002DE9F04F8946144606464FF059
:104DB0000008544D85B0C8452EDAD6F804A0BAF1E3
:104DC000000F4BD0BAF11F0F1BD91AF01F0F18D1CB
:104DD000D6F800B01BF01F0F13D1584623F0EBFCA0
:104DE00007460AEB0B00013823F0E5FC874217D099
:104DF0006FF01507444803685B070BD0434A3B46F6
:104E000005E0414803685A0704D04346404A01215F
:104E100021F052FF6FF01504204605B0BDE8F08F79
:104E200017F1160FE6D0BC42E4DDC5F89870D5F84E
:104E30009C10C5F89870D5F8A03021F01F0143F000
:104E40001F0BD6E900321A44994202F1FF3A1DD1F4
:104E5000D34507D13146F8B223F0B6FC08F101087A
:104E60000C36A8E73146C5F89870D5F89C3022F08A
:104E70001F0203F01F031343C5F89C30E0B223F078
:104E8000A3FC10F1160FC5D0441CE7E7C5F89870D5
:104E9000D5F8A020013B23F01F0302F01F021343AB
:104EA000D3453146E0B2C5F8A030E8D023F08CFC01
:104EB00010F1160FAED0C5F89870D5F89C209DF86B
:104EC00008300BF1FF3B62F304038DF80830D5F88E
:104ED000A0309DF808205B0863F347128DF8082086
:104EE000D6E900321344009323F01F035B44A3EB85
:104EF0000A03013023F01F036946C0B20393FFF792
:104F000031FFBEE700ED00E0A410002013D4040040
:104F1000F0D304000522044BC3F89420BFF34F8F55
:104F2000BFF36F8F704700BF00ED00E0BFF35F8FEE
:104F30000022024BC3F89420704700BF00ED00E050
:104F400010B5034C2278FFF72DFF207010BD00BF75
:104F5000665A00202DE9F74F294D8A4606464FF044
:104F60000008AB46274FD0451BDAD6F80490B9F1BC
:104F7000000F3FD031680846019123F01CFC0199D5
:104F8000044609EB0100013823F015FC84424FF080
:104F900014021D4B08D002FB08F36FF015024BF80A
:104FA000032003B0BDE8F08F14F1160F2C60F8D089
:104FB0001978A142F5DD02FB08B0C7F89840C7F8A0
:104FC0009840D7F89C4000F10801007B64F304008E
:104FD0000871D7F8A0000C79400860F347140C71F1
:104FE000D7F89C1021F01F016960D7F8A01021F0BC
:104FF0001F01296108F1010814350C36B3E700BF21
:10500000C44A002000ED00E0665A0020F0B5414996
:10501000414CD1F890302568C3F307239D4287B0F7
:1050200075D80020FFF782FF3C4BC1F8C0308542A5
:1050300016D13B4C01A82570FCF7BCFC00250646A8
:10504000384FAE4213D1002023783249D1F8902056
:10505000C2F30722934254DBFFF75CFF00202FE0EE
:10506000616801EB0011FFF763FE0130DFE7019992
:10507000280101EB0513DA683A40B2F5001F21D090
:10508000B2F5800F2BD0B2F5801F38D15A689B68DB
:105090000958013B22F01F0003440120844623F0FD
:1050A0001F0340EA4C10CDE902218DF8100002A93F
:1050B00020780593FFF756FE00281DDA6FF01500E3
:1050C00007B0F0BD5A689B680958013B22F01F00E9
:1050D00003444FF0020C012023F01F03E1E75A685C
:1050E0009B680958013B22F01F0003444FF0000C5D
:1050F000022023F01F03D4E7237801332370013506
:105100009FE7C1F89830C1F8A00001339EE74FF047
:10511000FF30D5E700ED00E004750400AAFF44006D
:10512000665A00200000F0FFF0B587B007460E4633
:1051300014460021102268461D4630F0CAF90223A9
:105140008DF80230054B2A4621466846CDE90476A3
:10515000019320F05DFB07B0F0BD00BF01880300A4
:1051600008B5024820F004FAFEE700BF45D4040069
:1051700008B5024B1B689847002008BDD84A00209C
:10518000034B044A1860937843F00203937070470E
:10519000D84A00202808002008B5054821F055F815
:1051A000002383F31188BFF36F8F0423184602DFB7
:1051B0004AD4040008B50649064821F00701C1F1A8
:1051C000005202F53C3220F079FF002008BD00BFFC
:1051D000170C0120DC4A00204FF0FF324FF0FF3364
:1051E000014813F0A5BC00BF38080020014813F0A7
:1051F00017BD00BF3808002038B50546FFF7ECFFA3
:105200002A460821074820F0EAFE044628B925B1BD
:1052100030F052FA0C22044B1A50FFF7E7FF2046F9
:1052200038BD00BFDC4A00200C00000010B5044669
:10523000FFF7D2FF2146034820F092FEBDE8104060
:10524000FFF7D4BFDC4A002008B500F0B7F8012210
:1052500000230949C0E9002241610849C0E902333D
:105260000A60074903610A60064A1360064A136030
:10527000064A136008BD00BF0B1105006808002036
:1052800064080020F04A0020EC4A0020E84A002090
:105290002DE9F04107460E46154600F08FF8C36829
:1052A00004461BB943691A78002A41D10023E36000
:1052B0006368BB4256F8232008DB324B636120460B
:1052C00000F062F84FF0FF30BDE8F081511C6161E1
:1052D00092F80080B8F12D0FEFD1911C61615178E7
:1052E0002D29A16004D192786AB901336360E4E7A3
:1052F00049B9244B41462846636130F002F9002841
:10530000DDD0C4F80880D4F808802846414630F043
:10531000F8F8B8F13A0F636900D070B91B7813B987
:10532000636801336360204600F02EF83F20CBE72E
:105330005A1C42611B788360E5E742783A2A0BD019
:10534000002222611B7813B9636801336360204631
:1053500000F01AF8A068B7E718786268094928B918
:1053600001329742626004DD56F82230C4E904310C
:10537000EAE761612D7820463A2DD5D100F004F896
:105380002846A1E70B1105000268074B1A60426826
:10539000064B1A608268064B1A60C268054B1A6099
:1053A0000269054B1A6070476808002064080020F5
:1053B000F04A0020EC4A0020E84A002000487047EC
:1053C0004C08002070B541690446867A0A4D59B1EF
:1053D000437ADB0706D42C2303FB06535B6A1B6866
:1053E0009B689847002363612C20214606FB0050F0
:1053F000BDE8704029F06ABCFC1200202C22024B50
:1054000002FB0030704700BFFC1200202C21827A82
:10541000054B01FB02339A6A1B7F801A1B3323F072
:105420000303B0FBF3F07047FC12002038B52C24C6
:10543000827A064B04FB02335B6AD3E901240C60D9
:105440001568FFF7E3FF04FB005038BDFC12002095
:105450002DE9F04385B00546684690461C46039109
:1054600029F0D0FEDDE90067EFF31189402383F3D3
:105470001288BFF36F8F6B8B002B41D02A8B9A421F
:1054800025D900220023284613F01AFC0446F0B167
:1054900089F31188BFF36F8F039B002B41D03246F5
:1054A0003B46684629F0D3FE2C21A27A254B2046A4
:1054B00001FB02335B6A03A91B681D68DDE9002359
:1054C000A847606170BB2046FFF77CFF24E0698B32
:1054D0004B1E6B8389F31188BFF36F8F2B7F2A8B51
:1054E000AC6A1B3323F00303521A02FB0344154B2F
:1054F000154AEB1A9B105343A3722B7FE372CBE741
:1055000089F31188BFF36F8F23464246284613F074
:10551000D7FB04460028BFD10024204605B0BDE8D3
:10552000F0836361012300252381039B2946638265
:10553000E27A656004F118002FF0CBFF63692582E1
:10554000E360EAE7FC120020A38B2EBA70B52C258D
:105550000C4C00B970BD037A4668002BFAD0013BB1
:10556000DBB20372002BF5D1C3604360837A05FB85
:1055700003431B6A13B198473046EAE7FFF722FF5F
:10558000FAE700BFFC12002008B5144A144B1A6059
:105590000AF068FE4FF47A61124B0020D3F82436EB
:1055A000C3F30802C3F309434B4382F480720E49EC
:1055B000883201FB02334FF4FA215B00B3FBF1F2B6
:1055C00001FB1233B3F57A3F084B28BF0132C3F811
:1055D00004290122C3F8002608BD00BF0020A1074E
:1055E000A00E002000C0FF00102700800000125015
:1055F00048B1054B054A1B68B3FBF2F35843044B13
:1056000043F0010318477047A00E002040420F00EE
:10561000606C0400BFF34F8F0549064BCA6802F463
:10562000E0621343CB60BFF34F8F00BFFDE700BFC5
:1056300000ED00E00400FA05084B0246596811B17C
:105640001968884207D0D86830B1996804488A42FE
:1056500018BF002070471846704700BFF44A00206A
:10566000FC4A002002460B46014813F061BA00BF15
:1056700088120020014813F0D3BA00BF881200201E
:105680002DE9F74F4FF00009824608460F46904635
:10569000F9F788F94E4683464FF0FF314FF0FF305F
:1056A000FFF7E0FF194B1C689C4208BF00245B68B1
:1056B0005CB9FFF7DFFF36B3CAF80060B8F1000F3E
:1056C0001DD1002003B0BDE8F08FA569A94512D80F
:1056D000AB4510D3012D03D97A5D2F2A00D052B9E2
:1056E0002A463846E16801932FF029FF002804BFBD
:1056F000A9462646019B9C42DBD02468D8E7B369C3
:10570000C8F80030DDE76FF00100DBE75C0900203E
:105710002DE9F743804691460D4639B10846F9F721
:1057200041F9012802D92B782F2B0CD03A48036875
:105730005A0702D0394923F076FA6FF01504204653
:1057400003B0BDE8F083D8F80420002A5DD12946D3
:1057500001A8FFF795FF041E07DA2F4803685B07CF
:10576000EDD02F4923F05FFAE9E7019E96F820304B
:105770009F0702D519F0120F4AD1F3691A68C2B116
:1057800019F0400719D019F0020F09D12248036817
:105790005C0702D0234923F046FA6FF00C04CEE7F1
:1057A0005B694BB91C480368590702D01E4923F0B6
:1057B0003AFA6FF08504C2E70127C8F80460F3697C
:1057C0004A46294640461B689847041E0BDA124891
:1057D00003685A0703D02246144923F01FFA002316
:1057E000C8F80430ABE788F80890002FA7D0F36919
:1057F000002140465B699847041EA0DA064803680A
:105800005B07ECD022460A49E7E76FF00F0496E702
:105810006FF01D0493E700BF6010002075D40400F2
:1058200089D40400A1D40400CFD40400EFD4040030
:1058300004D5040038B5446805466CB1E369DB69FA
:105840007BB19847041E09DA074803685B0703D059
:105850002246064923F0E2F9204638BD00236B605A
:10586000FAE76FF08504F7E76010002020D5040008
:1058700010B543687BB1DB695B687BB19847041E58
:1058800007DA084803685B0703D02246064923F07D
:10589000C5F9204610BD6FF00804FAE76FF08504E3
:1058A000F7E700BF6010002036D5040010B543684C
:1058B0007BB1DB699B687BB19847041E07DA084817
:1058C00003685B0703D02246064923F0A7F9204668
:1058D00010BD6FF00804FAE76FF08504F7E700BF2A
:1058E000601000204BD5040010B543687BB1DB6924
:1058F000DB687BB19847041E07DA084803685B073A
:1059000003D02246064923F089F9204610BD6FF0E6
:105910000804FAE76FF08504F7E700BF6010002085
:1059200061D5040010B543687BB1DB691B697BB1AD
:105930009847041E07DA084803685B0703D022462D
:10594000064923F06BF9204610BD6FF00804FAE712
:105950006FF08504F7E700BF6010002076D50400E3
:1059600010B543687BB1DB695B697BB19847041E66
:1059700007DA084803685B0703D02246064923F08C
:105980004DF9204610BD6FF00804FAE76FF085046A
:10599000F7E700BF601000208BD50400F7B505467F
:1059A0000E4611B10B782F2B0BD02A4803685907EC
:1059B00002D0294923F037F96FF01504204603B0CF
:1059C000F0BD4368002B3FD10768002F3CD1304623
:1059D0002249F8F7D5FF044680B94FF0FF304FF069
:1059E000FF31FFF73FFE1E4A6C601368934214BFFD
:1059F0001F4627462F60FFF73DFEDFE73A46314658
:105A000001A8FFF73DFE041E07DA124803685A0793
:105A1000D4D0144923F007F9D0E7019BDA69126A60
:105A2000AAB16B60DB69314628461B6A9847041EA1
:105A3000C4DAC5E90077074803685B07BED0224691
:105A4000094923F0EBF8B9E76FF00F04B6E76FF000
:105A50008504B3E760100020A4D5040091B80400C9
:105A60005C09002089D40400BDD504002DE9F84369
:105A7000476806460D466FB3FB695B6A002B61D031
:105A8000DFF8C890DFF8C8804F1C73682946DB69CF
:105A900030465B6A9847041E13DB6B7873B12B7832
:105AA000012B0BD149463846F8F76AFF0028ECD0A5
:105AB00041463846F8F764FF0028E6D02046BDE8A6
:105AC000F883244803685B07F8D02246224923F074
:105AD000A5F8F3E7036813B94B700024EEE7DFF88D
:105AE0007C804FF0FF304FF0FF31FFF7BBFDD8F85F
:105AF0000040D8F80430444508BF002424B9FFF71B
:105B0000B9FD6FF00104D9E73268944216D1012340
:105B1000284600F8013BE168FF2219442FF021FDDF
:105B2000002385F80031C5F80431D8F804309C42D0
:105B300018BF2768FFF79EFD3760CEE79C42DED096
:105B40002468DBE76FF08504B8E700BF1512050095
:105B500061F3040060100020D7D504005C09002028
:105B600038B54468054614B90460204638BDE36979
:105B70009B6A7BB19847041E08DA084803685B07F4
:105B8000F3D02246064923F049F8EEE70023C5E9A1
:105B90000033EAE76FF08504E7E700BF60100020FC
:105BA000F1D5040037B5054630B1F8F7FBFE012802
:105BB00002D92B782F2B0BD01A4803685C0702D030
:105BC000194923F030F86FF01504204603B030BDBA
:105BD0000022294601A8FFF753FD041E07DA1148E9
:105BE00003685907F1D0114923F01DF8EDE701983A
:105BF00090F820309A070FD4C369DB6B7BB129463C
:105C00009847041EE1DA074803685B07DDD02246A7
:105C1000074923F003F8D8E76FF01D04D5E76FF0CC
:105C20008504D2E760100020A4D5040089D40400C4
:105C30000CD6040037B5054630B1F8F7B3FE01289D
:105C400002D92B782F2B0BD01A4803685C0702D09F
:105C5000194922F0E8FF6FF01504204603B030BD6B
:105C60000022294601A8FFF70BFD041E07DA1148A0
:105C700003685907F1D0114922F0D5FFEDE70198EB
:105C800090F820309A070FD4C3695B6B7BB129462B
:105C90009847041EE1DA074803685B07DDD0224617
:105CA000074922F0BBFFD8E76FF01D04D5E76FF07E
:105CB0008504D2E76010002075D4040089D4040064
:105CC0002CD6040073B50E46054630B1F8F76AFECF
:105CD000012802D92B782F2B0BD0194803685C07B9
:105CE00002D0184922F09FFF6FF01504204602B041
:105CF00070BD0022294601A8FFF7C2FC041E07DA86
:105D00000F4803685907F1D00F4922F08CFFEDE7E7
:105D10000198C3691B6C83B1324629469847821C9F
:105D20000446E3D00028E1DA054803685B07DDD0CC
:105D30002246064922F072FFD8E76FF08504D5E7C6
:105D40006010002047D6040089D4040062D6040005
:105D500073B50E46054630B1F8F724FE012802D986
:105D60002B782F2B0BD018480368590702D01749FE
:105D700022F059FF6FF01504204602B070BD0022DA
:105D8000294601A8FFF77CFC041E07DA0E480368C9
:105D90005A07F1D00E4922F046FFEDE70198C3699A
:105DA0005B6C6BB1324629469847041EE4DA06481C
:105DB00003685B07E0D02246064922F02FFFDBE7AD
:105DC0006FF08504D8E700BF6010002047D60400BC
:105DD00089D4040062D604002DE9F843044600AFDC
:105DE00008B1C6684EB9564803685A0702D05549EB
:105DF00022F019FF6FF015050AE0056865B15048FB
:105E000003685B0702D0504922F00DFF6FF00F05C9
:105E10002846BD46BDE8F8833046F8F7C3FD804606
:105E200010B133782F2B05D0454803685E07E1D0C9
:105E30004649DDE7464E4FF0FF304FF0FF31FFF7A8
:105E400011FC3368D6F80490B34218BF1D469DB9C3
:105E5000A5682846FFF7F0FB20B1D0F80490B9F10F
:105E6000000F2CD136480368590702D0394922F077
:105E7000DAFE6FF001050FE0AB6943451BD12269E3
:105E80002B699A420BD12E4803685D0702D02E4938
:105E900022F0C9FE6FF00F05FFF7ECFBB8E74246B2
:105EA000E968E0682FF04BFB28B9254803685C07D8
:105EB000F0D02949ECE74D45CAD02D68C7E7D9F89D
:105EC0002C3053B91E4803685A0703D02A46234989
:105ED00022F0A4FE6FF08505DEE7D9F83030BBB9BB
:105EE0001748026812F0060F12D06D4688B0E168BC
:105EF0006A46DFF86CC0C2E905C14FF400719183B6
:105F0000184942F8101F4FF4E451FBF79BFAAD46D5
:105F10002046D9F82C309847051E08DA084803684F
:105F20005B07B9D02A46104922F078FEB4E77368BF
:105F3000C4E90689C4E900631C607460ACE700BF73
:105F40006010002083D60400A1D60400BFD6040050
:105F50005C090020F2D60400D5D604001ED7040048
:105F600043D704000300000164D7040038B5044699
:105F70000D464FF0FF304FF0FF31FFF773FB204627
:105F8000FFF75AFB08B143687BB90B4B5A6812B153
:105F9000DA686AB9012243F83240002403EBC203F5
:105FA0005D60FFF767FB204638BD6FF07704F8E7C8
:105FB0006FF01B04F5E700BFF44A002038B131B19F
:105FC0008B6918440278024B002A08BF18467047B4
:105FD00091B8040010B5036804465A6D1AB1196EE1
:105FE000044828F023FD2168034828F055FD0023CC
:105FF000236010BDAC11002058110020002807DAE2
:106000005430522802D8034B185670476FF00400E2
:10601000704700BF9DD90400002805DA5A3058287F
:1060200004D8044B18567047002070476FF00400E6
:10603000704700BF44D904002DE9F7434368044684
:106040001E6988461546014600220023234812F0A7
:106050006DFC014600283ED12768642238462FF0A7
:1060600038FAD6F8E41000220023896A1C4812F09E
:106070003DFC386660B3B94649F8540F6168404644
:10608000FFF79CFF8046304622F0F9FD2901AB0165
:1060900003F4006301F48071194305F003030B431B
:1060A00042463946CDF8009006F17C0027F022FEEA
:1060B000054606F5807022F0EAFD002D02DA204642
:1060C000FFF788FF284603B0BDE8F043FFF796BF0F
:1060D0006FF00B05F3E703B0BDE8F0835811002023
:1060E000AC11002070B5436804461E690D460022BD
:1060F00001460023144812F019FC014608BB342263
:1061000020682FF0E6F961682846FFF757FF05463B
:10611000304622F0B4FD2A46216806F17C0012F0D8
:1061200021F9054606F5807022F0B1FD002D03DA55
:106130002168054828F0B0FC2846BDE87040FFF70C
:106140005DBF6FF00B0070BD7411002070B5044688
:1061500043681E69304622F092FD216806F17C00FA
:1061600027F06AFE054606F5807022F090FD216852
:10617000034828F091FC2846BDE87040FFF73EBF79
:106180007411002080B500AF88B06A46084BC2E9A0
:1061900005304FF400739383064B42F8103F002301
:1061A0004FF4E6510448FBF74DF9BD4680BD00BFF2
:1061B00078D70400030000017C10002038B50446A5
:1061C0000569284622F05BFD05F17C0027F06EFD95
:1061D00094F820301B0703D4D5F8FC0020F043FED0
:1061E000002305F58070C5F8FC3022F050FD054B0A
:1061F0001B6803F00703022B02D9E068FFF7C2FF18
:10620000002038BD7C1000202DE9F04101202E49EE
:1062100000AFFFF7ABFE044600283DD12B4B2C4EC0
:106220001D68336803F00703022B13D9E84688B0D2
:10623000EB686A462749C2E905134FF4007393835C
:10624000254B42F8103F4FF4E65103463046FBF72A
:10625000F9F8C54695F820305A071DD52846FFF7AE
:10626000BBFD002833681BDB03F00703022B13D9A7
:10627000EB686D4688B06A461849C2E905134FF4C9
:1062800000739383144B42F8103F00234FF4E65100
:106290000F48FBF7D7F8AD462046BD46BDE8F08174
:1062A0005B07F9D0EB686D468AB06A460C49D0614D
:1062B000C2E905134FF4007313840A4B42F8103FF0
:1062C00000234FF41151E3E73C75040064090020FA
:1062D0007C10002085D70400030000019ED7040035
:1062E000B5D70400040000012DE9F04F89B004691E
:1062F00002AF04F5807382467B60B44D184628F0E7
:106300003DFC204622F0BBFC2B68DAF8146003F059
:106310000703022B9AF8208015D9E9468AB002AA11
:10632000AB4B0B2153610223C2E9063113620123F7
:106330005362062342F8103F00234FF4435128468E
:10634000FBF780F8CD46D4F8FC30002B40F062819A
:1063500018F0080F0ED02B685E0705D001214346C8
:106360009C4A9A4820F0A8FC6FF085050023C4F8E9
:10637000FC30D0E004F1FC01F0B2FBF72DFB031E72
:1063800002DBD4F8FC0060B92A68550706D0012169
:106390000093914A33468D4820F098FC6FF0120527
:1063A000E4E720F0A2FD0346002800F0BC80D4F80A
:1063B00014B0A369BBF1000F08BF4FF0100B002B06
:1063C00008BF1023E6697B61636A002E08BF4FF4A3
:1063D0008056002B3B6100F0C18002DC4FF0FF33A0
:1063E0003B61D4F8FC00D4F828908368D4F82C8062
:1063F000B3FBF6F3B9F1000F08BF4FF04009B8F155
:10640000000F08BF4FF02008FB6020F06EFD2B68E6
:1064100003F00703022B38D9D4F8FC30C7F808D0B2
:106420008CB001685B6802AAD361FB686B48C2E963
:1064300008363B69C2E9050193624FF40073938506
:10644000674B42F8103F00234FF473515F48FAF74F
:10645000F9FF2B68D7F808D003F00703022B14D9F3
:106460008AB002AA5F4BC2F82480C2E9053B7B696F
:10647000C2E90739062342F8103F00234FF4435185
:106480005248FAF7DFFFD7F808D0D4F8FC3004F10F
:106490007C052360544B21466360544B2846A3601F
:1064A000534BC4E90A98E3607B69C4F814B0A36154
:1064B000504BE6612361FB6823623B69636211F024
:1064C00093FB002821DA9AF82020D1071DD43F4EF3
:1064D0009207336845D413F0060F05D00221034616
:1064E000454A304620F0E8FB2146284611F018FBCB
:1064F000B0F100083FDA3368590705D0012143465F
:106500003E4A324820F0D8FB4046FFF777FD00288E
:106510000546FFF62BAF786822F0B9FB28461C37FA
:10652000BD46BDE8F08F2A6850073FF437AFD4F876
:10653000FC206D46D26888B0116802AA3048C2E9D2
:1065400005014FF4007191832E4942F8101F4FF45A
:10655000E2511E48FAF776FFAD461FE74FF400738D
:106560003EE75A0704D001213046274A20F09BFB22
:106570006FF01D05FAE62846214611F035FB051E91
:10658000336809DA5B0705D001212B461F4A0F4803
:1065900020F092FB2846B8E703F00703022BBAD994
:1065A0006C4688B0DAF80C3002AA1949C2E9051322
:1065B0004FF400739383134B42F8103F00234FF4C2
:1065C000E6510248FAF73EFFA546A4E77C100020FA
:1065D000CDD70400F8D7040035D8040071D80400E2
:1065E00007000001A4D80400638C0300478C03005B
:1065F000338C03002F8C0300D3D8040022D904006D
:1066000056D8040003000001F4D8040014D9040093
:1066100039D904006FF00F05A8E600BF08B5034A9A
:10662000034920F0F1FE002008BD00BFF90E002054
:106630003DBC0400F8B5037806462F2B0C4608D164
:106640000146802220462EF08CFF002384F87F3004
:10665000F8BD14494D7855B920462F237F22314685
:1066600000F8013B2EF07DFF84F87F50F0E7002713
:10667000802220462EF075FF204684F87F70F8F7C0
:1066800091F97F280546E3D82F222318013322549D
:106690003146C0F17F0218462EF063FFC5F17E053A
:1066A0004755D5E7F90E002070B501290546E2B03F
:1066B00006D820492048F8F76DF9002062B070BD77
:1066C00056681E493046F8F75BF9044650B91A4D32
:1066D0002F2128462EF055FF0028EAD0A842E8D006
:1066E0000470EAE769463046FFF7A4FF684620A930
:1066F000FFF7E8FA044638B128466A46104920F008
:106700009FFE6FF00100D9E79DF88030012B07D084
:1067100028466A460B4920F093FE6FF01300CDE740
:10672000054B7F22694618462EF01BFF80F87F40FC
:10673000C3E700BF91B80400F90E002061F3040024
:10674000FFD9040011DA04002DE9F04101290546C2
:10675000E6B021D87F22224904A82EF002FF0023B0
:106760008DF88F30002304A902A8CDE90233FFF78A
:1067700015F90446A8B9DFF86C801B4F1B4E24A9FD
:1067800002A8FFF773F9C0B12846194920F058FE56
:1067900002A8FFF7E5F90CE0506804A9FFF74AFFEB
:1067A000E0E703461349284604AA20F049FE6FF0AB
:1067B0000404204666B0BDE8F0819DF89130002BBE
:1067C000E6D09DF890203146012A14BF43463B464F
:1067D00028460093659A0DF1910320F015FECEE74F
:1067E000F90E00200B11050091B804005EDA0400D8
:1067F00044DA040028DA040010B5A0B00446694663
:106800005068FFF717FF6846FFF7CCF930B1024632
:106810000349204620F014FE6FF0040020B010BDA4
:1068200069DA04002DE9F04F0F46EFB004460CA9D9
:1068300050681646FFF7FEFE022F1CD90022B068F2
:1068400011461EF009FF051ED8BF6FF00045032F4B
:1068500013D00022F06811461EF0FEFE06462CA959
:106860000CA8FFF72FFA034648B150490CAA20465E
:1068700020F0E6FD0BE06FF000450026EFE79DF805
:10688000B07057B120464A490CAA20F0D9FD6FF0EC
:10689000040738466FB0BDE8F08F20466D9A454931
:1068A00020F0B2FD01220CA905A8CDE905778DF8ED
:1068B0001C70FEF72DFF074618B103463E490CAA8F
:1068C000D5E7002E0FDD0246314605A8FFF70CF88C
:1068D000034640B1204639490CAA20F0B1FD05A875
:1068E000FEF7A8FFD3E7102D2A4608A928BF1022DB
:1068F00005A8FEF7BDFFB0F1000A4FDD33460821C1
:1069000020462F4A0DF1200920F063FDCB464FF0C1
:106910000008082120461BF8013B2A4A20F059FDB7
:10692000CDF80C8008F10108C245F2D1C246BAF197
:10693000100F29D120230821009320460023224A4A
:1069400020F047FD4FF0000ADFF880B019F8013B56
:106950000821A3F120025F2A88BF2E235A46204631
:1069600020F037FD039A0AF10103524514D1204665
:106970001749A5EB080520F047FD002D4644B2DC81
:1069800005A8FEF757FF84E708212046114A20F0AA
:1069900020FD0AF1010ACAE79A46D7E7F0D053462C
:1069A00020460D490CAA20F04BFDE9E781DA0400EE
:1069B000A5DA0400B4DA0400C4DA0400DCDA040066
:1069C000F4DA0400FBDA040001DB040079C80400F7
:1069D00093100500A4B8040005DB040000232DE992
:1069E000F04F04460F4690460126F7B0CDE901333B
:1069F000DFF8A0B08DF80C30BE4203D3002077B092
:106A0000BDE8F08F58F8260014A9FFF713FE34A94B
:106A100014A8FFF757F9031E05DA1F4914AA2046E8
:106A200020F00EFD07E09DF8D03033B120461B4921
:106A300014AA20F005FD0136DEE7012214A901A801
:106A4000FEF766FE031E02DA154914AAE7E74022A4
:106A500004A901A8FEF70CFF051E0FDD4FF0000989
:106A60000DF1100A082120461AF8013B0D4A09F1E0
:106A7000010920F0AEFC4D45F4D1E8E705D02B46E6
:106A80005946204614AA20F0DBFC01A8FEF7D2FEEE
:106A9000D1E700BF05DB040081DA0400A5DA0400B9
:106AA000C4DA040079C8040010B5A0B004466946F1
:106AB0005068FFF7BFFD6846FFF7BCF838B10346E2
:106AC0006A462046034920F0BBFC6FF0040020B06A
:106AD00010BD00BF2DDB040030B51446D7B016A999
:106AE00005465068FFF7A6FDA06836A9FFF7A2FD8E
:106AF00000230122684616A9CDE90033CDE903330E
:106B00008DF808308DF81430FEF702FE034648B1C8
:106B10002846274916AA20F093FC6FF0040420466B
:106B200057B030BD522236A903A8FEF7F1FD034647
:106B300088B128461E4936AA20F082FC6FF0040472
:106B40006846FEF777FE0028E9D02846194916AABC
:106B500020F076FCE1E74022684606A9FEF788FEB1
:106B6000041E12DA2346144916AA284620F068FCAF
:106B70006FF0040403A8FEF75DFE0028E0D028466D
:106B80000C4936AA20F05CFCD8E7F3D0224606A9CF
:106B900003A8FEF78BFE031E02DA084936AAE4E7D3
:106BA0009C42D8D02846064936AA20F049FCDFE7A7
:106BB000C4DA04008CDB040047DB04005FDB040064
:106BC00078DB040010B5A8B008A904465068FFF7A8
:106BD00031FD04A908A8FFF7BBF8031E08DA204618
:106BE0000A4908AA20F02CFC6FF0040028B010BD60
:106BF000079B20460293069B08210193059B044AAC
:106C00000093049B20F0E5FB0020EFE7A0DB0400ED
:106C1000BBDB040070B50E46A4B0054604A950685D
:106C20001446FFF707FD022E1BD90022A06811466B
:106C30001EF012FD04460023022204A901A8CDE99A
:106C400001338DF80C30FEF763FD034658B128463A
:106C50000E4904AA20F0F4FB6FF00404204624B08F
:106C600070BD0024E7E7214601A8FEF779FE04463F
:106C700038B103460649284604AA20F0E1FB6FF02C
:106C8000040401A8FEF7D6FDE8E700BFC4DA04005B
:106C9000E9DB04002DE9F0431546B5B00746884608
:106CA000506814A9FFF7C6FC3749A868F7F768FED3
:106CB000024630BBB8F1030F09D83846334920F0FB
:106CC000BFFB6FF01504204635B0BDE8F0830146E8
:106CD000E8681EF0C1FC042604460023122214A911
:106CE00001A8CDE901338DF80C30FEF711FD034604
:106CF00058B13846264914AA20F0A2FB6FF00404CC
:106D0000E1E74FF0FF340226E7E7002CB3BF01466E
:106D100002462146022201A8FEF7E6FD044640B9DC
:106D2000814605EB8605B0450DD801A8FEF782FD2A
:106D3000C9E70346174914AA384620F081FB01A889
:106D4000FEF778FDDAE71022002155F8040B1EF05B
:106D500083FC09F10102D2B209F1D0030DEB030962
:106D6000402A06F1010609F8C00C01D0B04509D14E
:106D700004A901A8FEF79AFD031E02DA064914AA27
:106D8000DAE700229146CEE705DC040008DC0400C7
:106D9000C4DA0400DCDA04005FDB040038B5064C1A
:106DA000064DAC4201D3002038BD54F8043B002B03
:106DB000F7D09847F5E700BF6066040068660400F6
:106DC000084B0246186808B1036800B9704741894A
:106DD0009142FBD01BB1196818460B46F5E71946DE
:106DE000FAE700BFAC4B00200A4B1B681BB11A68C6
:106DF0001BB9184670471A46FAE75989814206D0EE
:106E00001AB1116813460A46F2E71146FAE7D86844
:106E1000704700BFAC4B002000230360044B5A684E
:106E200012B9C3E90000704710605860704700BF96
:106E3000AC4B002000230360044B5A6812B9C3E92D
:106E40000000704710605860704700BFA44B0020DE
:106E50002DE9F04F89B004910021DDF848801960D8
:106E60001E46284BA8F800101B68054617468DF8EB
:106E700019104FEA104B002B42D089464FF6FF7A8B
:106E80001C681BB9084609B0BDE8F08F9A685245E6
:106E900006D0BBEB124F27D125EA020292B21ABBF1
:106EA000326828460792B8F800200297ADF81A20F9
:106EB000049A059101920DF1190200925B6807AAEC
:106EC0009C460DF11A03E047059948B1B9F1000F4E
:106ED00006D1079B022833600BD001464FF0010911
:106EE0009DF81930002BCDD144B1226823461446B9
:106EF000C7E7BDF81A30A8F80030EEE72246F5E7FC
:106F00001946BFE7A44B002000232DE9F04F0446AB
:106F10000D468BB0CDE9063301F10C092B8A3BB944
:106F200098462846216822F04FF90020216881E028
:106F3000072B40F20481EA6806AB1068516803C36E
:106F4000BDF81A3008215BBA1FFA83FAADF81A307F
:106F5000BDF81C3048465BBA9AB2ADF81C300592B9
:106F600021F026FE2B8A5345C0F0EF809DF8187063
:106F700017F0050840F0EE802846216822F010F94D
:106F80000646002800F0E98001226068042140F8EC
:106F9000045B2B8ACDE901880092EA6827F072FB36
:106FA0003146A06822F02FF89DF81820D4F808B0D8
:106FB000C2F3C102012ACBF8708000F2C3800598A9
:106FC000FFF7FEFE002800F093809DF81F1021F0CF
:106FD000EBFF002800F08C809DF8182012F00702CB
:106FE0002ED0022A47D04FF003083146A06822F085
:106FF0000AF8D4F80890022109F10407384627F06E
:1070000066FC00287AD002223846554927F045FC14
:10701000002873D04146384627F008FC022100289A
:107020006ED1384627F059FC2846216822F0CCF86A
:107030003046216822F0C8F840460BB0BDE8F08F1A
:10704000D0F80080A068B8F1000F51D00F210430B3
:1070500027F03DFC00284ED02046C0478046A0685F
:107060000F21043027F039FC40B9B8F1000F08BFF8
:107070004FF00708B9E7D0F80480E3E7B8F1000F54
:10708000B3D1BBF87280B8F1000F12D017F0180F0F
:107090000FD1BBF87000FFF7A7FE034610B94FF001
:1070A0000108A2E7404698478046B0B1002E4ED076
:1070B0009BE7DBE90012C868121A0A82DBF800308D
:1070C00008A91A8A06A8083A21F07EFFA3681B685F
:1070D000DA680B4603CB10605160236830469B6A28
:1070E0009847804698BB5146484621F061FD15E718
:1070F0004FF0080879E74FF0070876E7022190E79C
:10710000384627F0EAFB00288ED0D9E900A7DAF844
:107110000C3008A9FF1AA7F1080206A821F054FFB5
:10712000AAF81070A3681B68DA680B4603CB1060DE
:107130005160236830469B6A9847002674E74FF0F9
:107140000908EEE64FF00D084FE74FF009082E460C
:1071500000254AE74FF00808F9E74FF00208F6E784
:1071600043DD040070B504460E4615468AB3A0F808
:107170006C10A0F86E201849032227F08EFB18B976
:10718000002000F0010070BD0221204627F09FFB87
:107190000028F5D005222046104927F07EFB002864
:1071A000EED03146204627F055FB0028E8D00222D9
:1071B00020460B4927F071FB0028E1D029462046E4
:1071C00027F048FB0028DBD00221204627F085FB72
:1071D000D7E70120D7E700BFE2B8040046DD04008E
:1071E00043DD04000023F0B52F49A1B00A9104212A
:1071F000D0E90104CDE906338DF8383002230B9134
:107200002A4906AACDE90C128DF8203001220FAFD1
:1072100004AB0AA90430099721F00FFF06460028A5
:107220003FD1079D6B1E3F2B3BD82A460699384617
:107230002EF028F905F180030DEB03050DF10A038B
:1072400005F8446C08220093194805AB08A9FFF71C
:10725000FFFD0434034660B1012B059807D0BDF84B
:107260000A1082B22046FFF77DFF58B1002021B0FE
:10727000F0BD384603A921F045FF054620B108219D
:1072800082B2EFE70720F2E703222046094927F000
:1072900004FB0028F6D02B462046039A27F0E4FA98
:1072A000E3E70320E3E700BF4CDD040073E30300E2
:1072B0000100040084E4040038B5094C237873B15C
:1072C00000254122294604F10C00C4E9015525702E
:1072D0002EF0FFF804F15000FEF7ACFA656738BDF8
:1072E000E82C002010B5164C98B0A368FBB162687A
:1072F00093421CD8002304F10C0107A805930690C3
:10730000F7F748FB23780F48012B08BF8DF814309E
:1073100027F0C6FDFFF7D0FF0DF10E030093082202
:1073200004AB05A90848FFF793FD18B010BD002372
:10733000064A044818B0BDE8104011F0A9BF00BFCC
:10734000E82C0020602D00200200040048E8010025
:1073500010B5094C0023204600F85C3B0122114681
:1073600027F0C2FC04F17800044927F08DFDBDE848
:1073700010400348FFF750BDE82C0020AD7301001A
:10738000A00A002010B540F635420023064811F04F
:1073900003FD044630B9FFF78FFF034811F0C2FC2C
:1073A000204610BD0A24FBE7442D002010B543F60B
:1073B00009520023084811F0EFFC30B1BDE810403D
:1073C0000023064A064811F063BFFFF775FFBDE8CA
:1073D0001040014811F0A6BC442D002048E80100EF
:1073E000602D00204FF0FF324FF0FF332DE9F047C2
:1073F000FCB0CDE90623824A00230C92814A032483
:107400000E92814ACDE908331192042212927F4AEA
:107410008DF840308DF854308DF8283008AD16AB1B
:10742000CDE913250B938046D0E90106022206AF71
:1074300004AB0CA904300D940F9721F0FEFD81469A
:10744000002847D13A68079BB3F1FF3F08BFB2F16C
:10745000FF3F3FD0DDF824A00AF1FF333F2B39D89E
:107460005246089916A82EF00DF816AB03F80A90AC
:10747000DFF89C9140F635420023484611F08CFC21
:107480000446002840F0B980D8F80020D9F8183018
:10749000A9F15C059A4206F104060AD119F85C3C90
:1074A000022B06D105F10C0116A8F7F769FA00289E
:1074B00049D00DF10E0908225648CDF8009005ABD1
:1074C0000AA9FFF7C5FCA0B1012807D1504811F067
:1074D00029FC059C20467CB0BDE8F087BDF814204F
:1074E000B9F800103046FFF73DFE0546002D6FD17C
:1074F00081E0FFF7E1FE2B782BBB474916A821F06E
:1075000001FE10B182B20821ECE7C5E91400686001
:1075100085F858000122414816A9FEF7F9F848B14C
:1075200010F1160F04D0023014BF01220322EAE743
:107530000222E8E73A4816A9F7F72CFA02232B7043
:10754000D8F800306B6700223968079B68689A4258
:1075500008BF88420ED03148FEF7C6F940B1062276
:1075600008213046FFF7FEFD0546FFF7A5FEBDE703
:107570003B686B604FF4AA72284827A9FEF778F998
:10758000B0F1000A01DA0722EAE76B680322DDE9BD
:107590000689534430461A496B6027F07EF940B3A0
:1075A00042464B46304627F05FF910B3042230467E
:1075B0001C4927F072F9E0B15246304627A927F05E
:1075C00063F9B0B13B68079A134305D0FFF78AFE11
:1075D0000F4811F0A7FB7DE703223046124927F040
:1075E0005CF930B100233046AA6827F03DF9002845
:1075F000ECD1FFF777FE0724EAE70A246AE700BF29
:1076000003B9040035E303004CDD040073E3030019
:10761000442D002001000400F02C0020382D002013
:10762000F42C00203FED040084E404004FF0FF320E
:107630004FF0FF332DE9F043B7B0CDE90623CDE994
:1076400008230023AC4A8046229208AA2592AB4A1E
:10765000032527920422CDE90B33CDE90D33CDE983
:1076600003338DF898308DF8AC308DF8C0308DF83C
:10767000D43001238468A2480BAFCDE92907A14F7C
:10768000A149CDE92C72A14F0DAECDE92E76A04EC9
:107690002491339111AF06A934918DF83C30CDE996
:1076A0003165239528921097D8F8040003AB22A9DE
:1076B000104421F0C2FC002852D1DDE90832B2F1B9
:1076C000FF3F08BFB3F1FF3F4AD00C9E711E3F2918
:1076D00046D8134307D1DDE90623B3F1FF3F08BFC6
:1076E000B2F1FF3F3CD0324638460B992DF0CAFE2E
:1076F00006F1D8030DEB0306002306F8943CDFF8EF
:10770000149240F635420023484611F045FB0546E9
:10771000002840F01181D8F80020D9F81830A9F1DC
:107720005C069A4204F104040AD119F85C3C012B6E
:1077300006D1384606F10C01F7F722F9002845D0AA
:107740000DF10A0300930822734805AB0FA9FFF758
:107750007FFBA0B1012807D16E4811F0E3FA059D27
:10776000284637B0BDE8F083BDF81420BDF80A10F4
:107770002046FFF7F7FC0446002C5DD162E0FFF7DE
:107780009BFD337813BB122239466448C6E9143393
:10779000736086F85830FDF7BBFF70B110F1160F1B
:1077A00007D0831C07D01E300CBF0F2201220821F6
:1077B000DEE70222FBE70E22F9E739465848F7F7E1
:1077C000E9F801233370D8F800307367DDE9083237
:1077D00013430FD1069B04A9B360384621F092FCF5
:1077E00060B182B208212046FFF7BCFC0446FFF7D7
:1077F00063FDC1E773680BB94A49EEE7DDE9082389
:1078000052EA030120D000277168BB4208BF8A42B8
:107810002DD00B2208212046FFF7A4FC032220468E
:107820003B4927F03AF858B13B462046726827F0AA
:107830001BF828B1FFF740FD364811F073FA8FE7C7
:10784000FFF73AFD0725F7E70E9B6BBB03222046A7
:107850002949766827F021F830B1324600232046C6
:1078600027F002F8002864D1FFF73CFDEAE70E9B01
:10787000002BEBD02948FEF755F8DDE90813C217B5
:107880009A4208BF884206D0022200212348FEF710
:107890002BF8002812DBDDE90D122048FEF706F870
:1078A000002841DA0A229DE7049B002BE2D0002247
:1078B0001A481146FEF718F8014608B1062291E76A
:1078C0001648FEF74DF810F1860F10D11348FDF75A
:1078D000B1FF3846FEF7AEF9002803DA023001D0D6
:1078E00009227FE7122239460C48FDF711FF0028D4
:1078F000D1DA082276E700BF03B904004CDD0400AA
:1079000073E303003FED040035E303006DE3030080
:1079100084E40400442D002001000400382D0020E0
:10792000F42C0020EC2C002073680E9A1344736032
:107930008CE7FFF7D7FC7FE70A2511E70148FFF73F
:107940006BBA00BFB00A002010B584680822043466
:1079500020460D4926F0A1FF28B14FF4C071204602
:1079600026F078FF08B9072010BD092220460749F4
:1079700026F093FF0028F6D00421204626F06AFF67
:107980000028F0D00020EFE75FDD040068DD040090
:1079900070B51B4A8AB005920522D0E90165002323
:1079A0000692184A8DF80830079202AC01228DF831
:1079B000243005A903AB301D089421F03EFB0DF1E6
:1079C0000A030093012204AB21460F48FFF740FA57
:1079D000034660B1012B049807D082B2BDF80A10AB
:1079E000281DFFF7BFFB40B907200AB070BD41F664
:1079F00085620023054811F017FC0020F5E700BF61
:107A000072DD040059E40300010002009803002025
:107A1000F0B50023D0E901450127134A89B003924C
:107A2000124A01AECDE90133CDE905268DF81C30AF
:107A3000201D6B463A4603A9049721F0FEFA04463E
:107A400078B904353A462846094926F026FF20B180
:107A50003146284626F015FF00B90724204609B014
:107A6000F0BD0324FAE700BFA109050073E303009A
:107A700082CA040008B50248FFF7DCF9002008BDFF
:107A8000C00A002008B5084B984202D1049B012B84
:107A900002D00120106008BD40F643720023034865
:107AA00011F0C2FB0020F6E701000200C80300202D
:107AB00008B501F09BFE034638B10648026852073C
:107AC00003D00121044A1FF0F7F8BDE80840F2F79F
:107AD00071BC00BFB810002086DD040013B5084C4F
:107AE000204627F0CBF9074B204600934FF4006265
:107AF0000323054911F02EFB002002B010BD00BF8A
:107B0000902D002000770400D08D0020002200235B
:107B1000014820F0C5BF00BF0414002010B5836ADF
:107B2000044643B1054927F062F904F1100027F03B
:107B3000B6F8002010BD6FF01500FBE77D91030043
:107B400010B50446103027F0B6F82146BDE81040C5
:107B5000014827F068B900BF902D002070B5044699
:107B6000451810B1064EA54201D1002070BD336802
:107B700014F8011B186883685B689847F3E700BF37
:107B8000B44B002038B50446FAF768FF4368218AF1
:107B90005A68064BE0681A60054A00F0E9F80546A5
:107BA000204621F0FBFA284638BD00BFB44B002028
:107BB0005D7B01002DE9F843054689469046002784
:107BC00000F12004474502D13846BDE8F88319F892
:107BD0000760D4E8AF1FD4E8AF0FD4E8AF2FD4E8E4
:107BE000AF3F8007C3F3C00354D4002B52D1C90761
:107BF0000ED5092EE8D1D4E8EF3F43F00203C4E8E4
:107C0000E23F002AF7D1E86900286FD10137D9E7B0
:107C100053070AD5142ED7D1D4E8EF3F43F0080319
:107C2000C4E8E23F002AEED0F6E7062E27D1D4E8DA
:107C3000EF3F43F00103C4E8E23F002AF7D1E869CF
:107C400090B900220023286820F02AFFE86158B983
:107C50002F48036813F0060FD8D002212D4A1FF0D9
:107C600022F8E8690028D1D00C3020F0CFFF00289E
:107C7000CCD0E86931460C3020F081FFC6E7042EF5
:107C8000A2D1D4E8EF3F43F00403C4E8E23F002A66
:107C9000D5D0F6E7E869A0BB0A2EB7D1E96921B1D2
:107CA000281D27F008F80023EB61D4E8EF3F23F00C
:107CB0000103C4E8E23F002AF7D1D4E8EF3F23F004
:107CC0000203C4E8E23F002AF7D1D4E8EF3F23F0F3
:107CD0000403C4E8E23F002AF7D1D4E8EF3F23F0E1
:107CE0000803C4E8E23F002A90D0F6E70C3020F009
:107CF0008DFF00288AD0E86931460C3020F03FFF24
:107D0000CAE70C3020F082FF0028C5D0F3E700BF9F
:107D1000F4100020D2DD0400F8B50C4E0C4F051D08
:107D200000220023284610F0CBFF044668B1C1684A
:107D3000028A304621F070FA014610B13846FFF74A
:107D4000FFFE2046FDF702FCEAE7F8BDB84B002035
:107D5000C04B00200348044B8362044BC362FFF70F
:107D6000DDBE00BFC04B0020857B0100E391030016
:107D70002DE9F74F05460E4614460A4601460020F7
:107D800023F064FA4FF0000A074640F606134FF05E
:107D90005D08D1464FF0010BB245ADF8023001DB72
:107DA000002062E002210DEB0100A04700285CD119
:107DB000BBF1000F13D0B31C5BBAADF80230ADF8C5
:107DC00004302B782246032101A88DF8063021F0DB
:107DD00014FA002849D10AF1010AA8F10308A6EB18
:107DE0000A0343459B46A8EB0303A8BFC346012BE8
:107DF00005D84FF000090BF1FF3BD34414E0FCDD44
:107E00004FF00109F9E735F80A2005EB0A039B78E2
:107E1000ADF804200321224601A88DF8063021F098
:107E2000ECF910BB0AF1030AABEB0A03022B524632
:107E3000E9DCB9F1000F0FD0A6EB0A03012B17D034
:107E4000022B22D043B9224602217BBAADF804307E
:107E500001A821F0D2F940B901211948A0474FF0FB
:107E6000000B41F20443002896D003B0BDE8F08F28
:107E7000AB5C03218DF804303B0A22460AF1010A6B
:107E80008DF805308DF80670E2E70AF1010315F868
:107E90000A20EB5C8DF804208DF8053022463B0A61
:107EA000032101A80AF1020A8DF8063021F0A5F994
:107EB0000028DAD1224601218DF80470C8E700BFFE
:107EC000931005000E4B402928BF402170B51D4678
:107ED0000C4C4618B04203F1020304D1002305F80C
:107EE0001130074870BD02781209A25C03F8022C19
:107EF00010F8012B02F00F02A25C03F8012CE9E755
:107F0000855A00200EDE040030B503788BB004469D
:107F100007AD032B21D8DFE803F0021A1C1E12491B
:107F20002846F6F737FD059563781E210493A3785C
:107F30000E4A0393E3780E48029323790193637901
:107F40000093A3791DF034FB09480BB030BD0949FB
:107F5000E6E70949E4E70949E2E70A212846084A31
:107F60001DF026FBDFE700BFDFB4040001B504000D
:107F7000675A0020E6B40400EDB40400F7B404002E
:107F800073F7040030B500240A4D0B4B87B0284628
:107F90000393CDE9044426F071FF03AB2846009318
:107FA00040F638020A23054911F0D4F8204607B0FC
:107FB00030BD00BF782E002026DE0400D0950020C2
:107FC0000146014811F006B9782E0020014601480B
:107FD00026F029BF782E0020037830B5012B13D06E
:107FE000022B27D07BB90A46184B03F1100453F833
:107FF000045BA34242F8045BF9D11B7813704388F9
:108000004B731B0A8B7330BD0A46104B03F11004EF
:1080100053F8045BA34242F8045BF9D11B78137058
:108020004368C3F307224B731B0CCB731B0A8A7381
:108030000B74E8E700F1100350F8042B984241F864
:10804000042BF9D103780B70DDE700BF2FDE0400AD
:1080500010B521F0D9F926F073FF0B4C18B1D4E814
:10806000AF3F63B910BD11F077FCD4E8AF3F1BB947
:10807000BDE8104011F084BC0A209847F8E70A20B8
:10808000BDE81040184700BFFC4B002038B504463F
:10809000084820F005FD054648B1631EDBB21F2BE2
:1080A00096BF054A0021D15C0C3020F068FD2846BF
:1080B00038BD00BFD813002040DE0400034BD3E8D6
:1080C000EF2FC3E8E10F0029F9D17047FC4B0020E6
:1080D0000F2810B50CD80D280CD90A4820F0E0FC68
:1080E000044618B104210C3020F049FD204610BD93
:1080F0001328F2D009B10448F0E70220BDE810408F
:10810000FFF7C4BF5C140020541300200346064848
:10811000026812F0060F05D0DB6802211B78034AC3
:1081200021F0FAB9704700BF081000206FDE04008C
:1081300070B5C6683378B6F8014083B90F21204680
:1081400003F04AF8F378054650B90A4A118831B964
:108150006FEA04506FEA10501080074A137070BD28
:108160000373012102F032FF2846BDE8704002F09F
:10817000F1BE00BF205A0020065B002070B5C36826
:108180001D78B3F80160C5B90F21304603F024F81B
:10819000044650B9094803685B070ED03346BDE872
:1081A00070400121064A21F0B7B9294602F00EFFBE
:1081B0002046BDE8704002F0CDBE70BD0810002022
:1081C00097DE040010B5C3680121B3F801402046D2
:1081D00003F002F850B9084803685B070AD0234649
:1081E000BDE810400121054A21F096B9BDE81040D4
:1081F00002F0B0BE10BD00BF08100020BDDE0400BC
:1082000010B5C36801211C88204602F0E5FF50B973
:10821000074803685B070AD02346BDE810400121E8
:10822000044A21F079B9BDE8104002F093BE10BDB8
:1082300008100020BDDE0400012110B50C3020F034
:10824000BFFC034605480268520706D0BDE810404F
:1082500001211B78024A21F05FB910BD08100020EF
:10826000E1DE0400014610B5094820F01DFC094973
:10827000094826F0D8FD031E09DA084802685207AB
:1082800005D0BDE810400121054A21F045B910BDD7
:1082900044050020DC0A0020602F00200810002088
:1082A00003DF040010B5084C0146062294F86F0065
:1082B00003F000FB38B994F86F000522BDE81040C8
:1082C000024903F0F7BA10BDF8030020F4DD040002
:1082D000044803685B0703D00121034A21F01AB95F
:1082E000704700BF0810002020DF040080B500AFF9
:1082F0008AB06A46084B4FF41251C2E90530074B69
:108300000748D36140F201331384064B42F8103F13
:1083100021F00FF9BD4680BD3ADF04000B110500C6
:1083200008100020040000010B46B0B50D8A00AF14
:1083300004462946D868FFF7C5FD8AB06A46094B4E
:10834000C2E90750C2E9053440F202439384064B68
:108350004FF43251054842F8103F21F0EAF8BD468B
:10836000B0BD00BF56DF040005000001081000206A
:1083700070B5C5680121B5F80160304602F02CFFE8
:10838000044650B90F4803685B071AD03346BDE86E
:10839000704001210C4A21F0BFB82B783BB9D5F8C9
:1083A0000330C0F89930D5F80730C0F89D30201D53
:1083B0004FF4803121F0B2F82046BDE8704002F061
:1083C000C9BD70BD08100020BDDE04003C2838B5D2
:1083D00005461ED101F0EEFF6FF48071103021F0E0
:1083E000ABF80020FFF75EFF044648B90E4803686B
:1083F0005B0717D0BDE8384001210C4A21F08AB84C
:108400000573002102F0E2FD2046BDE8384002F08D
:10841000A1BD054B1B6813F0060F03D0BDE8384023
:10842000FFF764BF38BD00BF0810002078DF0400EC
:108430002DE9F74F0023824689469046454ED6E8FF
:10844000EF4FC6E8E23F002AF9D15CB94248036821
:108450005A077BD053460121404A03B0BDE8F04F94
:1084600021F05AB82046FCF7D1FF4FF00C0B3C4DE1
:1084700027460BFB0050438853451ED0364F3B68C0
:108480005B070CD02046FCF7C1FF0BFB0050438874
:108490000121009338465346324A1EF017FCD6E8B5
:1084A000EF7FC6E8E34F002BF9D1002F4ED03846BE
:1084B00003B0BDE8F04FFDF749B8A0450AD020460B
:1084C00020F0E9FAB8F81020D8F80C1004F10C00EC
:1084D00020F04CFB2046FCF799FF0C2606FB0050D1
:1084E0004368ABB1B9F1000F12D12046FCF78EFF03
:1084F000012106FB00504268D2E90003127A03F022
:108500001F06B1405B09DAB100EB830021F006F8E9
:108510002046FCF77BFF0C2606FB00508368002BEF
:10852000C5D02046FCF772FF704305F80090204646
:10853000FCF76CFF06FB0055A86810F0F3FBB6E7EC
:10854000C94300EB830020F0F7FFE1E703B0BDE88B
:10855000F08F00BF400500200810002099DF0400C4
:10856000004C0020C1DF040037B50446084602EB8A
:10857000C3039A4202D16FF05E0013E0114611F876
:10858000085BA54214D1038A517899420CD9094855
:108590000268520704D00121074A00941EF096FB9E
:1085A0006FF0150003B030BD536898470020F9E71D
:1085B0000A46DEE708100020F4DF040038B5044660
:1085C0000D46FFF7D1FF5F300AD1064B1B6813F051
:1085D000060F05D029462046BDE83840FFF7A4BE67
:1085E00038BD00BF081000202DE9F8430C4611F0FB
:1085F000B3F9E168238A0A78022A7BD0042A0ED0D4
:10860000414803685B0704D0134601213F4A20F02C
:1086100083FF2046FCF79AFF6FF015040DE0022B54
:1086200010D839480268570703D0394A012120F091
:1086300073FF2046FCF78AFF002411F0A1F92046C1
:10864000BDE8F88348783E280ED1032B05D12E488B
:1086500002685607EDD02F4AE8E7CB78012B01D00E
:108660000A2B47D1032604E020F042FFC507064647
:108670003ED504F10C05284620F0C4FA0121074636
:108680002846B4F8109020F093FA0221284620F0F2
:1086900097FA804600783E2816D1E3681B78012BB4
:1086A0002CD00A2B2AD0022541F245131A4A1B4925
:1086B0001B481DF0D7FD002383F31188BFF36F8F94
:1086C0000323184602DF04E020F012FF0546E80706
:1086D000EAD521460623134A98F80000FFF76EFFFB
:1086E000A9070DD56369A4F8109013FA87F7E7601E
:1086F000B207A1D52046FFF7B5FD9DE70325E8E7C2
:108700002046FCF723FFF3E708100020BCE004003C
:1087100016E0040032E0040052E0040086E00400A9
:108720009FE004008077040010B5012104460C305E
:1087300020F046FA2146BDE810400223014A0078A5
:10874000FFF73CBFB077040073B5474820F0C1F98C
:108750000446002800F0868000F10C05284620F031
:1087600037FA0228034607D0042859D03F48026848
:10877000510724D03E4A07E0238A032B08D83B4800
:10878000026852071BD03B4A012120F0C5FE16E0CB
:108790000421284620F014FAFF2342880688237615
:1087A000238AC6F30B009A4260830CD02F480168DD
:1087B0004E0704D0012100922F4A1EF087FA20466E
:1087C000FCF7C4FE16E00F2102F006FD054630B9A5
:1087D000264803685D07F2D0638B284AD4E702F08D
:1087E00025FD21462076320B284602F029FB28463B
:1087F00002F0B0FB224BD3F84C31002B32D0214990
:10880000214826F010FB031E2CDA18480268520794
:1088100028D001211D4A02B0BDE8704020F07CBE86
:108820002846022120F0CCF9054600783E2812D0D7
:1088300020F05EFE10F002060DD140F6A843144A67
:10884000144915481DF00EFD86F31188BFF36F8F94
:108850000323184602DF06232146104A2878FFF733
:10886000ADFEACE702B070BD44050020081000204A
:1088700065E10400D0E00400F1E0040015E104002B
:10888000F8030020DC0A0020602F002003DF040032
:1088900052E0040037E104009FE00400C0770400C8
:1088A00010B5012104460C3020F08AF92146BDE8BC
:1088B00010400823014A0078FFF780BEF0770400DB
:1088C0002DE9F0410121044600AF0C3020F078F989
:1088D00090F80080002321464046134AFFF744FEEB
:1088E0005F301DD1114D2B6813F0060F18D0268A6A
:1088F000E0683146FFF7E6FA6C468AB06A460C4BF0
:10890000C2E90760C2E9053840F202439384094B8B
:108910004FF43251284642F8103F20F00AFEA54697
:10892000BD46BDE8F08100BF30780400081000208B
:1089300079E10400050000012DE9F04F83B0012327
:10894000D0F80C80018A98F8004000AF03EB840354
:108950008B4269D93748026855070FD06D468AB0F7
:108960006A46C2E907310523334E4FF42151C2E96B
:10897000056442F8103F20F0DCFDAD460C37BD46E3
:10898000BDE8F08FD9F800305A0705D053460121D1
:108990002A4A284820F0C0FD013598F800309D4251
:1089A000ECDA08EB8503B3F801A00F215046B3F8C9
:1089B000036002F011FC04460028E3D000F1C00A75
:1089C00056B1636963B9D9F800305B0704D001215F
:1089D0001B4A184820F09EFD204602F0BBFADBE758
:1089E000A1691A688B42626100D1A26120467B6056
:1089F00002F0C8F910F096F97B68C3F800B0226A5B
:108A00007AB9C4E90733DAE8EF3F013BCAE8E23F4D
:108A1000002AF8D100212046013E02F0BFF9B6B28B
:108A2000CEE713602362EEE70025DFF80890AB463F
:108A3000B3E700BF08100020ABE10400D6E104005A
:108A4000F2E1040073B5C5680121B5F80160304654
:108A500002F0C2FB044660B945480368590700F0BC
:108A6000858033460121434A02B0BDE8704020F0C2
:108A700053BD2B78061D1A2B19D1C378012B5DD15C
:108A80004FF48041304620F049FD42040FD4D4F821
:108A90008C3069460093D4F894302046019303F05B
:108AA0002BFA204602B0BDE8704002F053BA2B7892
:108AB000002B43D140F2E242B5F803302E49534334
:108AC000C4F88830B5F80520A4F89020B5F8072040
:108AD000A4F89220A3F5EA520C3A8A4208D9244815
:108AE000026812F0060F03D00221244A20F014FD80
:108AF000B4F89030B3F5FA7F08D31D48026812F03D
:108B0000060F03D002211E4A20F006FD40F67641F2
:108B1000B4F89230A3F10A0292B28A4208D91448FA
:108B2000026812F0060F03D00221164A20F0F4FC6E
:108B30006FF48051304620F0FFFC13E0D6E8AF3FE1
:108B4000DB04F5D52B78202BF2D194F89830002B4C
:108B5000EED0013B84F898300B4A002304F140002A
:108B600010F062FB204602F041FD9AE702B070BDB2
:108B700008100020BDDE040095F03C0009E204006E
:108B800030E2040057E204005A620200054BD3E8C9
:108B9000AF2F02F00B02D3E8EF1FC3E8E02F00284D
:108BA000F9D17047CC04002010B5C1E900239DF82D
:108BB00008300C460B72FCF729FC0C22024B02FB1E
:108BC00000335C6010BD00BF004C0020F8B50246C9
:108BD0000B4610481FF064FF0446C0B104210C305E
:108BE0001FF0B3FF2046FCF711FC0C2700260A4DAE
:108BF00007FB005046802046FCF708FC07FB0050AE
:108C000086602046FCF702FC07FB00556E6020469C
:108C1000F8BD00BFAC130020004C002029289ABFEB
:108C2000014B185C09207047FEE6040070B5C3686C
:108C30000F21B3F801601D78304602F0CDFA0446EA
:108C400050B91C4803685A0733D03346BDE870401A
:108C50000121194A20F060BC65B12846FFF7DEFF0C
:108C600029460246204602F079FD2046BDE87040C4
:108C700002F070B98678012EEFD106F02FFD204664
:108C800020F01EFC0028E8D10520FFF7C7FF0521D2
:108C90000246204602F062FD064803685B0703D0E7
:108CA0003146064A20F036FC0521204620F051FFCF
:108CB000DBE770BD0810002097DE040083E20400AB
:108CC0002DE9F041C6680F21B6F8017035783846B5
:108CD00002F082FA044650B9274803685A0749D07F
:108CE0003B46BDE8F0410121244A20F015BC45B1C6
:108CF0002846FFF793FF29460246204602F02EFD44
:108D00000CE0F278C37A93420DD11B48026812F04E
:108D1000060F03D002211A4A20F0FEFB2046BDE8D0
:108D2000F04102F017B98378C272012B05D0002000
:108D3000FFF774FF00210246DFE70AB106F0CEFC20
:108D4000204620F0BDFB0028F1D10520FFF766FF8B
:108D500005210246204602F001FD074803685B0733
:108D600003D00121074A20F0D5FB0521204620F041
:108D7000F0FED3E7BDE8F0810810002097DE040084
:108D8000A9E2040083E2040010B5044692B0442234
:108D9000064901A82CF076FB102C9DBF12AB03EB0B
:108DA000840454F8440C024812B010BD3468040026
:108DB000D8E20400034B0146D3F86C018268926844
:108DC000104700BFF80300202DE9F84F544D04214F
:108DD000544800AF20F0A2FB2B68534C03F007036C
:108DE000022B32D96E4688B06A46504B4FF4E6519A
:108DF00053614F4B284693614FF4007393834D4B5F
:108E000042F8103F20F095FB2B68B54603F00703AE
:108E1000022B1AD9E179484B484A2046012994BFD0
:108E200098469046FFF770F88AB06A46444BD06186
:108E3000C2E90538434B4FF423511362424B284695
:108E400042F8103F20F075FBB5464FF0010B3F4E46
:108E5000DFF8FC80DFF8C890E2792B68934503F0D7
:108E6000070342DB022B3DD994F870806E464046E2
:108E7000FFF78AFF8CB06A46B4F87210B4F8763007
:108E8000C2E907814FF400785362DFF8C8C0324B63
:108E9000C2E905C0A2F828804FF4535142F8103FB0
:108EA0001F4820F046FB2B68B54603F00703022B52
:108EB00018D994F871502846FFF766FF8AB0B4F8C5
:108EC00074306A462549C2E90753254BC2E90510AB
:108ED000A2F824804FF43351114842F8103F20F09B
:108EE00028FBB546BD46BDE8F88F022B15D9CBEB64
:108EF000CB002044FFF708F8EA468AB06A4640F201
:108F00000133D061C2E9056B13844FF41351484615
:108F100042F8108F20F00DFBD5460BF1010B9BE7BB
:108F200008100020CC040020F8030020E4E2040034
:108F3000F6E20400030000010B110500E0E204006A
:108F4000FAE20400000201030400000209E3040045
:108F5000040000011AE304000600000158E30400C5
:108F600005000001004870471AB60400014810F0DF
:108F7000EBB800BFCC0A002070B505460C4659B9C5
:108F80004FF0FF304FF0FF31FFF720FE044618B9D5
:108F90006FF06805284670BD2046FCF737FA0C22B2
:108FA000194BA61802FB003330465D801FF02AFEE5
:108FB00003280BD9032130461FF0E9FD0580238AE1
:108FC0000121033B837030461FF0E9FD40F6354335
:108FD0009D4211D12046FFF7EDFE054690B10B48AA
:108FE00003685B0704D02B460121094A20F094FA5C
:108FF0002046FCF7ABFACDE72146064825F05BFE9C
:10900000FFF7B4FF0025C5E7004C00200810002042
:109010007FE304004C050020F0B5C56801212F88CE
:1090200087B0BCB2204602F0D7F8064658B92B48A4
:1090300003685A0725D023460121294A07B0BDE815
:10904000F04020F069BA02ACD5F80220D5F806301D
:1090500001946989009121F02BFF60B34FF0FF303C
:109060004FF0FF31FFF7B2FD054660B91B480368BA
:109070005B0703D001211B4A20F04CFA304601F077
:1090800069FF07B0F0BD12210C301FF069FD0346E7
:10909000224623F8027B06AF144603CCBC4218607C
:1090A0005960224603F10803F6D1294642F21A001C
:1090B000FFF762FFE2E74FF0FF304FF0FF31FFF7BD
:1090C00085FD04460028D1D002210C301FF048FD58
:1090D0002146078042F21B00EAE700BF081000208B
:1090E000BDDE0400A1E3040073B5C368D9789A78A3
:1090F0001E8842EA0122ADF8002059791A79B4B2EB
:1091000042EA0122ADF80220D9799A79204642EA52
:109110000122ADF804201A7A5B7A012142EA032386
:10912000ADF8063002F058F8054670B91E480368DD
:109130005B0704D0234601211C4A20F0EDF90221EF
:10914000204620F05CFA02B070BD694602F09AFA3F
:1091500038B91E21204620F052FA284601F0FAFEC6
:10916000F1E74FF0FF304FF0FF31FFF72FFD0446DE
:109170000028F2D00E210C301FF0F2FC00230680F4
:10918000C0F80A30BDF8003021464380BDF80230F7
:109190008380BDF80430C380BDF80630038142F2FD
:1091A0002000FFF7E9FED8E708100020BDDE04002C
:1091B00038B502460B462E4DD5F8541109B900209A
:1091C00038BD05F598700FF0E7FD0028F7D10022B3
:1091D000002305F5AA700FF073FD044668B940F648
:1091E000B843244A244925481DF03CF884F31188EB
:1091F000BFF36F8F0323184602DFD5F8483173B1F0
:109200001F480368590703D001211E4A20F082F944
:10921000D5F84801FCF79AF90023C5F848312046F3
:109220001FF06DFCC5F848012046FFF7C3FD03465B
:10923000E0B113480268520703D00121124A20F01E
:109240006BF912480FF06EFD2046FCF7DFF80C2298
:109250000F4B02FB0033588818B122461F21FFF73D
:10926000E7F82046FCF772F9FFF780FE0120A7E738
:10927000F803002052E00400E6DD04009FE0040053
:1092800008100020B8E304007FE304002805002054
:10929000004C00202DE9F04F87B0064690460C4662
:1092A00000AF71B94FF0FF304FF0FF31FFF78EFC88
:1092B000044668B96FF0680528461C37BD46BDE80E
:1092C000F08F887AFCF79AF8534B834240F09E80E7
:1092D00001220021384625F007FD2046FCF796F8CC
:1092E0000C23DFF838B103FB00B0876020461FF085
:1092F00006FC01463046FFF73FFE054618B1204602
:10930000FCF724F9D8E72CF0D7F9454B1A58454B10
:109310009A421DD1444825F0E3FC0021824643488F
:10932000FFF746FF814688B94FF4F973404A414937
:1093300041481CF097FF314640481CF093FF89F3E9
:109340001188BFF36F8F0323184602DF5445E1D124
:1093500000233846354A0FF01FFD814698B14FF47F
:10936000FC73334A364934481CF07CFF4A46314688
:1093700034481CF077FF002383F31188BFF36F8F0D
:109380000323184602DF2046FCF740F80C2358431D
:109390001BF80090B9F1000F31D02B48036813F08F
:1093A000060F14D06D468AB06A46284BC2F81C904E
:1093B000C2E90536264B4FF43251136240F20243A4
:1093C0009384244B42F8103F20F0B3F8AD4620467A
:1093D000A9F10909FCF7BAF8B9F1090F0CD8DFE8CF
:1093E00009F0180B0B08050B0B0B0B156FF00B0599
:1093F00062E76FF00C055FE76FF004055CE7B8F11A
:10940000000F3FF47CAFC8F8004055E76FF015053A
:1094100052E76FF06E054FE7AC130020004C0020C0
:1094200008000000404300204C050020B4C40400A4
:1094300052E00400D3E304009FE00400DBE30400F7
:10944000FBE3040004E404000810002049E40400E5
:109450000B1105000500000173B506460D4642F2EA
:109460002F00002101AAFFF715FF044650B11A484A
:1094700003685B0703D00121184A20F04BF820460F
:1094800002B070BD0198C368B3F801203280B3F810
:1094900003302B80FCF75AF83388A3F11B02E02A33
:1094A00008D90D48026812F0060F03D002210C4AB9
:1094B00020F032F844F248112B88A3F5A47292B23E
:1094C0008A42DCD90448026812F0060FD7D0022184
:1094D000044A20F021F8D2E70810002068E40400D4
:1094E00088E40400ADE4040010B5F5F739FC034B43
:1094F0001B6813B1BDE81040184710BD244C002074
:1095000073B52D4D0646D5F86C0125F03AFA60B9D1
:109510002A4803685A0703D00121294A1FF0FAFF9D
:109520006FF01204204602B070BD6FF0020105F129
:10953000D40020F001F801211FF0F0FF10EA01042F
:1095400037D1204B1E600A4605F5987025F0CCFBFC
:1095500005F5AA7025F0A3FB1B4825F08FFC6FF0E2
:1095600007034FF480521949174800940FF0F2FD99
:10957000174915480FF0CAFED5F86C0115498368E4
:109580001B689847044648B10C4803685B07C9D07C
:1095900023460121104A1FF0BFFFC3E726B902B0DE
:1095A000BDE87040F5F7DCBB05F1C4000FF0CCFD61
:1095B000B8E76FF07704B5E7F80300200810002043
:1095C00031E60400244C0020602F0020089E00207B
:1095D00049E60400E985010052E604002DE9F04760
:1095E00084B0002605465C4BB0F80190198849F418
:1095F0007042914204BF1E80584B00AF08BF1E78D6
:1096000000F09AFBEB7805F10408012B08BF544BDE
:10961000404614BF002493F86F401FF0F1FE41460E
:1096200088B34FF0010A07F108001FF0DEFED5F8FD
:109630001130C7F80130B5F81530A7F80530EB78D0
:10964000012B35D0474C23685B0714D04046FEF70A
:109650005BFC6D4688B06A46434B4FF4E251C2E969
:1096600005304FF400739383404B204642F8103F7F
:109670001FF05FFFAD46132148461FF0DCFF103797
:10968000BD46BDE8F087204620F035F90346006866
:1096900095F804A0B8609A889B796868BA81BB7312
:1096A000B8F8042098F806303860BA80BB71C6E775
:1096B00007F10800FEF7F6FD04460028C2D0034675
:1096C000B5F8012023F8702BBA7BB868B9892067F8
:1096D0009A7140F2E2429980B5F817305343002264
:1096E000C4F88830B5F81930A4F89030B5F81B30BC
:1096F000A4F89230EB782273012BE3701AD187F82B
:1097000000A0BA88BB793868A4F87B2084F87D3043
:10971000C4F8770000F04EFE237A1149C3EBC3036F
:109720005A18CB58C4F87E309388A4F882309379C5
:1097300084F884300721204601F048FC26B101213D
:109740002046267301F042FC204601F0AFFD204682
:1097500001F000FC93E700BF205A0020065B0020C8
:10976000F8030020081000206EE60400030000014A
:1097700000B5C36889B0187820B109B05DF804EB72
:10978000FEF724BEB3F801208DF80000ADF80120EB
:10979000DA788DF80320B3F80B20ADF81720B3F872
:1097A0000D20ADF81920B3F80F20ADF81B205A7C1E
:1097B0008DF81D20586801901A899B7AADF8082011
:1097C0008DF80A30084B68461A689B88CDF80B2044
:1097D000ADF80F30CDF81120ADF81530FFF7FEFED3
:1097E00009B05DF804FB00BF08DE040070B5384E18
:1097F000022130461FF092FE10EA010464D16FF09E
:10980000040130461FF098FE00F0C4FD01F044F959
:1098100001F0D2FC2F4B2246214640F603401C802B
:10982000FFF738FD044648B12B4803685A0703D0B8
:1098300001212A4A1FF06EFE204670BDA6F1D40514
:10984000FFF7A4F9D5F86C0183685B6853B96FF032
:1098500002011F481FF070FE04211FF05FFE6FF031
:109860008504E9E7984710F1580F0446EFD068B136
:10987000194803685B0704D023460121184A1FF0EA
:109880004BFE042112481FF049FED5E71548FBF7AF
:1098900013F92146402205F180002BF01AFEEC71ED
:1098A00085F8234105F0D2FF0F4B6FF001011868D6
:1098B0009A889B7946F86C0C3046A5F86C2085F8A0
:1098C0006E301FF039FEB7E76FF07704B4E700BFE2
:1098D000CC040020205A0020081000208AE6040052
:1098E000A9E60400602F0020FBDD040038B5042148
:1098F00004460C301FF064F9034640885D7818B1C7
:1099000022461978FEF794FD35B104480FF00AFAA3
:10991000BDE83840FFF72ABB38BD00BF280500204E
:10992000B0B50446032100AF0C301FF049F9E368DD
:109930000578197840F63543B0F80100984219D1FE
:109940001248036813F0060F12D06C468AB06A46BC
:109950000F4BC2E905310F4B4FF41251D36140F266
:10996000013313840C4B42F8103F1FF0E2FDA54673
:10997000BD46B0BD10B12246FEF75AFD002DF7D00E
:1099800006480FF0CFF9FFF7F1FAF1E708100020D1
:10999000C6E604000B1105000400000128050020A4
:1099A000F8B506460024094DEF79E3B29F4202D88C
:1099B0006FF0010007E0294630461FF0D1FE073561
:1099C000631C08B12046F8BD1C46EEE7F8030020F2
:1099D00037B504460D4671B1284612491FF0C0FE46
:1099E00048B929461048C4EBC40420441FF0C2FE05
:1099F000002003B030BD68461FF0E9FC0028F8D114
:109A00006846FFF7CDFF0028F5DA074BC4EBC4002A
:109A1000694618441FF0AEFE002DE9D001462846E5
:109A2000E4E700BFFBDD0400F803002070B51C4E26
:109A30000622314605462BF054FD58B34FF0FF3057
:109A40004FF0FF31FFF7C2F8044628B3062229463B
:109A50000C301FF08BF82146002242F20500FFF780
:109A600019FC044668B110F10D0F08D10D480368C8
:109A700013F0060F03D002210B4A1FF079FE204697
:109A800070BD33462A6843F86929AA88B28001224A
:109A900083F868200024F2E76FF06804EFE700BF66
:109AA000610400200C10002037E80400064BD3E8C6
:109AB000EFCF4CF4806CC3E8E2CF002AF7D1037AF1
:109AC00019430172704700BFCC040020F7B5002194
:109AD00004460222084601F0EDFE064648B1204643
:109AE0000121FFF7E3FF304603B0BDE8F04001F08D
:109AF00031BA484D0146484800F046FC95F82331FC
:109B00009BB130461FF07DFE78B14448036813F0E6
:109B1000060F03D00221424A1FF02AFE00214148CD
:109B200003B0BDE8F04000F02FBC95F8232195F874
:109B300022319A4221D1394E336813F0060F04D0F6
:109B400002213046384A1FF013FE002242F229005B
:109B50001146FFF79FFB30B133685807DED0012173
:109B6000324A2E48D8E795F82331013385F823315E
:109B7000237A43F004032372D0E72246671C394658
:109B800012F82A0B1FF000FE064630B12348036886
:109B9000590718D0264A012113E095F823310133E3
:109BA00085F82331237A43F00403237295F8A73014
:109BB0005A070CD41948036813F0060F03D002218A
:109BC0001C4A1FF0D5FD01201FF01BFEA6E73946F9
:109BD00068461FF0CFFD01234FF0FF304FF0FF31FB
:109BE0008DF80730FEF7F2FF044660B1082269469F
:109BF0000C301EF0BBFF3246214642F24E00FFF70A
:109C000049FB0028DFD0054803685B07DBD00A4A20
:109C1000C1E700BFF8030020C79803000C10002024
:109C200046E80400359803006BE804009CE8040053
:109C3000BCE80400DCE8040006E9040000212DE98A
:109C4000F04102220446084601F034FE054640B1C8
:109C500020460221FFF72AFF2846BDE8F04101F027
:109C600079B901462D4800F08FFB28461FF0C9FD49
:109C70002B4D0646A0B12B4803685A0704D001219A
:109C80003346294A1DF018F895F8233113B1012005
:109C90001FF0B7FDBDE8F0410021244800F074BB7F
:109CA00095F8233195F822219A420CD2013B85F890
:109CB0002331237A024623F0040302201C49237235
:109CC00005F0F2FDE0E74FF0FF304FF0FF31FEF717
:109CD0007DFF04F10108074668B107210C301EF032
:109CE0003FFF41461FF046FD3246394642F228000A
:109CF000FFF7D0FA40B10B4803685B07C4D00121DD
:109D00000C4A1FF035FDBFE795F82331013B85F87C
:109D10002331237A23F004032372B5E7C7980300A5
:109D2000F80300200C10002021E9040035980300FE
:109D3000ED9703004EE90400084BD3E8EF2F22F41F
:109D40008061C3E8E01F0028F7D1530504D5002245
:109D50000220034905F0A8BD704700BFCC040020D5
:109D6000559903001FB500230190CDE9023302206D
:109D70008DF80C1001AA034905F096FD029805B074
:109D80005DF804FB9D980300034610B470B10A49C6
:109D900091F8224191F823210CB1944208D201326A
:109DA00081F823211A7A42F004021A7210BC70471B
:109DB00010BCFFF78BBE00BFF8030020034610B4B1
:109DC00098B10B4C94F8221194F8232129B1013158
:109DD0008A4203DC10BCFFF731BF12B1013A84F8AC
:109DE00023211A7A22F004021A7210BC704700BFB5
:109DF000F803002070B50446C9B9D8B120491FF056
:109E0000AFFCB8B92046FFF7CBFD002832DA237843
:109E1000012B04D1A37903F0C003C02B0AD0194849
:109E200003685A0703D00121174A1FF0A1FC6FF005
:109E3000150070BD154DEB79012B1ED005F1D40036
:109E40001FF09FFCC30707D4002CF0D020460C491C
:109E50001FF086FC0028EAD1EE792146731C3046BB
:109E6000EB71FFF7B5FD08B93046E2E7EB79013B4E
:109E7000EB71DEE76FF07700DBE76FF00B00D8E700
:109E8000FBDD04000C10002073E90400F80300203F
:109E90002DE9F341044660B91E48036813F0060F2C
:109EA00003D01D4A02211FF063FC002002B0BDE870
:109EB000F081002141F2090001AAFFF7EBF9054604
:109EC00030B11448036813F0060FEED0134AE9E7E7
:109ED000019E0622D6F80C80114908F10107384688
:109EE0002BF0FFFA28B1062238460E492BF0F9FA7A
:109EF00018B93046FBF72AFBD7E7D8F801303046CF
:109F0000C4F80130BB882570A4F80530FBF71EFBB0
:109F10000120CBE70C100020A1E90400BAE90400FD
:109F200008DE040002DE040007B56846FFF7B0FF54
:109F3000044BD87118B169460020FFF749FD03B002
:109F40005DF804FBF8030020F0B5364D89B0EC79DC
:109F5000002C60D195F8C26016F0010609D1324894
:109F6000036813F0060F36D0304A02211FF000FCC0
:109F700031E06A4621464FF60940FFF78BF930B1D0
:109F80002948036813F0060F25D0294AEDE7DDF8CC
:109F900000C0DCF80C104B784BB96046FBF7D6FAE2
:109FA0002148036813F0060F15D0224ADDE78B1C09
:109FB00002AA01F11204174618685968083303C74A
:109FC000A3423A46F7D11868344638609B88604609
:109FD000BB80FBF7BBFAEC71162600240127EB7956
:109FE000E0B2834202D8B3B1002012E008AB06FB16
:109FF000003353F8182C33F8143C6946CDF801208F
:10A00000ADF805308DF80070FFF7E2FC0134002850
:10A01000E5D009B0F0BD0021084609B0BDE8F04028
:10A02000FFF7E8BEF80300200C100020D8E9040078
:10A0300004EA040024EA04002DE9F0410D46174625
:10A040001C46064668B163B10A03037814D56D0750
:10A050000BD52F4803685C0703D001212D4A1FF060
:10A0600087FB6FF01500BDE8F0811FF058FC002859
:10A07000F9D101232370F6E7A9072ED026480FB1A6
:10A08000AA0608D4C3EBC302825C012A13D002B92A
:10A0900022700020E7E790F8D820510635D5C3EBB1
:10A0A000C302825C012A06D002B92270237843F0F1
:10A0B00002032370EDE74FF00108072111FB038134
:10A0C000014430461FF023FC0028CCD184F80080E6
:10A0D000002FDED0AB06DCD5E8E76A0712D50E49C3
:10A0E000C3EBC3028E5C012E09D1072212FB03636E
:10A0F00019441FF00CFC0028B5D12670EAE7002EA9
:10A10000E8D1FAE71FF00BFCB3E76FF08500AAE790
:10A110000C1000204DEA0400F803002038B5134D60
:10A12000EB7913B10024204638BDFFF7FDFE04464D
:10A1300040B10F4803685A07F5D00E4A01211FF0BD
:10A1400017FBF0E7EB79002BECD1FFF7FDFE04469F
:10A150000028EED1681CFFF769FC04460028E1D016
:10A16000034803685B07DED0034AE7E7F8030020F3
:10A170000C1000206CEA04008BEA04002DE9F74F74
:10A180008A4601904FF0FF314FF0FF30FEF71EFD81
:10A190000446002851D020210C301EF0E1FC4FF085
:10A1A000000980464D46202200212BF092F9DAF872
:10A1B000007008F1010BDAF80420914509D3002260
:10A1C0002146019888F8005003B0BDE8F04FFFF732
:10A1D00061B87A78A81C81181F2997F800C018D98F
:10A1E000BCF1090FC0F11F0201D1002A0FDC144895
:10A1F00003685B0703D00121124A1CF054FD20467E
:10A20000FBF7A4F96FF0150003B0BDE8F08F4FF035
:10A21000080CD6B2711C0BF80510691CC9B20BF8FA
:10A2200001C0023679685BFA80F02E442BF02AF9DF
:10A23000F5B209F101090837BDE76FF06800E3E7FF
:10A24000E80F0020AEEA0400F8B545680646690547
:10A2500035D4046914B115F0030330D0194F3078A8
:10A26000FB7983422BD9C0EBC00007221649384442
:10A270002BF037F9A8B115F0030306D197F8702039
:10A28000082A02D8B2689F2A19D915F0300F09D0D0
:10A29000ACB1EA060AD405F46035B5F5603018BFF4
:10A2A0000120F8BDEB0601D4002CF4D1D6E902233D
:10A2B0009A4204D81F2A02D9B3F5804FEBD9002067
:10A2C000EFE700BFF8030020FBDD0400F7B5CDE9A0
:10A2D0000001694642F2080016461D469DF82070AE
:10A2E000FFF74CFF044648B95FB90B4BD3E8EF1FAB
:10A2F00041F00401C3E8E21F002AF7D1204603B071
:10A30000F0BD694642F20900CDE90065FFF736FF6E
:10A310000028EAD00446F1E720040020F8B50446FE
:10A3200014F8097B154B05460E46072220461449B2
:10A3300083F86F702BF0D5F870B93846114901F0E9
:10A3400035FA044610B96FF00B00F8BD052100F096
:10A350003DFE00203460F8E72146384601F06CFAF3
:10A3600040B92146287801F021FA04460028EAD0B5
:10A370000621ECE76FF01500E7E700BFF8030020C7
:10A38000FBDD0400F4DD040003460148184700BF6C
:10A390001004002008B500210448FFF7F5FFBDE8D0
:10A3A00008405022002102482BF093B8199A03006C
:10A3B00010040020004870471004002013B5044624
:10A3C00009481FF0E6FAC0050AD507481FF0E1FA70
:10A3D000C0F3802000902046FFF778FF02B010BD48
:10A3E0006FF00A00FAE700BF200400202DE9F04FCB
:10A3F0009A460023D0F810B08A4EBBEB030489B014
:10A400000546304618BF012403931FF0C2FA4007E7
:10A410000F46914640F1E8802846FFF715FF60B9E6
:10A420006FF015043846002340F20111994540F0C1
:10A43000E480204609B0BDE8F08F28461FF086FA78
:10A4400080460028ECD0A6F1AC001FF0A2FAC105AE
:10A45000C0F3002300F1CB80CDE90533CDF81B30EC
:10A46000AB686868ADF81030EB68ADF812301FF0DB
:10A4700081FA8DF81D00D6E8EF3F23F48073C6E81B
:10A48000E23F002AF7D12A780DF1150306F8BC2C1B
:10A4900006F8652C69682246A6F1BC00FFF7CCFDE2
:10A4A00004460028BED1A6F1B303BBF1000F11D0C2
:10A4B0002A69116846F8B31C9188998092799A713B
:10A4C0006B689A074CD19C0502D4BAF1000F5BD09F
:10A4D00002230BE0544A116846F8B31C9188927924
:10A4E00099809A716B689E07EDD05B468DF81430A9
:10A4F0004FF0FF304FF0FF31FEF768FB04460028B5
:10A5000078D00F2204A90C301EF030FB2146002227
:10A5100042F20600FEF7BEFE0446002882D1BBF1DF
:10A52000000F35D06B6898073ED101213F481FF0DE
:10A5300048FA044600283FD03D480368590703D035
:10A5400001213C4A1CF0AFFB039D002D3FF46AAF94
:10A550002846002100F03AFD284600F0FBFC61E7A8
:10A5600013F0100F0CBF012304238DF814302B6956
:10A570001A68CDF816209A88ADF81A209B798DF8C4
:10A580001C304FF00008B3E703238DF81430F8E7D0
:10A59000524649463846129BCDF80080FFF796FE9A
:10A5A00004460028BED03DE7204803A9FFF7B6FEC9
:10A5B00004460028B9D035E7039808B100F0CAFC7A
:10A5C0006A681D4812F0030218BF012209211FF01A
:10A5D000E3F942460A211FF0DFF96A680C21C2F351
:10A5E00080021FF0D9F91DE76FF00A041AE76FF037
:10A5F000770417E76FF0680414E702888A4204D1F1
:10A60000426812B11278D20702D4013308300DE744
:10A610000A490B4824F038FC00230A4A08480EF087
:10A6200037FE06E7CC040020FBDD04001004002008
:10A63000E80F0020C7EA040020040020C5A601009E
:10A64000280400201C4E0E0010B518481FF0E1F938
:10A6500017481FF09EF90346DA05C0F3002023D502
:10A6600013481FF096F9830515D5124907221248A1
:10A670002AF037FF03461149087E93B90522104995
:10A6800001F018F9044630B10021017300F09EFC7E
:10A69000204600F05FFCBDE81040002103481FF099
:10A6A00090B906222131EBE710BD00BF1004002055
:10A6B00020040020FBDD040019040020F803002022
:10A6C000F4DD040010B5FFF7BFFF034650B10648A4
:10A6D000026812F0060F05D0BDE810400221034ABF
:10A6E0001CF0EABA10BD00BFE80F0020E2EA040047
:10A6F00070B5454B9AB01822002103A802932AF0A6
:10A70000E8FE44F2010309A809931FF090F9099BA0
:10A71000694604933D4B02A8059316F03FFE03469D
:10A7200028B33B480268540703D03A4A01211CF081
:10A73000C3FA1F25384BD3E8EF1F21F00101C3E80E
:10A74000E21F002AF7D1354E0FF006F93468002CCD
:10A7500052D0002D324D18BF0025043C23680BB1A8
:10A76000284698476468002C46D0043CF6E701ABC5
:10A770004122009809A926F020FE034628B124486A
:10A7800002685107D5D0274AD0E7274A0DF12503A3
:10A790000DF1650153F8040B8B4242F8040BF9D11B
:10A7A00001AB20222149009826F0E7FD034628B19D
:10A7B000174802685207BCD01D4AB7E7009816F048
:10A7C00079FB054630B1124803685B07B1D0194ADE
:10A7D0002B46ABE7144912481FF036F916482031D2
:10A7E0001FF032F9154BD3E8EF1F41F01001C3E819
:10A7F000E21F002A9ED0F6E70023C6E900330FF0DF
:10A80000BFF81AB070BD00BF12710001000002094C
:10A810000010002008EB0400284C0020304C0020E1
:10A82000675B002026EB0400275B0020075B00200D
:10A8300049EB04006DEB0400875B0020CC04002092
:10A84000042330B5A7B03D22002116A815932AF0A5
:10A8500040FE364B1822002107A806932AF039FE45
:10A8600044F201030DA80D931FF0E1F80D9B202287
:10A8700008932F4B2F49099306A804AB16F05CFBF5
:10A88000034600B32C480268510703D02B4A01212C
:10A890001CF012FA6FF004040FF05EF8284B1D68EC
:10A8A0006DB100201860274BD3E8EF1F21F00201A3
:10A8B000C3E8E21F002AF7D1002C30D0A8470FF0E0
:10A8C0005FF827B030BD204B0DF15502194603F15A
:10A8D000400053F8044B834242F8044BF9D105ABD6
:10A8E000029320231248CDE9001315AA41230499AD
:10A8F00027F0B5F8034628B10F4802685207C9D0BF
:10A90000124AC4E7049816F0D5FA04460028C3D0CA
:10A91000094803685B07BDD00D4A2346B7E70DA879
:10A9200009491FF091F80DA8C8E700BF1271000196
:10A9300000000209075B0020001000208DEB0400DE
:10A940002C4C0020284C0020275B0020C3EB040087
:10A95000DFEB0400402208B503492AF0C2FDB0FA3B
:10A9600080F0400908BD00BF47EC040010B51F4B44
:10A970009AB018220446002103A802932AF0A9FDE8
:10A980004FF4804309A809931FF051F8099B214611
:10A990000493174B0DF12500059304238DF8243003
:10A9A0001FF052F804F120010DF145001FF04CF8A2
:10A9B000412201AB09A902A816F0BEFA044602A87A
:10A9C00027F099F82CB9019816F074FA01201AB002
:10A9D00010BD084803685B0701D10020F7E701219B
:10A9E0002346054A1CF068F9F7E700BF1241000151
:10A9F0000000020900100020FCEB040010B5002844
:10AA000038D01F4A136823B1043B984235D05B68A5
:10AA1000F9E71C4BD3E8AF1F89070BD51A48036829
:10AA200013F0060F03D00221184A1CF03CF96FF016
:10AA30000F0011E01468011D44605068116000B9F6
:10AA40005160D3E8EF2F42F00101C3E8E01F002876
:10AA5000F7D1D30701D5002010BD0D4BD3E8EF1F70
:10AA600021F01001C3E8E21F002AF7D10948FDF7E1
:10AA7000ADFAF0E76FF01500EEE76FF07700EBE767
:10AA8000304C0020284C00200010002020EC040056
:10AA9000CC040020FC0A002038B50C4BD3E8EF1F93
:10AAA00021F00101C3E8E21F002AF7D1084D2C680C
:10AAB0003CB154F8043C043C0BB100209847646856
:10AAC000F6E70023C5E9003338BD00BF284C00205D
:10AAD000304C0020044BD3E8AF3F13F0100F034875
:10AAE00008BF0020704700BFCC040020675B002037
:10AAF00070B50546194803688B4228D0184BD3E837
:10AB0000AF3FDA0626D5036813B16FF00F0070BDB2
:10AB1000144AD2E8AF3FDB07F7D4D2E8EF3F43F067
:10AB20000204C2E8E64F002EF7D113F00204ECD184
:10AB3000016029460C481EF087FF0C4805F12001F2
:10AB40001EF082FF0A48FDF741FA2046DFE76FF06A
:10AB50007700DCE76FF07C00D9E700BF2C4C0020C9
:10AB6000CC040020284C0020275B0020475B0020FD
:10AB7000EC0A002070B505460B4B1C6844B154F834
:10AB80001C3C1C3C13B12846297B9847E469F5E737
:10AB9000064C074EB44200D370BD236813B128465B
:10ABA000297B98472034F5E76C4C0020D0630400E3
:10ABB000F063040010B50446FAF728FC044901EBE1
:10ABC000001120461EF05DFCBDE81040FEF7CEB936
:10ABD000384C0020002270B50446D1E901560748E0
:10ABE000C1E9012224F067F83DB1314620462B46E9
:10ABF000BDE870406FF06D02184770BDE412002090
:10AC000030B5051D04464FF48061284685B01EF01E
:10AC100042FF430550D4D5E8AF3F13F4803F274DA2
:10AC200036D095F8D930D80713D5022300211A461B
:10AC3000204600911EF05DFD034638B120480268B1
:10AC4000510703D001211F4A1EF023FF637B072B0E
:10AC500032D195F8D83098062ED51EF0A1FC58B305
:10AC60000DF10E0103A8FEF7F7FB28BB2046BDF847
:10AC70000E20BDF80C101EF01DFD0346E0B110487B
:10AC80000268520718D001210F4A1EF002FF13E09C
:10AC900095F8D8301907C4D520461EF0F0FC0346BD
:10ACA00038B107480268520703D00121074A1EF055
:10ACB000F0FE637B072BB4D005B030BDF803002055
:10ACC000F40F0020AFEC0400C6EC04008EEC04008E
:10ACD00070B50546002200230E480EF05DF8B8B9A5
:10ACE0000D4B1C6834B154F8143C1C3C03B198471C
:10ACF000E469F7E7094C0A4EB44204D32846BDE89C
:10AD000070400EF021BAA36803B198472034F3E7EE
:10AD100070BD00BFB41200206C4C0020D063040052
:10AD2000F06304002DE9F843044640270025DFF8CE
:10AD30005080EFF3118387F31288BFF36F8FE169BF
:10AD400029B983F31188BFF36F8FBDE8F883206AB8
:10AD50000A68814208BF2262E26183F31188BFF36F
:10AD60006F8FD1E901694046C1E9015523F0A3FF86
:10AD70001EB1002249462046B047FEF7F7F8D8E753
:10AD8000E41200200448B0F8043100F58470002B70
:10AD900008BF0020704700BFF803002030B504460C
:10ADA0002AF08AFC0D460D4A0D498BB00858D2F89E
:10ADB000C810884205D120460BB0BDE83040FFF7EF
:10ADC000B1BF24342146104624F02DF81DB1694648
:10ADD000204624F038F80BB030BD00BF40430020BF
:10ADE0000800000038B5002204468A4202D100243F
:10ADF000204638BD012004F1C803D3E8EF5F002DE1
:10AE000004D1C3E8EC0FBCF1000FF6D102D0D0346E
:10AE10000244EAE7002CEAD0C822002120462AF0AA
:10AE200058FB04F14000044924F02EF8034904F1D2
:10AE3000240023F0DCFFDBE761B90100B99A0300CD
:10AE4000F7B516460D4601210446FFF7A7FF012E70
:10AE500029D0022E5CD1236953B1384803685907C1
:10AE600003D00121364A1BF01EFF20461EF042FE91
:10AE7000256121690B8A012B5DD9CA6812880432C9
:10AE800092B2934257D34DD92C480168490704D058
:10AE9000012100922B4A1BF019FF204603B0BDE8A8
:10AEA000F0401EF027BE206980B9244803685A0785
:10AEB00003D0254A31461BF0F6FE20461EF01AFE4E
:10AEC000284603B0BDE8F040FAF740BB2F8A002FB8
:10AED000F6D00C301DF09AFE87420FD91748036850
:10AEE0005B0703D0194A31461BF0DDFE00222046E5
:10AEF000216900F0CDFF00232361E1E720692A8A60
:10AF0000E9680C301DF032FE2846FAF71FFBB0E767
:10AF10000A4803685F07D0D0334601210C4A1EF06F
:10AF2000B8FDCAE7002301222046236103B0BDE833
:10AF3000F04000F0ADBF03B0F0BD00BFF40F002043
:10AF4000E2EC040062ED0400FFEC04001DED0400DF
:10AF500044ED040008B5C830D0E8EF3F013BC0E83D
:10AF6000E23F002AF8D13BB904480DF0DBFEBDE812
:10AF7000084003480EF0E8B808BD00BFB412002036
:10AF80001C0B002010B504461EF0BDFD0EF0E4FCC5
:10AF90000C4B04F1BC01D3F824312BB90A481EF044
:10AFA0005DFD0EF0EDFC06E0994208D10EF0E8FCE4
:10AFB0002046FFF7CFFFBDE81040FDF7D7BF1B6865
:10AFC000EBE700BFF80300201C050020F8B5467B26
:10AFD00004468E420D4600AF20D1604B1B6813F033
:10AFE000060F19D0082E98BF5D4B6C4688B094BFF1
:10AFF00053F826305B4B6A465B49C2E905134FF4B0
:10B0000000739383594B42F8103F00234FF4E451EF
:10B010005248F6F717FAA546BD46F8BD41730EB97A
:10B020001EF071FD637B082B00F28E8001A252F8A6
:10B0300023F000BF89B00100E7B0010019B00100A2
:10B0400019B0010019B0010019B0010019B00100D8
:10B0500059B0010019B00100002145480FF034F942
:10B060000023C4E90D33E378012BD5D1A378414AFD
:10B07000012B08BF032304F1400008BF84F8983077
:10B0800000230EF0D1F8C7E7082EC5D8DFE806F098
:10B090002005171C1C1C1720200004F14005284621
:10B0A00023F0FEFE01212046FFF778FE20461EF029
:10B0B00021FD0022002328460EF0EAF8ACE7237BAE
:10B0C00013B12046FFF756FD2046FFF743FFA3E7E5
:10B0D0002248036813F0060F9ED02B46264A022111
:10B0E0001EF0D7FC98E7237B3E2B13D11B48036847
:10B0F00013F0060F0ED06D4688B06A461F4BC2E9AA
:10B100000534032342F8103F00234FF4C451F6F7EF
:10B1100099F9AD461A4D05F58476616911B9FDF7C7
:10B1200025FF79E7A2690B68914208BFA361204619
:10B130006361FFF74FFDB5F80431002B14BF3046B3
:10B1400000200DF0EFFDE8E70448036813F0060F58
:10B150003FF462AF2B460B4AC1E700BFF40F00205B
:10B16000447804007DED040087ED04000300000135
:10B170002C0B00205A62020098ED0400AFED040091
:10B18000F8030020D6ED0400F8B5074609480D463F
:10B1900016461EF0B8FC044650B183781F4203D116
:10B1A000BDE8F840FFF7D6BE3146A8472046F7E78E
:10B1B000F8BD00BF4830002000220F200149FFF7F2
:10B1C000E3BF00BF2F9B0300002201200149FFF7CE
:10B1D000DBBF00BFAD9A030070B5054610480E46B0
:10B1E0001EF091FC0446C0B1437B012B02D0073B0B
:10B1F000012B10D82388AB420CD1A3781E420DD16D
:10B200000848036813F0060F04D02B460221064AB3
:10B210001EF03FFC2046FFF79DFE0024204670BD37
:10B2200048300020F40F0020F2ED0400034BC01A58
:10B23000034B00115843C0B2704700BF4830002094
:10B24000C54EECC470B51C46144305460E4611D0DD
:10B250002AF032FA1049D1F8C840104909588C42F6
:10B260000AD10F48036813F0060F03D002210D4ADC
:10B270001BF019FD002213460B49002D14BF284670
:10B2800008461DF00DFC044618B1711D0C301DF070
:10B290005CFC204670BD00BF404300200800000059
:10B2A000F40F002009EE0400FC12002010B5044643
:10B2B00005480DF049FF204600F026FD2046BDE878
:10B2C0001040FFF757BC00BF0C0B00202DE9F04FDA
:10B2D000002387B000AFFB607B61BC4B5A8B3AB157
:10B2E000BB4DD5F824413CB91C37BD46BDE8F08FB5
:10B2F0001B68002BF4D1F7E754F8BC3903B1BC3B11
:10B300000026B44901E01C461346B5F80421002A82
:10B3100000F05981D5F810214AB904F1BC06002B80
:10B32000E2D0D3F8BC20002AEDD0BC3AEBE70A68A3
:10B33000002AF2D0D4F8A820002AEED0D4F8AC200D
:10B34000002AEAD0D4F8B020002AE6D0637B072B8D
:10B3500068D120469047002864D004F1C003D3E8A8
:10B36000AF3F022B5EDC20461EF0CDFB04460028DA
:10B37000BAD0637B072B40F023812046D4F8A83055
:10B38000B5F8041107F1100298478146002800F033
:10B390000A81B5F804213B699A4208D30146D4F8E2
:10B3A000AC60204607F1140307F10C02B047D7E95F
:10B3B000038A7B693B60B9F81030002B00F0FA80FB
:10B3C00048461EF074F87860002840F0F680B5F822
:10B3D0000431DFF804B2002B14BF584600200022CD
:10B3E00000230DF0D9FC78B90022002379480DF034
:10B3F00067FC064600283BD1B5F80431002B18BF86
:10B400005E4630460DF08EFC6FF00B054846FAF7AD
:10B410009DF8B8F1000F00F0AD802A46204639684B
:10B42000C047A7E0D4F8BC3004F1BC02C6B9D5F8D7
:10B430002811C5F824318A4201D1C5F828310023EA
:10B440002046C4F8BC30D4F8B0309847002890D0DB
:10B45000637B072B40F0B4802046FFF793FD88E71D
:10B460003360D5F828319A4208BFC5F82861E6E76D
:10B470003B68C0F804808360B5F804B10022DA4567
:10B480004FF000034FF00001504898BF1FFA8AFBAD
:10B49000F9F7DEFF804650B1F9F7B8FF4F4B5A4637
:10B4A00003EB0013494640461DF0C6FF8046B5F841
:10B4B000043194F8C4909A4584BF01237B607B6873
:10B4C0009CBF09F102095FFA89F984F8C43004F1DC
:10B4D000C00ADAE8EF3F0133CAE8E23F002AF8D1B8
:10B4E00004F1140B314658461EF0B8FAA378012B2C
:10B4F0005DD108F10C03042118467B601DF047FB69
:10B50000228809F0FD0942EA09320280B8F81020C9
:10B510007B68043A4280022118461DF040FB4046F9
:10B52000FDF748FC814600284AD0DAE8EF3F013BAE
:10B53000CAE8E23F002AF8D1314658461EF0BFFA69
:10B54000274803685A0704D04B460121254A1EF0BC
:10B55000A0FA4046F9F7FAFF20463146FFF73AFBDA
:10B56000B5F804311C48002B08BF00200DF0DAFBB1
:10B570006FF004051A4803685B0710D06E4688B068
:10B580006B46194ADC61C3E905251A46042342F8D3
:10B59000103F00234FF40151F5F754FFB546132136
:10B5A00020461EF0D6FA2046FFF7D4FC9CE66FF04A
:10B5B0001509BAE76FF0790528E76FF0040525E76C
:10B5C000FDF7D4FCEFE79368FFDE00BF8013002097
:10B5D000F8030020E412002000050020384C002071
:10B5E000F40F00207FE3040032EE040040F2E24357
:10B5F0002DE9F041D0F888600446B6FBF3F6031D50
:10B60000B6B2D3E8AF2F920413D5B0F88C20B24273
:10B610000FD8B0F88E20B2420BD3D0E92412914259
:10B6200007D1D3E8EF1F21F40051C3E8E21F002A3D
:10B63000F7D1114B1D6865B155F80C7C1C3D37B135
:10B6400031462046B4F89230B4F89020B847ED69FE
:10B65000F1E70A4DDFF82880454501D3BDE8F081C8
:10B660002F6937B131462046B4F89230B4F89020B3
:10B67000B8472035F0E700BF6C4C0020D0630400D1
:10B68000F06304002DE9F041074608460D461DF021
:10B6900089FF064618B900263046BDE8F081144BF4
:10B6A0001C6884B154F8103C1C3C0BB9E469F8E701
:10B6B0002946384698470028EDD028461DF072FFED
:10B6C0000028F3D1E7E70B4CDFF82C804445E3D2A8
:10B6D000E3680BB92034F9E7294638469847002833
:10B6E000D9D028461DF05EFF0028F3D1D3E700BF74
:10B6F0006C4C0020D0630400F06304002DE9F0419D
:10B70000C37804468BB900F17E06114B1D687DB1EC
:10B710001C3D04F170076B691BB13A463146204667
:10B720009847ED6925B11C3DF5E700F17706ECE798
:10B73000084D094F04F17008BD4201D3BDE8F08106
:10B740006B691BB142463146204698472035F3E7E6
:10B750006C4C0020D0630400F0630400F8B5437A19
:10B760000546837216461EF040FB0D4B1C684CB11B
:10B7700054F8043C1C3C1BB132462846697A984771
:10B78000E469F4E7074C084FBC4200D3F8BDA36955
:10B790001BB132462846697A98472034F4E700BF47
:10B7A0006C4C0020D0630400F063040038B50546FB
:10B7B0000C460F480121FFF715FBC0B10572236845
:10B7C0000367A388A0F87430A37980F8763001234A
:10B7D000437283728370074BC0F8A830064BC0F8E1
:10B7E000AC30064BC0F8B030054BC0F88C3038BDDB
:10B7F00048300020F5BB01007D9A0300719A0300D8
:10B800001800280070B505460A480E461EF07BF960
:10B81000044620B18378012B04D0FFF79BFB002462
:10B82000204670BD324629461EF001FA0028F7D1A5
:10B830002046F2E748300020B0B500AF0D46FFF7D4
:10B84000E1FF044638B3154B1B6813F0060F1ED0FA
:10B850002846FCF759FB637B6D46082B98BF104ABE
:10B860008AB094BF52F823300E4B6A46C2E90703F0
:10B870000D4B0E4953620E4BC2E9051442F8103FBE
:10B8800000234FF442510548F5F7DCFDAD46204654
:10B89000FFF760FB0120BD46B0BD00BFF40F0020E4
:10B8A000447804007DED04000103020455EE040019
:10B8B00005000002F8B505460E480E4617461EF074
:10B8C00022F9044620B18378012B03D0FFF742FB15
:10B8D00000240DE036B1324629461EF0A8F908B919
:10B8E0002046F3E7637BBB42FAD1237AAB42F7D120
:10B8F0002046F8BD4830002038B5044608460D46BD
:10B900001DF050FE38B3154B93F8D830990707D483
:10B91000E37873B129462046BDE8384000F0ECBA20
:10B9200094F899309A07F3D5231DD3E8AF3F5B0411
:10B93000EED4294620461EF0A0F958B92B88A4F869
:10B940008C306B88A4F88E30AB88A4F89430EB88E8
:10B95000A4F8963038BD6FF01500FBE7F80300201F
:10B96000F7B510F8333C0446A0F140060BBB304657
:10B970001EF0DEF9364B1D684DB155F8183C1C3DE4
:10B980001BB1304614F8341C9847ED69F4E7314D8B
:10B99000314FBD4205D3304603B0BDE8F040FFF75C
:10B9A000D9BA6B681BB1304614F8341C984720355F
:10B9B000EFE710F83E3C012B47D1A0F13C05D5E85C
:10B9C000EF3F23F40052C5E8E12F0029F7D1990495
:10B9D00023D5E36C69460093636D30460193FFF70E
:10B9E0008BFF034678B9D5E8EF3F23F48053C5E8D1
:10B9F000E23F002AF7D14FF40061284603B0BDE8CA
:10BA0000F0401EF048B81548026812F0060FF2D058
:10BA1000134A02211EF03DF8EDE74FF42813114AB6
:10BA200069463046CDE90023FFF766FF034628B993
:10BA30004FF4805128461EF02EF8DCE707480268D4
:10BA400012F0060FD7D0084AE3E703B0F0BD00BFFD
:10BA50006C4C0020D0630400F0630400F40F00205D
:10BA60008EEE040018002800B3EE04000B4B58B112
:10BA70001A6862B902693AB902685AB942684AB9A1
:10BA800082683AB942692AB91860002070476FF09D
:10BA9000770070476FF01500704700BF7C4C0020A6
:10BAA00010B50C4823F0FBF80B490A4823F003F9C2
:10BAB0000A49084823F0FFF80949064823F0FBF833
:10BAC0001EF097FD03F0B4FE044608B91EF0F5F928
:10BAD000204610BDE4120020484C0020544C0020A9
:10BAE000604C002008B5034604480268520703D0A2
:10BAF0000121034A1BF0E0F8002008BD14100020CB
:10BB000066EF040098B503460B4800AF0268520781
:10BB10000ED06C4688B06A460849C2E90513032373
:10BB200042F8103F00234FF4C251F5F78BFCA546B5
:10BB30006FF00B00BD4698BD141000208EEF04007E
:10BB4000044B1A680AB1FFF7DDBF0348586010467E
:10BB50000B607047804C00209078040070B504465C
:10BB600052EA03000AD029F0A7FD074D074ED5F889
:10BB7000C8503058854204BF002213462046BDE815
:10BB800070400431FFF75EBB404300200800000016
:10BB900073B5054618462B682BB35B7B072B22D168
:10BBA000002A14BF022301230E7A9E420DDD0F48A6
:10BBB0000268520703D16FF0150002B070BD012179
:10BBC0000B4A00961BF082F8F5E7CB7A072BF2D9E7
:10BBD000C8618A6105F1300023F06DF828461EF037
:10BBE0007EF80020E9E76FF07F00E6E71410002000
:10BBF000B5EF04002DE9F0470E469146D0F8B44069
:10BC000000AF4CB1483C236B6BB104F1300A504695
:10BC100023F066F8054660B9FDF7A8F90025284627
:10BC2000BD46BDE8F0872068B4301EF077F8A46CFC
:10BC3000E7E71DF03CFC98B1304803685B07EDD0A6
:10BC40006C4688B06A462E4BC2E90535032342F89C
:10BC5000103F00234FF4C251F5F7F4FBA546DDE792
:10BC600028461CF04CFFE36C0546B3B9A38CB0F832
:10BC70001080403B9BB23F2B03D8238D984528BFB3
:10BC80009846042105F10C001CF081FFA0F800800B
:10BC9000A38C438008F10403E364E36C2A8AB34273
:10BCA0000FD8934216D0A38C403B9BB23F2B21D997
:10BCB0002068B4301EF032F8236B13B120461EF01A
:10BCC0000EF8E36C9E422CBF00269E1BC9F8003084
:10BCD000E664A4E70022002350460CF0F1FFF9F7D8
:10BCE00035FCA38CA3F140023F2AE1D8054AAA61A2
:10BCF000EB61DDE700221346F9E700BF14100020D6
:10BD0000D5EF04006D9E0300F7B504460026234DD1
:10BD1000234FBD4201D303B0F0BD298820461EF059
:10BD20009CF86B68019001A920469847002830DBF9
:10BD3000019B2A889A829A8403F11002D2E8EF1FAD
:10BD4000C2E8E06F0028F9D19E64DE649E60A16BBA
:10BD500003F10802F9B9C4E90D221C60DE6003F1A9
:10BD6000300022F09CFF019843681B6803B198479C
:10BD7000019B1033D3E8EF1F41F00101C3E8E21F3C
:10BD8000002AF7D101984368DB6913B100F1100173
:10BD900098470835BDE70A60A263DEE7B863040090
:10BDA000D063040073B50D460646042105F10C006E
:10BDB0001CF006FF2B8A428804469A420AD0244887
:10BDC0000168490704D00092224A01211AF07EFF3F
:10BDD00002B070BD437853B91D4803685A07F7D0C5
:10BDE00001211D4A02B0BDE870401AF05CBF037823
:10BDF000012BEDD0132B0AD1022AE9D01448036895
:10BE00005B07E5D0022300931346144ADDE7104890
:10BE1000026812F0060F03D00221114A1AF04CFFFB
:10BE200061780222012035681DF0FCFF04460028DD
:10BE3000CED002210C301CF093FE0023214603706B
:10BE40004370284602B0BDE870401EF01CB800BF29
:10BE500014100020EDEF04000EF004002FF0040099
:10BE60005AF0040008B50B8A032B09D8064803686A
:10BE70005B0703D00121054A1AF015FF002008BD19
:10BE8000FFF790FFFAE700BF1410002082F00400D3
:10BE900038B50B8A0546032B0C460CD813480368AB
:10BEA0005B0703D00121124A1AF0FDFE2046BDE8CF
:10BEB0003840F9F74BBB042104F10C001CF080FE64
:10BEC000418828461DF0F0FF50B90848036813F078
:10BED000060FEBD0074A0B4602211AF0EDFEE5E70C
:10BEE000436821465B699847E0E700BF14100020D3
:10BEF000A0F00400BDF0040070B5124B0C46197898
:10BF000005460131C9B2012938BF0121082212209A
:10BF100019701DF087FF064688B108210C301CF00F
:10BF20001FFE22883146028062884280A288828079
:10BF3000E288C2802846BDE870401DF0A4BF6FF0C3
:10BF40000B0070BDA75B002023281FD81A2804D837
:10BF5000431E182B0ED906207047A0F11B03082B97
:10BF60001ED8DFE803F0051D1B231D19251D050044
:10BF70000320704701230F4A83401A40C2B90E4A7A
:10BF80001A40002A14BF01200620704700F07F03EA
:10BF9000522B05D1002070470120704705207047C3
:10BFA00010F0400F0CBF062000207047042070479F
:10BFB00002207047AAAA8A02545545012DE9F84F7C
:10BFC000074608460C46F9F721FA18234343DFF8E1
:10BFD000C880064608EB0302D2F808A0E16807F122
:10BFE0005400D0E8AF0FC0070CD42C4803685907A1
:10BFF00003D001212A4A1DF083FF6FF01505284662
:10C00000BDE8F88FE06800781071002248F803203E
:10C010000B78D22B12D13B68214618681EF0BAFF6C
:10C02000054658B11D4803685A0703D001211D4A2F
:10C030001DF066FF2046F9F789FAE0E704F10C00ED
:10C040001CF0E0FD182303FB0683B4F810B09F60DA
:10C05000002381461A462146381DFFF799FD054603
:10C060000028CCD010F1690F07D10C4803685B079A
:10C0700003D001210C4A1DF043FF6369A4F810B0FE
:10C0800013FA89F3E36018235E4308EB0603C3F851
:10C0900008A048F80650B2E7D04C0020EC0F002072
:10C0A000F9F0040013F1040026F10400011F014817
:10C0B00022F0F2BC3C110020044803685B0703D067
:10C0C0000121034A1DF01CBF704700BFEC0F002088
:10C0D00049F1040010B5044600F15003D3E8EF1F06
:10C0E00041F00101C3E8E21F002AF7D1201F1DF033
:10C0F000E6FF04F17400044922F0C6FE2068BDE8A2
:10C10000104002F027B800BFE5D1010070B50378F8
:10C110008AB004460E4607AD032B20D8DFE803F0B3
:10C1200002191B1D11492846F2F734FC0595637866
:10C130001E210493A37830460393E3780C4A0293BC
:10C140002379019363790093A37919F031FA0AB046
:10C1500070BD0849E7E70849E5E70849E3E70A2130
:10C160002846074A19F024FAE0E700BFDFB40400CC
:10C1700001B50400E6B40400EDB40400F7B4040013
:10C1800073F704002DE9FF414FF000084FF42053EE
:10C1900005460E46006802A9144617688DF8088007
:10C1A000ADF80A301DF0C5F8A0B142F601032868C9
:10C1B00003A98DF80C80ADF80E301DF0BAF848B127
:10C1C00023691BB15A88B24200D25E80012004B0BC
:10C1D000BDE8F081616828681DF0ABF810B100235C
:10C1E0002361F3E7E368A0681A786AB1B7F81AC068
:10C1F000798D038A8C4594BFC3EB0C03C3EB010319
:10C20000934201DA0020E2E704210C301CF0A8FC84
:10C2100020610680236929465E80074B01940093C4
:10C2200038460023A2681DF0A6FF0028EADB20693B
:10C23000003818BF0120CAE725A1030073B50E46D8
:10C24000438D418B01328B4228BF0B469A420546F3
:10C250000DD91F48016811F0060F04D00221009289
:10C260001C4A1AF033FD0024204602B070BD30464F
:10C27000FFF76AFE022812D0042810D029F01CFA19
:10C28000154B1958154BD3F8C8308B421ED0144BA0
:10C290001B685A1A18BF4FF0FF32134601E0002303
:10C2A000104A00211048FFF759FC04460028DBD053
:10C2B000F9F7ACF818220D4B012102FB003304F111
:10C2C0000C009D601CF04CFC0670CDE70022E4E7FA
:10C2D000EC0F002066F1040008000000404300203D
:10C2E000184D00201C4E0E0028130020D04C0020BA
:10C2F000F0B51D4603680E460039044618BF0121FB
:10C3000087B0186817461EF091FC40B904F154003C
:10C310001DF0F1FF002849D0002007B0F0BD002D2E
:10C3200046D018220021684629F0D3F887B10022B0
:10C3300039462046FFF782FF019048B91D4803683F
:10C340005B0703D001211C4A1DF0DAFD1120E4E750
:10C35000236829461B68284600930023ADF8123055
:10C360000C9B164A0393BDF834308DF80860ADF885
:10C37000103001238DF814306B461DF02BFE9DF814
:10C38000143063B1002FC7D00198F9F7DFF82A46BF
:10C39000314620469DF814301DF0B8FFBCE70199E6
:10C3A0000029B9D020461DF020FEB5E71220B4E7E1
:10C3B0000120B2E7EC0F00208BF10400639F030023
:10C3C0002DE9F34717680546894600685168144609
:10C3D000D7F804A01CF0ADFF804600284BD1952271
:10C3E000294650461EF0B0FB0646207540B1E36872
:10C3F0001B780BB184F81480002002B0BDE8F087F0
:10C40000294650461EF04AFC10B908232375F3E76D
:10C41000A06826751CF077FB02210C301CF0A0FBF5
:10C42000164B2061A0F800900093019433462946F2
:10C430003846A2681DF09FFE002807DA10F1FF0FB2
:10C4400032BF0E204042C0B22075D5E72369002BD1
:10C45000D2D0A0681DF03CFD7B8D7A8B9A4294BFB0
:10C46000C0EB0200C0EB0300E3681B78984294BF66
:10C4700000200120C1E70120BFE700BFE19E0300CB
:10C48000F7B50B8A04460D46076853B92D48036873
:10C490005C0703D001212C4A1DF032FD002003B0BF
:10C4A000F0BD012105F10C001CF08AFB7B7B0646E8
:10C4B000072BF3D154F8043C002BEFD00022037873
:10C4C0002248043C10F8327000EBC2019F420ED1AA
:10C4D0002A8A48788F78904223D84B68204629468C
:10C4E0009847012F0346D9D10028D7D020E0013248
:10C4F0000C2AE7D11348026812F0060F03D002217C
:10C50000134A1AF0D9FB31780846FFF71DFD0028C1
:10C51000C4D00528C2D00623002220461DF0F6FE16
:10C52000BCE708480168490705D1012FB6D10423AB
:10C5300000223178F1E7012100931346054A1AF0F1
:10C54000C5FBF2E7EC0F0020A4F10400B87804006A
:10C55000BFF10400D9F104002DE9F04F42F60103C8
:10C56000002591B0166880460F4600680BA9D6F8E2
:10C57000049014468DF82C50ADF82E301CF0D9FEE6
:10C58000002874D04FF42053D8F800000BA98DF880
:10C590002C50ADF82E301CF0CCFE38B1A3681BB186
:10C5A0005A88BA4200D25F8001200EE061680846D6
:10C5B0001DF08EFC728B738D9A4294BFC0EB02000B
:10C5C000C0EB0300032803D8002011B0BDE8F08FB2
:10C5D00008461CF098FA054660681DF079FC728DDB
:10C5E000738B05F10C0B9A4294BFC0EB020AC0EBAF
:10C5F000030A58461CF00AFB82453BD260681DF0D6
:10C6000067FC728B738D9A4294BFC0EB0200C0EB43
:10C61000030070B96368987AF8F7F0FE00220023EF
:10C620001CF03EFA05460028CED0014660681CF09A
:10C630007BFA00230093D8F8046010234146484653
:10C6400002AAB047061E12DB227CE068B24234D058
:10C6500001460BA81CF09BFE80B91A48036813F032
:10C66000060F04D0237C184A02211AF025FB002370
:10C67000A36099E758461CF0C9FACAE7F2B202A9CA
:10C6800006A81CF084FE38B90E48036813F0060FA4
:10C69000EDD00E4A3346E7E706A90BA81CF049FE89
:10C6A0000028E4D100230421637405F10C001CF080
:10C6B00057FAA0600780A36875E702A928F011FF68
:10C6C000EEE700BFEC0F0020F8F1040017F20400C1
:10C6D000F8B5144A0746002313480D461CF0E0F94C
:10C6E000044650B9114803685B0704D001212B466A
:10C6F0000F4A1AF0E1FA2046F8BD00F10C060921B4
:10C7000030461CF022FA2046F8F780FE1822094B2A
:10C71000012102FB003330469F601CF021FA0570B6
:10C72000E9E700BF1C4E0E0028130020EC0F00208C
:10C7300066EF0400D04C00202DE9F0410E8A04463B
:10C74000043EF6B2022E08468CB001D0102E64D101
:10C7500004210C301CF034FA0DF1080805884788D4
:10C76000011D324640461CF012FE002857D09DB3F2
:10C77000002687B3AF422FD34FF42053404601A980
:10C780008DF80460ADF806301CF0D3FD40BB1422D8
:10C79000002107A828F09DFE11212046FFF798FFF1
:10C7A0000990002837D001210C30CDE907481CF052
:10C7B000D7F900230A90394603701A4A0B9328468A
:10C7C00007AB1DF007FC0A9B1B78FBB90998F8F72B
:10C7D000BDFE0A2301E03D4601232A4610210EE05A
:10C7E00042F60103404607A98DF81C60ADF81E30E3
:10C7F0001CF09FFD0028CAD010232A461946204667
:10C800001DF084FD00200CB0BDE8F08120460999A0
:10C810001DF0EBFBF6E71120F5E70420F3E70E200F
:10C82000F1E700BF85C101002DE9F043036804462C
:10C830000D4685B0012118681EF0F8F940B904F1E1
:10C8400054001DF058FDB0BB122005B0BDE8F083C8
:10C8500010220021684628F03CFE21212046FFF7E7
:10C8600037FF029048B34FF00108DFF8549000946E
:10C8700005F10C072B8A012B04D8204602991DF0E4
:10C88000B4FB18E038461CF0ABF96B464A4601464B
:10C8900006468DF80C801DF09DFB9DF80C30002B9A
:10C8A000E8D00298F8F752FE3246202120469DF843
:10C8B0000C301DF02BFD0020C7E71120C5E700BF9D
:10C8C000FBA303002DE9F043036804460D4685B041
:10C8D000012118681EF0AAF940B904F154001DF0B6
:10C8E0000AFDB0BB122005B0BDE8F0831022002184
:10C8F000684628F0EEFD0F212046FFF7E9FE029082
:10C9000048B34FF00108DFF85490009405F10C078C
:10C910002B8A012B04D8204602991DF066FB18E0F3
:10C9200038461CF05DF96B464A46014606468DF8CE
:10C930000C801DF04FFB9DF80C30002BE8D00298C6
:10C94000F8F704FE32460E2120469DF80C301DF00B
:10C95000DDFC0020C7E71120C5E700BF9BA3030053
:10C96000F0B51D46036804460E4685B001211868DF
:10C9700017461EF05BF938B904F154001DF0BBFCFA
:10C9800048BB122005B0F0BD65B3102200216846F7
:10C9900028F09FFD39462046FFF79AFE029018B313
:10C9A000BDF828302946ADF80430012328468DF81B
:10C9B0000C300E4A6B4600941DF00CFB9DF80C30B9
:10C9C0005BB10298F8F7C2FD2A46314620469DF831
:10C9D0000C301DF09BFC0020D4E7204602991DF08E
:10C9E00004FBF8E70120CDE71120CBE79BA3030070
:10C9F0002DE9F0410E8A0446043EF6B2022E0846A6
:10CA00008CB001D0102E76D104210C301CF0D8F857
:10CA10000DF1040805884788011D324640461CF088
:10CA2000B6FC002869D085B377B3BD422DD801216B
:10CA300060681EF0FBF8064678BB42F602038DF8EC
:10CA4000000069464046ADF802301CF072FC20B38D
:10CA500042F60303404606A98DF81860ADF81A3077
:10CA60001CF067FCC8B1012D03D14FF6FF739F4244
:10CA700013D004F154001DF03EFC002814BF002028
:10CA800012200CB0BDE8F0813D4601232A46082162
:10CA900020461DF03BFC0020F3E7182200210DEB9F
:10CAA000020028F016FD09212046FFF711FE08902C
:10CAB000F8B101210C30CDE906481CF051F80023F3
:10CAC000099003700A2339468DF82C30284606ABAE
:10CAD0000B4A1DF07FFA9DF82C302BB10898F8F71F
:10CAE00035FD9DF82C30D1E7204608991DF07DFAE0
:10CAF000D1E71120C5E70420C3E70E20C1E700BF3E
:10CB0000C1C301002DE9F0430F460446062187B05A
:10CB100007F10C001CF054F80588B0F802808288F8
:10CB2000D7F80C90C5B10023B8F1000F13D04545DC
:10CB300012D88DF800308DF804304FF42053684639
:10CB400001A9ADF80220ADF806301CF0F2FB064654
:10CB500060B10A2301E0454601232A46062120460A
:10CB60001DF0D4FB002007B0BDE8F083014614227D
:10CB700001A83F7C28F0ADFC07212046FFF7A8FD67
:10CB80000290D8B10A2341468DF81530284601ABF2
:10CB90000B4ACDE9036901948DF814701DF01AFA5F
:10CBA0009DF815302BB10298F8F7D0FC9DF81530A0
:10CBB000D3E7204602991DF018FAD3E71120D2E7F7
:10CBC00059C501007FB5CB6804461D885E8885B1D4
:10CBD00076B1B5420DD810220021684628F079FCC4
:10CBE00005212046FFF774FD019058B9112007E098
:10CBF000354601232A46042120461DF087FB0020EC
:10CC000004B070BD6B4631462846084A00941DF0BA
:10CC1000E1F9029B23B90198F8F798FC0A23E9E7A8
:10CC2000204601991DF0E1F9E9E700BF07A00300E4
:10CC30002DE9F04182B000AF04468846002200236F
:10CC400039463E480BF072FE0546C8B13C480368C1
:10CC50005B070ED06D4688B06A463A4BC2E9053490
:10CC6000032342F8103F00234FF4C251F4F7EAFBCC
:10CC7000AD466FF00B0630460837BD46BDE8F08183
:10CC800028F01AFD304B3E681A58304B29461A607E
:10CC9000301D282228F01DFC34603C68002200234F
:10CCA000C4E90155C4E909552948391D7D600BF0D7
:10CCB0003DFE0646A8B12248036813F0060FD8D0FF
:10CCC00023686C4688B06A462249C2E905130323EB
:10CCD00042F8103F4FF4C4512B46F4F7B3FBA5467E
:10CCE000C7E77B680146B022184628F0F2FB1A4AD3
:10CCF00082605C3021F0D3FF7B685433D3E8EF2FA0
:10CD0000C3E8E16F0029F9D17B681C60636A7D6824
:10CD10001BB904F10C0021F0C2FF626A05F1A803FF
:10CD2000C5F8A820A26A636202B9A36217227B68D1
:10CD30005A855A830433C8F800309CE70411002058
:10CD4000EC0F002036F2040008000000184D00200F
:10CD50003C1100205BF204003C0B002008B5437B33
:10CD6000072B0AD01248036813F0060F03D00221E4
:10CD7000104A1DF0C5F8002008BD04211DF094F8EC
:10CD800030B90B4803685907F5D00B4A0121F0E789
:10CD900000F15003D3E8AF3FDA0705D40448036835
:10CDA0005B07E8D0054AF1E750F8040CE4E700BF60
:10CDB000EC0F002080F204008EF20400F9F0040071
:10CDC0002DE9F14F0546F8F721FB182202FB00F38D
:10CDD0003C49C81851F803A00021D0E90246077960
:10CDE000B0F80680D0F8109028F073FBA87AF8F716
:10CDF00005FB6969834649B16B7ADB0704D4436A52
:10CE000028461B689B68984700236B612946584653
:10CE100021F05CFF002F48D0002C46D02368002B67
:10CE200043D01B68002B40D0BAF1000F0BD026482E
:10CE300003685C0739D001215346244A01B0BDE89C
:10CE4000F04F19F039BF201D1DF056FB3846FFF793
:10CE50007BF8052829D8DFE800F0200328202803E4
:10CE600004F15403D3E8AF3FD9070BD4164B1B682A
:10CE70005A071AD00121164A134801B0BDE8F04FF5
:10CE80001DF03EB8A36D83B10023124A04F178006F
:10CE900001B0BDE8F04F0CF0FBB954F8543B1D68ED
:10CEA000D4E8AF3FDB07E1D556B901B0BDE8F08F5C
:10CEB00049462846B0470134A3B29845F8D8F4E76C
:10CEC0000024F9E7D04C0020EC0F0020A9F2040068
:10CED000F9F004001C4E0E0070B50E461546FFF723
:10CEE0003DFFC0B1406A60B150F8A84904B1A83C08
:10CEF0006A1C438B418D8B4228BF0B469A420CD94A
:10CF00008CB90C48036813F0060F04D002210A4ABA
:10CF10006B1C19F0D1FE002070BD2A463146BDE8D9
:10CF20007040FFF78BB9D4F8A83003B1A83B204676
:10CF30001C46DEE7EC0F0020C8F2040007B50B46E4
:10CF40000021024628F0B8FB01910F4909580F480B
:10CF50000068884204D00E48D0F8C800884201D149
:10CF60000022134601A90B480BF0E0FC014648B92A
:10CF7000019B1C22184628F0ACFA0346184603B061
:10CF80005DF804FB0023F9E708000000184D0020BD
:10CF9000404300209011002010B50446806818B16D
:10CFA000F8F7D4FA0023A3602146BDE810400148F9
:10CFB00021F072BD901100202DE9F347044678302E
:10CFC0000E4617461D4621F06BFFA06D78B91A4832
:10CFD000036813F0060F03D00221184A1CF090FFDB
:10CFE000204600F0DBF8002002B0BDE8F087144BCB
:10CFF0004FF00008984205D12068C4F858801DF011
:10D00000ACFAF0E7D0F80490C0F80480A06DD0F836
:10D0100018A0FFF7C1FF2068C4F858801DF09DFAE2
:10D02000B9F1000FDFD02068CDF800A03B463246B2
:10D0300029460068C847D6E7EC0F0020E3F2040059
:10D040001C4D002070B5054650F8043C044655F8C8
:10D050000469002B3DD039B1436D002B39D01B7CC6
:10D06000D90736D505231EE0304601F0BDF8737AA6
:10D07000012B2ED0646D64B3237CDA0729D5E368D5
:10D08000002BEFD028466269617CFFF7D7F806468F
:10D0900080B9104803685B0704D0637C01210E4A05
:10D0A00019F00AFE0E2300222846BDE87040114602
:10D0B000FFF782BFE368D4E90512984718B13046FC
:10D0C000F8F744FAEEE731462846FEF777FF0028E6
:10D0D000F5D170BDEC0F0020FAF20400F7B550F85E
:10D0E000044C0546002C55D000F1A40104F12400A5
:10D0F0001DF0E8F82E1F05F15807002200233846DE
:10D100000BF0DEFD024658BB6B6D2BB101466FF094
:10D1100067033046FFF750FF002345F8043C05F154
:10D120005003D3E8EF1F21F00101C3E8E21F002AFA
:10D13000F7D1636A73BB04F10C060022002330466A
:10D140000BF0BEFD78B9666886B9214612482660A4
:10D1500021F0A2FC286803B0BDE8F04001F060B8FF
:10D16000F8F7F4F9C9E7F8F7F1F9E6E7A2683368E8
:10D170009642636008BFA36077683FB1B3696FF000
:10D1800067010093002320681A46B8473046FFF72E
:10D1900003FFD8E703B0F0BD0411002030B5054609
:10D1A000044655F8043B89B018681CF060FD6946D8
:10D1B000FEF7ACFF2846FFF791FF132160681CF0D3
:10D1C000C8FC034638B105480268520703D0012164
:10D1D000034A19F071FD09B030BD00BFEC0F00200B
:10D1E0001AF30400B0B588B050F8783C00AFA0F155
:10D1F000780418681CF03BFD3946FEF787FF0E489F
:10D2000003685B0711D06D4688B06A460B4BC2E9D4
:10D2100005374FF400739383094B42F8103F002306
:10D220004FF4E251F4F70EF9AD462046FFF7B6FF92
:10D230002037BD46B0BD00BFEC0F002038F304001E
:10D2400003000001F8B51D460F461646F8F7DEF854
:10D250001823044C03FB00400123C0E90376C3807C
:10D260000575F8BDD04C002008B524F034FA03460B
:10D2700048B106480268520703D00121044A19F058
:10D280001BFD6FF00403184608BD00BF041000200A
:10D290006BF3040070B50646134D40B12A4615F8ED
:10D2A000011C6C1E1CF0C3FC98B120460CE0284603
:10D2B0000E491DF0A8FA40B90C4905F110001DF007
:10D2C000A2FA20B105F10F0070BD681EFCE7002036
:10D2D000FAE73046217C04F111021CF0A8FC00287A
:10D2E000F5D004F11000EFE7514D0020FBDD040004
:10D2F00070B50D4C054623780E46834203D1601C61
:10D300001DF081FA60B9237BAB420BD1314607484F
:10D310001DF079FA18B101200C2303FB004070BD09
:10D320000020F9E70020FAE7265A0020335A0020AF
:10D3300038B54A1C0C46054668B910460D491DF023
:10D3400062FA30B90B4904F10B001DF05CFA70B1C0
:10D350000A3420460CE009781CF069FC0028F8D15A
:10D360002846A17A04F10B021CF061FCEFE70020D3
:10D3700038BD00BFFBDD04002DE9F04180460F46BB
:10D3800016461D46FFF7B4FF044698B91049FFF74B
:10D39000AFFF044648B90F4803685B0716D0BDE8E5
:10D3A000F04101210C4A19F07EBC394600F8018B8E
:10D3B0001DF045FA228963891AB92BB92681658146
:10D3C00004E0964238BF26819D42F8D8BDE8F0813E
:10D3D000FBDD04000410002081F3040010B50121DE
:10D3E00009481DF01BFA38B90849094A0B88094C4D
:10D3F000A24202D300B10B8010BD50680832034432
:10D400009BB20120F4E700BF704D00203E5A00207F
:10D41000F0630400086404001FB519464FF4281394
:10D420001046064ACDE902230823BDF818200093D0
:10D430006B441DF060FA05B05DF804FB180028008D
:10D44000024608B5074901301DF0F9F900230C32F6
:10D4500002F8043CD2E8EF1FC2E8E03F0028F9D10F
:10D4600008BD00BFFBDD040070B505460C46104842
:10D4700000211DF0D3F90F4B70B91D835C830C485C
:10D480001DF0C9F983070DD4BDE8704040F2391290
:10D49000002309480BF0FCBE198B5A8BA94202D815
:10D4A0009442EBD870BD94421D83E8D9E6E700BFF3
:10D4B000D031002080310020A031002010B56FF065
:10D4C000020104460F481DF0C1F90E481DF0A3F9F2
:10D4D000C20704D5002200230B480BF0D9FE2046DA
:10D4E0001DF001F960B12046FFF7D4FE40B1037A88
:10D4F000DB0705D5BDE8104000210C301DF08EB9CA
:10D5000010BD00BFD0310020A03100202DE9F04730
:10D51000284B1646826807469A422BD1C568AB8ACB
:10D5200043B34FF000086C1C05F11509B4F807303F
:10D530009BB12246304614F8011C1CF078FBE0B980
:10D54000214614F8010CFEF75DF930B1437B072B3F
:10D5500008BF4FF00108FDF7FDFC0A344C45E5D14A
:10D56000B8F1000F06D1AB69A5F8148013B141469C
:10D57000384698470120BDE8F08706F1700A514609
:10D58000307A1CF033F878B90B4B9D4202D130460B
:10D590001DF05BFA204609491DF051F9002304F8FB
:10D5A000013CA4F80730D8E7514620461DF047F962
:10D5B000D3E700BFC1D501007C0B0020FBDD0400D8
:10D5C0002DE9F8431E46BDF8203081460F46D1F8BC
:10D5D0000C80002B49D1731E012B49D8012E4146E6
:10D5E000157818BF1588FFF7A3FE0446E0B915B9F2
:10D5F0003046BDE8F8834146FFF79AFE044658B925
:10D600001D48036813F0060F03D002211B4A19F0CE
:10D610004AFB6FF01000ECE709F1700101301DF0DA
:10D620000EF999F808302370D8F81C308BB9258191
:10D63000B8F81430AB4203D0414638461DF037F9F4
:10D64000002DD5D10E49601C1DF0F9F825702581FB
:10D65000CEE72A463946484698470028C9DB0138B4
:10D660000128E4D96FF00D00C3E76FF00600C0E7B2
:10D670006FF00C00BDE700BF04100020A0F3040011
:10D68000FBDD04002DE9F0411E46BDF818300746C9
:10D69000012B90463AD83344012B354639DCFFF74D
:10D6A000F9FD044688B9FFF7F5FD044668B91C4842
:10D6B000036813F0060F03D002211A4A19F0F3FA97
:10D6C0006FF010052846BDE8F08196B10023217A5D
:10D6D00098F8002021FA03F0C60703D522FA03F0D8
:10D6E000C00719D50133032BF4D102F0070211430F
:10D6F000217207F17001601C1DF0A1F820463B7AF1
:10D70000002100F80C3B1DF089F8DBE76FF00605FF
:10D71000D8E76FF00C05D5E76FF01205D2E700BF30
:10D7200004100020BAF3040008B500210B481DF0D6
:10D7300075F888B9FFF752FE09490A4821F0A4FBA1
:10D74000002340F239120748FAF73AFCBDE80840D6
:10D750000549064821F098BB08BD00BF704D002068
:10D7600035DA010028310020A5DD0100A0310020BC
:10D7700003462DE9F04148B1008A38B901244FF041
:10D78000140C1149DFF844E0714501D3BDE8F08184
:10D79000D1E90076BB4204D30CFB0672143A9342E3
:10D7A0000ED93444A2B214460831EDE70CFB0578DB
:10D7B000434507D001356219B54292B2F6D1F2E77E
:10D7C0000025F8E71046E1E7F06304000864040070
:10D7D0002DE9F04F89B09946BDF8483004460F4610
:10D7E00090461BB94FF6FF73ADF84830314B1B889C
:10D7F000A34230D2BDF84830ADF81E302E4B1D6824
:10D800007DBB09B0BDE8F08F69685144A14220D2C8
:10D8100089B28A460835294B9D42F5D3EAE7149B25
:10D8200028680493139B2246039312ABCDE901931E
:10D830000BFB06003B46CDF800801DF012F80028D7
:10D84000DFD001366B680AEB0601B34289B2E6D835
:10D85000DFE70026F6E74FF0010A4FF0140B184DF2
:10D86000D9E74FF0140A083D0DF11E0BAE68BEB9A2
:10D870006B689E4219D22868149B0AFB0600018A35
:10D880000493139B2246CDE902B3CDE900893B46C0
:10D890001CF0E7FF0028B4D00136E9E70026E7E7EF
:10D8A00056F8083C1B8AA342F8D8AD68002DA8D0D2
:10D8B000083DDBE73E5A0020744D00200864040058
:10D8C000F0630400002110B5ADF5527D182205A8C3
:10D8D000CDE90011CDE9021127F0FBFD4FF4105303
:10D8E000ADF8103080231022ADF812304FF4806371
:10D8F0002B4C6946CDE906340DEB0200D0AB13F09A
:10D900001BFB034650B127480268510703D0264A43
:10D91000012119F0D1F90DF5527D10BD01464FF4EA
:10D9200045720BA827F0D5FD2246D0990BA823F00D
:10D93000CFFE034628B11B4802685207EBD01B4AB2
:10D94000E6E74FF6FF710120194A0BAB1DF0EFF827
:10D950001022184904AB0BA823F0D1FE0446D0983E
:10D9600013F0A8FA34B10F4803685B07D3D0124A0A
:10D970002346CDE70F4B03F11002197812F8010D81
:10D980000134082C03F8010B1170F6D10B4BD3E8CE
:10D99000EF1F41F00801C3E8E21F002ABBD0F6E701
:10D9A0000002C00304100020E6F304000FF404009A
:10D9B00061A70300183100202DF40400D0310020AD
:10D9C0002DE9F04118490446A1F1300015461E46E4
:10D9D000BDF8187021F077FA14481CF01CFF0107FD
:10D9E00001D4FFF76FFF2046FFF754FC88B1037A9C
:10D9F000DA070ED500F10C0420461CF00CFFC3071B
:10DA000007D4D4E8EF3F43F00203C4E8E23F002A22
:10DA1000F7D110233A46069331462846BDE8F04137
:10DA2000034B1CF068BF00BF58310020D0310020EC
:10DA30001831002008B505481CF0EDFE030703D49B
:10DA4000BDE80840FFF73EBF08BD00BFD031002051
:10DA5000002307B50193FFF78BFE411C89B20846EE
:10DA6000034A01AB1DF063F8019803B05DF804FBB5
:10DA700011AA03002DE9F04387B0437B8046072BB2
:10DA80000C46164602AF40F0B08000233B7342F6CE
:10DA900003032068FB8107F10C011BF04AFC0546DB
:10DAA00000283FD1D4F80490B9F1000F09D15148B2
:10DAB00003685C0700F0998001214F4A19F0F3F8E0
:10DAC00093E001232146009007F10802C847031E96
:10DAD00015DA48480268510700F087806E4688B022
:10DAE00002AAD36104234549C2E9051442F8103F54
:10DAF0004FF401512B46F3F7A5FCB54675E0012B19
:10DB000008D03C48026852076FD001213C4A19F006
:10DB1000D3F86AE03B7A13F0300F66D02046FFF767
:10DB200097FF0446002320683B7342F6021307F177
:10DB30000C01FB811BF0FDFB18B12046FFF788FFAD
:10DB40000446002542F60219206839463D70A7F8C0
:10DB500002901BF0EEFB10BB002320683B7342F6E3
:10DB6000021307F10C01FB811BF0E3FB05460028C3
:10DB70003BD1D4F80490B9F1000F98D00223009063
:10DB80002146404607F10C02C847031EA1DB022BC9
:10DB9000B7D1BB891E4214BF0120002026E042F607
:10DBA00003032068391D3D71FB801BF0C2FB002878
:10DBB000D2D04FF42053206807F108013D727B81D9
:10DBC0001BF0B7FB0028C7D042F60103206807F11D
:10DBD0000C013D73FB811BF0ACFB0028BCD0204640
:10DBE000FFF736FF04460028AED100201437BD46AB
:10DBF000BDE8F0830410002043F4040057F404004F
:10DC00007DF404002DE9F84315468946942269689D
:10DC100006461CF099FF8046002841D1022230467A
:10DC20006968FFF727FF00283DD000211F48AF8A11
:10DC3000FFF784F90237044680B11D211C4B476170
:10DC40003A464174C0F80C80436085613046FFF766
:10DC500043F9074638B92046FFF79EF96FF00B05E8
:10DC60002846BDE8F883012342464146FFF7EAFA19
:10DC7000A98A07F10C0002311AF072FF20F8029B0A
:10DC8000AA8A296927F0FEFB21463046A7601CF0CE
:10DC90000DFD05460028E3D02046FFF77DF9DFE7BC
:10DCA0004FF0FF35DCE76FF01505D9E71C4E0E008D
:10DCB0002BA7030030B504468BB037481CF0ABFDF2
:10DCC00042070D4661D514B1637B072B60D16868AC
:10DCD0000590FFF74DFD2A68ADF818003AB305A985
:10DCE00002912E4900230191012100914FF6FF710D
:10DCF0000593FFF76DFD059B1BB96FF001000BB09D
:10DD000030BD6B60059B04A9186800238DF81030A6
:10DD100042F60303ADF812301BF00BFB70B9059807
:10DD2000C3689B799B0605D46FF01500E7E70028D0
:10DD3000E8D1E2E71CF0B4FEADF81800BDF8180019
:10DD40003CB1012301462A462046AB75FFF75AFF36
:10DD5000D5E76FF07F0307930223ADF8203042F63A
:10DD60000213ADF8123005ABAC7502930C4B4FF6B5
:10DD7000FF710193012304AA0093234609958DF8AE
:10DD80001040FFF725FD0798B9E76FF00A00B6E7E6
:10DD90006FF07F00B3E700BFCC04002059A7030059
:10DDA0002DE0010073B5044650F8083C00F1300541
:10DDB0006FF00101A0F12006284601931CF046FDFA
:10DDC0000F4B002044F81C3C0E4B314644F8183CE5
:10DDD00001AB44F8103C042324F8080C24F8060C8A
:10DDE00024F80C3CFFF766FF38B9D5E8EF3F43F065
:10DDF0000203C5E8E23F002AF7D102B070BD00BFC0
:10DE000054790400BDD401002DE9F84F9046146800
:10DE1000434B826805469A4200AF7DD1D0F80C9002
:10DE200009F1010609F1150AB6F807301BB33246AD
:10DE3000204616F8011C1BF0FAFEE0B14FF4957273
:10DE4000294620461CF080FE034650B3032816D115
:10DE50003448026812F0060F0DD0EB4688B06A46CF
:10DE60003149C2E9051542F8103F00234FF4C4516F
:10DE7000F3F7E8FADD460A365645D5D14CE00528D9
:10DE800020460CBF4FF0030B4FF0020B1BF0C9FEF6
:10DE9000834506D998F804305B45ECD288F804B085
:10DEA000E9E7494628461CF002FD204B994533D14D
:10DEB000207A04F17001FFF71BFA054660B303896D
:10DEC0000BB9438943B32046FDF7B0F92B89184AB3
:10DED000698922F8203002EB800359801823154904
:10DEE000154D03FB001300B202EB80021A610422FD
:10DEF00000EB40005D60114D01EBC00120469D60CC
:10DF00009A82FFF7D7FE38B1064803685B0703D053
:10DF100001210B4A18F0C7FE0120BD46BDE8F88F6D
:10DF2000C1D501000410002096F404007C0B0020F1
:10DF3000225A0020384D00205479040017AA03000B
:10DF4000AAF4040030B504468BB035481CF063FCDD
:10DF500042070D465DD514B1637B072B5CD1686821
:10DF60000590FFF705FC2A68ADF818003AB305A93B
:10DF700002912C4900230191012100914FF6FF717C
:10DF80000593FFF725FC059B1BB96FF001000BB053
:10DF900030BD6B60059B04A9186800238DF8103014
:10DFA00042F60303ADF812301BF0C3F970B90598BF
:10DFB000C3689B79DB0605D46FF01500E7E70028FE
:10DFC000E8D1E2E71CF06CFDADF81800BDF81800D0
:10DFD0002CB101462A4620461CF0F1FDD7E76FF030
:10DFE0007F0342F6021207930123ADF8122005AA1F
:10DFF00002920D4AADF82030CDE900324FF6FF71A4
:10E00000234604AA09958DF81040FFF7E1FB079815
:10E01000BDE76FF00A00BAE76FF07F00B7E700BF17
:10E02000CC04002059A703002DE001002DE9F84F92
:10E030001446444B826881469A4236D1D0F80CA0EF
:10E04000414B9A4519D10026404D414F394628464B
:10E050001CF0D9FB78B90722294615F8010CFDF709
:10E0600029FC38BB236929461A6915F8010C538825
:10E070001288FFF781F90C35D6B10AF101070AF1D0
:10E08000150BB7F80720A3899A420BD1394617F828
:10E09000010CFDF7B7FB054620B1437B072B0CD0E5
:10E0A000FCF758FF0A375F45EBD14FF0010846E017
:10E0B0000126CBE7FCF74EFFDDE7DAF8203023B18D
:10E0C0004946984708B92846EAE79422494628462F
:10E0D0001CF03AFD80460028F5D1A389022B15D10A
:10E0E000B7F8073013F0020604D12846FCF732FFD8
:10E0F000A660D7E728462269A188FFF783FD064678
:10E10000B8B92269937D01339375EEE7012B05D0F1
:10E110002846FCF71FFFC4F80880C3E7B7F80730AC
:10E1200013F00106E1D028462269A1881CF047FDC2
:10E1300006462846FCF70EFF002EA660B2DA4046DF
:10E14000BDE8F88FC1D501007C0B0020275A0020C4
:10E15000FBDD040013B50446009001204FF6FF716B
:10E160006B460E4A8DF804001CF0E1FC20461BF0C3
:10E1700058FD9DF8041088420DD220461BF020FD6A
:10E18000034640B10648026812F0060F03D0022190
:10E19000044A18F091FD02B010BD00BF09DE010075
:10E1A00004100020C7F40400F8B50E4B05461B68A8
:10E1B0000E461746A3B11C6804B1043C53F8043C56
:10E1C0001BB13A463146284698474CB1234664680D
:10E1D0001B681CB1043C002BF3D1F7E7002BF0D1F6
:10E1E000F8BD00BF7C4D002037B5012504464FF631
:10E1F000FF7100906B462846084A8DF804501CF0C9
:10E2000096FC002120461CF011FD20B94FF6FF714D
:10E210002846FFF729F903B030BD00BF09DE010031
:10E2200070B5044603464FF6FF7101200D4A1CF0FD
:10E230007EFC2046FFF72EF8054688B104F17006F3
:10E240003146207A1BF0D2F920B92846BDE870404B
:10E25000FFF7F6B83146681CBDE870401CF0EFBA15
:10E2600070BD00BF0DD5010008B5054B014618462D
:10E270001CF01CFD043B002814BF1846002008BDFC
:10E28000DC310020084B00F5B8701A68074BD0E865
:10E29000EF1F994204D1C0E8EC2FBCF1000FF6D17A
:10E2A000D0E8AF0F704700BF7C4C0020D831002071
:10E2B00008B5FFF7E7FF0346C8B1D0E9001221B95E
:10E2C000002A0CBF0320022010E032B1836813B98A
:10E2D000094B1B7833B9042008E00749087828B1B6
:10E2E0009B6833B9003A18BF0122500008BD0320D3
:10E2F000FCE70120FAE700BFA85B002008B505484D
:10E3000003685B0703D00121034A1CF0CDFC002009
:10E3100008BD00BF24100020FBF404000023024AC3
:10E3200000F5A0700AF0B4BF1C4E0E00044803684C
:10E3300013F0060F03D00221024A1CF0B5BC70474F
:10E340002410002016F5040038B5002304461A46B0
:10E35000EC300D46FDF71CFC70B1693007D109485F
:10E3600003685B0703D00121074A1CF09DFC284687
:10E37000BDE83840F7F7EAB82046BDE83840FFF777
:10E38000CDBF00BF2410002026F1040038B504469C
:10E39000051D082128461CF0D9FC0A4904F1570044
:10E3A000FCF7A6FB60B1284608211CF0B5FC064826
:10E3B00003685B0703D00121044A1CF075FC0820A8
:10E3C00038BD00BFFBAF0300241000202FF5040070
:10E3D00038B50546EC22002127F07BF8102105F125
:10E3E000270005F039FE044648B9052128461CF0EF
:10E3F000ADFCFCF76FFB034B1860204638BD0824CA
:10E40000FBE700BF844D002070B5051D0E46284671
:10E4100004211CF04BFC68B10022002100230846B7
:10E42000FDF79CFB044638B9042128461CF08EFCFD
:10E43000204670BD034AF0E701210C301AF090FB32
:10E440000670F5E71C4E0E0070B504460E4686B009
:10E45000FFF718FF04F137021146F368054603F190
:10E46000100053F8046B834241F8046BF9D1237A0E
:10E47000052B00F29980DFE803F017232303976E42
:10E4800002AB4F490093096804F1270304F15700D8
:10E4900001F0EEFA50BB0A21201D1CF057FCAB68BE
:10E4A0000299D4F8EC00984720460D211CF04EFC50
:10E4B000201D10211CF04AFC20461CF057FC24E0D3
:10E4C00094F8DC10D4F8D83002ADCB403C4903F0CE
:10E4D00001030095096843F0800304F157001CF024
:10E4E00040FE50B1374803685C0701D108200CE0BA
:10E4F0000121354A1CF0D8FBF8E71022294604F127
:10E50000170026F0EEFF10B1042006B070BD032105
:10E5100020461CF01BFC1CF029FC0028F5D194F8C7
:10E52000DC300133DBB2142B84F8DC3009D10D214F
:10E5300020461CF00BFC1021201D1CF007FC0020C5
:10E54000E3E7102104F1270005F086FD003818BF2D
:10E550000120C000D9E7102104F1270005F07CFD5F
:10E560000028C3D14DB3EB683BB3184BE27A1B884C
:10E57000D107ADF80830A37C03F0010312D4002BBF
:10E5800014BF012303238DF809300023201DC4E9A3
:10E5900038330C211CF0DAFBEB68D4F8EC0002A94C
:10E5A0009847CCE75B00EEE70648026852079DD02B
:10E5B0000121074A1CF0BBFB98E70220A5E700BF3A
:10E5C000844D00202410002048F50400E46B040072
:10E5D00061F504002DE9F047044690B00CAD10221F
:10E5E0000021284626F075FF237A052B37D8DFE86F
:10E5F00003F0060303063626D4F8D8300C93D4F87B
:10E60000EC3004F1470204F1C707CDE9017204F1CF
:10E61000370803F17E0204F12709009241464A4679
:10E62000773304F1970001F0BBF920B34C4803683D
:10E6300059071CD04B4A01211CF036FB17E0D4F8D7
:10E64000E430002BDBD02E4603F110073246186869
:10E650005968083303C2BB421646F7D1CFE740489A
:10E660000268540703D001213F4A1CF060FB0820D8
:10E6700010B0BDE8F087D4F8EC3008AE03F17702B3
:10E680007E33019304F111030292009342462B461C
:10E690004946384603961CF089FD28B13048036886
:10E6A0005A07E4D0314AC6E7237A052B0ED1D4F8B5
:10E6B000E01031B30B46AC4601F1100E624618680B
:10E6C0005968083303C273459446F7D1D4F8EC3047
:10E6D0000DF1100A03F17E027733019304F10A036E
:10E6E000029200934A462B4641463846CDF80CA08C
:10E6F0001CF05CFD50B11A4803685B07B7D01C4A98
:10E7000099E71022284626F0E4FEDFE71022514662
:10E7100004F1B70026F0E5FEF8B90D212046FFF719
:10E7200073FE07460028A2D010210C301AF018FA08
:10E7300032460346164603CEAE4218605960324652
:10E7400003F10803F6D139462046FFF7FDFD201DF1
:10E7500001211CF0FBFA00208AE70B2088E700BFAC
:10E76000241000207DF5040061F5040092F50400FA
:10E77000B5F5040073B5047A0546022C23D844B1DC
:10E7800090F8DC30D0F8D840DC4004F0010444F0CC
:10E79000800403212846FFF737FE0646F0B110211A
:10E7A0000C301AF0DDF9009014482346006805F19A
:10E7B000270205F157011CF0D4FC044698B13046FD
:10E7C000F6F7C4FE0AE0032C0BD00D4803685B0784
:10E7D00004D0234601210B4A1CF0A9FA082002B0FC
:10E7E00070BD0024D5E731462846FFF7ADFD281D52
:10E7F00021461CF091FA2046F1E700BF844D00202D
:10E800002410002061F5040070B5061DCD68044693
:10E810000B2130461CF080FA2B4604F1170205F15B
:10E82000100153F8040B8B4242F8040BF9D1237A00
:10E83000012B09D0022B13D1204604211CF086FAAB
:10E84000BDE87040FFF796BF0A2130461CF02EFA53
:10E850000028F1D0304600211CF078FA002070BD6D
:10E8600005480268520701D10820F8E70121034A50
:10E870001CF05DFAF8E700BF2410002061F50400E9
:10E88000F7B50446FFF7FEFC251D06460E21284677
:10E890001CF00CFA90B9524B2022196804F1570071
:10E8A00026F01FFE50B94F48036813F0060F03D03F
:10E8B00002214D4A1CF0F8F9082033E00C212046D3
:10E8C000FFF7A2FD07460028F6D040210C301AF0D1
:10E8D00047F9434B02461B68014603F1200053F8F9
:10E8E00004CB834241F804CBF9D1203203F120015B
:10E8F00053F8040B8B4242F8040BF9D139462046F9
:10E90000FFF722FD237A052B5DD8DFE803F0033CF7
:10E910000D035C59042120461CF018FAFFF72AFF6A
:10E9200000283FD003B0F0BD2046D4F8EC70FFF7CC
:10E93000A9FC04214FF0FF3306460DEB01000193C3
:10E9400005F08AFB0028B7D1019B284A84F8DC0037
:10E95000B3FBF2F102FB11330193C4F8D83056B186
:10E96000336843B10B2128461CF0F0F93846336870
:10E97000D4F8D8109847032120461CF0E7F90E215F
:10E980001CF0E4F90EE0204603211CF0DFF90E2113
:10E990001CF0DCF928460A211CF0D8F97368D4F879
:10E9A000EC009847284607211CF0D0F90820FFF713
:10E9B0005BFC90B9204603B0BDE8F040FFF7E6BC31
:10E9C00004212046DCE70748026852073FF474AF91
:10E9D0000121074A1CF0ABF96EE70020A2E700BF57
:10E9E000844D002024100020D9F5040040420F007F
:10E9F00061F5040070B504460E4604F15705FFF7B3
:10EA000041FC2A46F36803F1200153F8040B8B42C2
:10EA100042F8040BF9D104F1770203F1200153F815
:10EA2000040B8B4242F8040BF9D12846FBF792FF06
:10EA300028B32148036803F00703022B03D90321FD
:10EA40001E4A1CF031F90E21201D1CF07FF9D4F86C
:10EA5000EC50D5F8A43033B9287A05F1700100F0F4
:10EA6000FDFEC5F8A400D5F8A430BBB1DA8902F0E8
:10EA700024029AB15B7B9B0710D4032070BD28460B
:10EA8000FBF774FF50B90C48036813F0060F03D06E
:10EA900002210B4A1CF008F90B20EFE7094B1D6817
:10EAA0002DB9201D06211CF051F92846E6E7204625
:10EAB000BDE87040FFF7E4BE24100020F4F5040028
:10EAC00015F60400844D002038B504460D49A0F128
:10EAD000EC05543020F0D8F928461CF0AAF90A4A6F
:10EAE00004F18403D3E8EF1FC3E8E02F0028F9D135
:10EAF0004FF0FF338834D4E8EF2FC4E8E13F00291A
:10EB0000F9D138BD99F60100D831002098B50346F7
:10EB10000B4800AF026852070ED06C4688B06A46B8
:10EB20000849C2E90513032342F8103F00234FF4BC
:10EB3000C251F2F787FCA5466FF00B00BD4698BDA9
:10EB40002410002031F60400054BD3F8EC200AB164
:10EB5000FFF7DCBF0348EC33586010460B6070478A
:10EB6000D8310020587A04002DE9F0410B460646C2
:10EB700000AF0D2104301CF099F898B3DD68D6F889
:10EB8000EC30022003F170084246197A1CF0AFFA0B
:10EB90000446E8B9164D2B685B0715D04046F9F7D7
:10EBA000B3F96E4688B06A46124BC2E905304FF49D
:10EBB00000739383104B42F8103F4FF4E251234609
:10EBC0002846F2F73FFCB5460820BD46BDE8F08177
:10EBD0002B462A3405F1100253F8041B934244F8E3
:10EBE000041BF9D1304609211CF0B0F80020ECE7F5
:10EBF0002410002056F604000300000138B5134B22
:10EC000005461B78E3B101F00F042846FFF750FBDF
:10EC10000F4B03281B780CBF04F00B0444F00404D2
:10EC200005F5BA70D0E8EF2F013203D1C0E8E13F1B
:10EC30000029F7D1D0E8AF3F2BB144F0010038BD37
:10EC400001F00704E1E704F0FE00F8E7A85B00200C
:10EC5000790F0020F8B50D460446D0F8EC60FFF7B8
:10EC600011FBEF68FB78102B01D00620F8BDD6F819
:10EC7000A4305BB1251D0F2128461CF017F880B980
:10EC80002046FFF7A5FB60B1C0B2EFE7307A06F18E
:10EC9000700100F0E3FDC6F8A4000028EAD10820C6
:10ECA000E4E7012363723B682046C4F80A30BB885E
:10ECB000E38102232374B978FFF7A0FFE0742046B4
:10ECC000FFF7F6FA1023607423753B7903F0030312
:10ECD00063757B7903F00103A375E37C1A070CD5F8
:10ECE000BB781B0709D5052128461CF02FF8637D4A
:10ECF00003F0020363750023A375052128461BF06A
:10ED0000D5FF002843D04C4B1B78A374E37C9806B6
:10ED100006D5BB78990603D5142128461CF016F8B1
:10ED2000E37CDA0735D5BB78DB0732D50D212846E1
:10ED30001CF00CF8A37D032184F8E830637D28469D
:10ED400084F8E9301CF002F8237BE17C3F7803EA89
:10ED50000102100704D5E27AA07C0243D2071CD43A
:10ED6000042F1CD80B4313F0040307D02046FFF7F1
:10ED70009FFA324B07EB87073B441B5C237220460C
:10ED8000D6F8A4101BF098FF58B903206EE72C4B5F
:10ED9000BAE700236375A375CCE70523EEE70023EC
:10EDA000ECE7D4F8EC309B7A032B36D024D8013B27
:10EDB000012B3FF674AF052128461BF077FF002892
:10EDC000E3D00C2120461BF0C1FF0221FFF71CFB02
:10EDD000054600283FF463AF06210C3019F0C0FE51
:10EDE000D4F8113029460360B4F8153083802046EA
:10EDF000FFF7AAFA002039E7042B7FF450AF237DF8
:10EE0000627B934228BF1346102B7FF42EAF05215F
:10EE100028461BF04BFF0028B7D0237A002BB4D034
:10EE2000052128461BF042FF0028C4D1237A013B6C
:10EE3000012BC0D8A9E700BFAA5B00206AF8040034
:10EE4000A95B00202DE9F041C6780446012E04D0CC
:10EE50006FF015042046BDE8F0811BF06AFF0546FF
:10EE6000002800F0AB80071D042138461BF01EFF70
:10EE7000002840F0A680032138461BF017FF10B190
:10EE80006FF00F04E6E7314638461BF00FFF00280D
:10EE9000F6D12846FFF7F6F9D5F8EC3006469B7A0E
:10EEA000032B42D032D8013B012B48D90F21201D22
:10EEB0001BF0FCFE0028CBD1D4F8A43083B904F1B8
:10EEC000700632462020217A00F0FCFCC4F8A40031
:10EED00030B932460420217A00F0F4FCC4F8A400D2
:10EEE000D4F8A430002BB3D0DA8912F0240FAFD0BD
:10EEF000A17A022923D9587BC007A9D503291ED09E
:10EF00009206A5D51B7B102BA2D118E0042BCDD1E6
:10EF10002846FFF7CDF9032804D1002EC6D0F368A8
:10EF2000002BC3D0284B1B7807E02846FFF7C0F919
:10EF3000032804D1002EB9D0F368002BB6D0D4F842
:10EF4000A4303BB12846FFF743FA044670B16FF096
:10EF500068047FE7207A04F1700100F07FFCC4F8B8
:10EF6000A4000028EED16FF00B0473E70B212846B4
:10EF7000FFF74AFA06460028E9D001210C3019F0C3
:10EF8000EFFD092180462846FFF738FE234622463A
:10EF900088F80000314605F1EC00FCF7F9FD044665
:10EFA00018B13046F6F7D2FA54E738460F211BF075
:10EFB000CDFE012128461BF0C9FE4BE76FF07F0410
:10EFC00048E76FF0040445E7A85B0020F8B5D0F8E7
:10EFD000EC400646D4F8A430051D002B38D141483A
:10EFE000036813F0060F2ED107213F4B5F5CD4F866
:10EFF000A4304BB11B7B002B5CD1D4F8A4001CF0D7
:10F000008AF80023C4F8A430022128461BF04EFEE3
:10F0100048B9072F94BF354B1F213A46204698BF69
:10F02000D95DFCF79BFB032128461BF03FFE60B334
:10F030002F4B1B684BB31D6805B10C3D53F8083CC2
:10F04000002B40D142E002212A4A1BF02DFECBE7E3
:10F0500051BB0D2128461BF029FE254B07461B6896
:10F060009BB11D6805B10C3D53F80C3C13B13946FA
:10F07000204698474DB12B46ED681B681DB10C3DED
:10F08000002BF4D1F7E7002BF1D130461BF0D1FE75
:10F09000637B072B24D1627AA37A9A4220D0204640
:10F0A000BDE8F840FFF7CEBE0139C9B20E299CD9A0
:10F0B00009279CE7022128461BF0F8FD00289CD177
:10F0C000A2E70C3D23B1394620469847002DDCD0FD
:10F0D0002B46ED685B68002DF3D1002BF3D1D4E70C
:10F0E000F8BD00BF241000205BF804004AF80400BB
:10F0F000744C002070F60400F8B5031D06460F4658
:10F10000184602211BF0D2FD044620B1B6F8E840B3
:10F11000B4FA84F46409032118461BF0C7FDA0B1BA
:10F1200039463046FFF752FFE4B11C48036813F03C
:10F13000060F03D002211A4A1BF0B6FD0521D6F8AE
:10F14000EC001AF006FD0020F8BD012118461BF066
:10F15000ADFD0028E4D10F2118461BF0A7FD0028C3
:10F16000DED1E1E705213046FFF74EF9054688B1CB
:10F1700001210C3019F0F4FC234607702246294681
:10F1800006F1EC00FCF704FD0028DCD02846F6F779
:10F19000DDF9D8E76FF06800D6E700BF2410002043
:10F1A0009AF60400124B10B5044618604FF0FF3277
:10F1B0004FF0FF330F4809F0BBFC0F480AF06EF820
:10F1C0000C4809F02DFD1CB9BDE81040FFF7AEB8A2
:10F1D0000A4B1C1FD3E8AF3F5B0607D52046FFF75D
:10F1E0004FFB014610B12046FFF786FF10BD00BF60
:10F1F000844D0020B80B0020CC0B0020DC31002017
:10F200002DE9F3410B8A04460E465BB93948036881
:10F210005C0703D00121384A1BF046FD002002B0F4
:10F22000BDE8F081012106F10C0019F0C9FCA4F140
:10F23000EC05E83C0746042120461BF037FD50B1A1
:10F240002C48036813F0060FE8D03B782B4A0221C4
:10F250001BF06DFDE2E73B780E2B06D925480268CE
:10F2600012F0060FDAD0264AF1E7DFF8988058F856
:10F2700033206AB91F48026812F0060F03D002213A
:10F28000214A1BF054FD07212846FFF735FFC5E74B
:10F29000194628461BF0BBFD88B91648036813F0D1
:10F2A000060F04D002213B78184A1BF040FD0321D1
:10F2B00020461BF0FBFC0028B0D00821E4E73A7898
:10F2C000338A08EBC201097999420AD009480168DA
:10F2D000490704D0012100920D4A17F0F7FC0A21DA
:10F2E000D2E73146284658F8323098470146002880
:10F2F00094D0C9E724100020F2F604000DF70400B2
:10F300003EF70400807A040060F704007AF70400F6
:10F31000D9F104002DE9F04385B090F8E930D1F837
:10F320000C8023F0020380F8E93098F8003005469D
:10F33000D0F8EC6000AF002B3DD098F8063003F019
:10F34000C003C02B37D0684C236858072ED04046E6
:10F35000F8F7DAFD6D4688B06A464FF40079634BE2
:10F36000DFF88C81C2E90530A2F81C9042F8108FBA
:10F3700000234FF4E2512046F2F764F82368AD46CB
:10F38000590713D006F17000F8F7BEFD88B06A4641
:10F39000584BA2F81C90C2E9053042F8108F0023A8
:10F3A0004FF4E2512046F2F74DF8AD460A201437EB
:10F3B000BD46BDE8F08306F1700907224146484684
:10F3C00026F08FF868B14146307A00F0D7FA04464B
:10F3D00038B1014628461BF06FFC48B320461BF0AD
:10F3E0009AFE0D21281D1BF061FC00286AD04A46B8
:10F3F0000220317A1BF07BFE0446D8B93A4D2B68C7
:10F400005A0715D04846F8F77FFD6E4688B06A4621
:10F41000394BC2E905304FF400739383344B42F803
:10F42000103F4FF4E25123462846F2F70BF8B54659
:10F430000820BCE7F378002B3ED106F17E03187854
:10F44000012829D19A7902F0C002402A24D1D3F8A8
:10F450000120C4F83A20B3F80530E38796F87030FD
:10F46000D3B196F8763003F0C003C02B14D02349F3
:10F470003A1DC7E90198FC60FBF786FED8F800301A
:10F480003046C4F80130B8F80430A4F8053098F8D4
:10F490000630E371FCF732F900212046FAF762FCEE
:10F4A00068B11148036813F0060F03D00221144A13
:10F4B0001BF0FAFB03207AE706F17703BFE720464B
:10F4C000FAF762FC95F8E9305B0703D50A21284674
:10F4D0001BF03CFCB5F8E81009B1002067E72846AE
:10F4E000FFF774FDF9E700BF2410002095F7040032
:10F4F0000300000113F8040056F6040069AE03008F
:10F50000A9F704002DE9F0410E460446D0F8EC803E
:10F51000FEF7B8FE05461248F66803685B0704D09C
:10F52000012133780F4A1BF002FC271D0A213846BF
:10F530001BF06DFC38B16DB920463178FFF746FD00
:10F540000020BDE8F0810B2138461BF060FC00284C
:10F55000F1D1F1E72B69002BEED040469847EBE75D
:10F5600024100020E4F704002DE9F8430546A0F13B
:10F57000E8060446884600AF0121304655F8EC996C
:10F580001BF045FC38B3B8F1000F19D00321304609
:10F590001BF08CFBF8B14046F9F740FB0138C0B2D4
:10F5A00008288CBF0024384B4FF0020198BF1C5C28
:10F5B00030461BF0CBFB21462846FFF707FD0AE04B
:10F5C00099F80B303BB1032130461BF06FFB28B993
:10F5D00028461BF02EFCBD46BDE8F88305213046C9
:10F5E0001BF064FBB8B114F8043C1A0707D514F8F3
:10F5F000033C1B0703D5112130461BF0A7FB14F871
:10F60000043C23F0080304F8043C14F8033C23F002
:10F61000080304F8033C14F8033CD80710D506216E
:10F6200028461BF093FB304602211BF08FFB20681D
:10F63000D0F8A46066B134F8041C0029CBD1BBE734
:10F64000990701D50821EBE75A07ECD50A21E7E72E
:10F650000E4C23685B07BED07030F8F755FC6D4642
:10F6600088B06A460A4BC2E905304FF400739383B1
:10F67000084B42F8103F4FF4E25133462046F1F771
:10F68000E1FEAD46A7E700BF52F8040024100020B9
:10F6900006F804000300000137B5A0F5A075A0F539
:10F6A0009E740C4803685B0708D0D4E8AF3FD5E8E8
:10F6B000AF2F01210092084A17F008FB28460821C5
:10F6C000FFF784FC0421204603B0BDE830401BF066
:10F6D0003DBB00BF241000201BF804002DE9F843B7
:10F6E00000AF04461BF025FB054690B3061D032121
:10F6F00030461BF0DBFA60B3D4F8A40008B11BF06D
:10F700000AFD04F170094946207A00F0A7F8804606
:10F71000C4F8A40000BB434C23685B0715D04846DF
:10F72000F8F7F2FB6E4688B06A463F4BC2E90530F7
:10F730004FF4007393833D4B42F8103F4FF4E25176
:10F7400043462046F1F77EFEB54608212846FFF7DE
:10F75000D3FCBD46BDE8F8830E2130461BF0A6FA67
:10F7600028B1D4F8A420537B43F0020353732B7ABF
:10F77000032B11D823B1052130461BF097FAA0B90D
:10F78000D4F8A420537B23F020035373D4F8A4208F
:10F79000537B23F001030DE0053B012BF0D8D4F897
:10F7A000A420537B43F020035373D4F8A420537B4D
:10F7B00043F0010353732B7D697BD4F8A4208B4263
:10F7C00028BF0B463046137305211BF06FFAD4F89F
:10F7D000A4305A7B10B342F010020D2130465A7308
:10F7E0001BF064FA0028B4D02021D4F8A4001BF048
:10F7F0008EFCD4F8A43005F147021A33573552F87D
:10F80000041BAA4243F8041BF9D10023D4F8A42016
:10F8100013615361D4F8A42013839AE722F01002F5
:10F820005A7396E72410002056F6040003000001E6
:10F83000012208B5034B04481A70FBF7DFF80020DB
:10F8400008BD00BFA85B0020D40B0020402200218F
:10F85000014825F03EBE00BF884D002070B50F4C1A
:10F86000064614F8013B0D46834204D10722204688
:10F8700025F037FE68B1072209490A4825F031FE14
:10F8800048B904F8016C2B682360AB88A380AB797E
:10F89000A371024870BD0020FCE700BF884D002026
:10F8A000FBDD0400894D002010B40B461146044ACC
:10F8B000D489044202D0104610BC184710BC7047CF
:10F8C000884D0020F8B50C4C07462046E3890D46CC
:10F8D0003B4011464FF0000610F8012B07D095422F
:10F8E00003D1072225F0FDFD18B1304600E018468F
:10F8F000F8BD2046FCE700BF884D0020F8B50B7826
:10F900000646012B0C4601D00020F8BD8B7903F090
:10F91000C003402BF8D1164D00232946EF8911F87A
:10F920003A2BBF0704F1010006D5B24204D10622EA
:10F9300025F0D7FDD0B10023EA89297802F0020230
:10F94000002BE1D1002ADFD0B142DDD1671C39465E
:10F95000084819F0DBFC01230028EDD0D4F8013071
:10F96000C5F83A30B4F80520034B9A800048CCE73C
:10F97000884D0020B24D0020C24D002010B5074C2C
:10F980002378834208D10722601C25F0AAFD0028B5
:10F990000CBF2046002010BD0020FCE7884D002051
:10F9A0002DE9F0479AB01646DDE923970CAA844664
:10F9B0008A4690461D462C4B03F1300E14461868BB
:10F9C0005968083303C473452246F7D118681B7978
:10F9D000614620602371202204A81BF0AAFB6B461D
:10F9E0002022224804A900F071F80446C0BB10226E
:10F9F00051460DF135001BF09CFB102231460DF1F4
:10FA000045001BF096FB294611F8013B06220DF13B
:10FA100056008DF855301BF08CFB2299062211F808
:10FA2000013B0DF15D008DF85C301BF082FB4B4615
:10FA300035224146684600F049F8044680B94846F8
:10FA40001BF081FB012335228DF8303041463B46C7
:10FA5000684600F03BF8044610B938461BF073FBCB
:10FA600020461AB0BDE8F087E66B040092F8040067
:10FA700070B50E461D46144698B00146202204A8D3
:10FA80001BF057FB202231460CA81BF052FB102222
:10FA9000294614A81BF04DFB1022214668461BF096
:10FAA00048FB6B465022184604A900F00FF840B9F5
:10FAB000039B054A1BBAB3FBF2F102FB11331C9AFC
:10FAC000136018B070BD00BF40420F002DE9F04137
:10FAD0008EB007460C4615460021182208A81E467F
:10FAE00025F0F7FC4FF41053ADF81C308023ADF82F
:10FAF0001E304FF44063DFF860801022CDE90938F2
:10FB0000394605AB07A811F017FA034660B1134850
:10FB10000268520703D0124A012117F0CDF86FF0A6
:10FB200004000EB0BDE8F08106AB0293102322461C
:10FB30004146CDE9006305982B4621F017FE0446A7
:10FB4000059811F0B7F92043EBD0044803685B0730
:10FB5000E5D0044A2346DFE70002C003F80F002087
:10FB6000ACF80400C8F80400142810B50CD8084AF2
:10FB70000C6812F8103002EB400263435278002008
:10FB800093FBF2F30B6010BD6FF01500FBE700BFB5
:10FB9000EDF8040098B503460D4800AF026852071F
:10FBA00012D06C4688B01B686A460A49C2E9051340
:10FBB0004FF400739383084B42F8103F00234FF437
:10FBC000E251F1F73FFCA5466FF00400BD4698BD39
:10FBD000E40F002017F9040003000001002210B513
:10FBE0000F4904460F481FF053FB002005F0A6FB09
:10FBF000024620B12046BDE81040FFF7CBBF0121EF
:10FC0000D520F4F7D7FF0848C36813B904301BF0B8
:10FC10003DFB2046BDE81040044917F0EDB800BF99
:10FC20008DFC0100D80500206805002089B2030082
:10FC30006FF00403024843631C301BF027BB00BF76
:10FC40006805002008B50D4B93F84A3023B1BDE894
:10FC500008400B4805F03ABD05F082FC034658B158
:10FC600008480268520703D00121074A17F024F818
:10FC7000BDE80840FFF7DCBF08BD00BF68050020F5
:10FC8000B1FC0100E40F002037F90400074BD3E872
:10FC9000EF2F511CC3E8E01F0028F8D10AB9FFF785
:10FCA000D1BF6FF00F025A63704700BF6805002094
:10FCB000F8B50378002B40F0A2805D4CE36B94F81C
:10FCC000607025461F420BD100225A4BC3F8002515
:10FCD000A36B002B3FD15848BDE8F8401BF0D6BAC3
:10FCE000018994F8A800A26E94F86160A0B901217E
:10FCF000DBB20B420BD00F4208D016EA010CB2F96E
:10FD0000000023D000EBD070401010800232490078
:10FD100089B2B942EDD9D7E7334015D002EB4101A2
:10FD20008A42D1D0B2F9003003EBD3735B1022F8D2
:10FD3000023BF5E732F91360002EB8BF22F813003A
:10FD400001338B42F6DBBFE71846FAE70028B8BF5D
:10FD5000A2F800C0DAE7236DB4F85C2033B137496C
:10FD600037489847012829D002283BD0B4F85C30A6
:10FD7000B4F858209A4235D90133A4F85C3094F88D
:10FD8000A830FBB9A36E94F8622003EB4203A3668C
:10FD900094F86210A06E05F0A1FB034690B12948CB
:10FDA0000268510703D00121274A16F085FF6FF042
:10FDB0000403214863631BF069FA03E094F8A83058
:10FDC000002BE5D0E36C1BB9BDE8F840FFF73ABF64
:10FDD000D5E8EF3F5A1EC5E8E12F0029F8D1012BE5
:10FDE000F2DCF8BDE36C002B3FF475AF94F8A8305B
:10FDF000002B7FF470AF15481FF056FA6BE7022B0B
:10FE000012D105F0ADFB03460028EAD00D48026888
:10FE1000520703D001210E4A16F04EFF6FF0040383
:10FE2000034843631C3057E7052BDAD153E700BF83
:10FE30006805002000500D5084050020A00500201A
:10FE4000FC590400E40F002051F90400D8050020FB
:10FE500037F90400002330B587B00593CDE90333AB
:10FE60004B790C468DF814300B7913F020001AD022
:10FE70008A797F2A08BFFF228DF81520C3F3040278
:10FE800003F01F03072B8DF816200ED94F48026888
:10FE9000550703D001214E4A16F00EFF6FF01505ED
:10FEA000284607B030BDFF22E6E72278023A082A4A
:10FEB0003BD8DFE802F0052E303234363A380800FD
:10FEC00007228DF80C206278042A04D0052A35D147
:10FED00001228DF80D206288002A35D0C2F30D0171
:10FEE000920B012A14BF01224FF47A7211FB02F126
:10FEF0007D2289B2B1FBF2F2013A92B2B2F5A07F53
:10FF000001D27C2921D8314803685A07C6D0314A2A
:10FF100010E00622D5E70522D3E70422D1E7032229
:10FF2000CFE70222CDE70122CBE7284803685C0730
:10FF3000B4D0294A012116F0B6FEAFE72348036882
:10FF40005907ABD0254AF5E74F220121ADF80E2025
:10FF5000234A01FA03F392F86050DBB250B3A07960
:10FF60007F280DD12B4382F86030237903F01F03E3
:10FF700001FA03F392F861100B4382F8613005E057
:10FF800025EA03058DF8101082F8605003A81CF0D4
:10FF900020FF0546002883D00C4803685B073FF428
:10FFA0007FAF237903F01F0301210E4A009516F05D
:10FFB0008DFE75E72B4382F86030237903F01F0331
:10FFC000994092F8613023EA0103D6E7E40F00205C
:10FFD0006AF90400C4F9040081F90400A0F90400DE
:10FFE00068050020EFF904002DE9FF410F464FF0AE
:10FFF000FF334FF0FF328C4808F0CEFE7E68731E50
:020000022000DC
:10000000FE2B08D9894803685C0718D0884A01216B
:1000100016F049FE13E00024254626FA04F3D8071B
:1000200018D505F0D1F9E040C10711D47F48036825
:100030005A0704D023467F4A012116F03DFE6FF097
:10004000150479481BF022F9204604B0BDE8F08180
:100050000135EDB20134082CDFD12DB973480368A6
:100060005B07ECD0744AD2E73B7CA3F10802062A76
:1000700013D8DFE802F018121A120412100002213D
:10008000012D7A7C13D0002A56D0684803685E0799
:10009000D5D06A4ABBE70321F2E7644802685707F4
:1000A000CDD0674AC8E70021EAE70121E8E7082A3E
:1000B00006D8DFE802F00C0C0C0C0C0C0C0C0C003D
:1000C0005A4803685D07BAD013465E4AB4E73B68F6
:1000D000002B31D05C687CBB186801387F282BD896
:1000E0008DF808208DF809401B68574A1B01013B19
:1000F000ADF80A300123304682F8A8308DF80C3074
:1001000002AA524B05F096F90446002899D13B68A3
:100110006A0013B19B8903FB0222FB68934214D24D
:10012000424801684C0704D001210092484A16F069
:10013000CDFD6FF00B0484E70020434B83F8A8004B
:100140003046424B05F046F9DEE73F4E86F86250F6
:10015000B86896F8A830B046B06693B13B689D8900
:100160000135A9B205F0BAF9044660B12F48036819
:1001700059073FF466AF01212346364A16F09CFD2D
:100180005FE72946EEE7BC46334DBCE80F000FC5DC
:10019000DCF8003074632B603B68002B41D00FCB40
:1001A0002F1D87E80F00F36CB763A6F85C40002BA7
:1001B00037D0D8E8EF3FC8E8E24F002AF9D196F8E7
:1001C000A820D2B9F36C1F3342F100025B0943EA65
:1001D000C2635209CDE9003205F128000022002354
:1001E0000AF03AF84FF0FF324FF0FF331B4808F0A7
:1001F000D3FD00B17063746B23E705F0B1F90346DA
:100200000028EFD009480268520703D00121144AA0
:1002100016F052FD6FF00403104873631BF036F8BC
:10022000E0E7FFF70FFDDDE76C050020E40F00209D
:100230000FFA04002DFA040047FA040082FA0400C1
:100240005DFA0400B4FA040068050020B1FC010066
:10025000D7FA040051F90400A0050020840500200D
:1002600037F904000122024BC3F80424704700BF91
:10027000002008E0084B70B5C31A0D4607499B10D3
:1002800004465943402206481BF00BF82B46014612
:100290002046BDE870401847DC4D0020B76DDBB646
:1002A0001C580400402373B50B4C0093041B0B46F1
:1002B0000D460A49A41061430646094A09481BF045
:1002C0001BF8011E05DA30462B4602B0BDE870402F
:1002D000184702B070BD00BFDC4D0020B76DDBB623
:1002E00061B303001C580400F8B500220121054643
:1002F00040F20510F4F75EFC0F4803F075FF04466A
:10030000B8B91CF0FDF92F690C49384616F0C2FA4D
:10031000031E09DB01263E642D69084905F11C0016
:1003200016F0B8FA031E02DA1C462046F8BDEE6449
:10033000FBE76FF00404F8E781B30300087B0400D7
:100340007FB500220123CDE9022304ABCDE90433BC
:10035000094A6B46CDF800D0CDF804D01AF0F9FF69
:10036000002805DB43F609520023684608F014FD17
:1003700007B05DF804FB00BF73B3030010B5EFF3E3
:100380001184402383F31288BFF36F8F074A1368E9
:1003900023F00201DB07116002D401201CF0AAF94E
:1003A00084F31188BFF36F8F10BD00BF2C4E002067
:1003B0000C22104B014602FB0033002030B4D3E97D
:1003C0000E529863EFF31180402484F31288BFF338
:1003D0006F8F1C6C04F0C00444F002041C6480F3B2
:1003E0001188BFF36F8F1DB12B4630BC02481847F0
:1003F00030BC7047DC4D00201C58040010B4EFF3F3
:100400001182402383F31288BFF36F8F164801686F
:1004100041F002040460C80707D482F31188BFF3D7
:100420006F8F012010BC03F0CFBE1049D1F80C141F
:10043000C903F2D5EFF3118083F31288BFF36F8FF6
:100440000B490B6C03F0C00343F002030B6480F311
:100450001188BFF36F8F82F31188BFF36F8F002075
:1004600010BCFFF7A5BF00BF2C4E002000E01050CD
:10047000DC4D0020C3B21C20014A03FB0020704762
:10048000DC4D00202DE9F041012207463449D1E836
:10049000EF3FC1E8E02F0028F9D133B931493248A4
:1004A0004B60CB608A6016F008FA7B1E012B28D8BF
:1004B000012F06D12D4BD3F8503403F00303012B49
:1004C0001FD01EF03DFD0546E8B9294B1B78D3B17E
:1004D00004220646254BC3F80823244CDFF89480F9
:1004E000D4F84C24D4F84C34D20315D503F00303CC
:1004F000012B01D0012F0FD165B386F31188BFF313
:100500006F8FBDE8F081EFF31186402383F31288EB
:10051000BFF36F8F0125E0E7BDB1304618F03CF91D
:10052000D4F8403413F0FF03DAD1D4F80821002ABC
:10053000D6D0C4F80831D4F8083120220123C4F8F9
:100540004034C8F8A0212361CAE70021202009F027
:10055000D3FAE5E70422054BC3F80423D1E700BF33
:10056000D84D0020C84D0020F84D002000E010506C
:100570002781002000E100E008B507481EF001FADD
:1005800038B10648F4F7FCFD0448F0F7EBF800201A
:1005900008BD6FF01200FBE70C590400A105020032
:1005A0000A2838B50446074D04D1AB680D2128460A
:1005B0005B689847AB6803485B68E1B298472046A0
:1005C00038BD00BF0C5904000023024A0020C1E9D5
:1005D000002370470050160000487047447B040019
:1005E000024B0B6001231360704700BF4C7B04007B
:1005F00008B50122054811461EF076FB03F03EFEC9
:10060000034B044A0020C3F80C2508BD304E0020DF
:1006100000B004508000008038B542F201030F4D55
:100620001446C5F80035A1B124F02CFFBFF35F8F4D
:10063000D5F81834DB0706D4C4F308041CB1012331
:10064000AB60BFF35F8F4FF40052044BC3F800253B
:1006500038BDFF2124F03DFFE8E700BF00B00450A3
:10066000F0B51D4B054698420F46144687B030D86A
:10067000C0F5B21303F580539A422AD8FAB14FF06D
:10068000FF324FF0FF33154808F086FB1CF03BF8B3
:100690000646B8B101238DF81430114B4FF4FA50CF
:1006A000009302AB04940193CDE9027503F0EEFDD3
:1006B000684603F0F1FD0446084808F033FB204685
:1006C00007B0F0BD224639462846FFF7A5FF34465D
:1006D000F2E76FF01504F2E7FF4F1600304E0020EE
:1006E00017B4030010461A46084B10B5994209D8B2
:1006F000C1F5B21404F58054A24203D824F0C2FE1E
:10070000002010BD6FF01500FBE700BFFF4F160083
:1007100070B546680546B068C0B11CF0DDFA014608
:10072000A0B9B06804F082F80446A8B902460C49A2
:10073000B0681CF0BBFA22460121DB20F4F73AFA3C
:100740002246012140F20D10F4F734FA2846BDE8A4
:100750007040044916F050BB6FF0040070BD00BF3C
:10076000E508020023B503002DE9F04340F2063509
:100770004768D00648BF4FF0030C3B7C02EA0505F2
:1007800058BFC2F3401C87B001F01F06B5F5837F48
:10079000144646EA43168DF803C046D00DD8062D00
:1007A00045D005D8A5B1022D12D06FF0150039E063
:1007B000B5F5807FF9D101250AE040F20222954289
:1007C00037D0B5F5407F36D0B5F5007FEDD10425A3
:1007D0000123220303FA01F12FD57B685960B86821
:1007E00080BB5F2E06F01F034FEA561173D83C4AB8
:1007F00052F8212084F4803102EB8302D2F8803059
:10080000C1F30041C4F3404423F4706344EA41045B
:1008100023F00F031C4344EA8C0444EA0524C2F885
:100820008040002007B0BDE8F0830925D0E7082507
:10083000CEE70625CCE70525CAE7630344BF7B68FE
:100840009960CCE731460DF102021CF032FA14F443
:10085000403F80460CD13146B8681CF043FAB8F1ED
:10086000000FDED19DF80210B86804F017F8D8E741
:100870004FF0000901ABCDE90199CDE90439CDF87C
:100880000C903146B86803AA1CF057F94845C8DBFC
:1008900014F4003314D09DF8033084F48034C4F38E
:1008A00000448DF80E308DF80C508DF80D404B46FD
:1008B0003146B86803AA03F03FFF0028CFDAB0E75B
:1008C000CDE904330DF1030303933146B86803AA5D
:1008D0001CF033F9F1E7203350F82330FFDE00BF7E
:1008E000607B04004209022A034670B503D0012A46
:1008F00018D0CAB170BD0E4E326951680029F9D0C6
:10090000012503F01F030C689D400029F2D08A687E
:100910002A4002D030464B6898473CB123682146B4
:100920001C46F2E7034EE7E7034EE5E72346F6E70A
:10093000945804006C58040044580400F0B545680D
:100940001646A8682A7C01F01F0487B044EA4214C6
:10095000002868D0B6F5001F04D121461CF016FA15
:10096000002051E00020B6F5800F01AA01905060F0
:1009700039D1B3F1007F14BF052304238DF804306F
:100980000023CDE904230393EB680DF1030723FA59
:1009900001F111F0010139D1B6F1A07F36D104F097
:1009A0001F035F2C4FEA541003F120033ED8214A65
:1009B00052F8202052F82330DB0727D43A4621464C
:1009C000A8681CF076F9163018D002972146A8685E
:1009D00003AA1CF0B2F8002816DB01222146A86801
:1009E0001CF082F9BCE7B3F1C06F05D0B3F1007F12
:1009F00014BF01230223C1E70323BFE73946A868D8
:100A000003F056FF0028E0DA07B0F0BD3A46214671
:100A1000A8681CF04EF90028D8D19DF80310A868EA
:100A200003F03CFFD2E76FF08500EDE751F823308B
:100A3000FFDE00BF607B0400B0B500AF254D284647
:100A40001DF09FFF0346002835D123480268520756
:100A500011D06C4688B029686A46204DC2E905511C
:100A60004FF4007191831E4942F8101F4FF4E25178
:100A7000F0F7E8FCA5466FF012042046BD46B0BD75
:100A8000154803685B07F8D02B686D468AB06A4644
:100A90001449C2E905130123C2E907344FF4007376
:100AA0009384114B42F8103F00234FF43151F0F77B
:100AB000C9FCAD46E1E72A69A9681368284623F016
:100AC000020313600B68002201219847041ED7DB44
:100AD0000024D2E74458040078100020D2FB040020
:100AE00003000001E9FB040005000001036803F0B6
:100AF0001F025F2B02604FEA53129ABF024B53F85A
:100B000022000020704700BFCC7B04002DE9F04F8D
:100B10001646804640F2FF19DFF868A1DFF868B199
:100B200085B000EB8101414503D1002005B0BDE84F
:100B3000F08FD8F80020C2F3C323082BC2F30804B7
:100B400000F29D804C4508BF4FF0FF34B2F1B05F1A
:100B50001AF803704FEA12630ED2152B10D8DFE893
:100B600003F012191F22252B220F0F0F0F3A670FC8
:100B70000F0F0F0F0F0F6A6D382B62D04E2B0FD057
:100B80006FF08500D2E7C6F80446621C6CD108F10C
:100B90000408C8E7C6F80C46631CF8D000256CE0D2
:100BA000C6F81046F1E7C6F80846F5E7651CC6F832
:100BB0000046ECD0002504E0C6F80446601CE6D0F0
:100BC000012503A80394FFF791FF0122039B02FA7A
:100BD00003F3836008E0C6F80046002FDCD1631CF5
:100BE000D5D0002508272A46D8F80030039403F40E
:100BF0000040002818BF002203A818BF0125019358
:100C00000092FFF773FF039C019B00EB8400D0F878
:100C10008040C3F3412C009A3B0243EA8C03134308
:100C200004EA0B04234343EA4503C0F88030AEE7EF
:100C3000C6F80446D1E7C6F84045BFE7C6F84445C4
:100C4000AAE703A80394FFF751FF039B621C00EB84
:100C50008300D0F8803023F0E04343F08043C0F8B5
:100C6000803094D0012508E0012503A80394FFF704
:100C70003DFF039B05FA03F343602A46B4E76FF098
:100C8000150053E72CFC0400F0F0FCFFF0B583B036
:100C9000446800AF05461AF067FCA06A002856D0E9
:100CA0001DF06FFE0346D8B92A480268520712D0D9
:100CB000A26A6C4688B011686A46274DC2E90551A0
:100CC0004FF400719183254942F8101F4FF4E2510F
:100CD000F0F7B8FBA5466FF012000C37BD46F0BD2B
:100CE000E38DA06A94F82C1043F400320126D0F86A
:100CF00010C013F0010FDCF8003006FA01F614BF43
:100D00003343B343D0F808E0CCF80030DEF80030CD
:100D100098470028E1DBA06A94F82C4006698368B4
:100D2000391D5B689847002807D0D6DB011E18BF25
:100D3000012128461AF091FCCFE77B6832685A40BF
:100D40000123A3401A4214BF01200020EEE7014610
:100D5000EFE700BFD410002035FC040003000001C1
:100D6000014916F069B800BF07BA030038B5054657
:100D700044680121E0681AF019FE6B68196863691C
:100D8000C1F82435E28BA38BA07E1343228C13433E
:100D9000628C1343627E9BB20243207E0243134364
:100DA000C1F86C3569680B68D3F8002242F48022E0
:100DB000C3F800220822C3F800254A6A0121C3F8BB
:100DC0003C270022C3F840271965D3F830110029C9
:100DD000FBD0C3F800252846BDE83840014916F08D
:100DE0000BB800BF07BA03002DE9F04104460D46D9
:100DF00047681EF0A5F8A0B9224B1B788BB14FF0C5
:100E00004008642663681B68D3F8303143BB012077
:100E10001BF053FD013EF5D10021202008F06CFEAF
:100E2000EFE74022EFF311831E4682F31288BFF3EF
:100E30006F8F61680968D1F8301121B983F3118887
:100E4000BFF36F8FEEE77B6A01221D702046796A3F
:100E50001AF094FD86F31188BFF36F8FBDE8F0811F
:100E6000EFF311831E4688F31288BFF36F8F626819
:100E70001268D2F83021002AE5D183F31188BFF33C
:100E80006F8FC9E72781002070B40D4CD4E900654D
:100E9000901B63EB0501400940EAC16041018919DB
:100EA00045EBD065C4E90015002400250549C1E9DA
:100EB0000023054BC3E9004570BC09F0CFB800BF63
:100EC00070330020583300206833002008B500221A
:100ED0000121E420F3F76EFE164A0020D2F81837FD
:100EE00023F44033C2F8183703F02EFE002820DB2D
:100EF0000120114903F0B4FE00281ADB03F0FEFDC7
:100F00000E4B20F01F00C3E900010D4B0022C3E986
:100F100000014FF0FF304FF0FF310A4BC3E90001F1
:100F2000094B0A49187A03F0F9FD67220020084BA3
:100F30001A6008BD00200E508C0C00207033002079
:100F40005033002058330020840C0020890E02000A
:100F5000CC4E002008B503F0D1FD064AD2E900329C
:100F6000C01A054B61EB0201C3E90001400940EAE8
:100F7000C16008BD703300206833002010B503F055
:100F8000CFFE0120FFF776FA15F0EEFCBDE8104029
:100F9000054B064A1B684FF47A70B3FBF2F35843D3
:100FA000034B43F001031847A00E002040420F00FE
:100FB000706C0400F7B5224B0146224F187A224B81
:100FC000D7E90056D3E900239E4208BF954211D1CC
:100FD000B1F1806F0ED24901012938BF01210122F0
:100FE0004D1946F10006C7E9005603B0BDE8F040D0
:100FF00003F01CBF154BDFF858C0D3E90043DCE910
:10100000002CA41843EB0C0C4FF0200E2246634634
:10101000C1FB0E23954276EB0301C7E900230DD2F5
:10102000291B66EB0C04C82974F10004B4BF01212C
:101030000021009103F0C2FE03B0F0BD0021F8E7EB
:10104000840C0020603300205833002070330020CF
:101050006833002013B50A4C204617F055FB094BA6
:101060004FF40062204600930749052317F04EFB1A
:101070000649074817F046FB002002B010BD00BF2C
:10108000783300202BFF0400B8AE0020951002003A
:10109000004F002073B50B4D0B4E00220023284655
:1010A0000DF1070117F016FB50B102B070BDD4E985
:1010B00000319DF8070098470834B442F7D3ECE7B5
:1010C000024CFAE7D04E00206027050058270500A3
:1010D00007B5002300228DF807000DF10701054830
:1010E00017F0F0FA0449054817F01DFB03B05DF84E
:1010F00004FB00BFD04E0020004F002078330020BA
:1011000010B50123044604220748084917F0D2FA13
:10111000074800F0C3FA30B900F0A0F82046BDE857
:10112000104000F0CFBB10BDD04E0020EF5B002080
:101130007833002008B51AF0A1FE0448002117F00A
:1011400035FABDE808400120FFF7C2BF6434002033
:101150002DE9F0411D4D05F10C07A5F10408002112
:10116000284617F042FA68B90121184817F03DFAED
:1011700048B300F045FA30BBBDE8F0410221134806
:1011800017F024BA0221284617F02FFA0446002847
:10119000EAD138461AF06CFD0028E5D038461AF03E
:1011A00065FD1AF07BFE06460028D8D0D8F800105E
:1011B00021B107481AF058FDC8F8004031460448EC
:1011C0001AF052FDCBE7BDE8F08100BF6434002087
:1011D0007035002010B5064C014620461AF044FD3B
:1011E00004F1F00104F10800BDE8104017F09BBACB
:1011F0007034002038B505460C460A48012117F026
:1012000015FA58B92146284600F0D4F90649044693
:10121000A1F1E80017F087FA204638BD6FF0770497
:10122000FAE700BF643400206035002038B578B993
:10123000084C094DAC4207D3BDE838404FF0FF30B1
:101240004FF0FF31FFF7D6BF54F8043B9847F1E762
:1012500038BD00BF602705006C27050013B50E4C94
:1012600020461AF0FFFC04F580701AF0FBFC0B49D5
:1012700004F1F000083417F045FA204617F044FA5C
:10128000074B4FF40062009320460523054917F0F1
:101290003DFA02B010BD00BF7034002051110200B1
:1012A00036FF0400B8B6002038B5154C00212046A2
:1012B00017F0BCF930B900F067FB28B100211048E5
:1012C00017F074F9002038BD1AF0DFFD054600283C
:1012D000F4D11AF06DFC44F8040C0028EED0284636
:1012E000FFF7F6FE04F10C001AF0C2FC08B905483D
:1012F000E9E704F1FC0104F1140017F014FAF6E731
:1013000064340020603400202DE9F84F04460F4675
:1013100029480021154617F068F9002849D0002314
:10132000D5F8009004F58C782B6004F5887A4FF09E
:10133000000B2B684B4506D2D4F81831BBB9504688
:101340001AF094FC78BB02211B4817F04EF968B3E1
:1013500004F58C701AF09EFC40BB04F588701AF0FE
:1013600087FC044610BBFFF7E5FE20461FE0404621
:101370001AF090FC0028E2D029684046A9EB01024F
:1013800039441AF08FFC2B6803442B6040461AF056
:1013900081FC06460028CCD1D4F8180100F020F8D2
:1013A000C4E94666C3E7C4E9460BE5E70120BDE8AA
:1013B000F88F0220FBE700BF6434002010B508302E
:1013C000F3F71AFF044638B1044817F0D9F80023A0
:1013D0002046636017F057F9204610BD104F0020DB
:1013E00010B50446F3F722FF24B1BDE810400248CF
:1013F00017F0BDB810BD00BF104F00202DE9F04719
:1014000004460E461F46DFF87080C0B0AAB11AF03D
:1014100038FC814620461AF02DFC05460146204640
:101420001AF056FC2A460146684624F02BF80023A1
:101430000DF80530114D45450FD320461AF02AFC12
:101440001FFA80F9494620461AF042FC82460B4CAE
:10145000444509D340B0BDE8F0874A466946304666
:1014600055F8083B9847E6E765683B464A465146CB
:101470003046A8470834EBE75827050050270500F9
:101480002DE9F0470446DFF87890C0B020461AF006
:1014900001FC10B940B0BDE8F08720461AF0F1FB1E
:1014A000064620461AF0EDFB074620461AF0E2FBFE
:1014B0000546014620461AF00BFC3146824620467E
:1014C0001AF006FC2A4680465146684623F0DAFFA9
:1014D00000230DF805300B4D4D450AD3094D4D4500
:1014E000D4D26F680123324641460020B847083500
:1014F000F5E73A466946002055F8083B9847EBE780
:1015000058270500502705002DE9F0438946144669
:101510001D46804687B0002842D0002A40D0002BCC
:101520003ED0DDE90E23684617F09DF8DDE900673F
:10153000684632463B4617F09CF8DDE900231B481D
:1015400017F0D2F878B3CDE90454194D02A92868F0
:10155000CDF80880ADF80C901AF036FC0446A8B11E
:10156000286820B11AF02DFC2868FFF733FE3246B8
:101570003B46684617F07DF8DDE900011AF00BFCE8
:10158000286050B102A91AF01FFC0446074817F062
:10159000B2F8204607B0BDE8F0836FF00B04F5E722
:1015A0006FF01504F5E76FF00A04F2E774120020FB
:1015B000144F0020024610B50B460F4817F094F860
:1015C000B0B10E4C206850B11AF0D8FB60B1206861
:1015D0001AF0F7FB2068FFF7FDFD002323600648A3
:1015E00017F089F8002010BD20681AF0E8FBF4E736
:1015F0006FF00A00F7E700BF74120020144F0020BC
:1016000008B5034816F0C5FF003818BF012008BD13
:10161000184F0020F8B54FF0FF304FF0FF3100F0C9
:1016200051FF044600B3194F38461AF01FFB054618
:10163000A8B1002120461AF0F9FA214628461AF0EE
:101640002BFC06462846FFF7CBFEBEB110480368C8
:101650005B0704D0012133460E4A15F02DFB2046CE
:10166000BDE8F84000F044BF094803685A070BD0B2
:10167000BDE8F8400121084A15F015BB20461AF0D4
:10168000D8FB17F02FF8CFE7F8BD00BF1C4F0020A4
:10169000401000206AFF040049FF040038B50546E9
:1016A000054C20461AF0DEFA04F10800034917F051
:1016B00029F8A561002038BD1C4F00201516020036
:1016C000002208B5094B40F213201A70FFF776FE8E
:1016D000074B186048B9074803685B0705D0BDE8A9
:1016E00008400121044A15F0DEBA08BDF35B002072
:1016F000384F00204010002086FF04002DE9F047FD
:1017000007460E46604CDFF8848194B00EB935462A
:101710000CE0206870B95E48036813F0060F03D030
:1017200002215C4A15F0BFFA6FF00B05284614B091
:10173000BDE8F0871AF07CFA40F21223984206D9ED
:10174000534803685D07EFD0534A0121EAE7206858
:101750001AF06EFA40F21325281AB0422FD82068EA
:101760001AF066FA2D1A39462A4620681AF049FA04
:10177000236898F80010049300232F44761B0593E8
:1017800031BB04A803911AF0A3FA054604A81AF085
:1017900081FA03AB014606AA284600F06FFE60B945
:1017A00008A800F09FF8034658B13948026854076A
:1017B00003D00121394A15F07FFA0025B6E73546F6
:1017C000D1E701230399206888F800301AF032FA33
:1017D00004A81AF05FFA022898D904A81AF051FA5E
:1017E00040F21123984205460AD929480268510758
:1017F0009AD0012100932A4A2B4615F067FA93E705
:1018000004A81AF047FAA84280D340F21320D4F873
:101810000090FFF7D3FD206028B91D4803685A07E0
:1018200082D0204A91E704A81AF034FA854212D2F5
:10183000002104A81AF04CFA00EB050A04A81AF0DB
:1018400029FA451B514620682A461AF0DAF929463A
:1018500048461AF0FEF9144D494628461AF004FA93
:10186000A86905F1080116F05EFF051EBFF64EAF30
:10187000074803685B073FF459AF01212B460B4A29
:1018800015F01AFA52E700BF384F0020F35B002032
:1018900040100020A3FF0400BAFF0400D9FF040099
:1018A000ECFF040086FF04001C4F0020160005001A
:1018B00010B5034C2068FFF793FD0023236010BD93
:1018C000384F002010B58368044633B100F08AF821
:1018D00010B9A268024B1A6010BD6FF01500FBE74B
:1018E0003C4F002070B590F828300446012B86B09C
:1018F0003ED118220021684623F0EBFD227CB2FA8B
:1019000082F35B098DF80030637C003B18BF012334
:101910008DF801306368FAB9102B2CD1236802AD21
:1019200003F110062A4618685968083303C2B34207
:101930001546F7D11148A57C114B12491B68022DA1
:1019400008BF0146227D684600F088FC10B9208C53
:1019500000F046FD06B070BD082B0CD1226802AB2A
:101960001068516803C3D4E90223CDE90423E1E7F9
:101970006FF08500EEE76FF01500EBE70002500511
:101980003C4F002000051005024B0348196800F089
:1019900049BB00BF3C4F00200005100538B5054687
:1019A0000C461AF07DFAA8B108461DF02BFFD5E9C8
:1019B0000012204609F0A2FB58B1084C23685B07CF
:1019C00005D001214342064A204615F075F96FF013
:1019D000040038BD6FF01500FBE700BF3010002099
:1019E000320005001FB504461AF05AFAC8B103AB1D
:1019F0000193202300930C480C4BD4E900121FF0F4
:101A0000FDFD034650B9039A202A07D194E803004C
:101A1000074A82E80300184604B010BD6FF00403C3
:101A2000F9E76FF01503F6E7090000025C510020AA
:101A30005451002070B5ECB002461AF031FA00287B
:101A400000F08180104607A9FFF7A8FF044668B19F
:101A50003E4803685A0703D001213D4A15F023F997
:101A600007A81DF0D4FE20466CB070BD394C237819
:101A70003BB9394B39491868FFF790FFE0B90123AA
:101A80002370002205AD2A60354BCDE90122334990
:101A9000009507A808F018FF0446C0B12B4803685A
:101AA0005E0706D02B68012100932E4A634215F091
:101AB0000DF94FF0FF34D3E7244803685B0703D0E8
:101AC000294A012115F0EFF86FF00404C8E7109BD4
:101AD000142B08D91D4802685507C1D00121234A9B
:101AE00015F0EAF8BCE7DDE93A0185E8030028468D
:101AF0001DF0D6FF0238022801D8686828B91348BB
:101B000003685907E0D01A4ADBE76123194D0093B7
:101B100021462B4605F164021EF0CAFD034640B97A
:101B2000109E1199324605F1680023F0ABFCEE6778
:101B300096E7064802685207C6D001210E4A5B426A
:101B400015F0BAF8C0E76FF015048CE730100020EC
:101B500054000500F45B0020900C0020404F002052
:101B60008D0005009E0005006F000500C500050002
:101B7000FA000500D450002017010500054A08B5F9
:101B800010461AF08DF90832002814BF10460020C4
:101B900008BD00BF5451002008B56822014923F058
:101BA00071FC08BDD450002010B5064CE26F8A428B
:101BB00005D804F1680123F065FCE06F10BD6FF0FB
:101BC0001500FBE7D45000200749024608B5084637
:101BD0001AF066F920B103C982E80300002008BDAD
:101BE0006FF00100FBE700BF54510020002310B547
:101BF0004370044610F8083B012B0ED110210FF062
:101C0000BBFB0246D8B10F480368590702D00E4902
:101C10001AF052F96FF0040010BD08210FF0ACFB70
:101C2000024628B1074803685B07F3D00749EFE78E
:101C3000D4E90432013342F10002C4E90432002045
:101C4000EAE700BFDC100020340105005601050062
:101C50002DE9F047ADF5D86D06460D4690460021BA
:101C60004FF4C9621EA81F46DDF8E096DDF8E44691
:101C700023F02FFC1C2200210DA823F02AFC0023B6
:101C8000D9F864A00493BAF1000F0CD14C48036852
:101C90005B0703D001214B4A15F005F850460DF5BE
:101CA000D86DBDE8F08748491EA80FF08DFA0246AE
:101CB00060B1434803685F0702D044491AF0FCF85A
:101CC0001EA81FF0E8FDDDF810A0E7E7D9F86430A2
:101CD0003A46009340F201114B461EA80FF0EAFA73
:101CE000024628B1364803685E07E9D03849E5E77F
:101CF00010230DF11809059000931921484606F1AB
:101D0000080305AA22F097F840B16FF004032C48AD
:101D100002685507D4D01A462E49CFE7059B317883
:101D200009F8030073782C4F002B14BF5322442270
:101D3000BD420CBF43234123002914BF522153212C
:101D40000093CDE901184B46244914A813F05CFC1C
:101D5000031EDCDB14AA40F203211EA81FF076FE4E
:101D6000024628B1164803685C07A9D01C49A5E7BC
:101D7000BD420CBF4FF48072802242F2040318BFB0
:101D80004FF41053E10448BF44F48064ADF83620AA
:101D9000A2040E90129048BF44F4006404AA1EA945
:101DA0000DA8ADF8343010950F941FF0A2FD024637
:101DB000002885D0024803685B0781D009497DE788
:101DC000DC1000207C010500090102098F010500DB
:101DD000B2010500DF01050000051005CB0105007B
:101DE000FC010500120205002DE9F04F054691B0F7
:101DF00040F213200E46FFF7E1FA044660B93F486F
:101E000003685E0703D001213D4A14F04CFF002413
:101E1000204611B0BDE8F08FA88C0DA916F01FFC6C
:101E20000DF13601288D16F01AFC00230BA8CDF811
:101E30003930CDE90B638DF838300F9319F021FF5D
:101E400007460BA819F026FF87420BD02B480368E2
:101E50005D0703D03A462B491AF02EF82046FFF7CB
:101E6000BFFAD4E707F1100920461FFA89F119F0EB
:101E700087FF4946204619F0D1FE2B6A0646099392
:101E8000AB6A3946003B18BF01230BA84FEA031A7F
:101E9000D5F81CB019F01CFF05F12C080AAACDE9F1
:101EA0000592CDE901A00DAA0C235946CDE9037690
:101EB0000998CDF800801FF066FC024628B10F4853
:101EC00003685907CAD01049C6E70A9B994508D04C
:101ED0000A4803685B07C1D001210C4A14F0E3FEF5
:101EE000BCE7F01900F1100350F8042B984248F8B1
:101EF000042BF9D1AB6A0133AB6289E7DC10002017
:101F00002C0205004E0205006B0205008002050050
:101F10002DE9F04F044691B00D46808C0DA917466F
:101F200016F09DFB208D0DF1360116F098FB4FF059
:101F3000010800230BA8CDF83930CDE90B538DF8FB
:101F400038800F9319F09DFE102806460AD83148B4
:101F50000368590703D032462F4919F0ADFF6FF0DF
:101F6000150539E00BA819F095FEB0420546EED1F3
:101F7000A0F11006B1B2384619F002FF236A3146CB
:101F80000893E3690BA80993A36A04F12C09003BA9
:101F900018BF01234FEA031A19F09AFE314683460F
:101FA000384619F03BFE0AA9CDE90350CDE9056199
:101FB000DDE908010C23CDE901ABCDF800900DAAB5
:101FC0001FF025FC054658B1124803685A0703D094
:101FD0002A46124919F070FF284611B0BDE8F08F6B
:101FE0000A9B9E4208D00B4803685B07B7D00C4A97
:101FF000414614F058FEB2E7494610220BA819F0EA
:1020000051FEA36A29460133A36204F1180016F0B9
:10201000DDFAE1E7DC10002092020500B0020500C5
:10202000800205002DE9F04300230126204C0746DD
:102030009DB020468846A3612670FFF7D7FD054670
:1020400060B11C4803685A0704D01B4A2B4631462E
:1020500014F032FE28461DB0BDE8F0830DF10809EA
:102060004846FFF799FD4FF480730922CDE90093AC
:10207000394643462046FFF7EBFD206250B90D4834
:1020800003685B0703D00D4A314614F00CFE6FF075
:102090000105DFE7294604F11800E761A58416F081
:1020A00095FA314604F1180016F090FAD2E700BF15
:1020B00080350020E0100020D4020500FB0205005E
:1020C0000248818C013189B219F008BF80350020A7
:1020D00070B51F4D04460121284616F086FA50B906
:1020E0001C4803685B0703D001211B4A14F0DBFD89
:1020F0006FF07F0070BD15F8183CA5F11806103D73
:10210000EBB901232374D6E90423C4E9022308238D
:1021100025606360F369114A0025934214BF0223CE
:102120000123A374092365746361FFF727FD58B188
:102130000623A061E361B38C28462362DAE700231B
:10214000256023741023E4E76FF00F00D2E700BF8F
:1021500098350020E0100020190305000005100547
:1021600038B5012104460E4816F03FFA70B90D4803
:10217000036813F0060F03D002210B4A14F093FDFD
:10218000204619F01CFE0025284638BD2146074888
:10219000FFF72AFE0546204619F011FEF4E700BFBE
:1021A00098350020E010002019030500803500203C
:1021B000014819F086BE00BF803500202DE9F041AE
:1021C000104D04460F4628460021164616F00DFA1B
:1021D00090B1228835F8183C9A4211D11022A5F10D
:1021E000100104F1080023F07CF948B9092F03D14C
:1021F0006868831B5842584100F00100BDE8F08137
:102200000020F9E79835002030B5002589B0044654
:1022100029461048009516F0E8F910B9002009B0D9
:1022200030BD1C22294601A823F053F9E20448BF1F
:1022300044F48064A304084B48BF44F400646A4635
:10224000186A01A903941FF0E3F80028E6D100986A
:10225000E5E700BF98350020803500202DE9F047E4
:10226000DFF848919CB004460D4602AF0021484675
:102270001646984616F0B9F900284BD039F8182CB4
:1022800023889A4221D1102204F10801A9F11000FB
:1022900023F027F9C8B9D9F804309D4215D0444835
:1022A00003685E070BD00121424A14F0FCFC404851
:1022B00003685C0703D0404A012114F0F4FC6FF07E
:1022C0004C006837BD46BDE8F0876378012B21D10B
:1022D0002378002B44D1D4E9049E384AD2E900C1C6
:1022E000CC4571EB0E023BD3314802685507E6D06E
:1022F0006C468AB002AA51620621314DC2E907EC50
:10230000C2E9055942F8101F4FF44151EFF79AF80E
:10231000A546CCE763781BBB23782BB12448036820
:102320005907CCD0274AC7E72A4631462046FFF74F
:1023300045FF28B91E4803685A07C0D0224ABBE7A8
:102340004FF42060FFF760FFC0B9194803685B07CE
:1023500003D001211D4A14F0A6FC6FF00400B0E781
:102360003846FFF719FC4FF420633246CDE900737D
:10237000294643462046FFF76BFCE5E7DFF850C0EF
:102380000026CCE907506546CCF81860ACF824600C
:102390000FCC0FC594E8030085E803000CF118008A
:1023A000012116F013F930468BE700BFE835002015
:1023B000D8100020370305006B030500C03500204E
:1023C0004F0305007C030500A4030500C3030500BB
:1023D000D0350020014819F074BD00BFD035002071
:1023E00013B5044602210E4816F0FFF888B10D4BD4
:1023F0001B89A3420DD30C480268520705D0012166
:1024000000930A4A234614F061FC6FF04C0002B0BE
:1024100010BD2146064802B0BDE8104019F05EBD6F
:10242000E8350020C0350020D8100020D903050071
:10243000D035002038B50F4C0A4601462046FFF73C
:1024400067FD0546A0B9014604F1180016F0BEF874
:10245000022104F1180016F0B9F8A28C064B1A817B
:102460002288B2F5807F03D1D4E90401C3E90001D9
:10247000284638BDD0350020C035002010B54FF0BB
:10248000010C0824CCB0CDE9024C044C019404ACFE
:1024900000941BF0ADFD4CB010BD00BF01BF0300A8
:1024A00010B54FF0010C0824CCB0CDE9024C044C1F
:1024B000019404AC00941BF09BFD4CB010BD00BF18
:1024C000DDC0030013B5002402460B46074801A9EE
:1024D000019406F02BFA014630B9019810B119F0B9
:1024E000A5FB019802B010BD2046FBE7201100209B
:1024F000014601481CF0D0BA201100202DE9F0411E
:10250000DFF878801E46D8F8004000AF1CB1E368C1
:102510001B6883420CD01A4C1A4D04E0E3681B6818
:10252000834205D01034AC42F8D3BD46BDE8F081FB
:102530003346A568A847002EF7D01348036803F078
:102540000703022B12D96D4688B023686A460F49EB
:10255000C2E905134FF4007393830D4B42F8103F0B
:1025600000234FF4E651EEF76DFFAD464FF0FF321A
:10257000E3681A600023C8F80030D6E77C510020D9
:10258000002705003027050074100020090405000D
:10259000030000012DE9F84F064626480D46036862
:1025A00000AF03F00703022B11D96C4688B06A46CE
:1025B000214BC2E905314FF4007393831F4B42F85E
:1025C000103F00234FF4E651EEF73CFFA546DFF83D
:1025D0007080DFF870A0D04526D2D8F800B05846F9
:1025E000ECF7E0F90446431E1BF803902946B9F1C5
:1025F0002A0F08BF1C465846224622F0A0FF01467B
:10260000A8B9114BC3F80080D8F80C301E60D8F878
:1026100004304BB1B9F12A0F04D12A5D2919002ADF
:1026200008BF002130469847BD46BDE8F88F08F145
:102630001008D0E7741000201F04050003000001FB
:1026400000270500302705007C510020134600229A
:1026500030B5B3B0029229AA019201220B4D00922B
:102660000EA80A4604AC04211CF00CF80FCD0FC4D0
:102670000FCD0FC495E80300022284E8030004A9EB
:102680000EA800F0C1FE33B030BD00BF7868040072
:1026900030B5002191B004461BF0DBFE0546002852
:1026A00040F08B8020461BF06AFE002846D145484A
:1026B000036813F0060F7CD0434A022177E01C2206
:1026C000002109A8089522F004FF019A08AB1F2AEF
:1026D00028BF1F221846009922F0D4FE23680490D8
:1026E0001B785B09032B19D00CD8022B38D10021A1
:1026F00020461BF03BFF08BB324803685B0758D0FD
:10270000324A53E0072BF2D1204606A91BF0FFFE08
:1027100000282FD003238DF814300CE0204602A9A6
:102720001BF027FE0028E2D004238DF81430029B12
:102730000693039B079304A800F09EF8237D0BB338
:1027400023681B78FF2B20D120461BF043FE002876
:1027500036D11C48036813F0060F2AD01C4AACE798
:102760000123204606A98DF814301BF0C9FD00286E
:10277000E1D1BCE7204606A91BF06EFE0028B6D0CA
:102780000223C8E7A368002BDED0102200210DEB46
:10279000020022F09EFE694620461BF0EAFD00285A
:1027A0008DD1084803685A0703D00A4A012119F05D
:1027B00065FD6FF04C0011B030BD6FF00100FAE71D
:1027C0000020F8E7E410002051040500870405000C
:1027D000A704050073040500012310B5AEB003ACD7
:1027E0000321009313A8402322461CF09BF80221EA
:1027F00013A81CF06CF850B91A4B1B685B0704D087
:102800000121194A174819F039FD2EB010BD0722D1
:10281000164913A81CF041F80028EDD0144BD3E959
:102820000023002B18DB13A81CF00AF80028E3D0C3
:10283000022113A81CF051F80028DDD04FF0FF3220
:102840004FF0FF33CDE90023139B22463C211B1B95
:102850000848FEF759FED8E7002113A81CF057F8E6
:10286000E4E700BFE4100020C704050020C5040011
:1028700018060020E604050070B505461D4C1E4EE6
:10288000B44202D36FF0010070BD29682068ECF7F4
:1028900077F8002828D122792B79934226D1013B61
:1028A000032B19D8DFE803F002070C12A368A8680D
:1028B000BDE870401847A368287ABDE87040184703
:1028C000A368D5E90201BDE870401847A368D5E9BF
:1028D0000201BDE870401847084803685B0703D051
:1028E0000121074A14F0DFF90C34C9E76FF0150035
:1028F000CAE700BF4427050050270500E810002064
:10290000FD040500F8B50E4607464021304622F08A
:10291000F8FD0E4C0546A0B12046314640F8087B34
:10292000AF1B00263A4622F01CFE27442022691CD9
:1029300004F129003E7222F014FE84F849606660BA
:10294000F8BD4FF0FF332360FAE700BFA80C00206A
:1029500037B50A4C1546226801320CD0CDE9005338
:1029600004F108000B46626804F1290100F012FA34
:1029700063682B44636003B030BD00BFA80C002027
:1029800000202DE9F04FCBB002AFC7E90200604E46
:10299000DFF88081DFF88091FC1D386120700094A1
:1029A00007F1100307F10C0207F10801451C00F0C4
:1029B00039FA002853D04FF0010A07F1A80B032180
:1029C00007F13C0075235A46CDF800A01BF0AAFF82
:1029D000514607F13C001BF07AFF00283FD05246D9
:1029E000314607F13C001BF058FFC0B3217807F1D6
:1029F0003C001BF02FFF90B35246414607F13C00CC
:102A00001BF04BFF58B3002107F13C001BF022FFE5
:102A100028B30322494607F13C001BF03EFFF0B10A
:102A20004FF0FF32B96807F13C001BF03FFFB0B137
:102A300052463A4907F13C001BF02FFF78B14FF0A6
:102A4000FF32F96807F13C001BF030FF38B1237802
:102A500053B9012107F13C001BF03FFFB0B907F566
:102A60009277BD46BDE8F08F01222D4907F13C0069
:102A70001BF013FF0028F2D04FF0FF32396907F145
:102A80003C001BF013FF0028E3D1E8E7254B202290
:102A900018689B880021786107F11A003B8322F0B7
:102AA00018FD07F11400EBF77DFF07F11403202256
:102AB000B968184422F055FD4FF0FF304FF0FF3158
:102AC000FB6B5A46CDE90001A3EB0B033C2107F158
:102AD0001400FEF719FD0346C0B1134802685207FF
:102AE00014D0EA468AB0B96802AAD3614FF40073E1
:102AF000DFF838C013840E4BC2E905C142F8103F1D
:102B000000234FF41151EEF79DFCD546284646E7C9
:102B10003EC0040082CA04002605050006EB04003E
:102B2000B7DC04001B6C0400BC1000202A05050063
:102B30000400000108B5054803685B0703D00121C4
:102B4000034A14F0B0F86FF00B0008BDBC10002071
:102B500051050500134600222DE9F04F0124F9B07C
:102B600002926FAA01924BA80A46009405211BF01D
:102B700089FD4BA81BF003FC50B14BA819F080FB5A
:102B80000446002866D105A94BA81BF0D0FB28B944
:102B9000364803685B075DD0354A58E0059B032B38
:102BA0005FD14BA81BF0E8FB0028F1D0314D31ACD0
:102BB0004BA819F065FB064628B100F0A9F84BA810
:102BC00019F05EFBD8E720274FF0400B3146682212
:102BD000204622F07EFC0DEB07090DF1E50231469F
:102BE000C9E900270DF1300A48221DA8069407976D
:102BF000CDF828A0CDF82CB022F06BFC06AB2193C9
:102C0000022323931C4B01262A934AAB04222B93C5
:102C100003230DF128081DA94BA8CDE92559CDE9BD
:102C20002F581E96209528922D9300F0EDFB00283A
:102C3000AED13B46594650460DF5837213F0A3FDC5
:102C400020280AD0094803685A0703D00B4A0121FB
:102C500014F029F879B0BDE8F08F204600F02AF88A
:102C6000A6E721464BA81BF081FC85E7BC1000209D
:102C70006B0505009DC2030051C403008A050500D1
:102C8000F8B505460E46094C094FBC4202D36FF019
:102C9000010007E029462068EBF772FE18B9E368E7
:102CA00083F84460F8BD1034EFE700BF302705001B
:102CB000402705002DE9F0410546134C134F00F164
:102CC0002108BC4202D30020BDE8F08128462168DB
:102CD000EBF756FE0646A8B920224146E06822F0EE
:102CE00040FCE36805F14202DE77E36805F162012A
:102CF000203352F8040B8A4243F8040BF9D1E368FD
:102D00006A6E1A641034DCE730270500402705009E
:102D100014232DE9F0411B4A1B4C00AFA41A2409CF
:102D20006343073323F00703ADEB030D6E46002129
:102D30003346A14202F1100203F1140307D1134DEF
:102D4000DFF84C80454517D3BD46BDE8F08152F809
:102D5000100C52F8045C43F8140C52F80C0C43F8B5
:102D60000C5C43F8100C05F1200043F8080C286CAB
:102D7000013143F8040CDCE72146304655F8043BAA
:102D80009847DFE73027050040270500402705006A
:102D9000442705002DE9F04B05469046994600AFC3
:102DA00097F824B01A4C1B4EB44201D300202BE0FC
:102DB00029462068EBF7E4FD034658B9E26892F82B
:102DC0004420012A08D15B46414648463A6AD4F875
:102DD00008C0E0471034E7E70F48026812F0060F1A
:102DE00010D06C4688B06A460C49C2E905154FF40C
:102DF000007191830A4942F8101F4FF4E451EEF735
:102E000021FBA5466FF01500BD46BDE8F08B00BF65
:102E10003027050040270500C0100020BD05050033
:102E20000300000130B50C4C0C4D2D1BB0EB151FF1
:102E30000FDA050104EB001064590C604168116061
:102E4000C2681A60C368012093F84420039B1A707B
:102E500030BD0020FCE700BF3027050040270500FB
:102E600070B50D460A4C2A68D4E910130A449A42F8
:102E700029BF002601265B1A2B60216C2A68214499
:102E800022F000FB236C2A6830461344236470BD93
:102E90008051002010B588B003AC14212046FEF705
:102EA00083FE00280CDB0023402102900548CDE979
:102EB0000034C0E910316A4600F1440300F032FAF0
:102EC00008B010BD805100200A4604490346086836
:102ED00010B11946FEF718BA02207047C8510020F9
:102EE00010B5034C206818F03EFE0023236010BD8F
:102EF000C851002008B5FEF7D7F9044B0028186028
:102F00000CBF6FF00A00002008BD00BFC8510020B0
:102F1000F0B504466368084687B01146002B00F000
:102F2000D68001AA19F04AFA054648B169480368F3
:102F3000590717D02B46684A012113F0BDFE11E056
:102F40009DF804308BB1634803685A0703D0012110
:102F5000624A13F0A8FE00212068A17319F0C4F999
:102F60006FF00405284607B0F0BD9DF906309DF8C6
:102F70000620002B0FDA574803685B0703D00121B6
:102F8000574A13F090FE00212068A17319F0ACF9A4
:102F90006FF01505E6E79DF80530217B1A440132F4
:102FA0006273A27B501E01285DD82F46237B627B73
:102FB0009A42D7D0CDE903778DF80C306368059736
:102FC0009B68A068023B0493A37B0230012B08BFDF
:102FD0008DF80D3023680590DB6804A99847022816
:102FE00006460BD13B4803685F0703D001213D4AE9
:102FF00013F059FE606843689847B3E7012812D17F
:10300000049B002BAED06368A1689B6802AA03A84A
:10301000029319F0E0F9034670B12E480268560792
:10302000A0D0314A88E70028EDD19DF80D3043F05B
:1030300002038DF80D30E6E76068029A0368A16824
:103040009847034628B12348026854078AD0274A84
:1030500072E7237B013323730223A373002EA5D1D0
:103060000323A3737EE70133DBB28B427FF47AAF95
:10307000002A14BF04230C23CDE903558DF80D302D
:10308000636805959B68A16802AA03A8029319F0DA
:10309000A2F9034660B10F480268510703D0124AF3
:1030A000012113F009FE0121206819F01DF959E7EB
:1030B0006068029A0368A1689847034628B10548EA
:1030C00002685207EFD0094AEAE7A573EBE76FF011
:1030D0000F0547E7D0100020F80505000906050098
:1030E00017060500260605004406050057060500DC
:1030F00013B5044610F8063C991E4B424B418DF81F
:10310000043010F8083C69468DF8053050F80C3C46
:1031100001A81B7B8DF8063019F08AF954F80C0CC5
:103120000322036869469847034678B10D48026850
:10313000520703D001210C4A13F0BEFD47F61222BC
:103140000023204606F070F802B010BD002347F6B9
:103150001222204606F068F89DF8053004F8073C76
:10316000F2E700BFCC1000205706050038B5FF235A
:1031700003720123044600F110054160837209497E
:1031800028461BF081FE23681B6833B90022002308
:10319000284606F049F8002038BD98470028F5D0A9
:1031A000FAE700BFF13002002DE9F04186B0044695
:1031B0000846114603AA19F0E0F8054680B13448E4
:1031C00003685E0704D001212B46324A13F074FDD8
:1031D0000021204619F0B5F8284606B0BDE8F08178
:1031E0009DF80D30580701D50121F2E7A77A012F8C
:1031F0000BD027480368590704D001213B46264AD3
:1032000013F05AFD6FF00F05E6E7217A9DF80C30B8
:103210004A1CD2B2934204F1100814D01C48026830
:10322000520704D01D4A0091394613F04FFD00218A
:10323000204619F086F800220023404606F028F8C0
:103240006FF01505C8E72368DDE904109B6898470F
:10325000064698B10E4803685B0704D0104A33460F
:10326000394613F029FD0021204619F06AF80022A2
:103270000023404606F00CF83546ADE79DF80C30CB
:10328000002223724046002306F002F8A4E700BFA4
:10329000CC1000207306050086060500990605007F
:1032A000AF06050037B50D46022104461BF00FFBA3
:1032B00020B9002000F0010003B030BD174B694673
:1032C00000930523204601931BF0DBFA30B12B68F5
:1032D000FF2B07D9236A0BB10C22DA6020461BF0C2
:1032E000FFFAE6E7294620461BF09AFA0028F5D0B7
:1032F0000B4B694600930F23204601931BF0C1FA44
:103300000028EBD02046291D1BF0B8FA0028E5D094
:10331000022120461BF0E1FACCE700BFD5060500EC
:10332000DB06050010B54FF0010C0324A0B0CDE979
:10333000024C044C019405AC00941AF059FE20B0E4
:1033400010BD00BFA5320200F8B50C460A4E0B496D
:10335000356822684B682A449A4229BF0027012712
:103360005B1B236009682268294422F08BF82368DC
:1033700038462B443360F8BDCC510020D05100209A
:103380000022024B02481A60FEF71EBCCC510020FE
:10339000D051002070B5094C0A4663685D18B5F538
:1033A000805F07D826680146F01822F06BF80020ED
:1033B000656070BD6FF01500FBE700BFD8510020BD
:1033C00013B5084C30B123686846009363680193D5
:1033D00018F070FD2068F1F729FF0023236002B088
:1033E00010BD00BFD851002008B54FF48050F1F750
:1033F00003FF044B186010B10020586008BD6FF047
:103400000B00FBE7D85100202DE9F04F87B000AF4B
:103410000446884691461AF0B2FF98B14FF0140A5C
:1034200000260AFB098A4E4580F08480237D002B0C
:1034300051D023681B78FF2B50D1002E73D16FF031
:1034400001057CE04448036813F0060F6BD0434A43
:10345000022113F028FC66E0204607F110011AF063
:1034600066FF034660B93C48026812F0060F5AD066
:103470006C4688B06A463A4951613A4947E00125AD
:10348000D7E9041B3D734546554506D30021204628
:103490001BF06CF80028C6D145E02B781BB1012B3E
:1034A0000DD01435F0E76B688B42FAD1D5E90331C2
:1034B000204698470546002837D10136B3E7AB6868
:1034C0009B45EED15A466868796022F00AF879681F
:1034D0000028E6D1EAE7A368002BAED023681D7868
:1034E0006D09B9D0032D1ED1204607F110011AF045
:1034F00040FF03460028C2D11748026812F0060FA9
:1035000011D06C4688B06A461549516116499161DF
:103510004FF400719183154942F8101F4FF4E451A4
:10352000EDF790FFA5466FF04C0528461C37BD46C9
:10353000BDE8F08F002E14BF00256FF00105204676
:103540001AF04AFF0028F0D10348036813F0060F71
:10355000E9D0074A7CE700BF0011002005070500FD
:103560002607050047070500420705000300000184
:103570004B07050002460B46014805F0D9BA00BFCB
:1035800060120020014805F04BBB00BF6012002014
:10359000014902481BF047BCE4510020C84000200C
:1035A000094B93F80031042B02D1810709D47047ED
:1035B000022B02D1020704D47047082B03D18306E3
:1035C00001D5FFF7E5BF7047F55B002010B4034657
:1035D0000A46034881680C681946234610BC184700
:1035E000BC580400F0B5002485B000AF3B1D7C60E2
:1035F0000A22BC60C7F80B4039600146184621F02A
:10360000B0FF034611480268520713D06D468AB0D6
:1036100039686A460E4ED161C2E905634FF4007302
:1036200013840C4B42F8103F4FF411512346EDF731
:1036300009FFAD46002383F31188BFF36F8F032387
:10364000184602DF1437BD46F0BD00BF2010002031
:103650002A080500040000012DE9F04188B0064663
:1036600000AF3B480D463B4C3B491BF0C0FB07F10C
:103670000C00DDF79BF8236803F00703022B13D936
:10368000E84688B06A46354B5361354B93614FF439
:1036900000739383334B42F8103F3349204607F1C0
:1036A0000C03EDF7CFFEC54630481BF06AF970B940
:1036B0002368590704D001212D4A264813F0F3FA54
:1036C0006FF0120420462037BD46BDE8F081294B3B
:1036D000381D7B60DDF794F8034650B1226852072D
:1036E00004D00121244A1B4813F0E6FA6FF01504B8
:1036F000E8E74FF0FF304FF0FF31FFF73BFF0446A4
:103700000028DFD11D491E48DDF712F8044610B12C
:10371000FFF738FFD6E741F64C5307F10800BB60CE
:10372000E7F76FFF20B1FFF72DFF6FF08504C9E7C2
:10373000012338463B70E7F75CFF0028F3D1FFF721
:1037400021FF33690F481D60F4F7B8FCBAE700BFEA
:10375000E451002020100020D9C503003DC0040022
:103760004F08050003000001C01C4001BC580400C4
:1037700076080500CD3502009608050010360020B9
:1037800061380200A135020030B5324887B0DCF75D
:103790004DFF0446002858D10125DDF719F8DDF763
:1037A00023F8E7F72FFDE7F72FFDE7F72FFDE7F702
:1037B0002FFD03AA022120468DF80C50DCF76AFF8A
:1037C000021E41DB082303AA07212046ADF80C3076
:1037D000DCF760FF021E37DB4FF0FB13039340F270
:1037E000032303AA03212046ADF81030DCF752FF73
:1037F000021E29DB03AA042120468DF80C50DCF7B9
:1038000049FF021E20DB1F2303AA06212046ADF834
:103810000C30DCF73FFF021E16DB40F6B8239A425D
:1038200016DD0D480168490704D0009229460B4A6D
:1038300013F04CFA002383F31188BFF36F8F042336
:10384000184602DF6FF00B021446204607B030BD69
:103850002246F9E7E535020020100020BA080500ED
:1038600073B5514C94F8003163B394F80031042BD4
:1038700063D120783E2838D0FF283CD000256378DB
:10388000FF2B3DD1494803685D0712D04FF4807388
:10389000009340F201130121454A13F017FA4348FF
:1038A00003685B0705D06FF00B030121414A13F059
:1038B00003FA002383F31188BFF36F8F04231846A4
:1038C00002DF26E04FF0FF304FF0FF31FFF752FEEE
:1038D00048B9204604F5807100F0A8FB0546FFF7C3
:1038E00051FE002DC1D002B070BDA578022D14BFCD
:1038F00000250125C3E7A57805F0FD05802DF6E735
:10390000002200232946F4F7E3FB064648B9002DC0
:10391000E9D0002384F8003102B0BDE87040FFF721
:1039200037BE6278204902320C3015F01FF931465B
:10393000214B1B6821489847EBE7022B1ED1002240
:1039400000230820F4F7A2FB05460028CBD06388AB
:103950000433B3F5807F07D9144802685107A8D013
:103960004FF48072009296E71A460F4905F10C0059
:1039700015F0FCF8104B29461B68DBE7082B09D132
:10398000002300222020F4F781FB638805460028ED
:10399000DED1A8E7054802685207BAD00121084ADB
:1039A00013F08AF9B5E700BFF55B00202010002076
:1039B000DD08050037090500E051002034590400F6
:1039C000FE080500F7B5804D06462B78002B40F029
:1039D000298304238DF807307C4B04881F68B7B116
:1039E0000DF106030DF10702691CB84701280ED03E
:1039F0009DF80630002B40F05B819DF807300E22C9
:103A0000AB7001236A70EB70AC80A87159E1B4F51A
:103A1000105F4FEA94230AD2002B4ED0013B072BB4
:103A200008D8DFE803F00907367A070707C13F2BFC
:103A300000F00782012055E0304640F2064230F99E
:103A4000033B93420FD040F21D4293421ED001200F
:103A500040F206439C4200F02B8140F21D439C4201
:103A600000F026813EE0E7F730FE42F264039C421C
:103A700040F2AB8242F285039C4233D842F26703A4
:103A80009C4200F2B48242F26603E8E7E7F71FFEC9
:103A9000EBE7304640F6634230F9033B934230D0C7
:103AA0000DDC40F6034293421FD040F62D42934274
:103AB0001ED040F60142934212D00120F8E040F6B9
:103AC0007B42934220D040F67C429342F5D19DF850
:103AD00007303F4902338DF80730E7F72AFD01E050
:103AE000E7F719FD0128E8D087E7DCF75FFFF9E782
:103AF0009DF80730364903338DF80730E7F710FD9E
:103B0000F0E7E7F70FFDEDE79DF8073030490433A4
:103B10008DF80730E7F70BFDE4E73388A3F5805312
:103B2000013B082BC9D801A252F823F0513B0200F7
:103B3000633B0200773B0200BB3A0200BB3A020043
:103B4000BB3A0200BB3A0200BB3A0200973B0200BC
:103B50009DF807301E4808338DF80730E7F76CFDF5
:103B6000C0E79DF807301A4840338DF8073018F049
:103B700035FD002041E700229DF8073008338DF81D
:103B80000730134B1A605A60EB7A23F0600343F05E
:103B90006003EB72EDE79DF807300D4806338DF8B2
:103BA0000730E7F74BFD9DE7304642F24E0130F813
:103BB000033B1AB28A4242F264016BDCB2F5005F49
:103BC00008DC8C425EE000BFF65C0020F45100206F
:103BD000FD5C0020A3F50053013B4D2B4FD8DFE8DF
:103BE00013F0600075007E004E0087008A008D0093
:103BF000960099009C004E004E004E004E004E0074
:103C00004E004E004E004E004E009F00A800AB003C
:103C1000B4004E00BD00C600CF004E004E004E0066
:103C20004E004E00DF00E800F1004E004E00F400B0
:103C3000F700FA00FD004E004E00060109010C01DC
:103C400015011E0121014E004E004E004E004E0097
:103C50004E004E004E004E004E004E004E004E00F4
:103C60004E004E004E004E004E004E004E004E00E4
:103C70004E004E004E0024014E004E002D0142F237
:103C800064039C423FF419AF40F2AF8142F28503D6
:103C90000120F1E642F27C039A4292D1E7F713FD4C
:103CA00001E0E7F7CDFC42F264039C427FF4DDAE15
:103CB0000F236B700423AB700123E8702B71A5F800
:103CC0000540012300202B7003B0F0BD9DF80730A4
:103CD000CC4803338DF80730E7F7B7FCE3E79DF8EE
:103CE0000730C84808338DF80730E7F7B0FCDAE74B
:103CF000E7F7AFFCD7E7E7F7AEFCD4E79DF807306E
:103D0000C04801338DF80730E7F7A7FCCBE7E7F7AA
:103D1000A6FCC8E7E7F7A5FCC5E7E7F7A4FCC2E700
:103D20009DF80730B74907338DF80730E7F79DFC5A
:103D3000B9E7E7F79CFCB6E79DF80730B1491033C7
:103D40008DF80730E7F795FCADE79DF80730AD48F3
:103D500008338DF80730E7F78EFCA4E79DF80730AD
:103D6000A84902338DF80730E7F787FC9BE79DF8F9
:103D70000730A44902338DF80730E7F782FC92E759
:103D80009DF8073008338DF807308F23EB71C0237F
:103D9000EB7242F264039C4240F01181002087E7FD
:103DA0009DF80730974902338DF80730E7F76DFC2F
:103DB00079E79DF80730934804338DF80730E7F72B
:103DC00066FC70E7E7F765FC6DE7E7F764FC6AE718
:103DD000E7F763FC67E7E7F762FC64E79DF8073005
:103DE000884801338DF80730E7F75BFC5BE7E7F7BE
:103DF0005AFC58E7E7F759FC55E79DF8073081482A
:103E000008338DF80730E7F752FC4CE79DF8073090
:103E10007C4904338DF80730E7F74BFC43E7E7F7BD
:103E20004AFC40E7E7F749FC3DE79DF80730754855
:103E300002338DF80730E7F742FC34E7E7F741FC3F
:103E400031E730464FF6165230F8033B934259D8CB
:103E50004FF60152934206D803F2FF3292B2092A7A
:103E600034D901205DE0A3F57D43023B142BF8D843
:103E700001A252F823F000BF833F0200893F0200F5
:103E80008F3F0200953F0200633E0200633E020046
:103E9000633E02009B3F0200633E0200633E02005D
:103EA000A13F0200633E0200633E0200633E020047
:103EB000633E0200633E0200633E0200633E020076
:103EC000A73F0200633E0200B93F0200A3F57C4316
:103ED000013B092BC5D801A252F823F0133F020081
:103EE0002F3F0200633E0200633E0200633E020079
:103EF0007D3F0200633E0200633E0200593F020024
:103F00006B3F02004FF61D529342AAD1E7F792FB96
:103F100007E09DF807303B480C338DF80730E7F792
:103F20000AFB4FF6025224F00803934298E5002062
:103F30009DF8073040338DF80730324B1880EB790D
:103F400023F0230343F02303EB712B7A23F00303C5
:103F500043F003032B72E4E79DF807302948173339
:103F60008DF80730E7F702FBDBE79DF807302548BF
:103F700020338DF80730E7F71DFBD2E7E7F7F4FAB7
:103F8000CFE7E7F734FBCCE7E7F733FBC9E7E7F721
:103F900032FBC6E7E7F735FBC3E7E7F734FBC0E7DB
:103FA000E7F735FBBDE79DF80730164904338DF878
:103FB0000730E7F72EFBB4E7E7F73AFBB1E703D9A1
:103FC00042F28503002057E5002042F219039C428B
:103FD0001CD842F20C039C427FF63AADA4F5005384
:103FE0000D3B41F241229BB206E00120EDE7A4F532
:103FF0000153283B044A9BB222FA03F3DB077FF507
:1040000071AD55E6FD5C00202F80402042F2320366
:104010009C423FF44DAEA4F50153033B012B3FF608
:1040200061AD45E64FF0FF304EE600BF38B5094CB4
:104030000D4623781BB9BDE83840E7F75CBAA27893
:10404000611C023221F01EFA0020042320702B7024
:1040500038BD00BFF65C002070B505460E46084C22
:1040600020461AF08EFC38B1A36829462046B2B229
:104070001B68BDE8704018476FF0120070BD00BFAC
:10408000BC58040042F2E831014807F065BD00BFAA
:104090003E5D0020322337B50125ADF80430002302
:1040A0001C216846134A8DF80630ADF800508DF893
:1040B0000230E6F7FBF90446C8B917F06BF980B295
:1040C000E5F7CCFE29460C48EAF763FA044670B9D6
:1040D00001462A468520F0F76DFD2A462146E52057
:1040E000F0F768FD2A4621468A20F0F763FD204656
:1040F00003B030BD0D410200FC51002001490248CF
:104100001AF091BE2C520020C8400020F0B50024C7
:1041100085B000AF3B1D7C600A22BC60C7F80B4035
:1041200039600146184621F01CFA0346114802681E
:10413000520713D06D468AB039686A460E4ED16177
:10414000C2E905634FF4007313840C4B42F8103F2F
:104150004FF411512346EDF775F9AD46002383F373
:104160001188BFF36F8F0323184602DF1437BD4653
:10417000F0BD00BFA01000208F0905000400000161
:1041800003460548026812F0060F03D00221034AD5
:1041900012F092BD704700BFB0100020B7090500B3
:1041A00028B1022806D10420034B1B681847024B94
:1041B0001B68FBE7FFF7E4BF3C520020014B0220E5
:1041C0001B6818473C52002028B1012807D1002065
:1041D0000349E5F731BD034B02201B6818477047C0
:1041E000A14102003C520020014B186000207047A2
:1041F0003C52002010B51D48D0E8AF3F23B9062936
:1042000004D8042926D839B1002010BD0729FBD1D4
:10421000403804F087FDF7E750F8203CA0F1400457
:10422000D3E900209047012808D0114B984203D0D1
:104230000223E06384F834300E48E6E742F210735C
:104240002363032384F8343004F1240384F8290021
:10425000A363F1E700F8173C074BA0F11C0140F8FD
:10426000103C4038007EEAF7D5F9CDE780520020B7
:104270001F64660274520020FF3F420F012200219A
:1042800001481AF031BD00BF40520020014BD861F7
:10429000704700BF4052002070B54FF0FF31054617
:1042A0004FF0FF30FFF766F932493348E5F7D4FFA6
:1042B0000446FFF767F9002C0BDA304803685A0709
:1042C00004D0012123462E4A12F0F6FC6FF00B00B9
:1042D00070BD40F201132B4C00222385E369256257
:1042E0006433E36242F2107323636FF0730384F864
:1042F0002420E36304F14005D5E8EF3FC5E8E12F52
:104300000029F9D14FF0FF314FF0FF30FFF732F9BC
:1043100004F12401207EEAF77DF9FFF733F9002349
:104320002046194A04F038FD00282E460EDA1348BC
:1043300003685B0703D00121144A12F0B4FC012387
:10434000D6E8EF2FC6E8E13F0029F9D14FF0FF3161
:104350004FF0FF30FFF70EF9207EEAF73DF9FFF747
:1043600011F9D5E8AF3F13B1064804F03BFDE06B0F
:10437000AEE700BF58520020F54102005C1000205B
:10438000E3090500405200200E720B0036F70400CE
:10439000F0B585B06E4681680546103921F00F04EE
:1043A00012F0A5FD32460A4B03F1100C374618688F
:1043B0005968083303C763453E46F7D110232146A9
:1043C000284612F066FD003818BF012005B0F0BD88
:1043D0008CB0040030B50D46816887B0102302AA66
:1043E0001039044612F040FD002802DA012007B01F
:1043F00030BD1022204602A918F09AF900283AD1BF
:1044000010221E4902A821F06CF800280CBF0123DD
:1044100002232B70204618F085F9012301460DF187
:104420000702204612F020FD0028DFDB9DF8073050
:10443000204603F00F021B096A702B7101220DF157
:10444000070118F075F910B96B78042B03D9012313
:104450006B7000232B71A2682046203A22F00F02D5
:10446000103AA91C18F077F90028BFD12046E91CA2
:1044700018F0CAF9BBE70323CBE700BF8CB00400F8
:1044800013B50C4B0C4603EBC00001A90079EDF706
:10449000A3FA014660B9221E18BF0122019818F044
:1044A000D0F90446019812F0DEFC204602B010BD9F
:1044B0000124FAE7487F0400064BD3F840231C2A66
:1044C00005D1D3F84403431E584258417047002099
:1044D000704700BF00C0FF0003689A070CD503684F
:1044E000DB070DD50922074BC3F80C250F22C3F8B3
:1044F000042501221A60FEE7034B0360EF3B0360D3
:10450000704700BF00801050F000FA5008B501233A
:104510003C4A3D48C2F800383C4AD2F840231C2AA5
:1045200004BF3B4AC2F80C34FFF7D6FF0830FFF750
:10453000D3FF0830FFF7D0FF0830FFF7CDFF00F5BD
:10454000F470FFF7C9FF334AD2F88C3043F440636C
:10455000C2F88C300022D30003F57F0303F54043FB
:10456000D3F8001401310AD0D3F8001439B1D3F8CC
:1045700000140132D3F80434402A0B60EBD1214BF4
:10458000D3F84024002A38D0FFF796FF48B11F4BDC
:10459000D3F83423204B9A429EBF1A4B1F4AC3F8CC
:1045A0004026FFF789FF18B11D4B1E4AC3F8AC2700
:1045B000FFF782FF48B13422124BC3F82426D3F808
:1045C0003C2622F40022C3F83C26174B1149D3F8AD
:1045D0000026D20744BF6FF00102C3F80026032370
:1045E000124AC2F81835D1F88C3043F44063C1F850
:1045F0008C300023C2F8A03508BDC822C3F840247F
:10460000C2E700BF0000125000C50D5000C0FF00FF
:104610000030055000ED00E0001D0A1840E0A91E22
:1046200000A0085078000A0400E0105000B00450C8
:10463000036803F01F025F2B02604FEA53129ABF18
:10464000024B53F822000020704700BF507F040047
:10465000034A4309D35C00F01F001844C0B27047FE
:10466000260A0500F0B50646002487B0114F0191D7
:1046700017F8012B06AB03EBD20313F8143C02F03E
:104680000702D34013F0010306D10134032CEFD10C
:104690000023184607B0F0BD074A03AD07CA85E8F6
:1046A000070055F824100A6A46F824200A62002AF6
:1046B000EBD0EEE7360A0500A0680400F7B5044623
:1046C0000846FFF7C5FF06B204EB4606B38A0D465F
:1046D000DB072BD5204618F00DFA2946204618F0A6
:1046E00079F958B1204618F08BF90022276800B2FA
:1046F00007EB8003C3F81025C3F810252946204690
:1047000018F0A7F9002101A8B1820195FFF790FFE9
:10471000019B00EB8300D0F88020064B134043F050
:104720000203C0F88030084603B0F0BD6FF01500FA
:10473000FAE700BFF0F0FCFF2DE9F043044685B036
:10474000084616461D46FFF783FF0F46804636B3E0
:10475000204618F04AF918B9204618F03BF928BB52
:104760000FFA88F904EB4909B9F8143013F01C0F5B
:1047700002D07378012B19D001238DF80F3000235C
:104780003846CDE90063721CB31C0DF10F0118F01F
:10479000C9F8B9F8143043F00303A9F81430002D18
:1047A00040D03946204618F020F920B96FF01500A6
:1047B00005B0BDE8F0830022297823684FEA810C18
:1047C00003EB8103C3F81025C3F810250FFA88F214
:1047D00004EB4202938A23F4604323F02003938284
:1047E0006E78FEB12468A8786444D4F810550E4B56
:1047F00036042B40C4F8103541F6F07306F4403609
:1048000003EA07130005D4F81055334300F4801071
:1048100003432B43C4F81035938A43EA413343F0F2
:10482000200393820020C3E70FE0ECFF70B590F8FF
:104830007440054690F8756044BB4622214614300A
:1048400020F047FE2146134A2B6852F836608E420C
:1048500012D1002440F20D10C3F84441D3F8442192
:104860000D4A934208BFDB20F0F782F9012320466E
:1048700085F874302B6670BDCAB2920002F5807064
:10488000442A04BF1C501A580131E0E76FF077004A
:10489000F1E700BF5C7F040000A00D5090F87500A8
:1048A000024B03EB800018F024B800BFA40E0020D8
:1048B00010B5064B90F875000C4603EB800017F01E
:1048C000FEFF0028A4BF2070002010BDA40E002011
:1048D0002DE9F04F814659F8043B8BB0D3F81413FF
:1048E00090F8754000936C4BC9B241F4003180469A
:1048F00053F83420009818F0D6F8810305463AD5CD
:104900000023CDE907330993634B07A803EBC403E6
:104910005B6819460193FFF7A5FE042303EBC4036C
:1049200003934FF0000B5D4B0DF11C0A0293029AAA
:10493000594912F8013B0292039A02EBD3028A5CB6
:1049400003F0070322FA03F3DA071AD40BF1010B81
:10495000BBF1030F0AF1040AE9D14FF40031002240
:10496000009818F0A0F8019907A8FFF77BFE00282F
:10497000D7D125F400350124002D75D10BB0BDE849
:10498000F08F474B5B440493DAF800100029DDD028
:1049900091FAA1F1B1FA81F1049B1C7841EA441427
:1049A0002046FFF755FE08EB4000878AC808BB0881
:1049B000059301231AF8002001F0070103FA01F121
:1049C00022EA01020AF8002006A80694FFF730FE4A
:1049D000069A059B203250F82220C7F382065B0717
:1049E0003746C2F3014223D54846D6B221463A465D
:1049F00018F010F806A80694FFF71AFE069B20335D
:104A000050F82330C3F301439E4207D100212046D2
:104A100017F0D1FF3146204617F0CDFF06A80694C7
:104A2000FFF706FE0122069B02FA03F30362ABE7DF
:104A3000022A0DD10321204617F0BDFF06F0050321
:104A4000012BEBD13A462146484617F0E3FFE5E754
:104A500002212046059217F0AEFF032EF2D0059AF0
:104A6000032ADBD1022EECE795FAA5F3B3FA83F320
:104A7000009904FA03F225EA020503F5A27251F83F
:104A8000222008EB43034846B3F86410C2F3014206
:104A900017F0C0FF70E700BF5C7F0400360A050016
:104AA000360A05000123054A83409268134013F03B
:104AB000670F14BF01200020704700BFD006002000
:104AC0000123044A03FA00F0936823EA0003936089
:104AD000704700BFD0060020074B027AD3F81015AC
:104AE00021F001010A43C3F810250268C3F8A42687
:104AF0004268C3F8AC26704700200E504FF0FF32DA
:104B00006FF0404330B5044CD4E90001824273EBAE
:104B10000105F9D330BD00BF40270E5030B50C253C
:104B2000074B1C1894F8544005FB0433C3E90312E7
:104B300018750123034A8340C2F8243330BD00BFF7
:104B4000D006002000200E50F0B53D4D85B02C78E9
:104B5000002C6FD13B4A01AB07CA83E807003A49F2
:104B60001846D1F8102522F00202C1F81025FFF7EF
:104B7000B3FF0723672202F001012144013BCCB2BD
:104B80004FEA5202F7D1052C57D119464FF0010CCC
:104B90002B4E00246720CFB204E00CFA02F220EA88
:104BA0000200013490FAA0F25FFA84FEBE45B2FA28
:104BB00082F2F2D30131327505292A4482F8547009
:104BC00006F10C06E5D10121002420489A0801FADB
:104BD00002F212F0670F18BF1C500433302BF5D1CE
:104BE000E420EFF7C5FF184B1949D3F8102503F55A
:104BF000C07322F00202C3F8902340F6FF72C3F89C
:104C0000A82100221A60A3F5807004338B42026051
:104C1000F8D101240C4B0F4A1C660F4B5D201B681A
:104C2000B3FBF2F358430D4B2343984700202C70FD
:104C300005B0F0BD6FF07700FAE76FF08B00F7E793
:104C4000D0060020AC68040000200E5000210E5059
:104C5000B0210E5040420F00A00E0020806C0400D6
:104C600073B52B4C0546636801A803F001030E469B
:104C7000019317F024FE00283FDB002320753370DA
:104C8000636823F001036360A36843F00103A3603A
:104C9000204BD3F81025900733D4D3F8102542F0D9
:104CA0000202C3F81025C5B1D3F8482712F001025B
:104CB00002BFD3F8481741F00101C3F84817154B5C
:104CC000D3F84017D3F844174900F9D42AB9D3F8D8
:104CD000482722F00102C3F848270F4B0F4A1B68F0
:104CE000B3FBF2F30B4A03EB43136BB1D2F840175B
:104CF000D2F8440710F0804001D102B070BD013BF2
:104D0000F3E76FF07700F8E76FF07300F5E700BFA7
:104D1000D006002000200E50A00E002040420F00C0
:104D20002DE9F8430025224E672374684FF00108EF
:104D3000E443A9461F4F04F06704C7F82833E9B2DB
:104D4000DCB9E420EFF722FF1A4BD3F8482722F012
:104D50000102C3F84827D3F8102522F00102C3F856
:104D60001025D3F8102522F00202C3F810250122E5
:104D70005A669A663470BDE8F8830846FFF792FEDB
:104D800098B10846FFF79CFE736808FA01F2DB430E
:104D900003F06703134208D007EB0113C3F82C9507
:104DA000E30702D5044817F0A4FD64080135C6E7FF
:104DB000D006002000200E50D406002070B51D46FD
:104DC0001446184A9DF81060131893F8543000B236
:104DD0000C3302EBC30142F833404D60C5F31301BD
:104DE000AEB10201104E02F1A04202F56222800033
:104DF000C2F820450644C2F82415336833B1FFF7E2
:104E00007DFEA042A94101D20023336070BD0301A1
:104E100003F1A04303F56223C3F82045C3F824152A
:104E2000F4E700BFD006002000210E50F0B50E4D73
:104E30002B1893F8543000010C3355F8334005EB30
:104E4000C3077E68641800F1A04021F0004146F1DC
:104E5000000641EAC27100F5622045F833407E60E9
:104E6000C0F82815F0BD00BFD0060020F7B5284BCC
:104E7000284CD3F82C6304F188070EB903B0F0BDB9
:104E800096FAA6F00123B0FA80F08340DA43224973
:104E900026EA0306231893F85450830019440C2380
:104EA00003FB0543DB6873B3D7E8EF3F03EA020C6B
:104EB000C7E8EECFBEF1000FF6D1C340DB0719D52E
:104EC000020102F1A04202F56222D2F82435D2F8A2
:104ED0002025D1F800C0BCF1000FCED04FF0000C5F
:104EE000C1F800C00C2101FB054529690091E96862
:104EF0008847C2E705F10C0304EBC30C54F83320D8
:104F0000DCF80430E5E70A68002AB6D00B60B4E7A5
:104F100000200E50D006002000210E50EFF311812A
:104F2000402383F31288BFF36F8F084A137801334D
:104F3000DBB2012B137005BF054A00206FF077002C
:104F4000136381F31188BFF36F8F704726810020B0
:104F500000E01050EFF31182402383F31288BFF377
:104F60006F8F084B18780138C0B2187038B901211A
:104F7000054B596382F31188BFF36F8F70476FF051
:104F80000F00F7E72681002000E0105010B5184B05
:104F9000D3F80443E1040AD5D3F830213AB1002212
:104FA000C3F83021D3F83031124B1B689847A20464
:104FB0000BD50F4BD3F834213AB10020C3F834019C
:104FC000D3F834310C4B1B68984763040ED5084B5B
:104FD000D3F8382152B10022C3F83821D3F8383140
:104FE000054B0120BDE810401B68184710BD00BFED
:104FF00000E010508852002084520020044B40EA08
:105000000120C3F80005D3F80024D207FBD5704770
:1050100000B0045080F08003032BA0F1800203D87D
:10502000054B53F82200704707289ABF034B53F8EB
:1050300020004FF0FF3070476C7F04007C7F04003D
:1050400030B50B4B012493F8625000220823204214
:1050500003D0254208D00132D2B2013B4FEA4404CA
:10506000F5D118460A7030BD6FF01500FBE700BFA0
:105070008C520020054B93F86000431E012B03D98E
:10508000043818BF01207047002070478C52002060
:10509000002010B5154A1649C2F8000591F8614084
:1050A000D2F8043381F860400C6823F033030CB16C
:1050B00043F02303C2F81C01D2F81C41C2F81801C6
:1050C000D2F81841C2F80801D2F8082191F86520F9
:1050D000D00791F8662048BF43F08003D207034A07
:1050E00048BF43F04003C2F8003310BD00500D50DC
:1050F0008C52002070B5002301264FF0FF340D4A7A
:1051000092F8621018B90BB182F8621070BD90FA73
:10511000A0F3B3FA83F306FA03F5043342F83340FD
:1051200002EBC3035C6020EA0500012321EA0501CC
:10513000E8E700BF8C52002073B50023044601AAA3
:105140000E464FF48071019317F02CFE4FF48A71D4
:10515000204617F027FE4FF482710546204617F0CF
:1051600021FE20B11EB115B1144BD3F8343601AA7B
:105170004FF48471204617F015FE4FF486712046D7
:1051800017F010FE4FF48871204617F00BFE0C4B01
:10519000234083B14FF48E75294601AA204617F0AB
:1051A00001FE291F0835204689B2ADB217F0FAFD7D
:1051B000B5F5AE7FF0D1019802B070BD00500D5032
:1051C000C0FF3F002DE9F0410146477A90F8048086
:1051D000857A007AFFF71EFF421C03D16FF015009D
:1051E000BDE8F0811E4C2E1DB8F1010F44F83600C9
:1051F00033D13846FFF70EFF431CEFD004EBC60651
:1052000070604B780A781B03120202F4E06203F428
:10521000805348881343134A02EA004213438A79B1
:105220000020120702F0E04213434A79D20202F44E
:10523000006213430A79D20392B213432A0102F1A6
:10524000502202F55022C2F81835012294F862303B
:10525000AA40134384F86230C2E74FF0FF30CDE735
:105260008C5200200000FF01F0B50025314C059E56
:1052700084F8655084F86650A5602561266084F83E
:105280006300A5832C4CC4F8F015C4F8F42516B3BC
:105290002322C4F8002300254FF0010C254F264E91
:1052A0000CFA05F2024005F1510417D1210106EB79
:1052B00004147250626006EB0514D4F81815013519
:1052C00021F4006141EAC222082DC4F8182507F133
:1052D0000807E5D1F0BDC4F80063DCE7D7E9082191
:1052E000B2F1FF3F23D05FEA123E05BF4FEA521EE4
:1052F00002F01F02A2F5805242EA0E2214BF42F0D1
:10530000004242F080424FEA041E46F80E204A1C3A
:105310000FBF00214A0901F01F0141EA022118BF15
:1053200041F0804106EB04141A466160C3E7002295
:10533000E9E700BF8C52002000500D5070B51F4DA2
:1053400095F86040002C36D10126FF2085F860607A
:10535000FFF7D0FE1A4B1B49C3F80041D3F80021D8
:10536000C3F80441D3F80421C3F81041D3F8102145
:10537000C3F81441D3F814311C239A0806FA02F238
:1053800012F0330F1FBFA3F1AF22A2F57202146017
:1053900012681A1F920806FA02F212F0330F1CBFAD
:1053A0005C505A5808335C2BE7D1D520EFF7E0FB6F
:1053B0000020286070BD6FF07700FBE78C52002062
:1053C00000500D50FC500D50014B93F86200704797
:1053D0008C5200202DE9FF4105460F46164698469F
:1053E000FFF748FEF8B928460DF10F01FFF728FE38
:1053F0000446A0B90D4B3246C3F8F805331E18BF5A
:10540000012339462846CDF80080FFF72DFF084BD1
:105410009DF80F2083F86420022283F86020204644
:1054200004B0BDE8F0816FF00F04F8E700500D50B4
:105430008C5200202DE9FF4707469946FFF71AFED8
:105440008A461446064600283DD138460DF10F0124
:10545000FFF7F6FD054638BB63889DF80F803BB328
:10546000B8F1010F32D8B9F1000F2FD0227863784C
:1054700012B1B3FA83F6760951463846CDF800905A
:10548000FFF7F2FE6388134A0BB143F48053C2F86E
:10549000F835114B83F86480227983F8686083F8CB
:1054A0006720042283F86020284604B0BDE8F08716
:1054B00022786378002ADFD0002BDDD1B8F1010F0C
:1054C00004D80126D8E76FF00F05EDE76FF08505EA
:1054D000EAE700BF00500D508C52002030B51E4A44
:1054E0000446136973BB00F06043B3F1005F2CD135
:1054F00092F86450B1FBF5F305FB131040BB0BB2FF
:10550000002B25DD92F86030052B06D8032B0CD834
:10551000022B0FD06FF0760030BD062BFAD10F4B67
:105520004D00C3F82C46C3F8305693683BB1C2E92E
:105530000441F1E78D420BD1C2E90245ECE7C2E933
:105540000241E9E76FF07700E6E76FF00C00E3E770
:105550006FF00600E0E700BF8C52002000500D50B5
:105560002DE9F341564CA368002B00F0A58094F878
:105570006020022A06D0042A37D06FF0760002B0ED
:10558000BDE8F08101204F4AC2F80005E1682568B6
:1055900081404DB1032584F86050C2F82C36C2F822
:1055A000301610600020EAE7C2F82C36C2F8301638
:1055B000106000210120FFF7BFFD0028F9D0012372
:1055C000404C414D636029460220FFF7B5FD00289D
:1055D000F9D00023C4F80831D4F80821C4F80C31FC
:1055E000D4F80C21C4F80035DCE70120354AC2F8B4
:1055F0000005216839B1052184F86010E168C2F81E
:105600002C368140CBE794F86410A58B019103EB15
:10561000450349000093C2F82C36C2F830161060DA
:1056200000210120FFF788FD0028F9D094F86830A8
:1056300063BB0123234D6B6069460220FFF77CFDAD
:105640000028F9D00023C5F80831D5F80821C5F89D
:105650000C31D5F80C21A18B94F864200A44E16840
:1056600092B28A42A28321BF174AA383D2E90201E0
:10567000C2E900014FF0000224BF23611846114B1C
:1056800038BF6FF00F00C3F8002578E74FF001082E
:1056900000260C4FD7F8F455EDB208FA05F5013D98
:1056A000B542C6D9C7F8048000210420FFF744FDA5
:1056B0000028F9D00136F3E76FF00B005FE700BF79
:1056C0008C52002000500D509452002070B50246BC
:1056D000FFF7D0FC002854D12B4E2C4C96F86030AC
:1056E000726086F86130072386F860300123C4F8C1
:1056F0000035D4F80453C4F80003E3603AB125F050
:10570000C00545F033050020C4F8005370BD0021EA
:105710001020FFF711FD0028F9D00023C4F8043150
:10572000D4F804311A4BC4F82C360423C4F83036AC
:105730000123236000210120FFF7FEFC0028F9D09F
:105740000123124CA36000212020FFF7F5FC002864
:10575000F9D00023C4F80431D4F80421C4F8083186
:10576000D4F80821C4F8003596F8612086F8602046
:10577000C4F81C31D4F81C21C4F81831D4F81831FD
:10578000C1E76FF00F00C1E78C52002000500D50B0
:10579000A45200207FB533206549FFF7CDFC10F0FF
:1057A000100F0546624E0BD01022624BC3F808233F
:1057B000B218C3F82C260422C3F8302601221A603E
:1057C0005D4CAA0694F8603010D5072B07D0594BD2
:1057D000D3F83436C3F34E03E36000232361554B03
:1057E000D3F80433DB0601D5FFF752FCA8071AD51E
:1057F0000023A16894F860200291E168062A8DF8E0
:105800000430ADF80C101AD0072A39D0032A0AD177
:10581000484AC2F80035C2F80035022384F86030E7
:10582000236801A89847E90752D594F86030033BF4
:10583000042B4DD8DFE803F05D4C2B44610094F855
:10584000673023B1236913B101223A4B1A602368F0
:1058500001A89847394B93E80300002386E803002A
:105860002361A368002BDED1324AC2F80035C2F8AA
:105870000035042384F8603005238DF80430CFE729
:10588000FFF706FC02238DF804306368C9E70423A0
:1058900001A88DF8043023689847264BD3F8F825E3
:1058A000D20444BF01225A600623216984F8603083
:1058B00031B163691F4A5B00C2F82C16C2F830365A
:1058C00023692BB9032301A88DF804302368984776
:1058D00094F86030072B0AD0164B1948D3F80433DC
:1058E00000211840FFF728FC012685094DB904B0B6
:1058F00070BD01220F4B5A60EAE701220D4B9A60FE
:10590000E6E795FAA5F3B3FA83F306FA03F225EA7C
:1059100002055A08DB4303F001038DF809308DF8C6
:10592000046023688DF8082001A89847DEE700BFCF
:105930009452002000500D508C5200209C520020A8
:10594000C0FF3F00184A11F0805F30B5174C18BFF8
:105950001446036883EA010525420DD043F3090488
:10596000013409D001EA0204114A1A4042F09F4270
:1059700042F4E002944203D100230360012030BDD1
:105980000A0D02F4E064B4F5806F05D1C3F38924F5
:10599000C1F389218C4201D20020F0E752B203EB1F
:1059A00082230360F8E700BF00FCFF7F00FC0F705C
:1059B00000FC0F002DE9F04F064687B03C309146C1
:1059C0000F469A46D1E90383059317F04DFAC9F3C0
:1059D000892B044680B1BBF1000F79D0F36BCAF379
:1059E0008922C3F38923934204D16FF0010007B0E9
:1059F000BDE8F08F6CD2374C059D284617F011FAA0
:105A0000031D4345F1D80423A8EB0008039305AB1D
:105A1000CDE901833B6832460093002104233046E0
:105A200017F063FA0028E2D1059B1BBA6B4023F004
:105A300000430593BBF1000F1ED02A0D02F4E06372
:105A4000B3F5806F18D1AAEB0403C3F38920C5F323
:105A50008921884210D323F07F4323F4700323F479
:105A60007F7323F0030343F0804343F48013AB427E
:105A7000BBD052B204EB8224AAEB0401694011EAC4
:105A80000901B9D145F309030133AED0129BC5F327
:105A90000909994528BF9946119BCDF80C900293AE
:105AA000109B32460433434401933B6830460093D5
:105AB0004B4617F01AFA002899D1129B0146A3EB26
:105AC0000902119B03EB09001FF003FD60198EE72B
:105AD000002491E700FCFFFF30B587B003AD14460A
:105AE000084B094A009517F0B9FA002804DA831C1C
:105AF00000D1002007B030BD2946204617F09BF9A1
:105B0000F7E700BF0C00F07F0000F07F70B5084E93
:105B1000044631461FF002FD3146054620181FF0AD
:105B200046FD0444605DB0FA80F0400970BD00BFDE
:105B300091B80400F0B503F1080C1C4640F2FF33A5
:105B40009A4205460E4685B008D160461A49E8F7E4
:105B500021FF02232370002005B0F0BD036F9702E0
:105B6000013343EA8223CDF800C0144A17F076FAD5
:105B70000028F1DB000D02AB2070009347F00053CA
:105B8000314628460E4A43F0080317F067FA00280A
:105B9000E2DB40F20223B3EB105F4FEA105202D176
:105BA000039B6360D7E740F201239A42D3D1C0F34D
:105BB00009006060CFE700BF91B8040000FC0F78D7
:105BC00000FC0F702DE9F04F00248946A046ABB0D1
:105BD0000493CDE90A44BDF8E030BDF8DCB0BDF96E
:105BE000E4A006900593049817F01BF9D9F80C303F
:105BF00087189F4264D20423039309ABCDE9017354
:105C0000069AD9F80030002100931046042317F0BB
:105C10006CF9002840F01881099B049A1BBA5A407D
:105C200042F0004309930493D9F800300AAE0A9376
:105C30003B1D0B930999369B81EA08021A40844B5D
:105C40001A403BD1369BC3F38923002B00F0A1807F
:105C50003C256543049805F1A8036B4443F8700C98
:105C6000349823F85CBC43F86C0C359823F858AC96
:105C700043F8680C3698924643E9190893469046D3
:105C8000059843F8486C23F85A0C3A9843E91E9754
:105C900043F8540C3B98013443E91401DDE90A014F
:105CA000443B83E8030005F1A8030DEB0305A5F1D0
:105CB0004C033B93674B36923A9305923A4692E7F0
:105CC000359B002B40F3BE80349B17461B6809931D
:105CD000349B5E6808333493359B013B3593A9E7C9
:105CE000B2F5817F1CD10025099BC3F309029542BF
:105CF000E4D2B168C3F38923534441EA8321337862
:105D0000726803F5407341EA0351DDE93A30984780
:105D10000028C0F2998006F10C06CFD10135E3E7E7
:105D200003EB8A213246DDE93A3098470028C0F279
:105D30008B80C3D0002C00F087803C232AAA013C32
:105D400003FB042353F8702C53E91101049253F818
:105D50006C2C53F8608C349253F8682C33F85CBC8C
:105D6000359253F8642C33F958AC369233F85A2CE8
:105D700053F8486C059253F8542C53E91E973A9205
:105D800053F8502C3B9253F84C2C09920AAA82E803
:105D90000300369A099BC2F3892232B1C3F38922E8
:105DA0005A458BD305998A4288D2C3F30A52002AF6
:105DB00084D040F201118A4292D1264A07933A9B3D
:105DC00093423FF47BAF3C222AAB02FB0435002117
:105DD000A5F178001FF07DFB049B25F85CBC45F81D
:105DE000703C349B25F858AC45F86C3C359B45E934
:105DF0001E9745F8683C369BB14645E91938059B26
:105E00004FF0005825F85A3C3A9B002745F8543C7F
:105E10003B9B013445F8503C079BC3F3090BC3F38C
:105E20008923A3EB0B0353440FFA83FA00230BF1EE
:105E300001020592084A3493CDE935324FF0FF3321
:105E400004933BE7002075E72BB0BDE8F08F00BF5F
:105E50000000F07F4559020000FC0F602DE9F04F73
:105E6000984685B0836E0F9C119EDB691546A2197A
:105E70009A4207468B464ED86FF0010A002E48D052
:105E800008F1FF392B68E868023318D1D5E901130E
:105E90000B449C4213D28C4211D3A3EB0409B145AD
:105EA00028BFB146611A01444A4610981FF0EAFA29
:105EB000109B4C444B441093A6EB0906DEE7C5F853
:105EC00000A0BB6E5B69B4FBF3F203FB1242A21AA3
:105ED0006A60D7F868C0DCF814E009EB0E032344CD
:105EE000B3FBFEF10EFB11315B1ADCF828108B427C
:105EF00028BF0B465946AB60CDE9010300923846F6
:105F00000E9B064AFFF756FD0028BBDA05B0BDE838
:105F1000F08F3046FAE76FF05300F7E700FCF7FF29
:105F20002DE9F04F97B004AF7B60C36E1446064670
:105F30000D46126833B1934240F2CD8061688B42C6
:105F400040F2C98000214FF0040907F12803C7E996
:105F50000A113046CDE9011300924B463246CDF886
:105F60000C9016F0C2FF804610B110F1540F5DD1B5
:105F7000CDF80C904FF0000907F12C030293CDF8F7
:105F8000049063683246009349460423304616F075
:105F9000ACFFFB6A804600284DD010F1540F45D16C
:105FA000494654F821304FF0FF382B6081F001034F
:105FB000BB6054F823306B6007F1480303EB8101A9
:105FC00051F8203CAB600023EB6002237B614FF073
:105FD000FF340422204605F10801C7E90C4402F011
:105FE0004DFA0023C146A246C7E903333862BB61BC
:105FF000FB61504616F015FF0422FB6900210344A3
:10600000FB61B36E039207F124020292FA693046F3
:1060100001922A680092DB69324616F066FF044658
:1060200098B114F1540F00F03D81A04640464C3722
:10603000BD46BDE8F08FBA6A9B1A002BD4BF002181
:106040000121AEE701237B61C1E70422386A07F131
:10605000240102F013FA7B6A38621BBA8AEA030B46
:10606000BBF1000FC7F824B038DA4FEA1A5A0AF425
:10607000F06AAAF5A06044424441EB68002B40F06E
:106080001381D5E90031B86807F1480202EB8002BC
:1060900052F8202CC5E90013AA607A69012AD1D1EF
:1060A000A7480268520716D06C468CB004AAA54DCA
:1060B000536255614FF40073A34D1385956140F20F
:1060C0006A55A24BC2E907514FF4515142F8103FB3
:1060D00017F081F8A5466FF05308A7E7584616F069
:1060E000A0FEB36EDA69FB69C3189342C5D8F9699B
:1060F0002B6801F1040A4FEA1B5101F4F061B1F57C
:10610000A06F37D10421039107F14001CDE901A12E
:106110000093214613463046324616F0E6FE04460A
:1061200000287FF47EAF3A6C3B6A9A4240F0BA8016
:106130007B6A04221B0DF06A07F120018BEAC37B06
:1061400002F09CF9F062786A16F06BFEFB69184465
:10615000BB69C5E9030BAB823B6BAB617B6BEB614E
:10616000FB68EB754FF0FF333B624B46C846DA469F
:1061700099463EE707F120010438CDE900A00291DD
:106180003046314616F0AAFF044600287FF449AF96
:106190007B6A2868190D11F4E06C1ED1BA69C3F34B
:1061A00089239A4201D80133BB61796A3B6F7868D1
:1061B0004B4003402A683B600CD1D7E91E30C7E949
:1061C000102A07F140029847041EFFF62AAF7B6AA7
:1061D00055D199464B46C146C8E7BCF5806F1DD1E5
:1061E000BA6948B242FA81F18AB2BA61584A09EAF8
:1061F000020242F09F4242F4E002934202D149F08F
:106200000049D2E7B9F1FF3FCFD0C9F38922C3F3E8
:1062100089239A42C9D309EB8029C6E7BCF5C06F30
:1062200014D1082201F00103FB60B36E039207F161
:106230003002CDE901A20090214632463046DB69AA
:1062400016F053FE04460028AFD0EAE640F2FF53B2
:10625000C1F30A029A42A8D10822B36E039207F151
:106260003802CDE901A20090324621463046DB6972
:1062700016F03BFE543015D001233B6195E7354ABB
:1062800089EA03010A4052B1022CA3D1C9F3892241
:10629000C3F389218A429DD343F000499AE74FF026
:1062A000FF3997E70024E8E60022AA751CB3B16E17
:1062B0008869B3FBF0F200FB1232E2B93A69D2B15D
:1062C0004FF0FF323A6407F140020292BA6B304657
:1062D000CDE90032CA692B68314616F0FFFE20B1C5
:1062E00010F1540F01D08046A0E6D7E90F32991A79
:1062F0004B424B41AB75294606F13C0016F0B4FD0C
:1063000000283DD0F36BC8F38922C3F389239A4256
:1063100022D17A6F48F000433AB1A98AC3F38922A7
:106320008A4228BF0A46796F0A80AA8AC3F3892362
:106330009A4294BF4FF000086FF0010876E600BF64
:106340007C100020390A0500630A050006000001E0
:1063500000FC0F0000FCFF7FB8F1FF3F0CD17B6F0A
:106360003BB140F2FF32AB8A934228BF13467A6FAB
:1063700013804FF0FF33D8E79A4288BFA8F58068B2
:106380007A6F43463AB1A98AC8F389228A4228BF64
:106390000A46796F0A80B8F1000FBFF647AEC4E72E
:1063A0002DE9F04F8DB00693036A15688B61436A3F
:1063B0008046CB612B780E460492002B00F087803C
:1063C000464C230D022B059304D1284644491FF067
:1063D000EEF80544284642491FF0A0F80128074678
:1063E00006D12B782E2B0CD105F101094D46E8E79B
:1063F000022806D102463B4928461FF072F80028C1
:1064000065D005EB0709CA464FF0010B50463449E9
:106410001FF0CDF88244504631491FF07FF8024604
:10642000C8B1012805D19AF800302E2B10D1924422
:10643000ECE702280CD107902A4950461FF051F88A
:10644000079A28B9BBF1010BF1D10AF10209CDE796
:106450000BF1010BEBE72B78002B34D0049B1D6074
:10646000059B022B36D140F2FF33C4F389249C42B2
:1064700006F1180A1BD10DF1240B1B4B5246029357
:10648000069B3146CDE9007340464FF0F043CDF80E
:106490000CB0CDE909850B97FFF742FD041E12DB16
:1064A000A4D1F37D002BE8D16FF001040BE00F4B7A
:1064B000314643EA842340460D4ACDF800A016F049
:1064C000CDFD041ED7DA20460DB0BDE8F08F6FF089
:1064D0001504F8E76FF01304F5E700BF00FC2F0088
:1064E00091B8040061F304009DD10300080000206E
:1064F00000FC0F7098B50F4800AF036813F0060F4B
:1065000014D06C468AB06A460B4B4FF4125153615B
:106510000A4B936141F27813D3614FF400731384F3
:10652000074B42F8103F16F056FEA5466FF0530099
:10653000BD4698BD7C100020890A0500630A05004D
:10654000040000012DE9F04F0123144600228FB012
:10655000C4E906231A4B0AAD06460F460FCB85E861
:106560000F00DFF86090DFF860A0DFF860B004F1A2
:106570001808404616F03AFC034610B16FF00100CF
:106580001BE029462046059316F035FE002814DB53
:106590003A68059B08927A682146099207AACDE9D4
:1065A0000292CDE900A342465B4630460796FFF7CC
:1065B000B7FC0028DBD0831CD9D00FB0BDE8F08F2A
:1065C000B868040075D0030008000020FF03F07FC6
:1065D0002DE9FF411446012300226D46C4E906233C
:1065E000134B06460F460FCB85E80F0004F1180841
:1065F000404616F0FBFB10B16FF0010011E0294698
:10660000204616F0F8FD00280EDB3946404616F00D
:10661000F7FB30B142462146304616F0DFFD002838
:10662000E6D004B0BDE8F0816FF05300F9E700BF99
:10663000B86804002DE9F04F9046CE6A4A6B0746D1
:10664000B2420C4685B05CD2B61A9E4228BF1E46A6
:10665000B146DFF8B4B001F1400AB9F1000F01D141
:10666000304618E0226B510304D5BB6EE16BDB6949
:1066700099421BD1D202636B10D404F13C02029206
:1066800004F13802CDE900325146D4E90A233846F4
:1066900016F0F0FD30B105B0BDE8F08F6FF00102EB
:1066A000C4E90E23236B43F480232363BB6EE26BA8
:1066B000DB69216B9D1A4D4528BF4D4611F48011B1
:1066C000CDE90285019215D0A28838464BEA822294
:1066D000009204F108015246FFF7C0FB0028DAD10E
:1066E000636BA8442B446363E36BA9EB05092B445C
:1066F000E363B2E7A26B38460092524616F0F5FB10
:10670000ECE70020C7E700BF000010202DE9F04FA4
:1067100095B004460D46164600211C220CA8059390
:106720001EF0D7FE012340F202291393494B08AF14
:106730000FCB87E80F0012A816F058FB20B1A76A0C
:10674000002F56D1384642E039460CA816F053FDCA
:1067500000287BDB30461299A847002837D1304605
:106760001399A84798BB204612AA0CA916F036FD2B
:1067700068BB8046DFF8E0A0DFF8E0B0BDF8442059
:106780001FFA88F39A42D6D906AA0AEA8823009209
:106790002046334A43EA0B030CA916F05FFC00289D
:1067A00004DA831C13D108F10108E7E7B9EB105FA5
:1067B0004FEA10530ED1079B22460093002120463A
:1067C000CDE90156069B16F09EFD0028EBD015B0D2
:1067D000BDE8F08F059A002AE5D0B3F5007FE2D13D
:1067E00030460699A8470028F1D130460799A847B6
:1067F000EBE7BB79012B01D03F68A1E73B6B03F4CA
:106800008813B3F5803F13D03B6B03F49013B3F5BB
:10681000003FF1D1CDE901567B6B22460093204623
:10682000BB6B07F1400116F06EFD0028E4D0CEE707
:10683000CDE90156FB6A224600932046BB6A07F168
:10684000400116F060FD0028DED0C0E76FF0530075
:10685000BDE700BFB868040000FCFF03080000208B
:1068600000FC0F7038B5C26D436D00251344C26E35
:106870000446B3FBF2F102FB1133826E4365C5653A
:10688000D36A016EDB008B4294BF83658165D26A57
:106890002946406E1EF01DFE012322462046044973
:1068A000FFF734FF18B1E36EC4E91655236638BD0F
:1068B00085CE0300B0B504460D4600AFA16DE36D73
:1068C0008B4209D3226E002A4ED12B480268520710
:1068D0002CD16FF01B0021E0606EDA08825C03F0BF
:1068E0000700C240D0071BD4626D1344E26EB3FBB5
:1068F000F2F102FB11332B60A56DE36D226E0133C3
:10690000013AAB42E365226634D2616EDA08885CF4
:1069100003F00703D84010F00100EED1BD46B0BD32
:106920000133E365236E013B2366C8E7626D1344C0
:10693000E26E6C46B3FBF2F18AB002FB11336A4699
:106940000E4951610E49916140F2C221C2E907131B
:106950004FF4007393840B4B4FF4315142F8103FC6
:1069600016F039FCA546B4E72046FFF77BFF002868
:10697000A4D0D3E70020D1E77C100020AC0A0500AA
:10698000630A050005000001002307B5044901AAB8
:106990000193FFF7BBFE00B9019803B05DF804FB5B
:1069A000E1CE03002DE9F04F04460D4687B02046A6
:1069B00005A9FFF77FFF064658B9DDF81480A06EE1
:1069C000414616F017FD0646002853D010F1540F2B
:1069D00056D0304607B0BDE8F08F2A6B0DF1130A90
:1069E00012F4801FCDE9017AA3EB0703CDF80C90D8
:1069F0001CD0AA882449204641EA8222009205F14F
:106A000008015A46FFF72AFA70B9012322462046A8
:106A1000CDE902A9CDE9008704F1100116F0A2FD2D
:106A200060B110F1540F2BD00646D2E7AA6B59463D
:106A300000922046224616F058FAE5E70137EB6B44
:106A4000BB42CAD8A36EE1699A6AE86C1EF01AFDCF
:106A5000236904F110012B6463696B64A369AB645F
:106A6000A06E16F0C9FC2B6BC5F8388043F40033D8
:106A70002B63AEE707464FF0010905F1400BDEE757
:106A80004FF0FF33236192E7000010202DE9F04F13
:106A90000D46816E6B688A69C9691433571E8B4233
:106AA00094BFFF187F184FF0000AB7FBF2F30446BB
:106AB000D1466FF0030B02FB13738BB0FF1A6E68A5
:106AC000BE4219D34FF0FF322B690892A9EB0302A3
:106AD000CDE9003208AE0296214620462B6809F126
:106AE000040216F0FBFA002847D1089B534500F03A
:106AF000B2806FF0530040E040F2FE32ABEB060391
:106B00003B440436934294BFF618B618BE424FF089
:106B1000FF0335D38DF81F30A26ED2E90632D21AA8
:106B2000964236D8012203920DF11F02CDE901628F
:106B30002A68002100922046224616F0D6F910B1AC
:106B400010F1540F19D1A36E21469A694FF0FF330B
:106B5000099309ABCDE90123009620462B680892E2
:106B600016F0BCFA10B110F1540F06D12946204698
:106B7000404A08AB16F084FE58B10BB0BDE8F08F68
:106B8000A7F11402964228BF1646BE428DF81F3068
:106B9000C2D29DF81F206B68D243ABEB0308C2F34F
:106BA000C01202F5A062B04448EA0258AB6848F44B
:106BB0007F2848F4406888EA03031BBA089308ABAF
:106BC00019460422E86801F059FC082208ABE86085
:106BD000039202936B68099001932B6804F11001F2
:106BE0000093224600232046059116F0BBFC0028A6
:106BF000C3D10599B9F1000F04D16B68D5F80CA089
:106C000003F104099DF81F30BE426FEA03034FEA07
:106C1000036303F0004383EA0803AB604FF0FF33E4
:106C20006E60EB6006D2A36E62699B6A13449E425B
:106C3000FFF445AF4FF0FF33224623602046002388
:106C400016F054FC002898D1A06E036998470028DC
:106C50003FF435AF91E70422CDE900920296214638
:106C600020462B6816F03AFA002886D1089B002BA4
:106C700083D03EE708FCFF5F2DE9F04F99B008AFE5
:106C8000C7E90132B7F870308A68FB60836E04464A
:106C90005B6A0D46002BB7F86C9002F101025CDDD7
:106CA000013343F00103B2FBF3F103FB1123002B8B
:106CB00053D101262846AA60BB62FE6207F1280173
:106CC00016F09EF8C8B9B046002600234FF0FF32F8
:106CD0006968C7E90B32C7E90D23A06EB962C36CBE
:106CE000002B41D0083BFB6316F084FB00283DD00D
:106CF00010F1540F40F0C68046464FF0FF334FF07E
:106D000000084FF0010A2846C7E90A8A236107F103
:106D1000280116F075F8002840F0B8806248036832
:106D200013F0060F16D06C468AB06B6808AA5F494C
:106D300051615F49916140F63D01C2E907134FF48B
:106D4000007393845B4B4FF4325142F8103F16F0BE
:106D500042FAA5466FF01B0094E04FF00008AA60CD
:106D6000B2E780465646B0E7C369BBE707F1280A99
:106D700004235146204605F1080216F062FD002862
:106D8000B6D107F11403C7E9054A07934A4B0246F7
:106D90000693C9F100031BB20593FB682046CDE9B9
:106DA0000393464B02937B680193BB680093B96ED3
:106DB0004FF0FF33FEF706FF002899D105F11801C7
:106DC000084616F013F860B9EA7D0B463C4902F517
:106DD000C06241EA02522046514616F051FD002899
:106DE00086D10023C7E907337B624EB904F13C0129
:106DF00007F11C0016F01FF804F1300116F01BF823
:106E000004F1480B07F11C00594616F014F8FB6911
:106E1000024623F47F7323F0030329462046FB61D7
:106E2000FEF75AFE70BB07F11C0016F011F848B9C6
:106E300051462046234A07F11C0316F021FD002885
:106E40007FF456AF51462046FFF720FE00287FF41E
:106E50004FAFD5E90032C5E90023FB68A3EB090970
:106E6000FB6AA5F81490EB603B6B2B61A064CBE947
:106E7000010036B904F13C03303494E8070083E89C
:106E8000070030464437BD46BDE8F08F2046291D37
:106E9000FFF710FD00283FF464AF10F11C0FF1D193
:106EA000002E3FF457AF10E77C100020CB0A0500FE
:106EB000630A0500050000012BD9030000FC0F4008
:106EC00008FC0F000CFCFF7F2DE9F04F40F2FF4C57
:106ED0000D469B46002140F2014499B008AFFA608C
:106EE000BA6ED7F86C80064603EBC200984240F0B9
:106EF000AB80002940F0CB80AB7D002B40F0E180DF
:106F00004FF0FF333361B5F814904FF00008A9EB50
:106F1000080ABAF1010F00F27981B8F1000F33D0FD
:106F20001FFA88F8CDE9018900955A46294630466E
:106F3000BB6E16F0B1FD0446002800F0548110F13C
:106F40001C0F7DD1A948036813F0060F1CD0D5E9AA
:106F500000136C468CB008AADFF894C25362C2F8E2
:106F600014C04FF40073DFF88CC21385C2F818C048
:106F700040F6910CA04BC2E907C14FF4525142F8C0
:106F8000103F16F028F9A546B36E5A6A002A4BDD69
:106F9000AB680132013342F00102B3FBF2F102FBB4
:106FA0001133002B40D14FF001082846BB62C7F8CF
:106FB0002C8007F1280115F023FF8246002833D1E9
:106FC0003046FFF7E1FC041E6FDBF36E1C1BB4EBD5
:106FD000D30F29D9CDE901A900955A462946304653
:106FE000BB6E16F059FD0446002800F0488110F1F0
:106FF0001C0F25D17D48036813F0060F14D06C4692
:107000008AB008AA7D4B4FF412515361794B9361BA
:1070100040F6B103D3614FF400731384784B42F808
:10702000103F16F0D8F8A5460023CDE90053CDF85F
:1070300008905A4629463046BB6EFFF71DFE0446AF
:10704000002C80F2B48030E01A684FEA125EC2F37E
:107050000A52A24204D1AA8A0132AA82083345E721
:10706000624504D1AA8A0121013AAA82F6E70EF408
:10707000E06EBEF5C06FF1D15A681268AA615A6815
:107080005268EA611A68C2F30052EA75E6E7AB8A11
:10709000002B7FF431AF424629463046FFF798FA7D
:1070A000044638B1831C3FF427AF20464437BD4621
:1070B000BDE8F08F98F81730002B3FF41DAF022485
:1070C00075E04FF0FF312B68EA68BB62C7E90D122B
:1070D0002B69B06EFA623B63C16C09B30839F9637E
:1070E00007F1280807F114017E61C7F8188007919D
:1070F0004449304606910021CDE90411CDE9021141
:10710000B96ECDE900B12946FEF75CFD044648B1F1
:1071100014F11C0F3FF4F4AE14F1540FC5D1EFE697
:10712000C169DBE706F130094946C7E90700786223
:1071300007F11C0015F07FFE06F13C03194606F12D
:10714000480ABB6015F077FE514615F074FEFB69E6
:1071500023F47F7323F00303FB6115F079FE90B9EC
:107160002946304607F11C02FEF7B6FC044600280B
:107170009BD141463046244A07F11C0316F080FBA0
:1071800004460028C4D141463046FFF77FFC044640
:107190000028BDD1FB6AEB603B6B2B6106F13C0321
:1071A00099E8070083E80700B464CAE90144FB6872
:1071B000D6F828801B68BB62FB685B68FB6206F13F
:1071C0002003BB60B8F1000F3FF46FAF08F108096E
:1071D000484607F1280115F013FE8246002850D0DA
:1071E000D8F80080EEE7C1468FE600BF7C10002093
:1071F000F80A0500630A0500060000011C0B0500E3
:10720000040000012BD903000CFCFF7F0023BB62AC
:1072100007F1280307934F4B1FFA88F20693534256
:107220001BB2CDE904934C4B03920293BB6E002238
:10723000CDE900B329464FF0FF333046FEF7C2FCDC
:10724000044600287FF4FCAEB36EDA6C02B9DA694A
:10725000BAF1FE0F10D89869431E03EB5203B3FB3B
:10726000F0F100FB1131283A5B1A934228BF134614
:10727000BA6A9342BFF451AE08EB5A0847E6C146DA
:10728000D2E6CC46AE46BEE80F00ACE80F009EE862
:107290000F008CE80F00FB68994508D040F2FF41D1
:1072A00040F20140BA6EB8F8043092451ED108F1A0
:1072B000200AB8F80420B8F81C309A4290D398F805
:1072C0001F1000298CD05046B9687B6015F098FDDE
:1072D00018B17B68D21AA8F80420524649463046B5
:1072E00015F07CFF0028E4D00446DEE65BF83A2087
:1072F000C2F30A5C8C451CD1C2F389229A420AD19E
:1073000098F80630022B03D04FF0FF33C8E9023360
:107310000AF1010AC6E7FBD2013BA8F8043098F84D
:107320000630022BF4D1D8F82830013BC8F82830B9
:10733000EEE78445ECD1C2F389229A42E8D80133C2
:10734000A8F8043098F80630022BE1D1D8F828309C
:107350000133EBE7B1CE030000FC0F402DE9F04F05
:107360000546884691469A46866A9DB0002E60D1B1
:107370004646D8F800300CAC0493D8F804300CAF73
:1073800005930FCE0FC496E80F0014AE84E80F00EB
:107390004B46424639462846CDE900A6FFF794FD04
:1073A000041E71DB404604A915F02AFD48B9C44605
:1073B000BE46BEE80F00ACE80F009EE80F008CE868
:1073C0000F00022C2CD14146284605F14802FEF759
:1073D00083FB0446002857D1149B98F81720049388
:1073E000159B02F5C06205939C4B019043EA025342
:1073F000089308F1180309930123314600932846A6
:1074000008AB04AAFFF760FD041E3DDBBC46B64690
:10741000BEE80F00ACE80F009EE80F008CE80F00FC
:107420004FF0000A012C40F0B78005F120030393D0
:1074300090E006F10800404501D1366896E74146E4
:1074400015F0DEFC0028F8D1B379012BF5D1336BB0
:10745000D902F2D5AB6EF26A9B6A9A42EDD9736B90
:107460003146F363EB6E28462B66FFF79BFA044622
:1074700050B9336B314623F480132846336316F03A
:107480005AFA04460028D8D020461DB0BDE8F08F37
:107490000BF1080104A815F0B3FC08B9CBE90224EC
:1074A0009BF80610022907D10BF12C0104A815F056
:1074B000A7FC08B9CBE90B24DBF800B055E00121AB
:1074C000284615F0FFFC8446002875D1314605F1A9
:1074D000300015F0C9FCDDE91498C0B1296BC4F384
:1074E0008923C1F3892221F0FF4121F4FF0121F416
:1074F000F8419A42C5E90C1BC5F838B052D2CDE923
:107500000698A4F58064564B43EA822202E0CDE956
:10751000069800220023CDE9093401930223089242
:1075200000933146284608AB06AA0B97FFF7CCFC20
:10753000B0F1000C40DBBCF1010F3AD13C46B6463D
:10754000E246BEE80F000FC49EE80F0084E80F007B
:10755000CDE90498039904A815F052FCDDE90C2448
:1075600008B9C5E90824D5F828B0BBF1000F8FD1C0
:107570003246284604A9FEF7E5FF041E9FDAA21C46
:1075800082D1D8463246284604A9FFF721F804469E
:10759000A0B1831C7FF478AFBAF1000F0CBF0024B8
:1075A000032471E740F2FF339A42CDE90698AAD14D
:1075B000AFE74FF00108E5E7644665E72B6BC3F3DF
:1075C00009036BBB314605F1300015F04DFCDDE9D8
:1075D000144170BB002308939DF86730CDE9044146
:1075E0001E4903F5C06341EA03530022CDE90A377F
:1075F00002230992019200933146284608AB04AA5F
:10760000FFF762FC041EFFF63FAFBC46B646BEE87D
:107610000F00ACE80F009EE80F008CE80F0001E7B8
:107620002846C8F1000115F04DFC04460028C9D0D9
:107630002AE72A6BC2F3892322F0FF4222F4FF02D9
:1076400022F4F8422A630022C5E90D2240F2FF32FB
:107650009342BFD0024A42EA8323BCE708FC0F00F2
:107660000000F04F2DE9F0430446006B8846C0F35C
:107670000900A1B0002800F0A7800025DFF8509194
:107680001C22002108A81DF024FF012300278DF8EB
:1076900037300F930EA815F0A9FB20B1002F00F092
:1076A00087800025ECE720460EAA10A915F096FD6C
:1076B000002840F089809DF8373043B9204618AA49
:1076C0000EA9FEF73FFF00280CDB002D2FD008AEDF
:1076D0000DF1400CBCE80F000FC69CE80F0086E8D7
:1076E0000F00D7E7811C6FD1002DF0D0B8F1000F4B
:1076F000EDD0204604F1480210A9FEF7EDF900286C
:1077000062D19DF85720334B02F5C06243EA025321
:10771000049316AB05932046012304AA08A9FFF79A
:107720001DFE002850DB032808BF4746B2E702AE23
:1077300003464A462046009618A915F08FFC0028FB
:1077400042DBDDE90E320299994202D10398904260
:10775000BDD0914202D1039A9342B8D008A904F156
:10776000300015F081FB90B90023002204931A4BDE
:107770002046CDE9052308A9022304AA0796FFF7AE
:10778000EDFD002820DB032808BF012782E7216BDD
:10779000124BC1F389220B4023630023C4E90D334C
:1077A00040F2FF339A42DFD00D4B43EA8223DCE7FD
:1077B0000DB9012564E72046216B494249B221B049
:1077C000BDE8F04315F07EBB21B0BDE8F08300BFFB
:1077D00000FCFF7F08FC0F0008FC0F60FF03008027
:1077E0000000F04F73B514460E4600F148022146E2
:1077F0000546FEF771F970B9E27D084B02F5C062EB
:1078000043EA02530093183401236A46314628465E
:10781000019416F0C7F902B070BD00BF08FC0F005C
:1078200010B5036B04469B0590B022D500F12002F1
:1078300008A915F0D3FC002844D1234B6A460293D3
:10784000A36E2046DB6908A90393E36E0493236FBC
:107850000593636F0693A36F07931C4B009302ABD2
:107860000193012316F09EF960BB236B23F4007390
:107870002363E36B1B0D13F4E06F06D10121204657
:1078800010B0BDE81040FFF7EDBE204604F1400205
:1078900008A915F0A3FCA8B9E36B216BC3F38922F7
:1078A0000B4BA0630B40C4E90C300A4B08A943EA18
:1078B0008223CDE9023002AA0123204616F072F994
:1078C0000028DBD010B010BD01000200180010200D
:1078D000FF0300800000F04F2DE9F04713F0020F86
:1078E0008AB006460D469846039237D1129B05F1A1
:1078F00008072B65002339466B63EB63EB64304666
:10790000C5F830802B1D03AAFEF74AFD041E2EDAAF
:10791000A31C1AD1DDF80C904846FEF7F7F8A0B189
:107920000123AB71B36A18F4807F2B60B5620CD071
:10793000484676491DF0F2FD19F80020002A5AD178
:10794000336F83421ED26FF023042B6B294643F41E
:10795000002330462B6316F090F904E0FFF760FF38
:1079600004460028C2D020460AB0BDE8F0870123B3
:10797000AB71B36A18F4007F2B60B5623ED06FF034
:107980001004E2E7AB886249DFF8888140EA83208F
:1079900041EA832140F4801048EA8323CDE90412B0
:1079A000CDE90832CDE9060903233946304604AA59
:1079B00016F0F8F810F11C0F0446C4D00028C4D10A
:1079C00044464FF000084FF00C09DFF84CA12B6D36
:1079D0009A68424533D81B68002B60D0EB64B06EC8
:1079E00005F1400115F008FD40F20123B3EB145FEF
:1079F0005FD00024B7E76FF01304A6E7240D012C35
:107A00007ED1AB8818F4806F4FEA832308D043F00F
:107A100000542B6B44F4801443F480332B63D0E781
:107A200005F1280243F000530092394630463B4AA4
:107A300043F0080315F012FB041EC2DA85E72A6B37
:107A4000D00706D42B6B2A6D99071DD408F10108C5
:107A5000BDE709FB08F25868B5F804C081188B68C7
:107A6000825C496843EA8C2302F54072009143EA44
:107A7000025339465246304615F0F0FA0028E1DA52
:107A8000831CDFD0044660E7526809FB0822916836
:107A9000B26F914237D843F480332B63D6E7B36E8D
:107AA000986AEDF7A9FBE864002898D16FF00B0401
:107AB0004BE72B6B6FF0010243F480132B63002321
:107AC000C4F30904AA62EC622A646B64B36E9A6A16
:107AD000AA64002C8DD040F2FE33934228BF134697
:107AE000A988EA6C43EA81230092394630460B4A62
:107AF00043F0005315F0B2FA041EBFF67AAF24E744
:107B00006FF0140421E76FF01B041EE791B8040026
:107B1000000010400000102000FCFF7F00FC0F70F0
:107B200030B597B0054615F072FC044600284DD1DB
:107B3000AB6E0146DA6A686E1DF0CBFCD5E91A32ED
:107B40006C65DB6A2846DB00C5E91742934294BFA7
:107B5000AB65AA650EA915F00FFC0446002832D1CA
:107B60001C4B08AA0293AB6E0EA9DB690393EB6E64
:107B700004932B6F05936B6F0693AB6F0793164BB4
:107B8000CDE90830154B28460A93154B0B93154B3E
:107B90000C9302AB0D93032316F004F8044690B93E
:107BA000034602468DF84E000EA9284615F0FAFF4E
:107BB000044640B9012300906A4628460EA9019365
:107BC00015F00CFB0446284615F072FA204617B053
:107BD00030BD00BF01000200000010400800F00F9F
:107BE000F6D90400180010202DE9F04F9DB004AF25
:107BF000044615F00CFC0646002840F0948001462F
:107C00001C2207F140001DF064FC0123FB65954B2D
:107C100007F118080FCB88E80F00DFF84C92DFF867
:107C20004CA2DFF84CB207F1580015F0DFF803461C
:107C3000B0B1236B04F1300203EBD373236304F17F
:107C40003C0307CA83E80700E26EE36A2266B3FBDF
:107C5000F2F102FB113363650023C4E9163362E0DD
:107C6000414607F140007B6015F0C5FA051E56DB62
:107C700008227A6107F10C02C7E90349CDE902A2A3
:107C80007B68204601937B4B07F15802009307F174
:107C90004001794BFEF744F9051E40DB00F0D5802A
:107CA00045F30900013000F0D0803B6C2046236290
:107CB0007B6C714A636207F12803009307F140016E
:107CC0005B4615F0CBF9051E29DBBB6A190C0229AE
:107CD0009AB201D1012A2BD96848026852071CD0F8
:107CE0006D468EB004AA664E9BB253624FF0020CF2
:107CF00001235661634EC2E90AC3966141F2BB1685
:107D00004FF40073C2E9076144F2404113865E4BB1
:107D100042F8103F15F05FFAAD466FF015052046AA
:107D200015F0C4FF2E4630466437BD46BDE8F08FDF
:107D3000236B82F0010223F4007343EA422323639E
:107D40007B6BE3B1216F8B4218D94C480268560710
:107D5000E3D06D468CB004AA4C4E5661494E9661F4
:107D600041F2D916C2E9076351624FF400731385DB
:107D7000474B4FF4515142F8103FCBE72367BB6BA1
:107D80008BB1616F8B420DD93C4802685507C4D056
:107D90006D468CB004AA3F4E56613A4E966141F250
:107DA000E416DFE76367FB6BB3B1A16F8B420DD9BC
:107DB000324802685207B0D06D468CB004AA364EE5
:107DC0005661304E966141F2EF16CBE7E26FA36742
:107DD0009A4294BFE267E367A36E396B1D6AEDB107
:107DE000A9421BD0254803685E0796D06E468CB02A
:107DF00004AA2A4B55625361224B936141F2FE1350
:107E0000C2E907314FF400731385214B4FF45151F0
:107E100042F8103F15F0DFF9B5467EE7E166DB6911
:107E2000F96A994211D01548026852073FF475AFBC
:107E30006D468CB004AA1A4E53625661114E96617B
:107E400041F20726C2E907618FE7204604F13002BC
:107E500007F14001FDF740FE054600283FF4E3AE80
:107E60005DE700BFB8680400F6D904009DD10300A7
:107E7000180010200800F00F00FCFF7F7C1000208D
:107E80003F0B0500630A0500080000016B0B0500AD
:107E900006000001910B0500B70B0500DD0B050086
:107EA000030C050070B598B004460391FFF7B8FCC9
:107EB00000285FD1034603AA204606A9FEF770FA00
:107EC000002857DB40F2FF32C0F38923934253D09E
:107ED000A26A000D02280E924FEA832504AE21D13A
:107EE00045F000532046264A009643F0080306A9B1
:107EF00015F0B4F800283DDB3246204610A915F0F5
:107F00006DF9002836D1159B33F47F0330D1012160
:107F1000204614F0D7FF68BB0EAB8DF83E00ADF8DD
:107F20003C00A362002345F09F45059332460123A0
:107F3000204645F4E00506A9049515F033FE0E9B96
:107F4000A362B8B9236BC3F309039BB14FF0FF31B0
:107F5000204614F0B7FF68B9204606AA10A9FEF71C
:107F600037FB38B9204610AA06A9FFF73BFC01E011
:107F70006FF0260018B070BD6FF01500FAE700BF73
:107F800000FC0F702DE9F04FAFB00546CDE90612A9
:107F9000FFF746FC0346002840F020810DF1280938
:107FA0004946284606AAFEF7FBF9061EC0F21881CC
:107FB00040F2FF37C6F38928B84505D16FF01504A4
:107FC00020462FB0BDE8F08F28460DF1160307AA12
:107FD00012A9FEF7E5F9041E41DBC4F38923BB4275
:107FE000ECD0484612A914F00BFFAB6A07461A936F
:107FF000330DB3EB145F4FEA14526DD1BDF8163058
:1080000000286ED0022A48D1784A0DF1900A42EA3F
:1080100083232846764ACDF800A012A915F01EF851
:108020000028C0F2A180524628461CA915F0D6F8B7
:10803000002840F09980219B33F47F0340F0928028
:108040000121284614F03EFF002840F08D801AAB35
:108050008DF86E00ADF86C00AB62F7B947E0A31C79
:10806000AED1DDF81CA05046FDF750FD0028A7D08A
:1080700012A9484614F0C4FEAB6A07465D49504653
:108080001A931DF04BFA1AF80030CBB92B6F8342CC
:10809000C0F0A880BDF81630C7B12A6B564B023429
:1080A00003EA020343EA882343F09F4343F4E003D7
:1080B0002B630A9B6B630B9BAB6319D1C34609E02F
:1080C000330D022BE2D06FF0130479E79845F5D316
:1080D00008F1010B002311E0022AF4D16FF014041F
:1080E0006EE7984501D100246AE7022A8CD0002768
:1080F000C346BDF81620414B43EA82230024BDF855
:10810000162024933E4B3B4943EA8223CDE9263493
:10811000079B4FEA822A1846039325941DF0FEF927
:10812000039B360D360529934AEA080346EA0A06F8
:1081300043F08053064343F48013CDE92A3928964F
:1081400017B92E4C44EA8B24002328462D9324AAE9
:10815000052312A92C9415F025FD044630B11A9B75
:10816000AB622DE76FF02600044629E72A6BB7B112
:10817000130D13F4E06F12D01F4BA8631340C5E931
:108180000C301E4B494643EA8823CDE9083008AA43
:108190000123284615F006FD04460028DFD11A9B6E
:1081A000AB622B6BC3F30903002B9CD04FF0FF3164
:1081B000284614F087FE044600287FF401AF2846C5
:1081C00012AA1CA9FEF704FA044600287FF4F8AEB0
:1081D00028461CAA12A9FFF705FBC5E70446EFE6EF
:1081E0003446EDE66FF02304EAE600BF0800002005
:1081F00000FC0F7091B80400FF0300800000F04FF6
:10820000000010402DE9F047A6B006460191FFF7A7
:1082100007FB044688B9B36A30461C9301AA0DF1E6
:1082200002031EA9FEF7BCF8831C044609D1DDF841
:1082300004804046FDF76AFC40B9204626B0BDE800
:10824000F0870028A8BF6FF01004F6E740464149C8
:108250001DF064F9336F0746834277D3F36E04ADA4
:1082600029463046336615F087F804460028E4D1E5
:108270000CAC0DF1780CBCE80F000FC49CE80F00AB
:1082800084E80F000DF1480A9DF84730002B54D1C7
:10829000DFF8C49001232946304602AACDE9029AAC
:1082A00015F080FC04460028C7D19DF88F300BB331
:1082B0000121304614F006FE04460028BDD11CAB57
:1082C0008DF87600ADF87400B3623046012314AA2D
:1082D0000CA9CDE9149515F065FC1C9B0446B3620E
:1082E0000028AAD14FF0FF31304614F0EBFD0446D0
:1082F0000028A2D1BDF80220184B47EA822743EAA2
:108300008223149300231593154B304643EA8223AE
:10831000CDE918359DF88F3047F40017002B0E4B30
:1083200018BF002314AACDE91A351EA90423CDE9EC
:10833000167815F037FC04467FE7524630460CA904
:1083400014F04CFF044600289ED076E76FF023041B
:1083500073E700BF91B8040008FC0F6000001040F4
:1083600008000020F0B501F1080687B003920C4622
:108370000023314603AA0546FEF712F800282ADB3F
:10838000030D022B29D140F2FF33C0F3892098421C
:1083900004AF15D12B6A04936B6A05933A463146B4
:1083A000284614F01BFFB0B9A368A080E362E3681D
:1083B000A06223630223A371AB6A2360AC620AE06C
:1083C000074B314643EA8023064A2846009714F0BB
:1083D00045FE0028E2DA07B0F0BD6FF01300FAE7BF
:1083E0000800002000FC0F702DE9F04115460C46F6
:1083F00006464FF48472002128461DF06AF8A36AED
:1084000063B9284602231B4900F8083BE6F7C2FA85
:108410000120A36A0133A362BDE8F081012B1DD0C6
:1084200004F1200804F10807A288A38B9A420AD11C
:10843000E07F0028F0D042463946304614F0CEFEA8
:108440000028E9D1A0802B4639463046A288FDF7A6
:1084500071FB48B9A3880133A380D9E728460223DA
:10846000054900F8083BD1E7831CD5D1A388013327
:10847000A380D9E71512050061F3040030B50C4D57
:108480000A44914200D130BD11F8013B83EA000457
:1084900004F00F0455F8244084EA101080EA131306
:1084A00003F00F0355F8233083EA1010E9E700BF0B
:1084B0009C7F0400024612F4F84F10B5C0F38423E9
:1084C0004FEAD034C0F309000ED1B0B1E2F7D8FDC5
:1084D0004FF04E51E2F7AEFA1CB10A49E2F7AAFAA0
:1084E00010BD4FF07E51F9E71F2B08D070334003C9
:1084F00040EAC47040EAC350F2E70346F7E7FF23BF
:10850000F5E700BF000080BFF8B50568C6685C1CD1
:108510002C44A64205D2006A082116F0B5F80020C6
:10852000F8BD14783BB19C1E062C8EBF00240E4F64
:108530003C5D1834E4B2B542EDD204F01F0444EAC5
:10854000411129700168134401310160934204D143
:108550008368013383600120E2E701684C1C0460FA
:1085600013F8014D0C70F1E7280C0500034A044B89
:10857000026028209B1AB3FBF0F07047F457040008
:108580004C5A04002DE9F04704460D4600AFEFF3C6
:108590001189402383F31288BFF36F8FDFF8CC80FB
:1085A000334AD8F80030966859075CD0042898BF41
:1085B000304BEA468AB0117C98BF53F820306A46A7
:1085C00088BF2D4BC2E9073140F201332B48938419
:1085D0002B4BC2E9050442F8103F00234FF4315100
:1085E0002248E8F72FFFD54665B1EB69D8F800209F
:1085F000C3F3080333B152071ED00121214A1B489F
:108600000EF051FBD8F800305B0715D016BB1E48A2
:10861000E8468AB06A461D4BD061C2E9053640F291
:10862000013313841A4B42F8103F00234FF41151C9
:108630000E48E8F707FFC54629462046E7F722FA25
:1086400089F31188BFF36F8F3046ECF735FABD46DA
:10865000BDE8F087304616F079FC0028D7D00378C3
:10866000002BD4D0D4E7002DBFD1E5E7B410002013
:10867000F8520020DC7F04002F0C05003D0C0500A3
:1086800005000001650C0500D8E20400860C050019
:108690000400000138B50A4B53F82040013053F86C
:1086A0002050A54200D838BD606830B1037FDB0799
:1086B00001D416F045F90834F3E723689847FAE740
:1086C000F07F0400012270B5294B032086B01A7098
:1086D000FFF7E0FFEBF706FE0420FFF7DBFF254C7A
:1086E000254D2646AE4204F1300410D301F034F992
:1086F000204C224EAC4226D301F042F9E6F772FF3D
:108700001F4A137B23F00103137306B070BD54F8A6
:108710000C3C059354F8103C049354F8143C039318
:1087200054F8183C029354F81C3C019354F8203C34
:10873000009354E90A2354E90C0100F039FE54F87F
:10874000303C5E65CDE7D4E90A23B3F1FF3F08BFB3
:10875000B2F1FF3F05D052EA0301206803D101F0D6
:10876000F9F93034C6E73146183001F0E7FBF8E795
:1087700027810020C4620400C46204006DF003007D
:1087800078420020C82370B5144E86B003FB006603
:10879000134B012205930F23CDE903320023CDE9CA
:1087A000013314234FF4A0720E4D0F4903FB005503
:1087B000044602FB00110D4B3046009500F0F8FD19
:1087C000737B2C7423F004037373094B013403EBA4
:1087D000C423EE606B6006B070BD00BFB0410020E6
:1087E000E80C0500F8520020B8CA002009EB03008D
:1087F000B8C20020BFB50020FFF74CFF2A4B03F59D
:10880000006282F3088883F30A88E023274C00255E
:1088100084F822302023E37725766576A57684F8E0
:108820002050636A224F43F4E023636284F82350AC
:10883000ECF7BAF8ECF738FA4FF0FF33A362E362D3
:10884000ECF7E4FBECF758FAE8F796FB194800F070
:1088500049FE0120FFF71EFF0220174CFFF71AFF09
:1088600001F0C2F8154B16495C61164B4FF480526B
:10887000059301232046CDE90353CDE901553B463D
:10888000009500F095FD0646627B204622F004022A
:10889000627316F0A8FB2846FFF774FF3A4631468C
:1088A0002046ECF7DFF900BFB8C2002000ED00E081
:1088B000C58602002844002078420020F85200209B
:1088C000F8CB002060B3040038B5064C064DAC422E
:1088D00001D3002038BD2046D4E9011216F09EF8DD
:1088E0001434F4E7AC110020C01100201FB5054C72
:1088F000CDE9002302940A46002116F04DF804B099
:1089000010BD00BFD95F0300002038B5054C064DEF
:10891000AC4200D338BD204616F0A4F80028F9DB9D
:108920001C34F5E704110020AC11002073B50C468F
:10893000EFF31181402585F31288BFF36F8FC5686F
:108940005DB125602B68C3608369013383610020BA
:1089500081F31188BFF36F8F11E052EA030603D150
:108960006FF00B002560F3E7CDE9002302460830E5
:1089700000F01AFF18B9034B9B681B69236002B013
:1089800070BD00BFF85200202DE9F34104460E46A9
:108990009DF8200004F10808EFF31187402181F3CE
:1089A0001288BFF36F8F256AE1688D4247D2256830
:1089B000AC4218D0BDB1284616F0B1F805F1180048
:1089C00016F0F2FB3146A26828691CF05BFD00231B
:1089D0002846C5F8C03016F006FB4046394600F080
:1089E00077FF002038E0A268D8B13146E0691CF07A
:1089F00049FDE369A26813446269E361934201D1CE
:108A00002369E361236A10210133236204F1240006
:108A100016F0A9FC0028E0D187F31188BFF36F8F0F
:108A20001AE0A1692369994208BF6369314608BF0A
:108A3000A361A069801AA0611CF024FDE2E752EA5C
:108A400003010CD00749404689680E61CDE9002337
:108A50003946224600F0A8FE02B0BDE8F0816FF072
:108A60002200D9E7F8520020F7B50446084604F181
:108A70000807EFF31186402181F31288BFF36F8F4F
:108A8000216A00293AD0A268A1691CF0FBFCA36905
:108A9000A268256813446269A361934204BF2369F5
:108AA000A361236AAC4203F1FF33236234D028462A
:108AB000002D32D016F033F805F1180016F074FBD3
:108AC000A2682969E0691CF0DDFCE369A268284618
:108AD00013446269E361934204BF2369E361236A3B
:108AE000013323620024C5F8C04016F07CFA3846F2
:108AF000314600F0EDFE204603B0F0BD52EA03011E
:108B000010D00A4989680861CDE900233146224620
:108B1000384600F049FEEFE7002086F31188BFF3E6
:108B20006F8FE9E76FF02200F7E700BFF8520020EF
:108B30002DE9F341044617461E46EFF31188402302
:108B400083F31288BFF36F8FC368334A7BB18068A9
:108B50009168884219D057EA060318D188F3118822
:108B6000BFF36F8F6FF00F0002B0BDE8F081916826
:108B700091F90E100133E36093682161A36088F3DB
:108B80001188BFF36F8F0020EEE72169F2E791F9BA
:108B90000E1090F90E306FF07E029942A8BF194670
:108BA0009142B8BF11468B422DDD15F0DFFF05461F
:108BB00022464146CDE90076184800F0F5FD002830
:108BC000E1D0EFF31186402383F31288BFF36F8F58
:108BD000A068D0B1236821699C420AD04BB193F9B7
:108BE0000E309942A8BF19466FF07E039942B8BF74
:108BF000194615F0BBFF40B13146084800F068FE49
:108C00006FF00A00B0E70025D2E7002DF4D186F31B
:108C10001188BFF36F8FF3E7F852002028810020FE
:108C2000F8B583680546002B40D0234A92689342EA
:108C30003FD1C368012B03D9013BC3600020F8BDBD
:108C4000EFF31187402383F31288BFF36F8F01691D
:108C5000806815F08BFF2C68AC4207D10023C5E972
:108C6000023387F31188BFF36F8FE7E7002CF5D04D
:108C7000D4E90032002613605A60637BC4E90066C1
:108C800023F002036373A66004F1180016F08CFA57
:108C9000AC6094F90E3020462B61C4F8C06016F029
:108CA000A2F93946054800F013FEC7E76FF015003A
:108CB000C5E74FF0FF30C2E7F852002028810020BE
:108CC00037B51146EFF31185402282F31288BFF3C6
:108CD0006F8F04689CB12368426823F003039442B9
:108CE000036008BF43600121204615F0CCFF044615
:108CF00085F31188BFF36F8F204603B030BD51EA72
:108D00000302F5D000F10802CDE900131046294610
:108D100000F04AFD0028EFD1014B9B681C69EBE78E
:108D2000F852002070B5EFF31186402383F31288C8
:108D3000BFF36F8F0468A0421BD0D4B1D4E90032D6
:108D4000002513605A60637BC4E9005523F00203D9
:108D50006373A56004F1180016F026FA2046C4F8E3
:108D6000C05016F040F93146BDE87040094800F0A7
:108D7000AFBDD0E902329A4218BF013302218360AD
:108D8000103016F0F0FA0028EDD186F31188BFF309
:108D90006F8F70BD2881002013B5EFF3118140243F
:108DA00084F31288BFF36F8F846844B1013C846000
:108DB00081F31188BFF36F8F002002B010BD52EA1B
:108DC000030406D181F31188BFF36F8F6FF00F009A
:108DD000F3E7CDE900230246014800F0E5FCECE7AB
:108DE000288100202DE9F8430546EFF31188402340
:108DF00083F31288BFF36F8F00266FF00A0937469E
:108E00002C68A54216D0ACB1D4E9003213605A6088
:108E1000637BC4E9007723F002036373A76004F166
:108E2000180016F0C1F92046C4F8C09016F0DBF81F
:108E30000126E5E700230221AB6005F1100016F0E2
:108E400092FA30B92EB988F31188BFF36F8FBDE85D
:108E5000F8834146BDE8F843014800F039BD00BF42
:108E60002881002007B5074B4FF4006200930649A4
:108E70004FF0FF33054800F06DF9002003B05DF8B6
:108E800004FB00BF08800400F8DB00204043002002
:108E90002DE9FF41044640274E4EEFF3118887F33A
:108EA0001288BFF36F8FD4F8CC50F5B9022104F1CA
:108EB000E40015F029FF002868D004F1DC05002249
:108EC0000121284616F014F90028F8D100234FF0AC
:108ED000FF3202934FF0FF334146CDE900233E4875
:108EE00004F1D40200F002FFD7E7D4F8D0202B68B9
:108EF0009542C4F8CC3008BFC4F8D030D4F8E43080
:108F000043F00203C4F8E430EB6823F0040343F0B9
:108F10000103EB606B6888F31188BFF36F8F2846FD
:108F20009847EFF3118887F31288BFF36F8FEB68D0
:108F3000D80623F0010236D4EA60EB689A0716D50A
:108F4000306823F00203EB6088B10021036870B140
:108F50004268954235D1036869BB726833608242CA
:108F600000D17360002340F8083BFFF7DBFED4F824
:108F7000E43023F00203C4F8E43088F31188BFF32F
:108F80006F8FDB0589D400F037FD86E7D4F8E43035
:108F9000D9069BD5C4F8E40088F31188BFF36F8F1E
:108FA00004B0BDE8F08123F01103EB6005F110007F
:108FB000FFF7B8FEC1E70B607368834208BF7160BA
:108FC000D0E723B11A68014618461346BFE71A4690
:108FD000F9E700BF1C5300202881002070B5C3684A
:108FE0000546C3F340069B070C460DD50122002120
:108FF00004F1080015F078FE00232360054B65603E
:109000005A681AB9C3E90044304670BD14605C6008
:10901000FAE700BF1C530020F8B5C36804469A075E
:109020000F46C3F340062ED45B071CD40B680BB964
:1090300083680B60E368DD0742BFA36802263B60DC
:109040003D6858BF0126002D3CD0204B9A68D5F8CA
:10905000C8309A420AD0D5F8E430D807C3F380026A
:1090600014D46FF0120600233B6025E015F068FF72
:10907000D5F8E4300028F0D1D907C3F3C002F0D509
:1090800052B15B0708D46FF00F06ECE7002AFAD163
:10909000C3F3C003002BF6D100232360D5F8D030F2
:1090A00063B9C5E93344284615F049FEE36843F047
:1090B0000403E3603B68A3603046F8BD1C60C5F85C
:1090C000D040F0E76FF01506CDE700BFF852002062
:1090D000F8B5C368064603F00503002B0C4614BF21
:1090E000012700271CD085680122002104F110000F
:1090F00015F0FAFD2046134915F079FEE36843F0B8
:109100001003E360F3685B0712D5336823606BB923
:10911000D5F8D03033B9C5E93344284615F00FFEF1
:109120003846F8BD1C60C5F8D040F6E73460F4E777
:10913000D5F8CC302360D5F8D030C5F8CC40002B22
:10914000EBD1F0E71FED03000146014815F06BBEBF
:1091500040430020F0B50446002089B0C4E9330044
:109160000E9D04F1D400C4E9350004F1DC00C4E92B
:10917000370055B32879002840F2011008BF0120BC
:10918000C4F8E40000204FF0FF364FF0FF37CDE980
:109190000330CDE90100CDE9066720460C4B009471
:1091A00000F074F955B1296811B1204600F0AEF80D
:1091B0006B791BB1237B43F001032373204600F03E
:1091C000C9FCC4F8C84009B0F0BD0120D8E700BF11
:1091D000918E020037B501900846EFF311844021CB
:1091E00081F31288BFF36F8FC16811F01E0F16D183
:1091F00053EA020508D101A9FFF70EFF84F3118895
:10920000BFF36F8F03B030BD41F00801C160019919
:1092100010308161034900F091FE0120EEE700204B
:10922000ECE700BFB3ED030001460148FFF7D2BFF2
:1092300040430020F7B50C4616461D460190EFF35B
:109240001187402383F31288BFF36F8F084615F010
:1092500067FD55EA060309D1204601A9FFF7DCFEA8
:1092600087F31188BFF36F8F03B0F0BDE368324618
:1092700043F00803E360019B0449A36204F110007A
:109280002B4600F05BFE0120EAE700BFB3ED0300D0
:1092900001460148FFF7CEBF404300202DE9F041D1
:1092A0000546EFF31187402383F31288BFF36F8FD6
:1092B0000468A04222D00CB30026204615F033FEED
:1092C00004F1180015F070FFB0462046C4F8C080C5
:1092D00015F089FE2C680136A54208D03CB1204625
:1092E00015F021FE04F1180015F05EFFEDE7394698
:1092F000054800F0EDFA3046BDE8F08187F31188AB
:10930000BFF36F8F0026F6E72881002010B50446D2
:1093100008B9054B9C681F2204F188001CF021F954
:10932000002084F8A70010BDF85200202DE9F84F66
:109330000C46A1B39AB390F80D90DFF86880084608
:10934000571EB9F1000F25D00025DFF85CA0B8F852
:1093500004B019EA0B0F19D0B8F806307E1B9E42F4
:1093600028BF1E46D8F8001032461CF08BF82E4459
:1093700039EA0B0904EB06000CD0BD1B012D28BFF8
:10938000012551462A461CF07DF8354408F10808AD
:109390006019DCE7002303702046BDE8F88F03481E
:1093A000FBE700BF14800400E61105000B11050067
:1093B0002DE9F04F984685B000F15803C0E9163307
:1093C000129B0026037304230F460446437307329F
:1093D000119B22F0070A5246837301EB0A05C0E98C
:1093E00006668660C673AA213846DDF838B0DDF817
:1093F0004C901CF06EF829462046EBF721F8109BA4
:10940000073020F00700C4F8B000C4E92A7A0293BC
:109410000F9B2D1ACDE900B32A4643463946204614
:10942000EBF704FC0F9BC4E91D8BE367109B66659B
:1094300084F87060C4F88030EFF31183402282F327
:109440001288BFF36F8F104F3A6A3C62C4F88420D1
:1094500083F31188BFF36F8FB9F1000F11D01F2272
:10946000494604F188001CF07CF884F8A760BB68CA
:109470000BB1D3F8B4302846C4F8B43005B0BDE819
:10948000F08F84F88890F2E7F8520020F0B50025BC
:1094900087B00595109DDDE9127604950F9D044671
:1094A00003950E9D02950D9D01950C9D0095FFF76E
:1094B0007FFFB6F1FF3F08BFB7F1FF3F05D056EA87
:1094C000070305D1204600F045FB204607B0F0BD5C
:1094D0003A46334604F11800014900F02FFDF4E745
:1094E0006DF0030040F2011383810023C0E92A33A9
:1094F000C0F8B430014B9860704700BFF8520020AC
:109500006FF00A01094A9368C3F8C0100849C3F80C
:10951000BC004B6843F080534B60002383F31188F9
:10952000BFF36F8F9368D3F8C0007047F8520020E4
:1095300000ED00E070B590F90D20437B002A36DB8A
:10954000D90634D11B4C63F07F032246437352F893
:10955000183FE169934207D1C0E900210860E0614A
:1095600011E09942F8D01B68002BF5D090F90E500D
:1095700093F90E60B542F4D0AE42F2DD5968C0E90D
:10958000003108605860A569954200D005B9E568CA
:10959000A3685A7BD20604D1DA897F2A01D9AA6945
:1095A00032B1AB4202D0284600F0E0FB656170BDED
:1095B0006361FCE7F852002038B590F90D200146B0
:1095C000002A437B04DA03F07F03437315F0D1FCD8
:1095D0000D4D2A4652F8184FAB68944200D004B99A
:1095E000EC688B4207D05A7BD20604D1DA897F2AF5
:1095F00001D9A2692AB1A34202D0204600F0B6FBED
:1096000023466B6138BD00BFF8520020B3F1FF3F25
:1096100008BFB2F1FF3F03D00249183000F08EBC02
:10962000704700BF6DF0030070B590F90D20014642
:10963000002A437B04DA03F07F03437315F099FC9F
:109640001C4C4B7B224663F07F034B7352F8183F50
:10965000E069934207D1C1E900200160E16111E0B6
:109660009842F8D01B68002BF5D091F90E5093F971
:109670000E60B542F4D0AE42F2DD5868C1E9003068
:1096800001605960A569A368954200D005B9E568F5
:109690008B4207D05A7BD20604D1DA897F2A01D9BE
:1096A000AA692AB1AB4202D0284600F05FFB2B46E4
:1096B000636170BDF8520020F8B5394C0746A268C6
:1096C000824224D1EFF305830BBBEFF311864023D5
:1096D00083F31288BFF36F8F537B03F07F0343F054
:1096E0001003537315F045FC234653F8185F9D4251
:1096F00000D005B9E568A3689D4202D0284600F075
:1097000035FB30466561BDE8F840FFF7F9BEEFF381
:109710001185402383F31288BFF36F8F7B7BD906BB
:1097200004D585F31188BFF36F8FF8BDD90943F0D5
:10973000100219D17A73A6691A4B9E4200D006B95D
:10974000E668A368B34202D0304600F00FFBA3687E
:1097500066619F42E5D1EFF30583002BE1D13A7BAF
:10976000D2070AD42846CEE703F07F0343F0100364
:1097700038467B7315F0FDFBDDE785F31188BFF3F9
:109780006F8F83F31188BFF36F8F0423184602DFB6
:10979000EFF31180402383F31288BFF36F8FB2E79A
:1097A000F852002010530020F8B5DDE906670D4B94
:1097B0000C46986811460C4A1060EFF31182402263
:1097C00082F31288BFF36F8F9D68284615F0E3FB84
:1097D000284632463B46FFF719FF2046BDE8F840D1
:1097E000FFF78EBEF852002024530020F8B504463F
:1097F000EFF31187402383F31288BFF36F8F437B0E
:1098000049B203F01F02002A0CBF0126002639D1FD
:1098100003F07F032D4D437315F0ABFB2A46437BCA
:10982000817363F07F03437352F8183F934227D14B
:10983000E869C4E900200460EC610FE09842F8D0C8
:109840001B68002BF5D093F90EC06145F6D08C450E
:10985000F4DD5968C4E900310C605C60AC69944285
:1098600000D004B9EC68AB689C4202D0204600F0FE
:109870007DFA6C6187F31188BFF36F8F3046F8BDB6
:10988000E869DEE79B071ED5856815F072FB8173DA
:109890002B689D4209D16B68C4E900531C606C6061
:1098A000E8E76A689342F6D01B68002BF3D093F97F
:1098B0000E209142F5D08A42F3DD5A68C4E90032A5
:1098C00014605C60D6E78173D4E700BFF8520020D3
:1098D00049B9EFF3058030B9054B5A699B689A4244
:1098E00001D0FFF70DBE81F31188BFF36F8F704772
:1098F000F852002010B5EFF31184402282F3128851
:10990000BFF36F8F427BD10604D484F31188BFF379
:109910006F8F10BD22F010024273FFF70BFE21463D
:10992000BDE810400148FFF7D3BF00BF28810020E9
:10993000034648B9EFF3058232B9064A5169926885
:10994000914201D0FFF7DCBD83F31188BFF36F8F25
:10995000704700BFF8520020EFF31181402383F3DA
:109960001288BFF36F8F054B9A68D37B013BD3738B
:1099700081F31188BFF36F8F704700BFF85200204A
:1099800070B5EFF31186402383F31288BFF36F8F16
:10999000144DAB68DA7B0132DA732A4652F8184F5D
:1099A000944200D004B9EC685A7BD20604D1DA891B
:1099B0007F2A01D9A2692AB1A34202D0204600F031
:1099C000D5F923466B6186F31188BFF36F8FEFF3F0
:1099D0001180402383F31288BFF36F8FBDE870407E
:1099E000FFF7A6BFF8520020024B03F11802C3E9AB
:1099F00006227047F852002070B5EFF3118640231D
:109A000083F31288BFF36F8F1B4CA168E0690B686A
:109A1000814214BF1A46002249680B605960A3684E
:109A2000E1692AB9154AC3E900210B60E3610CE042
:109A300093F90E0092F90E50A84218D0854216DD17
:109A40005168C3E900210B605360A5690B4B9D422F
:109A500000D005B9E568A3689D4202D0284600F011
:109A600085F965613046BDE87040FFF749BD8A421F
:109A7000D8D01268D5E700BFF8520020105300205C
:109A8000F8B550EA010306460C4603D1FFF7B4FFD0
:109A90000020F8BDEFF31187402383F31288BFF352
:109AA0006F8F124D124BA8681860FFF785FDA868EC
:109AB000234632460F49183000F040FAAA6804469F
:109AC000537B384643F004035373FFF719FDAB682B
:109AD000D3E90A23B3F1004F08BF002AD8D115F00B
:109AE0008BFB201A20EAE070D3E700BFF852002079
:109AF000245300206DF0030038B504460D46FFF7EF
:109B0000BFFFB5F1FF3F08BFB4F1FF3F024620465B
:109B100018D000234FF47A7447F611201946C2FB7F
:109B2000040147F61222904271F100020BD3084B58
:109B3000834243F608538B4107D347F61222002392
:109B4000E1F746FB38BD1846FCE76FF00040F9E747
:109B5000ED85FFFF38B50446EFF31185402383F30D
:109B60001288BFF36F8F437B5B070FD5183015F05A
:109B70001BFB637B204623F004036373FFF7DAFCCF
:109B80002946BDE838400448FFF7A2BE85F3118896
:109B9000BFF36F8F38BD00BF28810020014B98684C
:109BA000704700BFF85200202DE9F8430446077BB8
:109BB000EFF31185402383F31288BFF36F8F437B4C
:109BC000190705D585F31188BFF36F8FBDE8F883BA
:109BD000D90943F0080260D14273A36813B120464B
:109BE00015F0CFF904F1180015F0DEFAA66D04F1B6
:109BF0005808B04511D04FF0000976B1304615F045
:109C0000C0F906F1180015F0CFFA3046C6F8C0903A
:109C1000FFF790FCA66DB045EFD1DFF8C480D8F80F
:109C200008309C4241D1EFF30589B9F1000918BF12
:109C30004FF00109D8F818602A4A964200D00EB9B0
:109C4000D8F80C60B34202D0304600F08FF82046BE
:109C5000C8F814600EF089FD204600F0DFF8B9F175
:109C6000000F02D02048FFF73DFCD8F808309C4296
:109C700031D1EFF3058373BB227BD20718D428467A
:109C8000FFF73EFCFB07A1D5002383F31188BFF348
:109C90006F8F0423184602DF98E703F07F0343F039
:109CA0000803437315F065F997E74FF00009C1E722
:109CB00085F31188BFF36F8F83F31188BFF36F8F24
:109CC0000423184602DFEFF31180402383F3128848
:109CD000BFF36F8FD4E785F31188BFF36F8FD1E7A0
:109CE000F85200201053002028440020D3B5DDE9AD
:109CF0000667089CCDE90067FFF756FD1CB1034BD2
:109D00009B681B69236002B0D0BD00BFF8520020E1
:109D10000122044BC01A044BC0105843034B1A5481
:109D2000704700BFF0440020ABAAAAAA28810020F7
:109D3000C3897F2B12D80A4B1B6863B1094B90F97A
:109D40000E201B689A4209DB437BDB0606D1064BDB
:109D5000C31A18BF012303F0010070470023FAE77C
:109D6000AC0E002028530020B041002070B50E4BEF
:109D70000E4C1E7C054606EB460304EBC30420464E
:109D800015F012FA00220A4B28469A55FFF7D0FF29
:109D900048B1084B2046BDE870401A680649013AB0
:109DA000D31700F0CBB870BDF8520020F04400206B
:109DB00028810020AC0E0020119D020038B5EFF381
:109DC0001185402383F31288BFF36F8F104B114A24
:109DD0009C681068A04206D1FFF7C8FF85F3118880
:109DE000BFF36F8F38BD00211B7C11600A4AD35C22
:109DF000002BF3D02046FFF79BFF0028EED0637BBB
:109E0000DB0602D12046FFF70FFC2046E4E700BF47
:109E1000F85200202453002028810020EFF3118104
:109E2000402383F31288BFF36F8F0C4A136A834277
:109E300008D1D3F88430136281F31188BFF36F8F98
:109E400070471346002BF7D0D3F884208242F8D114
:109E5000D0F88420C3F88420EEE700BFF852002039
:109E6000F8B505460E46EFF31187402383F31288B9
:109E7000BFF36F8F064B1C6A24B987F31188BFF3B9
:109E80006F8FF8BD20463146A847D4F88440F3E7E9
:109E9000F8520020F8B506460F46EFF31183402232
:109EA00082F31288BFF36F8F15460C490C6A24B9F0
:109EB00083F31188BFF36F8FF8BD83F31188BFF36D
:109EC0006F8F39462046B047EFF3118385F3128830
:109ED000BFF36F8FD4F88440E9E700BFF852002049
:109EE000024B1868984208BF00207047B00E00204F
:109EF000034B1B680BB9F7F72DB80020704700BF64
:109F00002C53002030B570B10B4B5B6898420AD0DF
:109F1000036843B1D3E90421D0E90445121941EBA8
:109F20000501C3E90421D0E9003213605A6000231F
:109F3000C0E9003330BD00BFB00E0020B3F1FF3FD9
:109F400008BFB2F1FF3F2DE9F84F04469946154688
:109F50001F467AD08160EFF31188402383F3128883
:109F6000BFF36F8FB9F1000FDFF8E4A020DBFFF73C
:109F7000BFFFDAE90027013549F100092D1849EB47
:109F8000E07306464FF00109C4E90453AD1843EBF2
:109F90000707FFF7A5FF0346DFF8B8E0DEF804A0E7
:109FA000EBB9C4E900EACAF80040CEF8044028E062
:109FB0006FF00103DAE900125B1A4FF0FF3161EB39
:109FC00002025B1B62EB0902012B72F10001BCBFB4
:109FD000012300224FF00009C0E90432D9E7D3E998
:109FE000041CD4E904208A4270EB0C0B24DA891A91
:109FF0005A686CEB0000C3E90410C4E90032146035
:10A000005C60FFF76DFF84420ED1134B1B685BB998
:10A01000B9F1000F02D1FFF76BFF0646304615F08D
:10A02000ACF80021F6F7C6FF88F31188BFF36F8FF5
:10A0300028463946BDE8F88F521A60EB0C009A4565
:10A04000C4E90420ADD01B68AAE700252F46EFE73E
:10A0500008450020B00E00202C5300202DE9F047C9
:10A06000EFF31185402383F31288BFF36F8FDFF87E
:10A07000A0900026C9F800000027FFF731FFDFF8A5
:10A080009480D9F80030D8E900ECD91750B1D0E964
:10A090000442A34271EB020A1BDAE41A62EB0102EA
:10A0A000C0E90442002413EB0E034CEB01012046EF
:10A0B000C8E90031C9F8004015F05FF82146F6F70D
:10A0C00079FF85F31188BFF36F8FBDE8F047FFF785
:10A0D00075BE14EB0E024CEBE473C0E90467C8E9EB
:10A0E0000023FFF70FFF85F31188BFF36F8F83689D
:10A0F0009847EFF31185402383F31288BFF36F8FE6
:10A10000D9F800301B1BC9F80030FFF7E9FEB8E7AB
:10A110002C5300200845002010B5EFF31184402394
:10A1200083F31288BFF36F8FFFF7E2FE0346054A01
:10A13000D2E90001181841EBE37184F31188BFF3F1
:10A140006F8F10BD08450020F8B50546EFF3118765
:10A15000402383F31288BFF36F8F036823B187F323
:10A160001188BFF36F8FF8BDD0E90A46611C46F134
:10A170000002022972F1000236D3012C76F10002AE
:10A18000BCBF01241E46013C46F1FF3615F038F8ED
:10A19000013041F10001001946EB0101012871F184
:10A1A000000130DB15F02CF86FF00203013041F1B3
:10A1B0000001001946EB010183426FF000438B411F
:10A1C00026DB15F01DF8013041F100016FF00102AE
:10A1D000001946EB01034FF0FF31121A61EB030344
:10A1E00028461C49FFF7AAFE2B6B01332B632B6A11
:10A1F00093B93C462B4653F8185F9D4200D0D5B921
:10A2000084F31188ADE76FF001024FF0FF33E7E709
:10A2100000224FF00043E3E787F31188BFF36F8F0D
:10A2200028462B6A9847EFF31184402383F3128862
:10A23000BFF36F8FDEE7284614F0E4FE0023C5F875
:10A24000C03084F31188BFF36F8F2846BDE8F84013
:10A2500014F0C9BE49A102002DE9F04105461C4693
:10A2600090461F46EFF31186402383F31288BFF315
:10A270006F8FB4F1FF3F08BFB2F1FF3F05D186F306
:10A280001188BFF36F8FBDE8F081002C09DB012A34
:10A2900074F10003BCBF0122002412F1FF3844F125
:10A2A000FF37284614F080FFDDE906010023C5E9E9
:10A2B0000A012B6342463B4628460249FFF73EFE11
:10A2C000DDE700BF49A1020038B50346EFF3118571
:10A2D000402282F31288BFF36F8FC1600121816039
:10A2E0000068834206D185F31188BFF36F8F002485
:10A2F000204638BDD0E9003213605A600023C0E91F
:10A30000003314F0EDFF294604460248FFF7E0FA57
:10A31000EEE700BF298100202DE9F0434FF000094E
:10A3200085B00546CDF8049000F10C07EFF31188D5
:10A33000402383F31288BFF36F8F8368594003EA89
:10A3400002060A4053400E4901AACDE9023914F031
:10A35000F2FE019C3CB12046C4F8C0900021646E1E
:10A3600014F061FEF6E7DDE9023223EA0203384623
:10A370004146AB60FFF7ACFA304605B0BDE8F0836C
:10A380002BF40300F8B507460C46164614F0D8FD2A
:10A3900008B10020F8BD0E4B9B68D3F8B450002DD7
:10A3A000F7D0221DF5D2EFF31184402383F31288F6
:10A3B000BFF36F8F284647F00401B04784F311883C
:10A3C000BFF36F8F0028E4D040F8045BE2E700BFE2
:10A3D000F85200200146024A0020FFF7D3BF00BF19
:10A3E000D95F0300D0F85831024613F0040011D0B1
:10A3F000D2F8643121F4004222F001029A4308D1DC
:10A4000048F2010223EA01031342034808BF002077
:10A4100070470148704700BF00D8FFFF2DE9F04F9B
:10A42000B3B0049300230A923D9A0DF174090446D7
:10A430000691136018464A464FF0FF313C9F0133A6
:10A440000A2BC2E9000102F10802F8D1049B002B9B
:10A4500000F03482002F50D1002304F1CC052846AF
:10A46000059315F01DFB0146049815F016F818B178
:10A47000059B43F4004305932946049815F0A7F87B
:10A4800018B1059B43F48033059300234FF0010876
:10A490001D941E93079394F888313BB10122013B30
:10A4A00002FA03F3049A1268134203D14FF4804373
:10A4B000C9F8043094F88911049814F0EEFF28B11B
:10A4C000D9F8043043F40043C9F80430B8F1010F5F
:10A4D00008D104F1700104F1500015F039F800289A
:10A4E00000F09E804FF0010B04F15003069E08938C
:10A4F000079BA8EB030309939DE03846E4F752FA63
:10A50000D4F8583106469B0660D54FF0000A04F196
:10A51000F805A846D346D8F8003003F01F03062BF1
:10A5200036D0072B37D0022B06D13246394640466B
:10A5300015F078F800288FD0D8F80C80B8F1000F0B
:10A54000E9D1BBF1000F1ED038460DA915F0B2F8C5
:10A550008346C0B1A846D8F8003003F01F03072B8C
:10A560000CD1D8F804309B4508D15A46D8F80800D9
:10A570000DA91AF0B6FF00283FF46EAFD8F80C8092
:10A58000B8F1000FE7D1BAF1000F07D1042364E757
:10A590004FF0010AD0E74FF0010BCDE72B6803F035
:10A5A0001F03062B08D16B689E4205D132463946FF
:10A5B000A8681AF096FF20B1ED68002DEED14FF09B
:10A5C000FF30003818BF0120830046E7AF4D04F18B
:10A5D0007008D8F80420032A0ED12846D8F80810AD
:10A5E0001AF07FFF40B93246394608F10C0015F0E9
:10A5F00019F800283FF430AFD8F81880B8F1000FF0
:10A60000E7D1C3E7A268AB689A4204D1E968E06881
:10A610001AF067FF00B3D5F89051002DF2D161E731
:10A62000069DFAE7089806F1700114F091FF0546BF
:10A6300020B3D6F89061002EF4D1BBF1000F40F0AA
:10A640009F8032AA08F1FF3302EBC30353F8502C6A
:10A6500042F0080243F8502C1E9B059A13431E93A8
:10A660001DAB03EBC804B8F1000F40F000813D9B27
:10A6700087481B68002B08BF00201CE1BBF1000FBE
:10A6800002D0F369022B09DDD6F85C31002BD0D063
:10A6900004213046FFF7A6FE0028CAD1D6F8603163
:10A6A000002B02DD099A9342C3D394F8880101F08C
:10A6B000FDFE824615F040F9D4E9052107460DABB1
:10A6C000504602F047F870B1BBF1000FB1D1B8F1BC
:10A6D000010F4FF0000B58D1D9F8043043F00803B4
:10A6E000C9F8043039E006F1CC0A504694F88911D3
:10A6F00015F0C2F90028E7D0D4F8802194F8883109
:10A7000094F889010392D4F88421CDE901720DAA4D
:10A710000092D4F88C11524602F0DCF9BBF1000F24
:10A7200001D0002885D1B0FA80F7B8F1010F4FEAC7
:10A73000571710D004F1700104F1500014F008FF15
:10A7400010B9079B01330793BBF1000F03D1B8F198
:10A75000080F00F2AB80002FBED006F1CC031946E3
:10A760000498089314F033FF28B1D9F8043043F467
:10A770008033C9F8043006F170030A9F0B9310E090
:10A780004FF0000BD4F89061B2E65F46D2E7BB69A8
:10A790002BB10B9907F1340014F0DAFE20B1D7F891
:10A7A000F070002FF3D106E002213046FFF71AFEC9
:10A7B00098B145F01005D9F8043008F101082B4391
:10A7C000C9E90136002309F10809C9F80430BBF1D1
:10A7D000000F7FF441AF34465DE697F8E8A0BAF188
:10A7E000000F07D001230AF1FF329340049A126848
:10A7F000134201D145F4003597F8E910049814F09C
:10A800004CFE08B145F48025504601F04FFE0990FA
:10A8100015F092F8D7E9042182460DAB099801F0B2
:10A8200099FF0028C5D10899049814F0D0FE08B10A
:10A8300045F48035D7F8E02097F8E83097F8E9003C
:10A840000392D7F8E420CDE901A20DAA0092D7F82F
:10A85000EC10089A02F03EF90028AAD139462046A9
:10A8600014F012FF00289AD045F00205A3E754F82F
:10A87000043C08F1FF380D933E9B5BB93D9B0D9A5C
:10A880001B68083C13433D9A1360ECE61F0D05005E
:10A8900000D9FFFF4246DDE93E5054F8081C0DABDD
:10A8A000A8470028EAD010F51C5F00D104484FF0FB
:10A8B000FF333D9A136033B0BDE8F08F0148F6E7EF
:10A8C00000D0FFFF00D8FFFF1FB5089C0394079C32
:10A8D0000294069CCDE90034024BFFF79FFD04B0C3
:10A8E00010BD00BF548004002DE9F04F9BB00C4612
:10A8F00017461E460390002800F0EC83002900F064
:10A90000E98305464FF00009EB69A3B1D5F8903112
:10A910004BB94FF4CA71012005F020F9C5F8900138
:10A9200020B9AA4C63E0A9461D46EDE714F06AFF82
:10A93000A946D5F890510023CDE90E33CDE9103367
:10A94000CDE91233CDE9143316934DB9B9F1000FA7
:10A9500001D0C9F890519E4C284605F005F946E013
:10A96000302308AAE11909A8CDE9087419F026F8DE
:10A9700068B1284614F04BFF964CB9F1000F02D095
:10A980000023C9F89031039BAB42E5D12FE0DDE90C
:10A99000083202EB030BABEB0401A9605EB30120AC
:10A9A00005F0DCF80990E860002800F0918321466A
:10A9B000AA681AF067FD01232B60AA68089B099911
:10A9C000D31A0B44099301EB020B099B5946AB6167
:10A9D00008AA302309A818F0F1FF044670B12846F0
:10A9E000A4F5065414F013FF002CC6D10024204611
:10A9F0001BB0BDE8F08FEC602E60E6E7DDE90837BC
:10AA00001F44AB693946FB1A6B6117AAA02309A83A
:10AA100018F0D4FF08B310F1620F1AD1EC61394677
:10AA200005F1200209A800F0DBFB044630BB05F16C
:10AA30002C06324639460EAB09A814F037FF0446FF
:10AA4000E0B9EB69022B1DD9284614F0E0FE624CF8
:10AA500093E7A0F506548CB9E1E7099E179B05F131
:10AA60001C021E44314609A819F00AF810B1A0F5DD
:10AA70000854F0E7099B9E42D1D0584C284614F068
:10AA8000C6FE7AE70133EB6105F5C67300933046E5
:10AA900005F2891305F5C4720EA900F023FD0446E2
:10AAA0000028EBD1099B39462B6408AA302309A85A
:10AAB00018F084FF0446002891D1DDE9083105F142
:10AAC0005002194409A800F0B1FB04460028D5D172
:10AAD0002A6C099B39469B1AEB6317AA302309A8F5
:10AAE00018F06CFF002855D0B0F51054C6D1099B62
:10AAF0003946EB6408AA302309A818F05FFF044622
:10AB000000287FF46CAFDDE9083143B105F1700234
:10AB1000194409A800F08AFB04460028AED1099A1E
:10AB2000EB6CC5F8C820D31A3946AB6405F1CC02EA
:10AB300009A801F0B1FB044600289FD1099BD5F874
:10AB4000C8209A1AC5F8C420EA69023A012A04D832
:10AB50009F4247D1099B9F4263D1EB69099A032B1E
:10AB600040F08C80974200F07E82394605F1EC027D
:10AB700009A800F0D7FC044600287FF47FAFD5E990
:10AB80003C328246D3180493099B049A9A4263D8B4
:10AB900074D066E1099E179B05F190021E44314670
:10ABA00009A800F0D1FB044600287FF467AF3146C6
:10ABB00005F1A80209A800F0C7FB044600287FF4AD
:10ABC0005DAF099B9E4292D0054C57E780D7FFFFAF
:10ABD00000D8FFFF80DEFFFF80DAFFFF9ADDFFFF76
:10ABE0009ADBFFFF1B783946C5F8D43005F1D8024F
:10ABF000A12309A818F0E2FE58B110F1620F03D0AA
:10AC0000B0F506547FF43AAFEB69023B012BA1D9B2
:10AC1000A3E7099BD5F8D820C5F8DC301344099385
:10AC2000F2E71B783946C5F8E03005F1E402A223CB
:10AC300009A818F0C3FE38B110F1620F8DD0B0F53D
:10AC400006547FF41BAF88E7099BD5F8E420C5F8CC
:10AC5000E8301344099380E7302304990AAA09A82D
:10AC6000CDE917AACDE90BAACDF864A018F0A6FE8D
:10AC700068B1A0F51454002C7FF400AF099B9F42EB
:10AC800000F0F181284614F0C2FDA84C75E6DDE91C
:10AC90000923D4182146062318AA09A818F08EFE05
:10ACA0000028E6D10623189A1793099B2146199389
:10ACB00009A813440BAA099318F0C9FE10B110F1AA
:10ACC000620FD6D1042321460AAA09A818F076FEFD
:10ACD0000028CED1099B0A9E05931E44B44240F041
:10ACE000C0800CA917A80AF027FBC0B1249A0B9BBF
:10ACF0007AB1DDE92440099A29460092019617AA03
:10AD0000A047044618B10B9B002B7FF4B7AE099601
:10AD10003AE70994002B3FF437AF854CAEE6D5F8FF
:10AD200058210C9B12EA030140F0D6811A43202BD4
:10AD3000C5F8582100F0EC8010DC013B072B00F235
:10AD40008D81072B00F28A81DFE813F08D007300FC
:10AD500088015700880188018801F800B3F5006F69
:10AD600053D0B3F5803F00F0DA80B3F5807F40F038
:10AD70007581C5E95711302331460DAA09A818F08D
:10AD80001DFE28B1A0F51454002C3FF4FDAE75E66D
:10AD9000099B9E423FF4F8AE05F5AE784246314637
:10ADA00009A818F054FE78B110F1620FEAD14246BA
:10ADB000314609A818F064FE0028E3D1D5F85C31CB
:10ADC00013B10123C5F85C31099B9E423FF4DCAE10
:10ADD000314605F5B07209A818F052FE0028D1D10D
:10ADE000099B9E423DD16FF00042D5F860319342FD
:10ADF0001DD00133C5F86031C6E6314605F5B272A3
:10AE000009A814F05AFD0446BEE70623214605F5BD
:10AE1000B47209A809F0D8FF20B1B0F514543FF47A
:10AE2000B3AE2BE6D5F87031002B7FF4ADAE414CBC
:10AE300024E6002321460D930DAA042309A818F047
:10AE4000BDFD0028E9D104230D9AC5F80831099BFE
:10AE5000C5F80C21C5F81031134409939C423FF406
:10AE600093AE354C0AE6002331460D930DAA3023EC
:10AE700009A818F0A3FD002884D1099B0D9A13445A
:10AE80009E42EED1802331460DAA09A818F096FD06
:10AE9000002839D104210D9A099BC5F81821C5F85D
:10AEA0001C311344C5F814110993099B9E4228D9FB
:10AEB000A12331460DAA09A818F080FD00287FF4CF
:10AEC00061AF09990D9B05F59072194409A800F02E
:10AED00059FC044600287FF4D1AD822331460DAAE7
:10AEE00009A818F06BFD00287FF44CAF02210D9AE1
:10AEF000099BC5F83421C5F838311344C5F8301121
:10AF00000993099B9E42AAE710F1620FCDD039E761
:10AF1000214605F1F80209A800F09CFC73E72146E0
:10AF200005F5BC7209A800F023FB6CE71ADEFFFFF1
:10AF30009EDAFFFF9CDAFFFF9ADAFFFF30233146EB
:10AF40000DAA09A818F03AFD0446E0B1A0F5145482
:10AF5000002C3FF419AE14F5025F7FF48FAD249AF4
:10AF60000B9B5AB1DDE92440059A294600920196CF
:10AF700017AAA04700283FF407AE0B9B002B3FF415
:10AF800003AE574C7AE50D9A099B13449E427FF419
:10AF900068AF002A3FF465AF05F5A478099B9E428F
:10AFA00005D84FF00003C8F80C30D1D059E7302352
:10AFB00031460DAA09A818F001FD10B1A0F51454EE
:10AFC000C6E7099A0D9B09A8D31802930299062394
:10AFD0000DAA18F0F3FC0028F0D10D9A099B042A61
:10AFE000069339D119463F4807921AF07AFA3C4B3A
:10AFF000079A002818BF1C46D8F8083073B1D8F853
:10B000000C300792002B67D11021012004F0A6FD1F
:10B01000C8F80C00002861D08046079A0623C8F8BB
:10B020000030069BC8E90123099B0D9A1344029A3C
:10B0300009939A420BD9302302990DAA09A818F056
:10B04000BDFC0028BAD1099B0D9A13440993099BB2
:10B05000029A9A42A2D004E7214CCDE70B9B002B29
:10B060003FF455AE8DE7594611AB14AA09A814F068
:10B070001DFC044600287FF401AD2A6B159B9A4203
:10B0800012D11699686B1AF02CFA68B90E9A119BB6
:10B090009A4209D10F9A129B9A4205D14AB113994B
:10B0A00010981AF01EFA20B1284614F0B0FB0E4C8E
:10B0B00063E4594605F5BE7209A800F0F7F90446A5
:10B0C00000287FF4DBAC099B9B453FF48FACD9E5AE
:10B0D000064C52E4064C8AE4064CCFE4064CCDE420
:10B0E00080DFFFFF466C040080D9FFFF80D7FFFFA1
:10B0F00000D8FFFF00DBFFFF96DAFFFF2DE9F04FDE
:10B100000D461746804689B000285DD000295BD0E7
:10B110004AB18B1813F8016C2EB928462C491AF045
:10B1200056FA00284BD13A462946404609B0BDE8B8
:10B13000F04F14F0A1BB05A814F0E7FB04AB029399
:10B1400000235946CDE90033224A2B4605A800F0DA
:10B150003FFD8246D0B9DDE90512049B4046FF1A47
:10B160001D4414F089FB824605A814F0D3FBBAF104
:10B17000000F1CD14FF00109012FDCD8B9F1000FED
:10B1800024D1154B002C08BF1C4614E010F5A45F19
:10B1900010D010F5845FF1D005A814F0BBFB049A21
:10B1A000BF1A1544002C08BF54460136E4E71AF5CF
:10B1B000225FF7D15446204609B0BDE8F08F3446EF
:10B1C000B146DFF80CB0D7E7044CF4E73446F2E7B9
:10B1D000230D05003F0D050080D8FFFF00D8FFFFBD
:10B1E00038B503681546CA1A002A044616DD1A78CF
:10B1F00002F07F02022A13D15A1C02602A461B78F1
:10B2000042F8043B18F0A6FB10B1A0F50A5038BD77
:10B2100023686A68AB6013442360F8E70148F6E7E7
:10B220000148F4E720DDFFFF1EDDFFFF2DE9F74FAA
:10B2300005468A4690461446DFF8F8B031236A4640
:10B240005146284618F0BAFB074668B1A0F50E54DF
:10B25000D8F8180018F0FAFC00232746C8F8183070
:10B26000384603B0BDE8F08F26462A68009B02EB03
:10B27000030930234946284601AA18F09FFB88B1EC
:10B28000A0F50E54002CE3D12B684B4547D001208C
:10B290002021307704F062FCB06108B9264CD7E772
:10B2A0000646E6E7019A2B68002A03EB020401DC5C
:10B2B000224CCDE732461B78214642F8043B284613
:10B2C000062318F07BFB0028DAD129687068B1608A
:10B2D0000B18E21A002A2B60EADD0A5C1E2A05D050
:10B2E0001C2A1AD82BFA02F2D20716D501332B608A
:10B2F0000B5C06F1100221462846F36018F02AFB89
:10B300000028BDD12B683269736113449C422B60C5
:10B3100001D1B061B8E70A4C9AE70A4C98E7D145E9
:10B320009ED02021012004F019FC0446B0610028C1
:10B3300084D1B3E70810581080D7FFFF20DCFFFF4F
:10B340001ADCFFFF1EDCFFFF2DE9F34703681446FC
:10B35000CA1A002A074640F39F801A78172A12D08B
:10B36000182A40F09B804FF00408013338463B60B8
:10B3700001AA18F0EFFA064640B1A0F51056304683
:10B3800002B0BDE8F0874FF00208EEE7019B08F13C
:10B390000A029A4209D008F10B0293421BD13A6883
:10B3A0001A4412F8012C5A2A15D13D682B4428461C
:10B3B0003B6014F06BFA002820600CDBB8F1040F3E
:10B3C0000BD16423023503FB00F1284614F05EFA2A
:10B3D0000028206007DA324ED1E7312840F26C7144
:10B3E000D8BF4FF4FA612368A81C1944216014F0F7
:10B3F0004DFA80466060281D14F048FAA0600746A8
:10B40000A81D14F043FAE060824605F1080014F02C
:10B410003DFA2061814605F10A0014F037FAB8F1CF
:10B420000C0F02466061D6D8012341F2AA5003FAFC
:10B4300008F3034228D113F4256F27D1B8F1020F86
:10B44000C9D18B0724D16420B1FBF0F300FB1313A7
:10B4500003BB4FF4C870B1FBF0F300FB1313002BD8
:10B460000CBF1D231C23013F9F42B4D242F20F7335
:10B470009942B0D8BAF1170FADD8B9F13B0FAAD89D
:10B480003B2A7FF67CAFA6E71F23ECE71E23EAE703
:10B490001C23E8E71D23E6E7024E70E7024E6EE745
:10B4A00000DCFFFFA0DBFFFF9EDBFFFF73B515464F
:10B4B000026804468B1A002B10DD167801AA18F0DA
:10B4C0005FFB18B1A0F5125002B070BD019A2E605A
:10B4D0006A602368AB6013442360F5E70048F3E734
:10B4E00020DBFFFF10B50C4611461A46029B1B6875
:10B4F0007BB909F03BFF10B1A0F5185010BD2368CF
:10B50000052B00D03BB96268044B002A18BF1846CF
:10B51000F4E70348F2E70148F0E700BF00DDFFFF72
:10B5200000D8FFFF73B543F0A0061446334604323B
:10B53000054618F043FA18B1A0F5145002B070BDDA
:10B54000266029683023A160646828460C4421469F
:10B5500001AA18F033FA0028EED1019A2B6813449F
:10B56000024A9C4218BF1046E8E700BF9ADAFFFF84
:10B570001FB50023144601AA01938DF808300393E8
:10B5800018F095FA18B1A0F5145004B010BD019B45
:10B590002BB1012B05D1039B1B782370F5E70346E4
:10B5A000FBE70148F1E700BF9CDAFFFF2DE9F0411E
:10B5B0000368064603F0DF03803B0C468CB0072B84
:10B5C00000F2D380DFE813F00800AB008F00D10059
:10B5D000B300D100800097008568436802951D4440
:10B5E0002946062301AA02A818F0E8F9C0B1A0F57F
:10B5F0001450002836D128222046002119F069FF76
:10B60000043403AA0BAD134603CBAB422060616048
:10B610001A4604F10804F6D118682060002021E0E1
:10B62000DDE90187B8F1080F40F09F8042463946B6
:10B63000504819F056FF002840F0978006260597DD
:10B64000A0230837294601AA02A8CDE9036802977A
:10B6500018F0B4F90028CAD1DDE9012313449D4252
:10B6600003D045480CB0BDE8F0813023294601AA3B
:10B6700002A818F0A3F90028B9D1DDE90123134489
:10B680009D42EED13346294601AA02A818F096F948
:10B690000028ACD1029B019A08931344029304231F
:10B6A000079229460DEB030202A8069618F086F9C8
:10B6B00000289CD10423019A0993029B0A920B93C0
:10B6C00013449D4297D0CCE70D1D2422002128462B
:10B6D00019F0FFFE06232360336863607368A3607C
:10B6E000B368E3609AE70D1D24220021284619F073
:10B6F000F0FE0223EFE70D1D24220021284619F059
:10B70000E8FE072323607368042B01D0102B2ED191
:10B710003368636073686B60B368AB607EE70D1D70
:10B7200024220021284619F0D4FE0123D3E787689C
:10B730000D1D242200212846039719F0CAFE042378
:10B7400023607168302302AA394403A818F036F93F
:10B75000002887D1DDE902312A46194403A8FFF702
:10B7600065FD00283FF45AAF7CE704487AE70448B7
:10B7700078E700BF590D05009ADAFFFF80DFFFFF71
:10B7800000D8FFFF2DE9F04705460F4690461646C4
:10B790008EB02C68BC4207D30023F3602B68294C81
:10B7A000BB4208BF002411E02822002104A819F0A0
:10B7B00090FE14F8012B3946019228466A462C6007
:10B7C00018F0C8F8824628B1A0F5145420460EB0EF
:10B7D000BDE8F0872B680393009B0293019B03F065
:10B7E000C003802B28D10DF10409484604A9FFF7B6
:10B7F000DDFE044648B110F5025F06D0D8F80C0013
:10B8000018F0D2F9C8F80CA0E0E704A814F076F814
:10B81000B36843B1F3688BB91021012004F09EF99D
:10B82000F06068B1064699E8070086E807002B68D3
:10B83000029A13442B60ACE7034CC7E7034CC5E7FF
:10B84000034CC3E79ADAFFFF9EDAFFFF00DBFFFF3E
:10B8500096DAFFFF73B53023164601AA04460D465B
:10B8600018F0ACF818B1A0F5145002B070BD236800
:10B87000019A13449D4205D1324629462046FFF7DE
:10B8800081FFF2E70048F0E79ADAFFFF01680E4A0D
:10B890000346914215D1C169A2F11022A2F1EF1223
:10B8A00091420ED18268012A0BD8C26812B1016997
:10B8B0008A4206D0586928B19B691B1A58425841E0
:10B8C00070470120704700BF55AA00FF70B50D4BAF
:10B8D0009E68A6B13046FFF7D9FF044678B9F368F1
:10B8E0006BB935690DB9204670BD2846FFF7CEFF0C
:10B8F00028B9EB68B34202D12E462D69F2E7012444
:10B90000F1E700BF305300202DE9F041444B454C96
:10B9100005461B6820468846984718B100242046F3
:10B92000BDE8F081A4F1140754F8144CFB68DCB1B5
:10B93000BC68CCB1002D66D0B8F1000F65D008FB13
:10B9400005F6B6FBF5F5A84561D1311D5FD8B20704
:10B9500011D026F0030204321C4603E061689142D4
:10B9600057D2A469002CF9D12F4B2E481B68984759
:10B970000028D4D0D2E73246EEE7891A232904F111
:10B9800020051CD80123A360D4E90523AAB1936143
:10B99000A3690BB162695A610023C4E905333B69AD
:10B9A000DB0703D5FFF792FF002835D1324600218F
:10B9B00028462C4619F08DFDD6E7FB60E8E702F13A
:10B9C000200C04EB0C032039C3E90110DC60216971
:10B9D0001648196144F80C00A0F11020A0F1EF10F6
:10B9E000D86101B1CB6061695961A069986141B1C9
:10B9F0008B61996901B14B6101212361C4E9012186
:10BA0000CAE7FB60F5E72C46AEE74446ACE70446E0
:10BA1000AAE7A0680028B0D0012009F0F7FC00BF19
:10BA2000E80E002044530020E40E002055AA00FF39
:10BA300070B5464B464C05461B6820469847002883
:10BA400040F08280002D43D054F8143CA4F1140639
:10BA5000002B3DD0B268002A3AD09D4203D37268D1
:10BA600013449D4202D3012009F0D0FCA5F120042B
:10BA70002046FFF70BFF0028F5D155F8183C012BA5
:10BA8000F1D155F8143C45F8180C3BB39A682ABB21
:10BA900055F81C2C02F120015A680A445A6055E9F5
:10BAA00005321A6155F8145C2B6903B1DD60202260
:10BAB0000021204619F00DFD286910B18368002B84
:10BAC0002ED033699B0703D5FFF700FF0028CAD1AA
:10BAD000BDE870401F4B1E481B68184755F8100CF6
:10BAE00000282AD0836843BB42686368134420332C
:10BAF000636003692361D4E905239AB9CBB943692B
:10BB000063618269A261B3B19C61A36903B15C61A5
:10BB1000236903B1DC602022002119F0DAFCD0E7B0
:10BB20002C46E1E79361A369002BE8D062695A6172
:10BB3000E5E7F360F7E7F460E7E7F36845F8083C0A
:10BB400003B15C61F460BCE770BD00BFE80E00208B
:10BB500044530020E40E002038B50C462822002172
:10BB60000546154819F0B5FC144B15481B68984755
:10BB70001449154803F0FEFF232C1CD915F00303CC
:10BB80001FBF043CE418C3F10403ED182246002152
:10BB9000284619F09EFC084B0C49C3E90054203C90
:10BBA0009D606C609A6811609A68A1F11021A1F102
:10BBB000EF11D161DA6038BD30530020F00E002063
:10BBC0004453002031BA020009B9020055AA00FF0F
:10BBD0002DE9F0430D4691469846064685B020B9BA
:10BBE0003A4C204605B0BDE8F083184619F0EFFC4A
:10BBF000074600285FD04946404619F0E8FC044655
:10BC0000002858D0874256D22846E2F7CBFE3B5C4C
:10BC10003D18202B08BF01352B780D2B08BF0135AF
:10BC20002B780A2B47D14846E2F7BCFE235C22184A
:10BC3000202B08BF0132137801350D2B08BF0132CC
:10BC400013780A2B08BF0132A2EB08020E9BA4EB6B
:10BC50000508B8F1150F1A6005DD162228461C49A3
:10BC600019F03FFC48B3AC4229D900212B460846C5
:10BC7000CDF8008003AA09F0C5F82C3021D0039933
:10BC80000029ADD0012003F069FF0746D8B12B464B
:10BC90000399CDF8008003AA09F0B4F8044630B146
:10BCA0003846039915F0CAF9A4F5885499E7039B1F
:10BCB0003760736095E7074C93E7074C91E7074CB3
:10BCC0008FE7074C8DE7074C8BE700BF80EBFFFF4A
:10BCD000620D050080EFFFFF00ECFFFF00EFFFFFAC
:10BCE000D4EEFFFF80EEFFFF7FB516460022C3E9CA
:10BCF00000229A6001AA1D4617F05EFF044620B19B
:10BD0000A0F56A54204604B070BD314601A809F080
:10BD100049FB10F12E0F09D1089901A819F067FB12
:10BD200008B10B4CEEE702233370EBE70028F8D1A3
:10BD30003378012BE6D12B68052B00D02BB96A682C
:10BD4000044B002A18BF1C46DCE7024CDAE700BFB0
:10BD500080C3FFFF80C5FFFFF0B503680446062BD4
:10BD60000D46B3B00ED101A909F036FB002840F012
:10BD7000608128469DF8041000F000FE044620462D
:10BD800033B0F0BD02A814F07BFBA6686368009690
:10BD90001E44314668461AAA17F072FE08B3A0F591
:10BDA00074541CBB1AA814F06BFB03F039F8064658
:10BDB00037463B780136002B00F032811AA814F088
:10BDC00092FB16F8011C1AA803F04AFE044600284C
:10BDD00000F0E6801AA814F086FB3B788DF804305A
:10BDE00004E01A9B013B022B12D9934C0FA818F0C8
:10BDF000B7F803A818F0B4F805A818F0B1F807A828
:10BE000018F0AEF809A814F06AFB002CB1D0B6E720
:10BE100030233146684601AA17F0D0FD04460028B9
:10BE2000E4D1DDE900731F4439460623684601AAC0
:10BE300017F0C4FD04460028D8D1019A072A40F023
:10BE4000AD80009C7D49204619F04BFB002840F056
:10BE5000A58007343946684603AA009417F014FEFB
:10BE600000289CD103A818F083F9009B11909F42F1
:10BE700001D0734CBAE730233146684601AA17F067
:10BE80009DFD04460028B1D1DDE900731F44042361
:10BE9000394668460DEB030217F090FD00287FF449
:10BEA0007EAFDDE9001205A818F06CF900287FF4D8
:10BEB00076AFDDE900321344009304233946684627
:10BEC0000DEB030217F07AFD00287FF468AFDDE97F
:10BED000001207A818F056F900287FF460AFDDE9DA
:10BEE00000321344009339460323684601AA17F031
:10BEF00065FD18B9DDE9003213440093009B9F42B1
:10BF0000B7D10423314668460DEB030217F056FD06
:10BF100000287FF444AFDDE9002309A902A803F05B
:10BF2000E5F850B310F59D4F7FF45FAF009B1B7891
:10BF3000023B012B3FF659AF03A818F01DF9019BF6
:10BF4000411C994202467FF450AF009909A8013183
:10BF500018F018F900287FF448AF009B0BA8197857
:10BF6000023918F0D9F800287FF43FAF01210DA85D
:10BF700018F0D2F800287FF438AFDDE900323146FE
:10BF8000134468460FAA009317F07EFD00287FF443
:10BF900006AF0FA818F0ECF8129003E7294C25E73C
:10BFA000119A299B9A427FF403AF129A2A9B9A42D4
:10BFB0007FF4FEAE1BA903A818F055F900287FF402
:10BFC000F7AE1DA905A818F04EF900287FF4F0AED1
:10BFD0001FA907A818F047F900287FF4E9AE27A9A0
:10BFE0000FA818F040F900287FF4E2AE21A909A8B3
:10BFF00018F039F900287FF4DBAE25A90DA818F058
:10C0000032F900287FF4D4AE00210BA818F0A0F874
:10C010000021044623A818F09BF884427FF4C8AEA0
:10C020001AA814F060FA3B78074C002B18BF0024C4
:10C03000D4E6064CA3E600BF00C3FFFF790D050060
:10C040009AC2FFFF80C6FFFF80B1FFFF00C6FFFF5F
:10C050002DE9F04304461F461046002389B0CDE980
:10C060000533079304913023014403AA04A817F071
:10C07000A5FC10B1A0F574503CE0DDE9033202EB01
:10C080000308414602AA04A817F0FAFC0028F1D1DF
:10C09000029B012B76D10423414603AA04A817F082
:10C0A0008DFC0028E6D1DDE90365AB194345049317
:10C0B0002FD0A023414603AA04A817F07FFC28BB79
:10C0C000DDE90323002A03EB02095DDD1B78062B63
:10C0D000059301D0302B59D1494606AA04A817F080
:10C0E0006DFC50B1B0F5745004D1214605A8FFF79E
:10C0F00033FE70B109B0BDE8F083049B069A079344
:10C10000134499450493F0D02148F3E710F1620FEE
:10C11000B0D132462946204613F020FC0028E9D150
:10C12000049B434525D0A123414603AA04A817F048
:10C1300045FCD8B9DDE9033101EB0308414603AA08
:10C1400004A817F01DFD002894D1DDE903310B444C
:10C150009845D9D12046A8EB010213F01FFC002816
:10C16000C8D010F59D4F04D00A48C3E710F1620F04
:10C1700080D1109B3246009329463B46204613F05F
:10C18000FDFBB7E70448B5E70448B3E70448B1E767
:10C190009AC2FFFF00C3FFFF80C2FFFFA0C2FFFFE4
:10C1A0009EC2FFFF2DE9F0411F4600238AB08D1883
:10C1B000064606918DF80E308DF80F302946302353
:10C1C00005AA06A817F0FAFB28B1A0F5745420467A
:10C1D0000AB0BDE8F081DDE9053202EB0308414613
:10C1E00004AA06A817F04CFC0028EED1049B002BF3
:10C1F00045D10DF10F030093414607AB0DF10E023F
:10C2000006A8FFF771FD04460028E0D1042341464B
:10C2100005AA06A817F0D2FB0028D6D1059B83B348
:10C220009DF80E0000F0FEFB014608B9164CCEE763
:10C23000304600F003FC04460028C8D19DF80E30BB
:10C24000023B012BF2D8314607A8FFF785FD0446D3
:10C2500048B9DDE90521109B304600933B46FFF7C6
:10C26000F7FE044618B1304613F0F6FBAFE7DDE900
:10C2700005231344054A9D4218BF1446A7E7044C02
:10C28000A5E7044CA3E700BF80C3FFFF9AC2FFFFEE
:10C2900080C2FFFFA0C2FFFF0023F0B589B01646A1
:10C2A0008DF80E308DF80F3004AA3023054617F0B4
:10C2B00085FB20B1A0F57454204609B0F0BD2F686D
:10C2C000049B28461F440DF10F030093394605AB2C
:10C2D0000DF10E02FFF708FD04460028ECD13946A7
:10C2E000284604AA17F04CFC10B1A0F56C54E3E703
:10C2F0002B68049A13449F4225D19DF80E0000F04C
:10C3000091FB014608B3304600F098FB0446002834
:10C31000D2D19DF80E30023B012B12D8314605A830
:10C32000FFF71AFD044640B9296830467A1A13F01F
:10C3300035FB2F6004460028BED0304613F08CFB3E
:10C34000BAE7034CF9E7034CB6E7014CB4E700BF8A
:10C3500080C3FFFF9AC4FFFF2DE9F04F89B0054667
:10C36000DDE913890E461C469246002A57D005A8DF
:10C370000AF1FF3B13F0C9FA16F80B30ABBB129B66
:10C3800004AFCDE900433B4A33463B49029705A839
:10C39000FFF71EFC0446E0B9022000F043FB014613
:10C3A000284600F04BFB044648B9DDE90512434638
:10C3B0002846CDF80090FFF74BFE044610B1284602
:10C3C00013F04AFB05A813F0A5FA204609B0BDE812
:10C3D000F08F10F59C5F48D010F5985F47D010F5AE
:10C3E000845FF2D116F80B30DBB14346524631463A
:10C3F0002846CDF80090FFF7D5FEA0B3284613F0ED
:10C400002BFB284613F024FB022000F00BFB014617
:10C41000284600F013FBE0B1284613F01DFB174C33
:10C42000D3E7CDE901370093154A3346154905A8EE
:10C43000FFF7CEFB044640B9DDE905124346284626
:10C44000CDF80090FFF7AEFEB7E710F5845FBCD1E2
:10C45000CBE74346524631462846CDF80090FFF7D9
:10C46000F7FD0028D8D10024AFE7074CADE7074C13
:10C47000ABE700BF810D05009E0D050000C3FFFF67
:10C48000BD0D0500D70D050080C4FFFF00C4FFFFF0
:10C490000538C0B2062805D8034B53F8200008B170
:10C4A00014F092BE00207047808004000538C0B2AE
:10C4B00006289ABF024B53F820000020704700BFA7
:10C4C0006480040010B50446002838D00368002BAF
:10C4D00035D0806838B12279012A11D115F03EF8A3
:10C4E000A06803F041FBE06820B123689978490017
:10C4F00014F0A4FD2046BDE81040102103F082BED8
:10C500001B78053B062BEBD801A252F823F000BFA5
:10C510002DC50200E1C40200E1C4020033C50200DF
:10C5200033C5020039C5020039C5020013F0C1FA53
:10C53000D6E713F069FBD3E713F025FCD0E710BD75
:10C5400070B50D461646044600B109B9294870BDBC
:10C550000023C0E9023301600878FFF799FF60B15A
:10C560004FF41371012003F0F9FAA06000283ED0C7
:10C57000012323718EBB0020E9E72B78053B062BB6
:10C58000E4D801A252F823F0A5C502004DC502006F
:10C590004DC50200B7C50200B7C50200C9C50200FB
:10C5A000C9C502005C21012003F0D8FAA060F0B1F7
:10C5B00013F07BFADEE76C21012003F0CFFAA060D4
:10C5C000A8B113F01DFBD5E7D821012003F0C6FA6E
:10C5D000A06060B113F0D3FBCCE70220A97803F090
:10C5E000BDFAE0600028C6D12046FFF76BFF024885
:10C5F000ADE700BF00AFFFFF80AEFFFF0422024B9C
:10C60000024913F0FAB900BFC1F903009CB004005D
:10C6100038B50446002838D00368002B35D002799D
:10C620001B78012AA3F1050312D1DBB2062B8CBFC4
:10C630000025174A806898BF52F8235014F08EFFE7
:10C640002946A06814F095FFBDE83840FFF7D6BF33
:10C65000062B1AD8DFE803F0041919090F11170087
:10C660008068BDE8384000F0EDBA0121A068BDE85F
:10C67000384001F049BA0021F8E70121A068BDE87F
:10C680003840E2F779BE0021F8E7024838BD00BF24
:10C690008080040000AFFFFF10B590B1036883B144
:10C6A0000479012C06D1806814F083FFBDE81040A6
:10C6B000FFF7A4BF1B78092B05D8072B10D8052B33
:10C6C00009D00A4810BD0A3B012BFAD8BDE810403A
:10C6D000806813F05DBB8068BDE8104013F0EEB9D0
:10C6E0008068BDE8104013F094BA00BF00AFFFFFB0
:10C6F00007B5B0B10368A3B10279012A0AD15A780B
:10C70000806801AB019214F068FFFFF777FF03B078
:10C710005DF804FB1B78092B05D8072B12D8052BD5
:10C720000AD00B48F3E70A3B012BFAD8806803B024
:10C730005DF804EB13F07DBB806803B05DF804EB9B
:10C7400013F0F5B9806803B05DF804EB13F0A0BAFC
:10C7500000AFFFFF70B586B00C460546039202930A
:10C7600030B30078FFF794FEDDE90221B0B12B78F9
:10C770006E78053BDBB2062B96BF1A48002050F8B6
:10C78000230005ABCDE9006313460A462146059612
:10C7900014F034FFFFF732FF06B070BD2B78053B75
:10C7A000062B05D8DFE803F00604040C13151C0063
:10C7B0000D48F1E7204606B0BDE8704013F000BA1E
:10C7C0000123204606B0BDE8704013F0B1BA002343
:10C7D000F7E70123204606B0BDE8704013F0A8BB80
:10C7E0000023F7E78080040000AFFFFF2DE9F04150
:10C7F0000E461746054690B000286DD00368002B02
:10C800006AD0C268002A67D09B78BB4214D2FFF777
:10C81000FFFE044600283BD13A4631462846FFF742
:10C820003BFF0446A0BB69462846FFF761FF04466C
:10C8300070BB6E462B685F782B68D5F80C809A78B1
:10C840003621404608EB020418F043FE2B685C21B9
:10C850009A78204618F03DFE0023191D8F4208EB00
:10C8600003021DD29F4223D80023191D8F4204EBDF
:10C87000030224D29F4228D82846FFF7C9FE044667
:10C8800030B92B68414628469A78FFF705FF0446E1
:10C890004021684603F0B6FC204610B0BDE8F081A8
:10C8A000F25858F80300424048F803200B46D4E7FA
:10C8B000F05C11780133414002F8011BD2E7F258D5
:10C8C000E0584240E2500B46CFE7F05C117801336C
:10C8D000414002F8011BCDE7004CDDE700AFFFFF50
:10C8E00010B430B1046824B1C36813B110BCFFF7B1
:10C8F000D3BE014810BC704700AFFFFFF0B50D4636
:10C90000044691B000B30368F3B1C668E6B1694666
:10C910009F78FFF7EDFEA8B92046FFF779FE88B9AA
:10C92000236820469A78F119FFF7B6FE50B92368BC
:10C93000694620465A78FFF7AFFE18B929462046C7
:10C94000FFF7D6FE11B0F0BD0048FBE700AFFFFFD8
:10C9500038B5044670B1036863B1C56855B1FFF7D7
:10C9600057FE40B92368294620469A78BDE83840EA
:10C97000FFF792BE004838BD00AFFFFF70B5044618
:10C980000D46D0E9000112F0DAFF064694E80300F4
:10C9900012F0D5FF03782BB929463046BDE8704028
:10C9A00003F05EB894E8030012F0C9FF0378AB42CD
:10C9B000F2D0014870BD00BF00C3FFFF00F1990332
:10C9C000142B1AD8DFE803F01717191919191917BA
:10C9D000191919191319191B150B0F0D11000948F5
:10C9E0007047094870470948704709487047094827
:10C9F0007047094870470948704712F0E1BF08487E
:10CA0000704700BF00C3FFFF80C6FFFF80C5FFFF68
:10CA100000C1FFFF80C0FFFF80C1FFFF00C2FFFF1A
:10CA200080C7FFFF0238C0B202289ABF024B53F8FA
:10CA300020000020704700BF9C80040038B50446E9
:10CA40000D4669B103685BB94B6A13B900202560D4
:10CA500038BD984760600028F8D1A0F57E50F7E710
:10CA60000048F5E780C1FFFF2DE9F0470446DDE906
:10CA7000088916460D46B1B923B90368D3B91348DE
:10CA8000BDE8F087002AFAD00268002AF7D02268B1
:10CA90001769C7B1324629462046BC46CDE9088908
:10CAA000BDE8F0476047002AE9D00268002AE6D0D6
:10CAB000002BECD12846FFF7F9FC12F03DFF0346AE
:10CAC0000028E4D1DBE70248DAE700BF80C1FFFFBE
:10CAD00000C1FFFF2DE9F14F0646DDE90A89DDE9D6
:10CAE0000CAB0F4614461D4613B9B9F1000F06D022
:10CAF000B8F1000F03D10F4801B0BDE8F08F2368F3
:10CB0000002BF8D03146204612F0B6FF70B1062E49
:10CB10000ED0002FEFD14B46424629462046CDE9A4
:10CB20000AAB01B0BDE8F04F12F0AFBF0248E3E737
:10CB30000248E1E780C1FFFF00C1FFFF80C6FFFFA1
:10CB40002DE9F04300241460B1F80090064609F482
:10CB5000E043B3F5804F0F4690469FB031D1039428
:10CB600012F09EFF0238022861D896E8030005AD56
:10CB700085E80300284612F093FF0238022858D8AF
:10CB80000E460494307804A912F049FF40F4824024
:10CB900081454AD161232146009330462B4603AAA2
:10CBA00013F086FD041E08DB43462946039A3846E7
:10CBB00004F0C2F9FFF702FF044620461FB0BDE8AB
:10CBC000F08312F06DFF0238022830D896E8030097
:10CBD00005AD85E80300284612F062FF02380228FE
:10CBE0002AD80E460394307803A912F018FF40F4B7
:10CBF000E240814519D1B6F86630B3B130232A46F8
:10CC0000304604A9049402F0A9FE041ED5DB29468F
:10CC10004346049A384604F08FF9FFF7CFFE049993
:10CC20000446284603F0EEFAC7E7044CC5E7044C77
:10CC3000C3E704942378FFDE0394FBE700C1FFFF02
:10CC400080C1FFFF03460020094AC3E900009A6043
:10CC500002F18832DA6002F12942A2F59612A2F6B8
:10CC60008B621A61A2F188325A61024A9A61704756
:10CC700001234567F0E1D2C32DE9F04F4B68AFB017
:10CC80001BBA08930B69D1F800E093FA83F84B695B
:10CC90008E6893FA83FA8B69CD681BBA0A93CB69C5
:10CCA00001901BBA12930B6A9EFA8EFE93FA83FBD5
:10CCB0004B6A36BA1BBA0B938B6A2DBA1BBA0C930C
:10CCC000CB6A1BBA0D930B6B1BBA0E934B6B1BBA43
:10CCD00003938B6B1BBA0493CB6B1BBA05938368CE
:10CCE0000F93C368029303690F9906934369029FE8
:10CCF00010938369109A1393069B83EA0200029BA8
:10CD000018405040DF4B139A03EBB7071A4402EB6D
:10CD1000F16210440299069A704482EAB1020F99B6
:10CD20002F440A4006998EEA060E4A4010998EEA70
:10CD30000B0E19440A4408990A440F9902EBF06259
:10CD40004FEAB10C02998CEAB104044084EAB104C0
:10CD50000699194431440C448CEAB001114004EBAB
:10CD6000F26481EA0C014FEAB202394482EAB00768
:10CD700027409C4401EBF461C44482EAB40987EA89
:10CD8000B007674409EA01090AEB030C07EBF167F6
:10CD90000CEBB00C4FEAB1010A9889EA0209E144B0
:10CDA00081EAB40C0CEA070C184410448CEAB40C69
:10CDB000129A09EBF769844481EAB70000EA090096
:10CDC0001A4402EBB402484010444FEAB9020CEB9B
:10CDD000F96C82EAB7040BEB030904EA0C0484EA59
:10CDE000B704894404EB0901DDF82C9000EBFC60EA
:10CDF00082EABC040440994401EBF06109EBB709F5
:10CE00004FEAB0000C9F54404C4480EABC0909EA48
:10CE100001091F44174489EABC090D9A04EBF16427
:10CE2000B94480EAB10727401A4409EBF46902EBE0
:10CE3000BC024FEAB404DDF838C04740174484EA26
:10CE4000B10202EA09029C44844482EAB1026244CB
:10CE5000DDF80CC007EBF96784EAB90038409C4460
:10CE600002EBF7620CEBB10C4FEAB7070499604094
:10CE7000604487EAB90C0CEA020C194421448CEA9C
:10CE8000B90C059C00EBF2608C4487EAB2010140CA
:10CE90001C4404EBB90479400CEBF06C214401EB29
:10CEA000FC6903994FEAB0008EEA010103EBF17EC1
:10CEB00007910899BE4481EA05070B9980EAB204FC
:10CEC0004F40049904EA0C04794084EAB2047444A3
:10CED00003EBF17E0EEBB20E0C9A86EA080680EAAE
:10CEE000BC075640059A07EA090756404740774471
:10CEF00003EBF67E86440D9885EA0A0545400798BF
:10CF000004EBF96485EAF0701190119D08914FEAE5
:10CF1000F0704FEAB90107EBF467159081EAB400AD
:10CF2000384003EBF57303EBBC03484018440A9BFD
:10CF30004FEAF67288EA03080E9B149288EA030807
:10CF4000089B81EABC0288EAF3730993099D4E4B62
:10CF5000224082EABC0203EBF57C8C441299039DCB
:10CF6000724402EBF7628AEA01014FEAB70787EAE7
:10CF7000B409694081EAF67189EA0209E14403EBE8
:10CF8000F17C0CEBB40C0A9C00EBF26084EA0B0819
:10CF9000049C87EAB20A88EA0408119C8AEA000A1B
:10CFA00088EAF478E24403EBF87C129DBC440B9FC2
:10CFB00009EBF06985EA070E059D4FEAB0008EEA9D
:10CFC000050E099D4FEAF8748EEAF57E03EBFE77B5
:10CFD00016944FEAFE7580EAB20407EBB2070C9A8A
:10CFE0001295079D84EA09048BEA02020AEBF96AAA
:10CFF000644482EAF57280EAB90C04EBFA6482EACE
:10D00000F1728CEA0A0C4FEABA0A0A9203EBF27B3D
:10D01000BC440B9A8AEAB9070D9D6740834407EB2D
:10D020000B0082EA0507089A0E9D87EAF27787EAE5
:10D03000F8720B9203EBF27B0C9A0BEBB90B82EAC2
:10D04000050989EAF67686EAFE760CEBF46C8AEA44
:10D05000B4074FEAF6750D9A179587EA0C07039DFA
:10D060005F4403EBF67BD34482EA050A119A00EB96
:10D07000FC608AEAF2754FEABC0C0A9A8CEAB409A1
:10D0800004E000BF9979825AA1EBD96E85EAF27566
:10D0900089EA000907EBF0678CEAB00AD94403EB90
:10D0A000F57B4FEAF5728AEA070A0BEBB40B0D9297
:10D0B0000AEB0B040E9ADDF810A009EBF76982EA7F
:10D0C0000A0A099A4FEAB7078AEAF27A0B9A04EB3E
:10D0D000F9648AEAF27203EBF27B87EAB00A8AEA21
:10D0E000090AE3440C920AEB0B0C039ADDF814A036
:10D0F0000CEBF46C82EA0A0A8AEAF17A8AEAF6729E
:10D1000003EBF27B039287EAB90A049A0BEBB00BAC
:10D1100007988AEA040ADA444FEAB40B82EAF07408
:10D1200084EAF87484EAF5748BEAB90003EBF478C6
:10D130004FEAF47280EA0C00B8440E9200EB080744
:10D14000059A08980AEBFC6A82EAF0700C9A80EA69
:10D15000FE7080EAF2708BEABC0E03EBF0784FEAC7
:10D16000F07208EBB9088EEA0A0E1192C644149ABE
:10D17000DDF81C8007EBFA6782EAF8780A9A4FEA32
:10D18000BA0A88EAF278039A0EEBF76E88EAF2722E
:10D1900003EBF2798AEABC08D94488EA07080492CA
:10D1A000C844159ADDF8209008EBFE6882EAF97908
:10D1B0000B9A89EAF27989EAF47203EBF27B8AEA44
:10D1C000B70989EA0E090BEBBC0B059209EB0B0CB6
:10D1D000149ADDF824904FEABE0E82EAF97989EAC2
:10D1E000F67989EAF0794FEAF97214928EEAB70675
:10D1F000159A03EBF97B86EA0806D34406EB0B0A83
:10D2000082EAF176049A86EAF57686EAF2764FEAC1
:10D21000F67203EBF67B15920BEBB70B169A099F90
:10D220000CEBF86C82EAF7770C9A8EEAB80587EA7D
:10D23000F277059A85EA0C0587EAF27207925D4457
:10D2400003EBF27B129A0AEBFC6A82EAF1714FEA75
:10D25000BC0C039A8CEAB807F34481EAF27187EABE
:10D260000A075F4481EAF97B05EBFA658CEABA0E9E
:10D2700003EBFB7101EBB8018EEA050E169A8E44A2
:10D280000A9907EBF56782EAF17181EAF47484EA9E
:10D29000F6744FEAF47203EBF4781692E044129AB3
:10D2A000DDF82CC04FEAB50582EAFC7C079A8CEACF
:10D2B000F07080EAF2700EEBF76E85EAB70C03EBC4
:10D2C000F0734FEAF07203EBBA038CEA0E0C129281
:10D2D0009C440A9A179B85EABA0183EAF272049B7E
:10D2E000794082EAF37282EAFB730893089AE74B6B
:10D2F000414401EBFE6103EBF272154441EABE02C8
:10D300000CEBF16C01EABE0802EAB70205EBFC6522
:10D3100042EA08022A44DDF82C800D9D85EAF87562
:10D32000DDF8148085EAF87585EAF4754CEAB108F1
:10D33000099508EABE080CEAB10548EA0505DDF8DA
:10D34000248003EBF87808EBB70805EB0807179D76
:10D35000DDF8308007EBF26785EAF87888EAF9783B
:10D3600088EAF0784FEAF8750B9503EBF87505EB52
:10D37000BE0E42EABC0502EABC0905EAB10545EA6F
:10D3800009050EEBF76EAE44DDF80C900D9D85EAB5
:10D39000F97585EAF676089D47EAB20986EAF576D8
:10D3A0004FEAF6750D9509EABC0907EAB20549EAA4
:10D3B000050503EBF67909EBB1094D440E99DDF84B
:10D3C000309005EBFE6581EAF971DDF81C9081EA89
:10D3D000F971DDF8249081EAF9710A9103EBF1719A
:10D3E00001EBBC0C4EEAB7010EEAB70901EAB20143
:10D3F0000CEBF56C41EA09016144DDF80C90DDF8B5
:10D4000044C08CEAF97C8CEAFB7C8CEAF87C45EA27
:10D41000BE09CDF80CC009EAB70905EABE0C49EA15
:10D420000C0CDDF80C9003EBF97909EBB209CC4454
:10D430000E9ADDF810900CEBF16C82EAF97282EA38
:10D44000F47484EAF6744FEAF4720E9203EBF47209
:10D4500002EBB70741EAB50201EAB50902EABE02EA
:10D4600042EA090207EBFC671744DDF81490119AB1
:10D4700082EAF97282EAF0700A9A4CEAB10980EA0B
:10D48000F2704FEAF072119209EAB5090CEAB102A2
:10D4900049EA020203EBF07909EBBE094A44DDF8E0
:10D4A00050E0DDF8109002EBF7628EEAF97EDDF8CD
:10D4B00020908EEAF97EDDF80C908EEAF97E03EB7F
:10D4C000FE7909EBB50947EABC05CDF810E005EA9D
:10D4D000B10507EABC0E45EA0E0509EBF269A9445D
:10D4E000DDF814E0159D85EAFE75DDF824E085EA97
:10D4F000FE7585EAF475059542EAB70505EABC05AF
:10D5000002EAB70E45EA0E0E059D03EBF57505EB35
:10D51000B105AE441499079D0EEBF96E81EAF571E1
:10D5200081EAF87888EAF0784FEAF871149103EB11
:10D53000F87101EBBC0C49EAB20109EAB20501EA53
:10D54000B70129430CEBFE6C8C4415990EEAB90522
:10D5500081EAFB7A04998AEAF67A8AEAF17A4FEA52
:10D56000FA7115914EEAB90101EAB2010D4303EBDC
:10D57000FA7101EBB701079E0D44169905EBFC65A6
:10D5800081EAF6710A9E81EAF671059E81EAF671DA
:10D5900003EBF17707EBB2074CEABE02079102EA10
:10D5A000B9020CEABE010A4307EBF5671744129A69
:10D5B00005EABC0182EAFB7B039A089E8BEAF27BB8
:10D5C00045EABC028BEAF87B02EABE02114303EB98
:10D5D000FB7202EBB9021144169A01EBF76182EA81
:10D5E000F67686EAF47686EAFA764FEAF6721692CC
:10D5F00003EBF67447EAB50204EBBE0402EABC0290
:10D6000007EAB50E42EA0E0204EBF1641444DDF8B9
:10D6100024E0129A82EAFE7282EAF070079A41EAE6
:10D62000B70E80EAF2720C920C984FEAF2721292E4
:10D630000EEAB50E01EAB7024EEA020203EBF07EF3
:10D640000EEBBC0E089802EB0E0C0B9A0CEBF46C74
:10D6500082EAF072049804EAB10E82EAF07282EA79
:10D66000FB72089203EBF27202EBB50244EAB105D9
:10D6700005EAB70545EA0E0502EBFC622A440D985F
:10D68000099D0CEAB40E80EAF57501E0DCBC1B8F45
:10D69000059885EAF07585EAF6704CEAB40505EA66
:10D6A000B10545EA0E0E03EBF07505EBB7050990E1
:10D6B000AE44DDE90A5080EAF5750C9885EAF87504
:10D6C00085EAF0754FEAF577179703EBF57707EBE7
:10D6D000B10742EABC010EEBF26E02EABC0801EAB5
:10D6E000B40141EA080107EBFE670F4403980D9966
:10D6F0004EEAB20981EAF071089881EAFA7181EA8A
:10D70000F07109EABC090EEAB20803EBF1734FEAC3
:10D71000F17049EA080803EBB4030D9008EB030429
:10D720000A980E9B4FEABE0A83EAF07307988AEACA
:10D73000B20E83EAF07309988EEA070E83EAF0735B
:10D740000A930A98DF4B04EBF76403EBF07808EBDD
:10D75000BC081198DDF80CC0C64480EAFC7C8CEA59
:10D76000FB7C8CEAF57003EBF07C0B900CEBB20CBD
:10D7700004980E9A8AEAB70882EAF07989EAF6797B
:10D7800089EAF1790EEBF46E4FEAF97288EA04083F
:10D790004FEAB4040E92E04403EBF97284EAB70C4A
:10D7A00052448CEA0E0C05989444119A08EBFE68DA
:10D7B00082EAF0760C9A0CEBF86C86EAF2760A9A1A
:10D7C00086EAF2764FEAF6720C9203EBF67084EA80
:10D7D000BE0200EBB70082EA0802149F02444FEA3F
:10D7E000B800DDF8108080EABE0A87EAF877DDF835
:10D7F00020808AEA0C0A87EAF877DDF82C8002EBB1
:10D80000FC6287EAF8774FEAF777039719971F4486
:10D810002744BA44159C059F0AEBF26A84EAF77420
:10D82000099F84EAF77484EAF9744FEAF474049463
:10D83000049F1A941F4480EABC0407EBBE075440BF
:10D840004FEAB20205923C44149A079F04EBFA6433
:10D8500082EAF77888EAF578059A88EAF6784FEA56
:10D86000F87882EABC0508EB0307159A074485EAB5
:10D870000A053D4482EAFB7787EAF1770399059A26
:10D880004F404FEAF77782EABA00F91801EBBC0182
:10D890006040169A0844079905EBF46582EAF17135
:10D8A0000A9A4FEAB40481EAF271049A84EABA0E41
:10D8B00051404FEAF171059A01EB030C94448EEA52
:10D8C000050E129AE644DDF82CC082EAFB7282EA69
:10D8D000FC7282EA08024FEAF27200EBF56084EA19
:10D8E000B50C02EB030B0BEBBA0B8CEA000CDDF86A
:10D8F00058A0DC44DDF820B00EEBF06E8AEAFB7A2B
:10D900008AEAF97A8AEA070A4FEAB0004FEAFA7916
:10D91000CDF81490CDF87C9080EAB50A9944A144E2
:10D920008AEA0E0A129CCA44DDF824900CEBFE6CC5
:10D9300084EAF97484EAF6744C404FEAF47407946C
:10D94000209480EABE061C4404EBB50486EA0C066B
:10D950002644179C039D84EAFB746C4054400AEBF8
:10D96000FC6A4FEAF4744FEABC0C8CEABE09E51875
:10D97000054489EA0A09CDF86C801C971D911E9216
:10D98000A9442194099D0D9806EBFA6680EAF5708A
:10D99000049D09EBF6696840059D68404FEAF07008
:10D9A0008CEABA0500EB030B0BEBBE0B7540DDF800
:10D9B0005CE05D44DDF828B04FEAB6068EEAFB7EF7
:10D9C0008EEA080EDDF81C8005EBF9658EEA080E7C
:10D9D0004FEAFE7E0EEB030B86EABA08E34488EAC0
:10D9E0000908DDF834C0D844DDF82CB008EBF56840
:10D9F0008CEAFB7C8CEA070C8CEA040C4FEAFC777F
:10DA000086EAB90407EB030C0CEBBA0C6C40DDF8AA
:10DA100028A06444DDF838C04FEAB5058CEAFA7CEA
:10DA20008CEA010C8CEA000C4FEAFC7101EB030C50
:10DA3000B4440C9E229086EAFB76564086EA0E0697
:10DA400085EAB9004FEAF67604EBF864269685EA93
:10DA5000B80280EA08001E4406EBB9066044624042
:10DA600000EBF460324402EBF06C039E0E9A4FEA36
:10DA7000B4045640059A249756407E404FEAF67605
:10DA800027961E440C9A2E44049D84EAB8075540FC
:10DA9000079A474055404D404FEAB00018954FEA6D
:10DAA000F5752591289584EA00011D4481EA0C0151
:10DAB000374405EBB80507EBFC674B190F994FEAA4
:10DAC000BC0201E0D6C162CA03EBF763CDF88CE07B
:10DAD0002D942A972C9029932B920B4401998B60BB
:10DAE000029B1F44069BCF601A44109B0A61184496
:10DAF000139B48611C448C6118A8582102F082FBDA
:10DB000000202FB0BDE8F08F012903462DE9F04138
:10DB100043D8234A002918BF9046224A224F18BFF3
:10DB2000964602F1794202F5740202F5016218BFCD
:10DB300094461E4A1E4818BF17461E4A1E4E18BF5E
:10DB4000164602F1D14208BF804602F5C0121B48BA
:10DB500002F51E6208BF8646194D1A4818BF1546C1
:10DB6000194A08BF8446194C194818BF1446A2F137
:10DB70001162A2F50C22A2F28E2218BF02460020EA
:10DB8000C3E9128EC3E91000C3E914C7C3E91665DF
:10DB9000C3E918429966BDE8F0816FF07300FAE7B7
:10DBA000D89E05C107D57C363AF54FA539590EF7F1
:10DBB00067E6096A310BC0FF7F520E5185AE67BB25
:10DBC0008C68059B72F36E3CA78FF964ABD9831FF9
:10DBD000A44FFABE03462DE9F04F0C46D1B0049095
:10DBE000483348AD00F168062A461868596808337A
:10DBF00003C2B3421546F7D1002307A9E258043304
:10DC000012BA402B41F8042FF8D198490DF1180AA7
:10DC10005546DDE94DEBDDE94876DDE94A328C46D3
:10DC2000DDF83C81DDF830910191A868DCF8001046
:10DC30004FEAF92484EAB91401448BEA0E0084EA1D
:10DC4000796400EA090080EA0B0021440144414460
:10DC50004FEA773888EAB70888EAB7580A44884410
:10DC600047EA060107EA0600194001438844E868CC
:10DC7000DCF804104FEA7834014489EA0E001040C1
:10DC800080EA0E00594401444FEAF22080EAB210C3
:10DC900080EA726084EAB804014484EAB8540B4410
:10DCA0000C4448EA070108EA0700314001430C44EC
:10DCB0002869DCF808102035014482EA0900184080
:10DCC00080EA0900714401444FEAF32080EAB3106E
:10DCD00080EA736001444FEA743080EAB40080EA5D
:10DCE000B45001EB060E084448EA040108EA0406B1
:10DCF00039403143084455F80C6CDCF80C100CF139
:10DD0000200C0E444E4482EA030909EA0E094FEA48
:10DD1000FE2189EA020981EABE1181EA7E614E4450
:10DD20000E444FEA703181EAB00181EAB05106EB4E
:10DD30000709314444EA000604EA000706EA080637
:10DD40003E43314455F8087C5CF8106C3E44164460
:10DD500083EA0E0202EA09025A4016444FEAF92207
:10DD600082EAB91282EA796216444FEA713282EA93
:10DD7000B10282EAB152B044324440EA010600EAFC
:10DD8000010726403E43324455F8047C5CF80C6C95
:10DD90003E441E448EEA090303EA080383EA0E03A5
:10DDA0001E444FEAF82383EAB81383EA78631E44DB
:10DDB0004FEA723383EAB20304EB060B83EAB253F1
:10DDC00041EA02043344044001EA02063443234496
:10DDD0002E685CF8084C344489EA080606EA0B060B
:10DDE00086EA0906744434444FEAFB2686EABB16E9
:10DDF00086EA7B66344400EB040E4FEA733080EA17
:10DE0000B30080EAB350204442EA03040C4002EA23
:10DE10000306344306196C685CF8040C204488EA55
:10DE20000B0404EA0E04484484EA080420444FEA40
:10DE3000FE2484EABE1484EA7E64204401EB0009D7
:10DE40004FEA763181EAB60181EAB651014443EAEC
:10DE50000600104003EA060420430F1816A9A94241
:10DE60007FF4E3AE36A9059102E000BFA88004006C
:10DE7000DAF84010DAF80C404FEAF14585EA7145CE
:10DE8000DAF8080085EA9125DAF82C100AF1200A60
:10DE900001444FEAB44080EAF41080EAD4002944F7
:10DEA000014403918BEA0E004FEAF92181EAB9118E
:10DEB00000EA090081EA796180EA0B0008440199CF
:10DEC00007EA0605096C08440399084440440244E3
:10DED0000292CAF8281047EA06024FEA773181EA2F
:10DEE000B7011A402A4381EAB7511144DAF82420D5
:10DEF00001444FEAF24585EA72455AF8100C85EA6A
:10DF00009225DAF81020DDF808C014444FEAB04238
:10DF100082EAF01282EAD0022C441444029A89EA7E
:10DF20000E051540019A85EA0E05526CCAF82C4080
:10DF30005A4422441544029A4FEAF22282EABC1261
:10DF400082EA7C622A4403EB020B47EA01054FEAAE
:10DF5000713307EA010C83EAB103354045EA0C0549
:10DF600083EAB1532B441344039A5AF80CCC4FEA7A
:10DF7000F24585EA724585EA9225DAF8142000EB2D
:10DF800002084FEABC4282EAFC1282EADC02A844A0
:10DF90009044029A4FEA733589EA0200019A00EA36
:10DFA0000B00926C80EA09007244424410444FEA2C
:10DFB000FB2282EABB1282EA7B62024441EA03004E
:10DFC00006EB020E85EAB30501EA0306384030434A
:10DFD00085EAB355054415445AF8086CDAF8182058
:10DFE0004FEAF44080EA744080EA94200CEB02048B
:10DFF0004FEAB64282EAF61282EAD6020444144498
:10E00000029A03EA050C82EA0B0000EA0E00504077
:10E01000019ACAF83080D26CCAF834404A4422448B
:10E0200010444FEAFE2282EABE1282EA7E62024475
:10E0300007EB02094FEA753043EA050780EAB500AD
:10E040000F4047EA0C0780EAB550384410445AF8AC
:10E05000047CDAF81C204FEAF84C8CEA784C164421
:10E060004FEAB7428CEA982C82EAF71282EAD7028A
:10E0700066441644019ADDF80880126D8BEA0E0C96
:10E080000CEA090C32448CEA0B0C424462444FEA1D
:10E09000F92C8CEAB91C8CEA796C94444FEA703202
:10E0A00082EAB00201EB0C0882EAB05245EA0001B4
:10E0B0000292194005EA00021143029ACAF8386038
:10E0C0000A444FEAF44181EA744181EA9421DAF882
:10E0D00020406244DAF800C03C440C444FEABC41A2
:10E0E00081EAFC1181EADC010C4401998EEA0907FE
:10E0F000496D07EA08072144594487EA0E070F448F
:10E100004FEAF82181EAB81181EA7861394403EBDA
:10E11000010B4FEA723383EAB20383EAB25340EA57
:10E12000020702932F4000EA02031F43029BCAF832
:10E130003C403B440B444FEAF64181EA764181EA98
:10E140009621DAF82460DAF80470664431444FEA24
:10E15000B74686EAF71686EAD70631440291019956
:10E16000DDF808C0896D89EA0806614406EA0B06F5
:10E17000714486EA09060E444FEAFB2181EABB118D
:10E1800081EA7B61314405EB010E42EA03064FEA66
:10E190007335CAF840C0064002EA030C85EAB305AD
:10E1A00046EA0C0685EAB35535446E18DAF80810CD
:10E1B000039D4FEAF44C3D444FEAB14787EAF1171B
:10E1C00087EAD1078CEA744C01998CEA942C654457
:10E1D000C96D3D4488EA0B0707EA0E072944494404
:10E1E00087EA08070F444FEAFE2181EABE1181EA5F
:10E1F0007E6143EA060C394403EA06090CEA020C84
:10E200004CEA090C00EB010901984FEA76372030FF
:10E2100087EAB6070190059887EAB657CAF84450CE
:10E22000BC44504501EB0C077FF422AE4A93029B9D
:10E23000CDE9061C4693049B4B92CDF83C8103F13B
:10E2400044024594CDF838B1CDF834E1499647956C
:10E25000CDF83091489747A8643352F8041F50F81E
:10E26000044F934221441160F7D106A84FF49471F2
:10E2700001F0C8FF002051B0BDE8F08F02460B4608
:10E280002DE9F04FADF5437D0D901032B2AD00F1A8
:10E2900050062C4610685168083203C4B242254625
:10E2A000F7D1194610AB01F1800448680A6800BA3A
:10E2B000083112BA43F8080F8C425A60F5D1102584
:10E2C00012A88446D0E91C47D0E90216E30CFA0CE8
:10E2D0004FEAC70E4FEAC4084EEA547E43EA47337A
:10E2E00042EA443248EA5778A40982EA0E0244EA34
:10E2F000876483EA0803634082EA9712DCE91247E5
:10E30000DCE900EC14EB0E0447EB0C071B1942EBA5
:10E3100007024C084FEA112E77084FEA162C47EAFD
:10E32000C1774CEA016C44EAC6744EEA066EC9092C
:10E3300084EA0E0441EA4661614087EA0C075B18F3
:10E3400087EAD61405F1010542EB04020830502D8E
:10E35000C0E91E32B5D1BE9BDDF8E4C20693BF9B77
:10E36000DFF830E00793BC9BDDE9C0AB0893BD9BB1
:10E37000DDE9BA200993B29BDDE9B6890193B39B2D
:10E380000293B49B0393B59B0493B89B05930EAB88
:10E3900002E000BF886C0400940B950C44EA8047AF
:10E3A00045EA8035840B44EA82466F40840CD505EB
:10E3B00044EA823445EA50256F406640DEF800505A
:10E3C000C40544EA52246640D3E904146D18DEF80B
:10E3D000041041EB04047D19069946EB0404089EE1
:10E3E000099F4E40079916404F40069907404E40FE
:10E3F0000799AD1987EA0107059944EB070415EB66
:10E400000A054BEB04046918059144EB0C010A91D1
:10E410000199DDF804C00F0F0299DDF808A047EA62
:10E4200001170E0F019946EA01160299890741EA80
:10E430009C014FEA8C7C4CEA9A0C4E40019987EA89
:10E440000C074FEA4A6C4CEAD11C490641EADA1142
:10E450007940491986EA0C0644EB0606039D019CA7
:10E46000049F2C435546DDF80CC03D43019F04EA50
:10E47000080407EA0C0C5746DDF810A044EA0C0427
:10E4800007EA0A0705EA090511EB040A45EA070548
:10E4900046EB050BDEE90216D3E906544919069D41
:10E4A00046EB04044919079D45EB0404089D059FAC
:10E4B00082EA0506099D3E400A9F45403D40089F6F
:10E4C0007E40099F891985EA070544EB0504059DEF
:10E4D0000A9EAD0B45EA8645B70B059E069147EAB5
:10E4E00086474FEA964C0A9E05994CEA863CB60C44
:10E4F00046EA813677400A9E85EA0C05F60546EA2B
:10E5000051264FEAC15C0A997E404CEA512C06998B
:10E5100085EA0C054D1944EB060615EB080106913A
:10E5200046EB090107914FEA1B744FEA8B7141EAF0
:10E530009A014FEA1A7744EA0A144FEA8A7C4CEAB5
:10E540009B0C47EA0B174C404FEA4A6187EA0C07DD
:10E5500041EADB1179404FEA4B6C4D194CEADA1C69
:10E560000199039F84EA0C0446EB04044AEA010182
:10E57000029E3940049F4BEA06063E40019F0AEA8C
:10E58000070C029F41EA0C010BEA070715EB010893
:10E5900046EA070644EB0609D3E90856DEE9041407
:10E5A0004919089D44EB06044919099D069F45EB4E
:10E5B0000404059D82EA05060A9D3E40079F4540EA
:10E5C00056403D40891985EA000544EB0504069D47
:10E5D000069EAD0B45EA8745BF0B47EA86474FEAE3
:10E5E000964C079E089106994CEA863CB60C46EA82
:10E5F00081367740079E85EA0C05F60546EA5126E6
:10E600004FEAC15C07997E404CEA512C089985EA93
:10E610000C054D19039944EB060649190891049914
:10E620004FEA197441EB060109914FEA897141EAF9
:10E6300098014FEA187744EA08144FEA887C4CEABC
:10E64000990C47EA09174C404FEA486187EA0C07E2
:10E6500041EAD91179404FEA496C019F4D194CEAC2
:10E66000D81C4AEA080184EA0C0401EA0701029F67
:10E6700046EB04040AEA080C4BEA09063E4041EA6C
:10E680000C010BEA0907691846EA0706039144EBF7
:10E6900006010491D3E90A54DEE90616491946EB4E
:10E6A00004048918079D40EB0404DDE9052050406F
:10E6B0000A9A6A40089D2840099D2A40059D6840A5
:10E6C0000A9D091882EA050244EB0204089A099897
:10E6D000920B42EA8042850B089845EA8045860CF9
:10E6E0000998089F46EA8036800C40EA873045400A
:10E6F00009987240C00540EA5720FE05099F68400E
:10E7000046EA572672408A18019944EB000089189E
:10E710000B910299039E41EB00010C910399049F18
:10E720000D0F049945EA01150C0F039944EA0114F1
:10E730000499890741EA9601B60746EA97064C40D4
:10E74000039975407E0646EAD116490641EAD7117B
:10E7500069408A180399039D84EA060448EA010186
:10E7600040EB040408EA050649EA070001EA0A0149
:10E7700009EA0705314300EA0B00521840EA050098
:10E78000019244EB00020292D3E90C01DEE9082475
:10E790001218059844EB010112180A98089C40EBE6
:10E7A00001010698099D4440079868400B9D2C4044
:10E7B0000C9D2840069D6C40079D121980EA0500BB
:10E7C00041EB00010B980B9F850B0C9845EA8045A7
:10E7D000840B0B9844EA8044860C0C9846EA8036F9
:10E7E000800C40EA873044400C987540C60546EAE4
:10E7F0005726F8050C9F744040EA572068401018CF
:10E80000019A41EB04040299120F42EA01124FEA05
:10E81000117C0199019D4CEA011C0299029E890715
:10E8200041EA9501AD0745EA96058CEA010C01998C
:10E830006A40750645EAD115490641EAD6111AEB38
:10E84000000A81EA02014BEB040B039A09180198B4
:10E850008CEA050C44EB0C0C019D42EA0004039881
:10E86000049A04EA08042840049D3243204309180E
:10E8700005EA060502EA090242EA0502059106993F
:10E880004CEB020CD3E90E40DEE90A25121945EBE8
:10E890000000521807990B9C41EB000008994FEAC1
:10E8A0009A3681EA0405099905EA0A0581EA07040E
:10E8B000089904EA0B044D400999521984EA0104AD
:10E8C00040EB04004FEA9B454FEA9B3445EA8A350A
:10E8D00044EA8A444FEA9A4747EA8B376C4046EA53
:10E8E0008B464FEACA557E4045EA5B254FEACB5737
:10E8F000754047EA5A27521984EA070440EB04009E
:10E9000018EB0201069149EB0001079105994FEAC6
:10E910001C754FEA8C7444EA91040E0F45EA011508
:10E920008F0747EA9C07654046EA0C164C067E4076
:10E9300044EADC144FEA4C6747EAD1177440A21846
:10E9400085EA070540EB050501990598059C41EA14
:10E950000006029941EA0C0003990E400499084010
:10E9600001990C400299344301EA0C0712EB0408A8
:10E97000089940EA070045EB0009D3E91045DEE9B4
:10E980000C20121940EB05005218099941EB0000C8
:10E990000B9981EA0A050C9981EA0B0406990D404E
:10E9A00007990C400B994D400C99521984EA0104C7
:10E9B000069940EB04008C0B079944EA81448E0BC6
:10E9C000069946EA81468F0C079947EA81378D0CF4
:10E9D00006997C4045EA813507996E40CD05069938
:10E9E00045EA5125CF050799754047EA51277C40F4
:10E9F0001419039A40EB050512190892049A4FEA7C
:10EA0000197042EB050209924FEA897242EA9802B4
:10EA10004FEA187640EA08104FEA887747EA9907E4
:10EA2000504046EA09164FEA48627E4042EAD9124F
:10EA300072401419059A019942EA080606EA01068D
:10EA400002994FEA49674CEA090247EAD81702EAF5
:10EA50000102059980EA070045EB000001EA08057C
:10EA600035430CEA0907611942EA070240EB02024A
:10EA70000492D3E91245DEE90E2014190B9A40EBFB
:10EA80000505A4180C9A039142EB0505069A08990E
:10EA90008AEA0200079A084009998BEA02020A40B2
:10EAA00080EA0A00241882EA0B0245EB0205089A64
:10EAB0004033960B46EA81468A0B08990EF1400EC8
:10EAC00042EA81428F0C099947EA8137880C0899FC
:10EAD0007E4040EA813009994240CF05089947EAD3
:10EAE0005127C80509997A4040EA512070402418FE
:10EAF00045EB0205039A0499120F42EA0112080F2E
:10EB0000039940EA011004998E07039946EA910699
:10EB10008F070499704047EA91074E0603997A409F
:10EB200046EAD1164F060499704047EAD117039977
:10EB30007A4048EA0107049949EA0106059906EA7C
:10EB40000C0639400A91039908EA0107049909EA79
:10EB500001010B910A990F430B99D719019A46EAC3
:10EB60000106029940EB0606121941EB0500E11976
:10EB7000019145EB06010291AEA999427FF40CACDC
:10EB8000059BCDE9C0ABCDE9B83C069BCDE9B68984
:10EB9000BE93079BCDE91076BF93089BCDE90E4548
:10EBA000BC93099BCDE9BA20BD93039BB0ACB49351
:10EBB000049BB593019BB293029BB3930D9B03F10E
:10EBC0000802483352F8081F54F8085F5068666816
:10EBD000491940EB06009A42C2E90010F2D10EA892
:10EBE0004FF4347101F00EFB00200DF5437DBDE8BC
:10EBF000F08F00BF70B50C460646114620461A46F7
:10EC000015F092FC0546A0B9B36C33B921462046F5
:10EC1000321DBDE8704015F024BDB4F90430002B5E
:10EC200009DB204615F0A4FAF36BB0EB430F09D9CA
:10EC3000184D284670BD0146204615F05CFB0028A3
:10EC4000EFD0F5E72046B36C984705460028F0D191
:10EC50000436B4F90430002B04DA0021204615F004
:10EC60004AFB68B93146204615F0FDFA0028E0DB82
:10EC700032462146204615F09EFB0028F2D006E0E1
:10EC800032462146204615F018FC0028E1D0054602
:10EC9000CFE700BF80B0FFFF2DE9F04F012A80468B
:10ECA0000E46914685B005D8096805B0BDE8F04F1D
:10ECB00011F07DB90821104600F050FF07460028EA
:10ECC00000F0AA8002A815F046F94946384611F02E
:10ECD00056F931683846103115F0E9F90446002834
:10ECE00046D1B24607F108014FEAC90507EBC90B47
:10ECF0005AF8043F40461033A1F108020191FFF792
:10ED000079FF0446A0BB019908318B45F0D1A5F1EC
:10ED100008023A44114608F1040315F0CAFD0446FE
:10ED200030BB103D09F1FF3A06EB89063D44BAF1CC
:10ED3000000F2BD005F1080B2B465A46404602A97E
:10ED4000FFF758FF044698B956F8043C5A4629463E
:10ED500040461033FFF74EFF044648B956F8042CDE
:10ED600040460832114602ABFFF744FF044690B11B
:10ED700002A815F0F5F83846494611F00CF9384666
:10ED800000F0F2FE204605B0BDE8F08F394602A83B
:10ED900015F08DF9E0E702AB1A4619464046FFF739
:10EDA00029FF04460028E3D156F8042C40461146BA
:10EDB00002ABFFF71FFF04460028D9D156F8042CF8
:10EDC00040460832114602ABFFF714FF0446002804
:10EDD000CED1B8F80A1056F8040C15F037F90446ED
:10EDE0000028C5D156F8040CB8F80A10083015F000
:10EDF0002DF904460028BBD156F8040D012110302E
:10EE000015F08AF904460028B2D1083DBAF1000F86
:10EE1000AED00AF1FF3A8AE7004CB3E780B2FFFFB9
:10EE200070B50A48036853B909490C260C46094DC8
:10EE300006FB03F2AA5C22B9E254012303600448F2
:10EE400070BD013301F8012BF2E700BF58530020D9
:10EE500029810020A88104002DE9F14F9A461B6901
:10EE600004460E4691460A9D1BB9724801B0BDE8A2
:10EE7000F08F02F110070021384615F03CFA30B946
:10EE80005146304601B0BDE8F04F11F06DBB0AF1BC
:10EE900010080021404615F02EFA08B94946F0E75F
:10EEA0000121404615F027FA0028DED13B463A46BC
:10EEB00029462046FFF79EFE0028D7D105F1080815
:10EEC0003B462A4641462046FFF794FE0028CDD116
:10EED00053462A4629462046FFF78CFE0028C5D116
:10EEE0004246414620460AF10803FFF783FE002808
:10EEF000BCD14B462A462946204611F0FBF8002893
:10EF0000B4D109F1080B5B4642464146204611F058
:10EF1000F1F80028AAD10021284615F0ECF90146A5
:10EF200090B9404615F0E7F940B92B464A463146BC
:10EF3000204601B0BDE8F04F11F085B9304601B070
:10EF4000BDE8F04F11F029BB2B463A46204606F1AA
:10EF50001001FFF74FFE002888D105F110072B465E
:10EF60002A4639462046FFF745FE00287FF47EAF4B
:10EF700005F1180A2B463A4651462046FFF73AFE5D
:10EF800000287FF473AF4B463A4639462046FFF7D8
:10EF900031FE00287FF46AAF3946284615F087F81D
:10EFA00000287FF463AF2946204611F0FFF80028BF
:10EFB0007FF45CAF4346424631462046FFF71AFED7
:10EFC00000287FF453AF2B4632463146204611F0DD
:10EFD00091F800287FF44AAF534632463146204626
:10EFE00011F088F800287FF441AF33463A4639469D
:10EFF000204611F07FF800287FF438AF43463A46A8
:10F0000039462046FFF7F6FD00287FF42FAF5B4618
:10F01000524651462046FFF7EDFD00287FF426AF0B
:10F0200053463A46204606F1080101B0BDE8F04FCC
:10F0300011F060B880B0FFFF2DE9F047012A824649
:10F04000DDE908490E4690461F4644D8043015F0C5
:10F0500093F80546504611F0FCF9012882463CD150
:10F06000002106F1100015F046F948B9B9F1000F7A
:10F0700002D11B48BDE8F0872070C7F800A0F9E76F
:10F08000B8F1000F17D16B0001334B453B60F0D84E
:10F09000214604232A46304601F8013B15F088F842
:10F0A0000028E7D12A46691C214406F10800BDE882
:10F0B000F04715F07DB86B1C4B453B60D9D800215B
:10F0C00006F1080015F044F82146023001F8010B62
:10F0D0002A463046EBE70348CCE70348CAE700BFBF
:10F0E00000B1FFFF80B0FFFF80B1FFFF2DE9F04FBF
:10F0F00087B00D4690461E46039023B9464C2046E5
:10F1000007B0BDE8F08F039B1F1D384615F034F89B
:10F110008146039811F09DF90128824641D198F863
:10F1200000303BB9012EE9D1284607B0BDE8F04FC9
:10F1300011F033BA09F1010BB345DFD84A4628462E
:10F1400008F1010115F01EF804460028D7D15146F8
:10F1500005F1100014F0E0FF04460028CFD198F824
:10F1600000A0BAF1040F0ED14FEA49020132B242B7
:10F17000C4D14A4608EB0B0105F1080007B0BDE811
:10F18000F04F14F0FFBFAAF10202012AB6D8B3452E
:10F19000B4D10146384614F0DBFF012805F108061A
:10F1A00001D01E4CABE70121384614F0D1FF0128F5
:10F1B0008046F6D104A814F0CEFE2A4631460398C4
:10F1C00011F003F8044618BB4246394604A815F06E
:10F1D0007BF90446E0B9022104A815F00CF80446B6
:10F1E000B0B900903B463146304604AA15F058FBB2
:10F1F000044668B90146304614F0AAFF0AF0010A35
:10F20000824505D032463946304615F059F9044654
:10F2100004A814F0A5FE72E780B0FFFF80B1FFFFE5
:10F22000F0B50D460646012185B005F1100015F038
:10F2300062F8044650B9304611F00BF9012842D16A
:10F240002146284615F057F8002801DA1F4C37E010
:10F2500005F108072146384615F04DF80028F5DB82
:10F26000341D2146284614F0FEFF0028EEDA214620
:10F27000384614F0F8FF0028E8DA684614F06BFE10
:10F2800002A814F068FE3B463A4669463046FFF74E
:10F29000B1FC044670B92A46304602A910F095FF29
:10F2A000044638B9684602A914F0DDFF074B041E76
:10F2B00018BF1C46684614F053FE02A814F050FE16
:10F2C000204605B0F0BD024CFAE700BF80B3FFFF57
:10F2D00080B0FFFF38B5054611F0BBF801280C4699
:10F2E00001460DD1204615F006F8002806DB204621
:10F2F00005F1340114F0B7FF002803DB024838BDE4
:10F300000248FCE70020FAE780B3FFFF80B0FFFF70
:10F310002DE9F04FCDB0039111460446994608926D
:10F32000FFF7D8FF0746002840F07582494620467F
:10F33000FFF776FF0746002840F06D82204611F067
:10F3400088F80128049040F06C8204F1240109F14E
:10F35000080014F088FF0790002856D0256CB5F5FA
:10F36000C07FC0F096800335AD0807974FF00808BE
:10F3700004234FF0030ACDE905831821059800F016
:10F38000EDFB0646002800F04A824FF0000B1827DC
:10F3900007FB0B600BF1010B11F064F85FFA8BF2C5
:10F3A0009045F5D81C22002113A816F092F80421EC
:10F3B0001BA810F0E4FD4946304611F0D5F8074689
:10F3C000F0B981464FF0010B05FB0AFAD14562D135
:10F3D00013AB184609930022012303EB43015B00A2
:10F3E000DBB206EBC101984502F1010240F8041BB3
:10F3F000F3D8204613A9FFF74FFC074600287CD01E
:10F4000004211BA810F0C7FD5DE0484604F11C0173
:10F4100014F029FF226C154640BBB2F5C07FA36DE6
:10F420002AD39BB1E36D8BB30422049F012102F127
:10F43000FF3A01FA0AF3013D05931544B5FBF2F5D5
:10F440009DF81480069257B9079796E74FF0080881
:10F4500004234FF0030ACDE9058303329508A66D16
:10F46000002E40F097800123079386E7B2F5C07F16
:10F470000FD30332950879E753B1E36D43B9042202
:10F4800001270132AA4228BF0222CFE70522F7E76F
:10F49000049F0422F6E7B9FBF5F118220BFA01F3F9
:10F4A00005FB1191DBB202FB0362A1B111462046BC
:10F4B0001BAB10F0C8FE0746E0B104211BA810F0FA
:10F4C0006AFD002F61D0A26D964240F094810398AE
:10F4D00011F005F89FE103F0FE0101EB5301104626
:10F4E00006EBC101099211F03FF8099A074600287E
:10F4F000DCD0E2E709F1010968E7BDF91090DDF819
:10F5000010A009EB490906EBC909D3460AF1FF3AF5
:10F51000BBF1000F2AD1049B5B00DBB2984504933A
:10F52000EBD81822059906F1180302FB016209992C
:10F5300041F8043B183393420991F8D1059B2046CA
:10F540005A1E13A9FFF7A8FB074600287FF458AFFF
:10F5500006F1100948460BF1010B14F001FD5FFAAA
:10F560008BF2904509F11809F4D8A6E7182303FB9C
:10F570000AF11BAB009372184B4620464944FFF733
:10F580006BFC07460028C0D097E7079B13B1059B8B
:10F59000A665E36513A814F0DEFC04F1340A0DA897
:10F5A00014F0D9FC0021504614F0D2FD012840F09F
:10F5B00090800021089814F0CBFD0899814613A88B
:10F5C00014F075FD074630B10DA814F0C9FC13A85E
:10F5D00014F0C6FC77E75146089A0DA814F070FFA6
:10F5E00007460028F0D1B9FA89F94FEA59194A4675
:10F5F0000DA913A814F0E6FC07460028E4D1014643
:10F600006A1C1BA80DF16C0A15F063FFD346AF42CC
:10F6100028D100224FF0010CAC453DD90DA80DF1C9
:10F620004C0A14F09DFC504614F09AFC0DA810F002
:10F6300019FF0421504610F0A2FC05F598736B44A5
:10F6400013F8C43C3246009320464346039910F019
:10F6500017FD074600283ED00DA810F099FD0421A3
:10F660005046CFE63946002313A8CDE9041314F021
:10F670006FFD059B069A00FA03FC9BF800000499B5
:10F68000013340EA0C0093428BF800002944EBD18F
:10F6900001370BF1010BBAE79AF801009AF8003034
:10F6A00080EA020E6FEA0E0101F0010113FB01F383
:10F6B000104003EA0E0283EA0E030AF8013F1AF82B
:10F6C000013C024343EAC1130AF8013C0CF1010C6E
:10F6D000A2E7554FF7E6569B002B4DD00BA814F030
:10F6E0003AFC579B02210093221D569B0BA815F054
:10F6F0007DF9074638B10BA814F032FC17F10E0F54
:10F70000AAD14A4FA8E7039B204603F110021146F5
:10F710000BABFFF76FFA07460028ECD1039B20469E
:10F7200003F1080B5A4659460BABFFF763FA07463D
:10F730000028E0D10BAB1A4619462046FFF75AFACB
:10F7400007460028D7D1039A204611460BABFFF796
:10F7500051FA07460028CED15A4659460BAB2046EF
:10F76000FFF748FA07460BA814F0FAFB17F10E0F43
:10F77000C7D0002F7FF470AF0DF16C0B0DB92F4681
:10F780001EE0039A53461146204610F05CFD013DF1
:10F790000746A8B915F80B30324600932046434679
:10F7A0000DA910F06DFC074650B9039A204611468A
:10F7B000CDF800A00DABFFF74FFB07460028DDD0CA
:10F7C0000DA810F0E5FC0421504610F0E4FB002FDA
:10F7D0007FF479AE4A462046039910F02DFC074687
:10F7E00000287FF470AE2046039910F0E0FBA26D74
:10F7F000074696420CD00024182505FB046001340E
:10F8000010F06DFEE2B29045F7D8304600F0ACF94A
:10F81000002F7FF45CAE38464DB0BDE8F08F044F4A
:10F8200055E6014FF7E700BF80B0FFFF00B3FFFFD1
:10F8300080B2FFFF2DE9F04190B00546984610F0E8
:10F8400008FE01280E46144630D102A808AF10F079
:10F8500009FE0421384610F092FB22464346284612
:10F8600002A910F0B7FE0446A8B9DDE91623314617
:10F87000284610F0AFFE044668B9334631462846A4
:10F88000009702AAFFF7E8FA044620B93146284655
:10F8900010F08DFB04463846042110F07CFB02A8D2
:10F8A00010F076FC204610B0BDE8F081004CF9E77E
:10F8B00080B1FFFF10B4019C14B110BCFFF728BD4C
:10F8C000014810BC704700BF80B0FFFF73B505460C
:10F8D0001E4610F0BEFD01280C4601460ED113460F
:10F8E0002046009605F1340215F080F8044B10F123
:10F8F0000E0F18BF0346184602B070BD014BFAE761
:10F9000000B3FFFF80B0FFFF2DE9F0410D46014637
:10F9100028461746984600F0A3F80446B0B9284692
:10F9200010F097FD012805F1600612D142463946D4
:10F93000304614F027FC044628B931462846FFF724
:10F94000C9FC044610B1304614F00AFB2046BDE85D
:10F95000F081014CF7E700BF80B1FFFF70B5066C86
:10F960000D460736B3EBD60F114604464FEAD602D2
:10F9700003D200230A482B6070BD2A60B0F86630BD
:10F980004BB110F066FD012807D104F16000BDE81D
:10F99000704014F00DBC0348EEE76FF06D00EBE72C
:10F9A00000B1FFFF80B0FFFF2DE9F0479A460378D2
:10F9B00005460C461646A0B023B9284C204620B078
:10F9C000BDE8F0870A789A42F7D101F16809494603
:10F9D000683014F048FC0028EFD104F1700841466B
:10F9E00005F1700014F03FFC0028E6D104F178071F
:10F9F000394605F1780014F036FC0028DDD102A864
:10FA000010F030FD08A810F03BFD214608A810F0CA
:10FA1000C1FD04F11C0304F16002CDE9006A02A9F2
:10FA200008A810F03AFE044680B9494602A814F02E
:10FA30001AFC50B9414604A814F015FC28B93946FF
:10FA400006A814F010FC044600B1044C02A810F003
:10FA50009FFB08A810F047FDB0E700BF80B0FFFF94
:10FA600038B504460D4610F03EFD204610F008FD66
:10FA7000032D257005D0042D2AD00023254823709E
:10FA800025E0254B254AA364254B6260A360A36152
:10FA9000A3632362A362234B234A63624FF00113E3
:10FAA0006261224A23636263214B224AE362E2617C
:10FAB000201D14F05DFBE06304F1340014F058FBEA
:10FAC0001D4B0122206400206264A365E06538BDFF
:10FAD0001A4B1B4AA3641B4B6260A360A361A36320
:10FAE0002362A362184B194A63624FF001136261EB
:10FAF000174A236362630E4B164AE362E261201DDC
:10FB000014F036FBE06304F1340014F031FB124BC7
:10FB1000D7E700BF80B1FFFFEF0A0400BC970400E5
:10FB2000010008005C9704009C9704003C970400C7
:10FB3000DC9704007C970400BC91040033070400A8
:10FB40008C91040001000C00FC9004005C91040006
:10FB5000CC9004002C910400CC810400014B1B6864
:10FB6000184700BFBC0E0020014B1B68184700BFA0
:10FB7000B80E0020024B1860024B0020196070473D
:10FB8000BC0E0020B80E0020022243680A70024A10
:10FB900068334A608B607047160E05002DE9F04F00
:10FBA0001F46436B05460E46144691B0002B00F0ED
:10FBB0008C800121384614F09EFB002804DA444969
:10FBC000084611B0BDE8F08F05F1340841463846CB
:10FBD00014F049FB0028F2DA0AA810F043FC06A84A
:10FBE00014F0B9F908A814F0B6F94FF00C0905F1B2
:10FBF0001C0BB9F1010966D04FF00C0ABAF1010AE9
:10FC000061D0DDE91C2306A92846FFF75FFE014607
:10FC100000284CD11F9B029001931E9B0AA90093C0
:10FC200028465B4606AAFFF745FE014600283ED15E
:10FC30000AA94246304614F014FD0146002836D188
:10FC4000304614F058FB0028D8D008A92846DDE932
:10FC50001A2311F0EFF8014648BB31463A462046D8
:10FC600014F062FC014610BB08A90846224614F0B5
:10FC700024FC0146D8B92146434606AA14F019FED1
:10FC80000146A0B92146204608AA14F04DFC0146C1
:10FC900068B921464246204614F0E3FC014630B9DB
:10FCA0000590204614F027FB05990028A1D00AA84A
:10FCB000059110F014FC06A814F052F908A814F0ED
:10FCC0004FF905997CE70349F1E7034978E700BF5D
:10FCD00080B3FFFF00B3FFFF80B0FFFF2DE9F04FBF
:10FCE000C3B0046C05469DF83801894692461F460C
:10FCF000FCF7DCFB07348046E408002843D009A861
:10FD000023AE14F028F9304611F0DBF822463846CD
:10FD10000BA914F04DFA834658BBDDE94C23284665
:10FD200009A911F087F8834618BB0BAB22461919B5
:10FD300009A814F03DFA8346D8B94146304663001D
:10FD40000BAA00F0F5F9834698B9519B52460693E9
:10FD5000509B494605934F9B2846CDE903630B4BC7
:10FD600002934D9B01934C9B00933B46FFF716FF7C
:10FD70008346304600F030FA09A814F0F1F85846EE
:10FD800043B0BDE8F08FDFF808B0F8E78D0103005D
:10FD900080B0FFFF2DE9F047054692B00CA89846C9
:10FDA000DDE91A690C46924610F05CFB04A814F0D9
:10FDB000D2F806A814F0CFF808A814F0CCF80AA8D6
:10FDC00014F0C9F86B6B002B00F0848001213046E1
:10FDD00014F091FA002813DB05F134073946304658
:10FDE00014F041FA00280BDA0121484614F083FA96
:10FDF000002805DB3946484614F035FA002813DBA5
:10FE0000354C0CA810F06BFB04A814F0A9F806A858
:10FE100014F0A6F808A814F0A3F80AA814F0A0F8A3
:10FE2000204612B0BDE8F08722465346284604A972
:10FE300011F000F804460028E3D13B464A4606A9E3
:10FE400014F037FD04460028DBD106AA04A908A84F
:10FE500014F06AFB04460028D3D108A93A460846A4
:10FE600014F0FFFB04460028CBD1314606AA0AA8AD
:10FE700014F05AFB04460028C3D10DF128093A4674
:10FE80004946484614F0EDFB04460028B9D1CDE9B7
:10FE90000180CDF80090284605F11C0308AA0CA9A2
:10FEA000FFF7C8FC04460028ABD10CA810F089FB72
:10FEB0000028A5D10CA93A46084614F0D2FB044606
:10FEC00000289ED131460CA814F0CDF90446002834
:10FED00097D095E7014CA3E700B2FFFF80B0FFFF8A
:10FEE0002DE9F041A6B0DDF8BC8004460F4615466A
:10FEF0001E46B8F1000F5BD008A814F02CF80AA831
:10FF000014F029F8319B00950593309B2046CDE9EC
:10FF10000383CDE9016704F160030AAA08A9FFF78A
:10FF2000DDFE0546002833D1014664220C900DA861
:10FF300015F0CFFA26AB0AAA0CA907A8079313F06D
:10FF4000D6FE041E23DB08AA0CA907A813F0CFFED7
:10FF5000061E27DB264432460CA907A813F07EFEB6
:10FF6000041E14DB302207A80DEB020113F09AFEE9
:10FF7000002819DB2D9B34440444A34216D32246A7
:10FF800007992C9815F07EFA2E9B1C602C4625466E
:10FF900008A813F0E5FF0AA813F0E2FF284626B0F0
:10FFA000BDE8F0813446F2E70446F0E7014CEEE7A5
:10FFB000014DF3E700B1FFFF80B0FFFF2DE9F047EF
:10FFC0008AB0924606AF129A804608AE38469D180F
:10FFD0008946049313F0BFFF304613F0BCFF302373
:10FFE000294605AA04A813F0E9FC58B1A0F59F44DE
:10FFF000384613F0B5FF304613F0B2FF20460AB082
:020000023000CC
:10000000BDE8F087DDE9043213449D4221D13A4630
:10001000294604A813F038FD0028E7D132462946C6
:1000200004A813F031FD0028E0D1139B5246CDE91E
:10003000016349464046009708F16803FFF7AAFEAE
:1000400004460028D4D1049A034BAA4218BF1C4688
:10005000CEE7024CCCE700BF00B4FFFF1AB0FFFFB1
:100060002DE9F047054692B000680F4690460FF024
:1000700063FC064697B3B8F1000F0CBF4FF00109BF
:100080004FF002090023294C05F1100A99458DF81B
:1000900004301BD92846FCF75BFC0446B0B9324655
:1000A00051462846FCF71CFC044678B90122284634
:1000B00001A9FCF715FC044640B9B9F1020F10D0B4
:1000C000284602A9FCF71AFC044698B102A8402170
:1000D00000F098F8204612B0BDE8F0874FF0010913
:1000E000D0E7424639462846FCF7FAFB044600288A
:1000F000E6D0EBE73246284602A9FCF777FB044638
:100100000028E3D1324651462846FCF7E9FB044675
:100110000028DBD151462846FCF7F0FB04460028B6
:10012000D4D19DF804300133DBB2AFE700AFFFFF5D
:100130002DE9F0411646012204460D461F46FCF704
:10014000FFF9F0B9104B04F168001B689847284686
:100150000FF0F2FB04F11008024641462046FCF77E
:1001600045FB70B928460FF0E7FB012102464046E7
:1001700015F0AFF93A4631462046BDE8F041FFF7A9
:100180006FBFBDE8F08100BFF00E00202DE9F34104
:100190000F4B00F1680805461B6840460E4617469F
:1001A0009847044678B903463A46314600902846B7
:1001B00010F0E4FE074B04461B68404698470028B1
:1001C00018BF6FF01D04204602B0BDE8F08100BFEB
:1001D000E80E0020E40E002010B5044678B1036854
:1001E0001BB1074B68301B6898472046FCF76AF93B
:1001F0007C21204600F006F842F21073E36510BD42
:10020000EC0E002010B50A46044619B1024B00213D
:100210001B68984710BD00BFC00E0020F8B50D4EFA
:100220000D4C0E4D33680E48984767782B680C4884
:10023000984733680B489847022F08D12478E31F6A
:100240005C425C412B68074898472046F8BD002473
:10025000F8E700BFE80E00205C530020E40E002009
:100260004C1200203812002038B5074D074B2846A5
:100270001B689847064B28461C78064B04F001047F
:100280001B689847204638BD38120020E80E002031
:100290005C530020E40E00200E4B0340B3F1607F5E
:1002A00006D1B1F5885F14BF6FF08600002070475B
:1002B000B3F1707F0BD101F4E043B3F5005F06D1D9
:1002C00011F4E06F0CBF6FF08600002070476FF0F4
:1002D000860070470000C07F9142F8B506460C4684
:1002E00000F0358121F0FF05AD498D420CD122F09F
:1002F000FF03AB4242D114F0FF033AD0A94943F0C7
:1003000000738B4235D122E1A74885421AD0A74B12
:100310009D4211D024F4FF7323F00103B3F1062FA3
:100320000AD0A34FBD4207D007F57457BB4203D094
:10033000A7F58447BB426FD122F0FF038B4205D063
:10034000834206E022F0FF038B4201D10022FEE04F
:10035000AB4225D184EA0203FF2BF7D8924B9D4292
:1003600000F0F78091498D4240F03C8114F0FF018C
:100370000FD112F0FF0340F0E0800FE18A498B4279
:100380000ED184EA0201FF29E0D814F0FF0100F049
:10039000DB80844841F00071814240F03981D6E031
:1003A0008248834200F0A28022F4FF7121F0010113
:1003B000B1F1062F0AD07E4FBB4252D000F58840E3
:1003C000814203D0A0F58440814225D184EA020114
:1003D000FF29BBD8724824F4875121F01F018142C4
:1003E00040F0FC8014F0FF01D3D170498B4200F043
:1003F000CC8022F4FF7121F00101B1F1062F00F051
:10040000C4806B48834200F0C0806A4B9942B0D0F0
:10041000A3F584439942ACD004F0FE45B5F1A06F3A
:100420002AD102F0FE43B3F1A06F8FD184EA020318
:1004300033F47E138AD12504C4F30543C2F3054087
:1004400002F4004140F1F280002900F0EB80834289
:1004500038BF034624F47E1242EA034242F40042CB
:1004600075E084EA0201FF2940F2848004F0FE4531
:10047000B5F1A06F3FF46AAFB5F1407F7FF466AF8E
:1004800002F0FE43B3F1407F7FF460AF84EA0203E1
:1004900033F47E157FF45AAF31462046FFF7FCFE59
:1004A00000287FF453AF14F47C1300F0C780C4F32A
:1004B000054312F47C1104F4004702F4004500F0F7
:1004C000E280C2F30540002F00F013810146002DA9
:1004D00000F00B81994238BF1946090401F47C11E0
:1004E00024F47E14214341F4004230E084EA020106
:1004F000FF29BBD82A498D4212D001F580518D4287
:100500000ED09D426ED114F0FF015ED041F0007319
:1005100024498B421BD0244B9D4236D02B4664E7A6
:1005200014F0FF033FF425AF1E4943F000738B42E4
:100530000DD012F0FF033FF409AF1A4943F00073E6
:100540008B427FF469AF6BE012F0FF0262D110467C
:10055000F8BD14F0FF0302D043F00073D8E712F0A7
:10056000FF02F4D00F4B42F0007199420CBF2246BB
:100570000022ECE70A498D421ED114F0FF0304D09B
:10058000084943F000738B42E1D012F0FF03D4D14D
:1005900004F0FE45B5F1A06F7FF46EAF1A46D6E7C2
:1005A00000030006FF000002001300060002000620
:1005B00000090006004600064F498D42DDD0854205
:1005C00010D114F0FF017FF4E4AE4C498B42DCD132
:1005D00012F0FF03B1D104F0FE454DE747498D42CB
:1005E0003FF400AF464824F47F7121F003018142BB
:1005F0000AD044498D4207D024F4FF7121F0010153
:1006000000F58440814203D114F0FF017FF4C1AEB4
:100610001D4680E73C4B42F000729A427FF496AE52
:10062000224694E7834288BF002290E700293FF4E6
:100630008DAE83422CBF2246002288E733492140F9
:10064000B1F1607F0ED13248E1B241F000718142D8
:1006500017D001F17E41043911293FF62AAF2D4B05
:100660005B5C26E7B1F1707F7FF423AF06F4E041D5
:10067000B1F5005F7FF41DAF0123C6F302218B406B
:1006800017E7102315E721481040B0F1607F1DD116
:100690001F4ED0B240F00070B04224D000F17E4036
:1006A000043811280FD92846002F7FF410AF002DF1
:1006B000B6D183427FF44AAE1B0403F47C1324F4C6
:1006C0007E121A4343E71449085CFCE6B0F1707FE0
:1006D000E9D106F4E040B0F5005FE4D10120C6F3B3
:1006E0000226B040EFE61020EDE68B4288BF0022E4
:1006F0002DE7002DDDD09CE7001300060002000668
:100700000004000600090006FF0000020000C07F90
:10071000030000022D0E05002D0E05008A4270B563
:1007200006460D4600F0ED80784922F4FF7323F071
:1007300001038B4213D022F0FF0001F5885188425B
:100740000DD0734C22F47F7121F00301A14206D039
:100750007049884203D001F574518B422CD16E4B05
:1007600025F0FF0199420FD115F0FF000BD06B4B24
:1007700040F00070984240F0C68082EA0500FF28F1
:100780008CBF0020012070BD654B9942ECD0A3F5D1
:1007900088539942E8D025F4FF7323F00103B3F1A5
:1007A000062FE1D05B488142DED05E498B42DBD030
:1007B000A1F584418B42D7D005F0FE43B3F1A06F81
:1007C00013D102F0FE43B3F1A06F40F0888082EABB
:1007D000050333F47E1340F082802E047FD5C5F3E9
:1007E0000540C2F305429042CAE74F498D420BD102
:1007F0004E4B9A4200F085804D4B22F47E10984279
:1008000014BF00200120BEE7B3F1407F67D102F0A2
:10081000FE43B3F1407F62D182EA050030F47E14DA
:100820005DD131462846FFF737FD00286BD1414B9B
:1008300012F47C1103EA020318D0B3F1607FC2F313
:1008400005413DD13C48D3B243F0007383423BD0D5
:1008500003F17E43043B112B01D83848C45C15F4E6
:100860007C1FC5F3054331D18C42C9E7B3F1607FEA
:100870000DD13148D3B243F0007383421ED003F14F
:100880007E43043B112BDDD82D49C95CDAE7B3F177
:10089000707FE4D106F4E043B3F5005F03D101219A
:1008A000C6F30223994006F4E043B3F5005FD6D1C6
:1008B0000120C6F3022600FA06F4D0E71021C1E7B2
:1008C000B3F1707FCBD1EEE71024C8E712F47C1FA0
:1008D00001D1A34215D02C0401D58B4250E725F05D
:1008E000004323F47F03B3F1106F0CD102F0FE43F9
:1008F000B3F1106F07D11348104040F01060A842C8
:100900007EE701203FE700203DE700BF0002000630
:10091000000400060009000600030006FF000002B4
:1009200000130006004600060093C0040013C00434
:10093000000140050000C07F030000022D0E0500ED
:100940002D0E05000000FFF600F0FE43B3F1A06F8E
:1009500047D1254B20F0FF029A4203D110F0FF004F
:100960002FD17047214B9A4228D0A3F588539A4241
:1009700020D020F4FF7323F00103B3F1062F15D02C
:100980001B498A420ED01B4A934207D0A2F58442EB
:1009900093421FD110F0FF0013D1704710F0FF00F9
:1009A0000FD1704710F0FF000BD1704710F0FF001F
:1009B00007D1704710F0FF0003D1704710F0FF001F
:1009C00011D00D4B40F00070984214BF00206FF022
:1009D0008600704710F4004F0CBF00206FF08600B7
:1009E00070476FF086007047000300060013000692
:1009F0000009000600460006FF00000230B543680B
:100A0000002B6CD003F0FE42B2F1106F02BF23F056
:100A10001F6323F4702343F000634A1C10D14A4A39
:100A200023F0FF01914237D1038903F40473B3F536
:100A3000047F54D1437A43F004034372002030BD55
:100A4000427A55074BD4404D23F0FF04AC422FD1DE
:100A500040F2022399420AD040F20323994215D072
:100A600040F2011399420AD06FF08600E7E7037A5B
:100A700013F0180F33D143F008030372DEE7037A53
:100A8000DC062CD4037A43F01003F6E7910726D452
:100A900042F002024272D1E72C4923F4FF7222F0A5
:100AA00001028A4249D1037A13F0400FC2D116E005
:100AB000264DAC4239D005F58075AC4222D140F2CA
:100AC000031399420ED0B1F5827F21DA40F201136F
:100AD0009942C9D1037A03F03003202BD2D06FF0B2
:100AE0008800ACE7038903F49873202BF7D142F018
:100AF0000102CFE7037A03F05002102AEFD143F04E
:100B00004003BAE7124A9342AAD06FF0850096E7F5
:100B100040F201239942EDD0B1F5017FA4D1037ACF
:100B20009A06DCD443F02003A7E740F20123994260
:100B3000E0D0B1F5017FC9D1F1E7054A9342E4D194
:100B4000037A13F0100FB1E700010008000200085B
:100B500009060008124B20F47E10984206D107398E
:100B600006298CBF6FF08600002070470D4B98421D
:100B700006D0B0F1052F10D10C2907D10020704705
:100B800000290CBF6FF0860000207047082914BFB1
:100B90006FF086006FF0850070476FF0850070473A
:100BA00000014005000240052DE9F843884617463C
:100BB0001C4600F0B1FE054688BBD8F80060B6F8C8
:100BC000009009F4E043B3F5804FB36808BF27F005
:100BD000010737EA03031AD10CB3274B24F0FF02B5
:100BE0009A421FD114F0FF0304D0244A43F000734B
:100BF000934236D022464846F168FFF78FFD0746FC
:100C000068B9224648463169FFF788FD90BB6FF00E
:100C1000840500233046C8F8003000F0B1FE2846B5
:100C2000BDE8F883164B9A42DCD0A3F588539A426C
:100C3000D8D024F4FF7323F00103B3F1062FD1D0F1
:100C400010498A42CED0104A9342CBD0A2F58442BA
:100C50009342C7D004F0FE43B3F1407F04D1230494
:100C6000C8D56FF08605D4E7B3F1A06FF7D0034B7A
:100C70009C42BEE73D46D2E700030006FF000002AB
:100C800000130006000900060046000670B5114B6F
:100C900005461B6810480E469847044618B16FF089
:100CA0008F04204670BD6B6933602B7F012B04BF1E
:100CB00002232B77094B18BF30601B68064818BF0A
:100CC0006FF0960498470028EBD0002CE7D06FF027
:100CD0009604E6E7E80E002024120020E40E00202F
:100CE00038B500F0FE43B3F1407F04460D4602D014
:100CF0006FF0860038BDFFF7CFFA0028FAD114F460
:100D00007C1F12D0C4F30543032B137022D9284A49
:100D10002240B2F1607F3DD1264AE4B244F0007433
:100D200094422BD1102BE5D9E2E7214B2340B3F1BC
:100D3000607F15D11F49E3B243F000738B4202D1AB
:100D400010231370D6E703F17E43043B112B04D923
:100D5000002313706FF08500CCE71749CB5CD3E715
:100D6000B3F1707FF4D101F4E043B3F5005FEFD14C
:100D70000123C1F302218B40DBB2C5E704F17E44BD
:100D8000043C112CB4D80D4A125D9342B0D8402BCC
:100D9000B0D9DFE7B2F1707FAAD105F4E042B2F535
:100DA000005FA5D10122C5F30225AA40EDE700BFEF
:100DB0000000C07F030000022D0E05002D0E05006F
:100DC00000232DE9F34113604768D0F814800446EE
:100DD0000E463846114610F0B8FE054688B938462A
:100DE00010F0B5FE054660B9FFB277B9B8F1000F53
:100DF00005D1A36823F0031323F47F4363B16FF09D
:100E00008605284602B0BDE8F0810121606910F036
:100E100076FE0028EDD1F2E74FF6F87362889A4229
:100E200027D8154B15481B682779984710B16FF0E4
:100E30008F05E6E707B901A8314600F025FD104B04
:100E400005461B680D48984710B1002DD9D1EEE733
:100E5000002DD6D10FCCD6F800C066460FC694E858
:100E6000070086E80700002FCBD1019BCCF8143097
:100E7000C7E76FF08505C4E7E80E002024120020C4
:100E8000E40E002010B5044660B1074B07481B680C
:100E90009847204610F01FFABDE81040044B034865
:100EA0001B68184710BD00BFE80E00202412002068
:100EB000E40E002037B50446C0B101A900F02CFDB6
:100EC000044698B9194B1A481B689847194DF0B950
:100ED0000198037F032B11D110F022FE2B680446EA
:100EE0001348984728B10CB96FF08F04204603B01F
:100EF00030BD002C08BF6FF08704F7E7022B12D13A
:100F0000032303770379FF2B08BF6FF08404019854
:100F100010F006FE2B68002818BF044604489847C6
:100F20000028E3D0DFE76FF09604F0E7E80E00203A
:100F300024120020E40E00202DE9F04116461F4641
:100F4000002288B0038805468846CDE9042207962A
:100F50003A60002E62D0B6F1005F80F09E8023F0F0
:100F6000FF03B3F5E24F02D0B3F5824F22D12846FA
:100F700010F07AF80446002840F08380EB686BB1EB
:100F80006A885AB12B8803F44F41B1F5824F05D1DD
:100F9000DBB2222B37D02DD8122B39D0424600237A
:100FA00008EB060112F8010B914243EA0003F9D164
:100FB000002B33D0284605AA04A9FFF701FF0446F9
:100FC000A0B9049B9B6A63B3049B41465A88284698
:100FD000069206AA029203F1280201929A6A0092EE
:100FE0005B6A324600F042FD044678B30498FFF78E
:100FF00049FF46E0273BDBB21B2BCFD8284921FA1B
:1010000003F3DB07CAD50732B6EBD20FC6D205E031
:1010100040F209239A42F6D1402EBFD86FF08604E1
:101020002FE06B681B0A07D10799049810F008F9A4
:1010300004460028C8D0D9E732464146284607ABC7
:1010400000F0BCFC04460028EED0CFE70499069BD4
:101050004A88D2B94B804FF6F873069A04989A42A0
:1010600018D82B8813B102889A4210D16B8813B11B
:1010700042889A420BD13946FFF708FE0446002801
:10108000B4D1204608B0BDE8F0819A42E3D06FF0B9
:101090008604ABE76FF08504A8E76FF08504F0E7FE
:1010A0000102000C2DE9F743DDF8289007460D46B4
:1010B00016469846FFF7A2FC044600285AD17B68E2
:1010C000B3F1082F0AD140F2011295421AD13388A8
:1010D00023F0FF03B3F5105F42D010E0394A23F04C
:1010E000FF0191420ED140F2011295420AD133889C
:1010F000B3F5885F34D0B3F5905F31D083B36FF030
:10110000860437E040F20122002E3FD0954231881C
:1011100005D141F20103994222D009B3EFE717D874
:10112000B5F5817F0DD141F20322914218D0B1F57E
:10113000905F15D0A1B1B1F5105FE0D1B3F1082FE8
:10114000CAE740F2011025F002028242EFD0D6E752
:1011500040F202239D4214D141F206239942D8D194
:101160004346324629463846CDF8009010F061FDDE
:10117000044610B1384610F08EFB204603B0BDE89F
:10118000F083A5F20323032BB9D8C2E7954209D017
:101190000FD8B5F5817F05D040F2011225F002038A
:1011A0009342ACD14B4642462946384610F035FDB5
:1011B000DEE740F202239D42F4D0A5F20323032B85
:1011C0009DD8EFE700070008F8B5456806460F46CA
:1011D000002D5AD121F0004323F47F03B3F1106FA7
:1011E00056D001F0FE43B3F1106F38D121F01F64E7
:1011F00024F4702444F000644FF4C762002106F127
:10120000100014F066F9254A24F4FF7323F001035B
:10121000934207D1E3B243F0007303F17E43093BED
:10122000012B38D82146304610F0EEFCB0B91C4AEC
:1012300024F49F6323F007039342776017D1194B7F
:10124000E4B244F000749C420ED004F17E44043CAD
:10125000112C02D8144B33F81450F560F8BDB3F1DB
:10126000006F15D10C46C7E74FF47F65F5E70F4BCC
:101270009C4208D00E4D24F0FF04AC4214BF4FF046
:10128000FF353025E9E72025E7E76FF08800E5E73F
:101290006FF08600E2E76FF08500DFE700020008EC
:1012A0000001000803000002ACB0040009060008B9
:1012B000000300082DE9F043054699466B68104687
:1012C00003F0FE42B2F1106F0E4695B04FD14FF4CD
:1012D000804206A9FFF768FC044638BB01462C2271
:1012E000089009A8DDF8188014F0F3F86B68214A1B
:1012F00008AF1A4007AB0493302303931C9B02975B
:10130000CDE90093404642F01063D8E909120794F2
:1013100000F0F6FC044668B138460799FEF772FF04
:10132000284610F0B8FA069800F02AFB204615B0BF
:10133000BDE8F083079B02463146009328463B46B2
:10134000FFF7B0FE044607993846FEF75BFF002C16
:10135000E6D140F201139E4208BF2B7A069804BFE3
:1013600043F001032B7200F00BFB0446DEE76FF045
:101370008604DBE70000FFF638B504460D46FEF7AD
:101380004DFF30B12A462146BDE83840024810F0F2
:1013900070BC6FF0880038BD605300202DE9FF411C
:1013A000002203880A60CDE90122428806460D46E4
:1013B000002A00F02381028802F4E042B2F5804F57
:1013C00000F01C8123F0FF03B3F5E24F02D0B3F528
:1013D000824F04D130460FF047FE0446F8B930463C
:1013E00002AA01A9FFF7ECFC0446002840F0FB80AC
:1013F000019B9B6ABBB10199304601F12803D1E9F9
:10140000091200F00BFB0446002840F0F08029464A
:101410000198FFF73BFC0446002840F0E48020469A
:1014200004B0BDE8F08177683F0A40F0D480B6F898
:101430000080718840460FF00BFE80B140460FF0EF
:10144000C7FE0446002840F0CE8008F4E043B3F520
:10145000805F02D0B3F5005F13D107315CE028F064
:10146000FF03B3F5E24F40F0C6804FF4824244F2EE
:101470000E03984530D1C90801EB410101F14A073B
:101480000FE008F44F42B2F5844FE6D047F2010373
:1014900098450FD149080131C90801EBC10101F19B
:1014A0003B070397039901980FF0CAFE04460028F2
:1014B000A1D098E044F20103984503D1C90801F195
:1014C0001007EEE747F20E039845D0D1C90801EBAB
:1014D000410101F15A07E4E728F0FF03B3F5E84FB3
:1014E00003D10731C9084F00DBE7B3F5884F05D1B9
:1014F0000731C90801EB41014F1CD2E7B3F5EE4FAC
:1015000065D0B3F58E4FA8D0B2F5824F08D15FFAFF
:1015100088F2422A02D10831CF08C2E7412A9CD082
:10152000B3F5E24F99D0B3F5824F03D10731C90823
:101530004900E1E744F20D03984523D844F2010342
:101540009845AED9A8F5804002380B28A9D801A348
:1015500053F820F09D150300A3140300AB150300FE
:10156000A3140300A3140300B3150300BD15030067
:10157000A3140300A3140300C7150300A31403005E
:10158000C715030047F20203984522D047F204032F
:10159000A8EB030358425841870182E74FF4A07338
:1015A0004909594301F120077BE74FF4C073090A49
:1015B000F7E70731C90801F1180772E70731C908D1
:1015C00001F11C076DE70731C90802318BE740279D
:1015D00067E7202765E7304603A900F007FA0446CD
:1015E00000283FF45FAF0198FFF74CFC17E7019824
:1015F0000FF066FEF7E76FF08504F4E76FF08604FE
:101600000DE700BF70B51D4E1D4C33681D4898474F
:101610002378590744BF23F00403237023789A07E3
:1016200005D500F017F9237823F002032370164D37
:1016300014482B689847336814489847637813B167
:10164000134810F019FB0023042111486370FEF7C2
:10165000D9FD2B680D48984733680A489847237886
:10166000DB0705D510F07CFA237823F00103237003
:101670002B680448BDE87040184700BFE80E002002
:101680005C53002038120020E40E00204C12002091
:10169000605300202DE9F041FEF7C0FD18B1002491
:1016A0002046BDE8F081364F36483B6898470446EF
:1016B00020B16FF08F04FFF7A5FFF1E7324D2B78D3
:1016C000D80706D410F04AFA04462B7843F00103F9
:1016D0002B702E4E2B483368984710B1002CE8D061
:1016E000E9E7002CE7D13B682648984704460028E4
:1016F000DFD12B78990706D400F0A4F804462B78A4
:1017000043F002032B7033681E4898470028E5D148
:10171000002CD0D13B681B4898470028C9D13368BA
:10172000184895F8008098470028C2D13B681848AF
:10173000984704460028BCD16B7843B918F0010FD4
:1017400005D0144810F092FA022304466B703368F7
:101750000F4898470028C1D1002CACD13B680948FC
:1017600098470028A5D12B7806485A075CBF43F05C
:1017700004032B7033689847002890D099E700BF86
:10178000E80E0020381200205C530020E40E0020F8
:101790004C1200206053002038B5074C074B204600
:1017A0001B689847064B204693F88055054B1B68ED
:1017B0009847284638BD00BF38120020E80E0020A8
:1017C00064530020E40E002000F140421F2A38B587
:1017D00004460D460CD82C21194B01FB02331A7F0D
:1017E000022A02D15A69824218D06FF08B001FE0A2
:1017F000012110F084F9E0B1114A00201346117F55
:10180000022902D15169A14205D00130202802F1FC
:101810002C02F4D1E9E72C2202FB00331A7F022AC2
:101820000AD11A6A511C07D0002001321A622B60BB
:1018300038BD6FF08700FBE76FF09600F8E700BF58
:10184000645300200122024B002083F8802570475A
:10185000645300202DE9F0410A4C002526464FF044
:10186000010803272046C4F82080277701350FF0B0
:1018700032FD202D04F12C04F4D1002386F88035AC
:10188000BDE8F08164530020F8B506460F46FFF727
:1018900083FF002835D000241D4B22461D46197FAA
:1018A000F9B13CB9022905D1196A19B91979002988
:1018B00018BF1C460132202A03F12C03EFD114B9C2
:1018C0006FF08C000BE0237F022B04D1236A5A1C9B
:1018D0001CBF0133236220460FF0FDFC10B1002431
:1018E0000DE01C46237F7BB90123237736B1094BDA
:1018F000651BAD105D4305F18045356000203C60FF
:10190000F8BD6FF08800EAE76FF09600E7E700BFE8
:1019100064530020A38B2EBA002370B50B600446DD
:101920000D46FFF739FF08B3124B13481B68984761
:10193000064618B16FF08F04204670BD2046294638
:10194000FFF742FF10F18C0F04460C4B07D01B68C9
:10195000094898470028EFD0002CEDD1EAE72E6027
:101960001B68054898476FF08704E5E76FF0880427
:10197000E2E700BFE80E002024120020E40E002061
:1019800010B50B4B04461B680A48984718B16FF016
:101990008F04204610BD204610F0C2F8064B0446C6
:1019A0001B68044898470028F3D0002CF1D1EEE7DB
:1019B000E80E002024120020E40E0020194610B486
:1019C000002443680C60074C1A0AB4EB132F02D0B2
:1019D000054B9A4202D110BC00F06EBB6FF086003E
:1019E00010BC7047004E80004B4E800010B40024A5
:1019F00043680C60074C1A0AB4EB132F02D0064B55
:101A00009A4202D110BC00F057BB6FF0860010BCA8
:101A1000704700BF004E80004B4E80002DE9F04122
:101A2000456804462D0A0E461746984606D00E4CC9
:101A3000A54214D06FF08600BDE8F08105886D04E2
:101A400007D443463A4631462046BDE8F04110F0FF
:101A500043B801F099F910F1860FEDD1F1E7BDE837
:101A6000F04101F091B900BF4B4E80002DE9F04FDD
:101A7000DFF880B0D0F804E085B0BBEB1E2F044641
:101A8000DDE90E890D4616461F46DDF840A04FEAF7
:101A90001E2C1CD0DFF860E0F44518D0BCF1000F1C
:101AA00022D1CDE9019ACDF8008001F0A7F810F11C
:101AB000860F1BD13B46324629462046CDE90F9A78
:101AC000CDF8388005B0BDE8F04F0FF0DCBB3B46E9
:101AD000324629462046CDE90F9ACDF8388005B028
:101AE000BDE8F04F01F08AB86FF0860005B0BDE8A0
:101AF000F08F00BF004E80004B4E800030B4446831
:101B0000240A06D0064DAC4206D030BC6FF08600E9
:101B1000704730BC0FF0FCBB30BC01F055B900BFC2
:101B20004B4E80002DE9F7430D46DDE90A89164644
:101B3000134942681F46B1EB122F04464FEA1223A5
:101B40000ED0104A934200D0ABB93B4632462946EC
:101B50002046CDE9008900F0E3FF10F1860F0CD19B
:101B60003B46324629462046CDE90A8903B0BDE806
:101B7000F04300F0D5BF6FF0860003B0BDE8F083FE
:101B8000004E80004B4E800030B4064C4568B4EBEC
:101B9000152F02D130BC01F06FB96FF0860030BC58
:101BA000704700BF4B4E80002DE9F74F0C9CDDE9DC
:101BB0000D5601944468DDE90F7C240ADDE911E843
:101BC000DDE9139A03D0DFF830B05C450ED1019CFB
:101BD000CDE9139ACDE911E8CDE90F7CCDE90D5699
:101BE0000C9403B0BDE8F04F00F08CBD6FF08600A0
:101BF00003B0BDE8F08F00BF4B4E80002DE9F74FDA
:101C00000C9C4568DFF854B000940D9CBBEB152F7D
:101C10000194DDF850A04FEA1524DDE90E67DDE9F7
:101C200010CEDDE9128903D00D4DAC4200D07CB955
:101C3000019CCDE9139A0D94009CCDE911E8CDE902
:101C40000F7C0E960C9403B0BDE8F04F00F0BEBDC3
:101C50006FF0860003B0BDE8F08F00BF004E80003B
:101C60004B4E80002DE9F0414468DDF828E0240A5D
:101C7000DDE90656DDE9087C03D0DFF82080444525
:101C800008D1CDE909CECDE907670695BDE8F04159
:101C900010F0B6BB6FF08600BDE8F0814B4E8000BF
:101CA00037B504464868000A02D0084DA8420AD158
:101CB0000698009004F1080010F097FB08B905237E
:101CC000236003B030BD6FF08600FAE74B4E800012
:101CD00037B504464868000A02D0084DA8420AD128
:101CE0000698009004F1080010F081FB08B9052364
:101CF000236003B030BD6FF08600FAE74B4E8000E2
:101D00002DE9F04144681D46DDE9087CDDE9063631
:101D1000240ADDF828E003D0DFF82080444508D10C
:101D2000CDE909E5CDE9077C0696BDE8F04102F072
:101D30003FB86FF08600BDE8F08100BF4B4E8000D9
:101D400010B50C4C206813F080FB0B4A1368591C2B
:101D500011604BB9094A4820D2F8003443F0070318
:101D6000C2F80034E2F704FF2068BDE8104013F029
:101D700072BB00BFC80E0020E8580020008004504D
:101D800038B5164D286813F060FB154B1C68013CF4
:101D90001C60ECB94820E2F7F9FE0722114BC3F8AA
:101DA0000823D3F8002422F00702C3F80024C3F864
:101DB0000041D3F80021C3F80441D3F804214FF4C3
:101DC0008072C3F80841D3F80831074BC3F8882163
:101DD0002868BDE8384013F03EBB00BFC80E0020A5
:101DE000E85800200080045000E100E070B5154D77
:101DF000154E2B68B34222D0FFF7A2FF02F082FEFD
:101E0000124A134B134952F8040B43F8040B8B424C
:101E1000F9D102F0C7FE38B10FF031FF0446FFF7E9
:101E2000AFFF3CB92E6005E001F0A4FB044618B1F9
:101E3000FFF7A6FF204670BD10F09DFDEEE70024E1
:101E4000F8E700BFC40E002011736500709804000D
:101E500000C080511CD3805100230B6010F0FF03A1
:101E60001FD043F0007303F17E43053B0E2B18D8BF
:101E7000DFE803F00817170F111315171717170AC4
:101E80000A0A0A000C4B0B600B6893B96FF08500CF
:101E900070470A4BF7E70A4BF5E70A4BF3E70A4BA3
:101EA000F1E700F0FE40B0F1007FEFD06FF0860068
:101EB00070470020704700BF80AE040060AE040091
:101EC00040AE040020AE040000AE0400302817D05D
:101ED0000DD81238C0B2192806D8012383401D48F6
:101EE0001840A0BBDB071FD46FF086007047412865
:101EF00001D04228F8D1FF2929D0B1F5E07F07E0D1
:101F0000B1F5A07F23D009D8E02920D0B1F5807F9A
:101F10000CBF6FF085006FF086007047B1F5C07F91
:101F200015D0B1F5007FF3E7B1F5C07F0BD006D82F
:101F3000E0290CD0B1F5807FD6D1074B04E040F208
:101F400009239942E4E7054B0020136070476FF0C6
:101F50008500704720022102BCAE0400B0AE040030
:101F6000A0F11203DBB21E2B9DBF0348D84000F046
:101F700001000020704700BF210221422DE9F041FD
:101F80001D4B94B0D0F8048006460F4601A819688E
:101F900002F026FEDDE90154DCB92246314628462E
:101FA00003AB11F0AEFB044698B9284611F051FB83
:101FB000DDE903120346384611F0A7FA284611F06E
:101FC00009FC284611F0F3FA0446284602F032FED6
:101FD0002CB1204614B0BDE8F0410FF050BE414690
:101FE00003A80FF048FF03A841460FF044FF204626
:101FF00014B0BDE8F08100BFC8AE0400F8B50546D6
:102000000E4618461C2117461C460FF034FF6B681D
:1020100021491A0AB1EB132F1BD1204A33782261D0
:102020001F4A13F00303E26066610CD0023303F031
:102030000303012B26D86B880733DB086360194B39
:1020400023600020F8BD6B880733DB086360164B04
:10205000F6E7164B9A4212D16A69154B1344022BCC
:1020600013D90023224642F8183FC4E903336261C2
:102070006A69104B9A4201D12023E7E747B1C4E9CE
:102080000067DEE76FF08400DCE76FF08500D9E7DA
:102090006FF09600D6E700BF4B4E8000053103007D
:1020A000C52F03000000002040008151004E800039
:1020B000FF3F008004C0FF7F10B51E4C4368B4EBA7
:1020C000132F4FEA132215D142691B4B9A420CD0B1
:1020D00003F5FF437D331344012B03D80388B3F585
:1020E000105F24D06FF0860019E047F212130288C7
:1020F0009A42F6E7114B9A42F4D1028802F44F4318
:10210000B3F5824F0CD1438844F212100733824258
:102110004FEAD30301D15B00013300200B6010BDF7
:10212000B2F5885F03D143880733DB08F5E7022364
:10213000F3E700BF004E800001C0FF7F4B4E8000E0
:102140004FF480732DE9F04796B0804603A80393BF
:1021500000240FF09CFE4FF010091E4E0DF12F05CC
:1021600025F01F0506F1200A012210211A480FF060
:10217000F1FD2B1900935246102320211548CDF86C
:10218000049002F083F90746F8B9D6E90C3210340E
:10219000013342F10002302CC6E90C32E4D1B8F12F
:1021A000000F04D02246414628460FF0C6FD2E46B9
:1021B000084C0FCE0FC496E80F00203584E80F00BE
:1021C00095E80F00103484E80F00384616B0BDE8DB
:1021D000F08700BF1045002030450020F0B5194DB4
:1021E000194FAB6B8DB0BB4229D0184E306813F03D
:1021F0002CF940230022194628460FF031FE3021E9
:1022000068460FF051FE044678B96846FFF798FF1C
:10221000044690B930230246194668460FF020FE66
:1022200001220023C5E90C23AF63306813F013F9D2
:1022300020460FF024FD0DB0F0BD0E24F5E7002080
:10224000F9E700BF10450020B4A5B4A5CC0E0020CE
:102250002DE9F04F99B00DF1570802F10F098246B0
:102260000E46144628F01F084FEA191922B100291A
:102270006DD0B2F5803F6AD8364F374D386813F0CD
:10228000E4F8D5E90C3213430BD15046FFF7A6FF13
:10229000834630B1386813F0DEF8584619B0BDE80F
:1022A000F08FD5E90C2319EB020243F10003B3F5DB
:1022B000803F14D3302102A80FF0F6FDE8B902A840
:1022C000FFF73EFF83460028E4D13023024619463B
:1022D00002A80FF0C5FD00220023C5E90C234FF42E
:1022E000807302A802930FF0D2FDDFF870A03CB912
:1022F0002046FFF725FF8346CCE76FF0920BC9E736
:10230000102C4FF001024FF010015046A14628BF9B
:102310004FF010090FF01EFD102352462021CDE989
:1023200000830D4802F0B2F883460028B2D14A4635
:102330003046414613F0A6F8D5E90C32013342F19C
:102340000002C5E90C32A4EB09044E44CFE76FF05C
:10235000860BA2E7CC0E002010450020304500205F
:102360000022074BC3F81021C3F80C21C3F8002149
:10237000C3F80421C3F80821C3F81421704700BF33
:102380000050045008B5FFF7EBFF01230360104B2A
:102390000A6832B9D3F80C211AB9D3F80821002AF7
:1023A000F6D00B687BB90B4B99420ED0A3F5847322
:1023B000D3F80831002B0CBF4FF0FF306FF0020054
:1023C000FFF7CEFF08BD0020FAE74FF0FF30F7E738
:1023D000005004500851045038B505460C4691B1E0
:1023E000002101200AF0DBFC08480949C0F800552B
:1023F000C0F80445FFF7C6FF0021044608460AF06E
:10240000CEFC204638BD6FF00104FAE700500450BE
:1024100000510450034B0449C3F800050348FFF77B
:10242000B1BF00BF00500450045104500450045088
:1024300010B50446002101200AF0B1FC064B074903
:10244000C3F800450648FFF79DFF002104460846F3
:102450000AF0A5FC204610BD00500450085104505D
:102460000850045038B50C4659B1074D0749C5F816
:1024700000050748FFF786FF10B9D5F80835236037
:1024800038BD6FF00100FBE70050045010510450BC
:102490000C5004500B4B98420BD003F580739842BC
:1024A00002D0094B98420AD1A1F10C03584258417D
:1024B0007047C81F06288CBF0020012070470020ED
:1024C000704700BF0001500500051005F0B590F8F9
:1024D0009B300446012B85B05AD0022B5CD0002BD8
:1024E0005CD190F84D50026829461046FFF7D2FFA4
:1024F000002846D02B4B9A421BD003F580739A429A
:1025000007D0294B9A422CD06FF002000FF0B7FB96
:1025100039E094F8585094F89A30211D04F14002A3
:1025200004F1A00015B910F01EFBEFE710F019FB45
:10253000ECE794F89A3094F858C0D4E91467211D58
:102540000093CDE901672B4604F1400204F1A0009D
:10255000BCF1000F02D110F01BFBD7E710F00EFB0F
:10256000D4E794F8585094F89A30211D04F14002B1
:1025700004F1A00015B910F035FCC7E710F02AFCF3
:10258000C4E76FF08800022384F89B3005B0F0BDEB
:10259000A03010F08AFBB9E70020F7E76FF0960053
:1025A000F4E700BF00015005000510052DE9FF41CB
:1025B0001546DFF85C800F4603AA414606460FF039
:1025C00019FD1DB303983946C0F12004AC4228BF61
:1025D0002C464044224612F055FF4FF00108039A62
:1025E000002330460A49CDF8008022440FF0E2FC77
:1025F00048B9AC4207D00346CDF8008030462A1BCC
:1026000039190FF0D7FC04B0BDE8F0812C46E4E79F
:102610002C8100202DE9F84F8846DDE90AB4914667
:1026200019461388314A24F47E16964205460DD089
:1026300002F58072964235D0B6F1052F34D02C4A7F
:10264000964235D000274FF0000C02E0294F4FF49E
:10265000105C9C4543D1BBF1200F43D805F1200A03
:102660005A46504612F00EFF5A46514648462B1D18
:10267000FFF7C4FC78BB1D4B2F609E4285F8588045
:1026800018D003F580739E4214D0B6F1052F1FD1E8
:1026900084F0052383F4801333F47E131DD1C4F337
:1026A000054416E0144FD2E742F2040C134FD0E772
:1026B000134FC8E784F0AA6383F4807333F47E1366
:1026C000EDD084F0AA6383F4007333F47E13E6D074
:1026D000002485F89A40BDE8F88F0446F9E76FF0CA
:1026E0008500F8E76FF08600F5E700BF00014005C0
:1026F0000006000500015005000250050005100508
:10270000000610052DE9F04FFBB00646DDE98BA968
:102710000F46904600214FF4EE7203A8899C9B4619
:10272000879D12F0D6FE0022A245029249D332467E
:102730003B460121CDE9008B03A8FFF76BFF06465E
:10274000002837D1DDE9841203A8CDE917540FF032
:10275000DFFB064670BB039A1B4B9A4221D12A46E7
:10276000869903A8FFF722FF064618BB0090224671
:102770008A9B889903A80FF01DFC0646D0B98A9958
:1027800002ABAAEB0402214403A80FF0D6FB0646D5
:1027900080B9029B2344C9F8003030467BB0BDE8C5
:1027A000F08F01232A4600938699034603A80FF071
:1027B00001FCD9E7002303A8C9F800300FF07CFC26
:1027C000EBE76FF08906E8E7000150052DE9F04FCF
:1027D00004469B4689469246FBB04FF4EE72DDE913
:1027E0008687002103A8889E8C9D12F072FE2246E7
:1027F0004B460021CDE900AB03A8FFF70BFF0446D1
:1028000058BB9DF8A620899B9B1A8B9A2B609342FC
:1028100035D8DDE9841203A8CDE917730FF078FBF2
:102820000446D0B9039A174B9A421FD13A46414603
:1028300003A8FFF7BBFE044678B9009031468A9B97
:102840002A6803A80FF0B6FB044630B9296803A82C
:1028500031440FF096FB044620B1002303A82B60FF
:102860000FF02AFC20467BB0BDE8F08F01233A46EA
:1028700000934146034603A80FF09CFBDBE76FF093
:102880008904EAE700015005F0B40568049C002DB6
:102890003FD1234D14F47C16046005EA040509D0E9
:1028A000C4F30546B5F1607F46602AD10494F0BCBC
:1028B0000FF06ABEB5F1607F12D11A4FE5B245F054
:1028C0000075BD4202D110254560EFE705F17E4558
:1028D000043D112D01D94660E8E7134E755DF3E71D
:1028E000B5F1707F01D046600BE00D8805F4E0473C
:1028F000B7F5005FF7D10126C5F3022506FA05F505
:1029000045600A4D24F47E14AC4206D1F0BC00F0C0
:1029100079B86FF08800F0BC70476FF08500FAE777
:102920000000C07F03000002460E05000002C00345
:1029300010B4046884B19AB10C4B2340B3F1607FAA
:1029400002D110BC0FF04CBE094B24F47E149C4203
:1029500008D110BC0FF080BD6FF0880010BC70472C
:102960001046FBE76FF08500F8E700BF0000C07F6E
:102970000002C0032DE9F041046805460F461E46DB
:1029800094B3A1B34368934234D81C4BDFF87080F2
:102990002340B3F1607F0DD024F47E14444512D15E
:1029A00028460FF0C6FD044684B10023336020465C
:1029B000BDE8F0810FF082FE2B68044623F47E13FD
:1029C0004345F1D1ECE76FF09604EEE705F10C0119
:1029D00038466A6812F056FD6B684FF4437128461A
:1029E00033600FF048FAE2E76FF08804DFE76FF03A
:1029F0008604DCE76FF08904D9E700BF0000C07FE0
:102A00000002C0032DE9F0410E461D4633881146F1
:102A1000B3F5105F044672682DD10F2D06D8174B01
:102A2000B3EB122F04D06FF0860221E0202DFAD8EC
:102A300004F5D2772A46384604F5C47812F022FD10
:102A40002A46434639463046FFF7D8FA024678B957
:102A5000414604F1900001F0D3FD024618B1BDE8F3
:102A6000F0410FF00CB91023A360012384F88C30DF
:102A70001046BDE8F0816FF08502F9E74B4E80000B
:102A80002DE9F0410388C76803F44F44B4F5824F41
:102A900008BF1D4603F4E0441F4B18BF002500206B
:102AA0009E46EDB21E78AE4224D1D3E9026CD2F834
:102AB0000080B4F5804F08BF6646B8F1000F0CD116
:102AC0008E420AD1142303FB00E3596811601B7C7A
:102AD000B3B96FF08500BDE8F081D3F804C0E045DC
:102AE00008D18E4202D06FF08600F4E7142303FB76
:102AF00000E3ECE70130132803F11403D2D1F2E72D
:102B0000422D06D1054B9F4203D003F20B139F4287
:102B1000E9D10020DFE700BF8CAB0400000800060D
:102B20002DE9F743002406469946DDE90A37008877
:102B3000884615463C60002B53D020F0FF00B0F5CE
:102B4000E24F43D13588718805F44F42B2F5824F88
:102B50001AD1EDB2422D18D8402D12D8A5F112028B
:102B6000D2B21E2A11D8224840FA02F2D2070CD45F
:102B7000CC1DE40864000134A34206D26FF0890042
:102B800021E0CC1DE408F7E72546284601AAFFF717
:102B90009DF9C0B97268174BB3EB122F24D0123DC8
:102BA000EDB21E2D20D8144BEB40DB071CD5494657
:102BB0000423019A01F8013B404602F09DF80FF012
:102BC0005EF800B93C6003B0BDE8F083B0F5824F19
:102BD0000AD19342D2D3484612F054FC20463D60BD
:102BE000F1E76FF08600EEE76FF08500EBE700BFDE
:102BF000DEFFFFBF004E8000210000402DE9F04FB6
:102C000015460022A5B08A46DDF8C0B02F99DDF840
:102C1000B880994606460388CBF800200A60B8F1D0
:102C2000000F60D04268554C110AB4EB122F25D129
:102C300007A94769FFF740FA0446D8B9079B4345FF
:102C400000F29580FFB22B4652463946304600F0DE
:102C50006BFA044670B92F9B2146CDE900833846B4
:102C60004B460BAA00F0C4FC044618B9BDF82E3040
:102C7000CBF80030204625B0BDE8F08F002979D18F
:102C800023F0FF03B3F5E24F17D14388A8450B9318
:102C90006DD329460BAAFFF7F3FE04460028E9D1BD
:102CA0002B465246414648460FF0C8F8D8B10B9B18
:102CB000CBF800302F9B1D60DCE7B3F5824F59D174
:102CC00043880788059307F44F43B3F5824FC368E1
:102CD000524603934FF061012B460BA818BF002703
:102CE0000FF0ACF810B96FF08604C3E7A8453ED3E7
:102CF0002946304605AAFFF7C3FE04460028B9D18D
:102D0000F8B21228059E01D0302828D19DF82C1049
:102D1000F31DDB085A00042902F10102E3D19542B8
:102D2000E1D1174A0399114041F0106215498A42D6
:102D300015D10DF12D020BA9CDE907325A1C0A4419
:102D4000CDE90932314606AAFFF7C0F808B10446BA
:102D500090E7069807A9FFF711F90028F7D12A464E
:102D600048460BA912F08EFBCBF80060A2E76FF08B
:102D700089047FE76FF085047CE700BF4B4E80003D
:102D80000000FFF600000209F0B4DFF838C0446824
:102D90000588BCEB142F4FEA142702D1F0BC0FF0CA
:102DA0002FBD67B93AB125F0FF04B4F5E24F06D163
:102DB000F0BC0FF0B9BC6FF08600F0BC70476FF04C
:102DC0008500FAE74B4E80002DE9F8430D461F467B
:102DD0004168264B9146DDE90828B3EB112F0646E2
:102DE0003ED1048804F44F43B3F5824F0CD0B4F5C0
:102DF000885F0ED14A462946384612F043FB002030
:102E0000C8F80090BDE8F883E4B2422CF2D0122C4E
:102E1000EFE773880733B2EBD30F4FEAD30922D31E
:102E2000134E306812F011FB284600F0CBF8044630
:102E300030B94A4638460F4912F024FBC8F80090D2
:102E4000284600F05FF90546306812F004FB002DBB
:102E500008BF2046BDE8F84318BF01200EF00FBFA1
:102E60006FF08B00CEE76FF08900CBE74B4E800010
:102E7000D00E0020000000202DE9F04F0E461F4626
:102E800041682A4B87B0B3EB112F0446DDE910AB44
:102E900048D1038803F44F41B1F5824F02D0B3F516
:102EA000885F0ED105AB2046CDE901B331463B46E4
:102EB000CDF800A0FFF7A2FE0446204607B0BDE80B
:102EC000F08FDFF86C80B0F80290D8F8000012F0B4
:102ED000BCFA304600F076F80546F0B905AB09F1CA
:102EE00007022046CDE901B312493B46CDF800A0C8
:102EF000D208FFF783FE0446304600F003F9064689
:102F0000D8F8000012F0A7FA56B9002DD5D02846FF
:102F100007B0BDE8F04F0EF0B2BE6FF09204EBE7E1
:102F20000125F4E76FF08B04C7E700BF4B4E80002C
:102F3000D00E00200000002030B5ADF2646D1A22E2
:102F400005460C460DF10E00002112F0C2FA4FF4B6
:102F50001053ADF80C30184B00210893174B4FF469
:102F6000C7620AA8049312F0B4FA4FF008210AA825
:102F700000F054FEE8B90346009040F2011103AAA4
:102F80000AA80FF07DFDA0B9032340F201210C4AED
:102F90000AA800F0A5FE60B910232A4640F20621D7
:102FA0000AA800F09DFE20B9202221460AA800F0C0
:102FB000CDFF0DF2646D30BD02C0FF7F03004E8077
:102FC000580E0500F0B50378064603F00303022B04
:102FD0009DB018D0033303F00303012B11D86FF019
:102FE00021000CE070782044FFF714FA00285CD12F
:102FF00001343378C3F38203A342F3D800201DB019
:10300000F0BD0024F5E70BAF39464078FFF72AFA08
:1030100004460028E3D13578C5F38205AC4222D3BB
:10302000182200210EA812F054FA4FF41053ADF8F4
:1030300034304FF480731E4E4FF400710DA8ADF87C
:10304000363010960FF018FC32231A4C00211C2247
:1030500015A8149312F03DFA204614A9FFF76CFF4F
:1030600040B10E20CBE770782044FFF7D3F9E0B9E8
:103070000134D0E70CAB08934023CDE9064304F1BB
:10308000100304930423CDE902730C23013D2D01A9
:10309000CDE900430C9033462022059514A90DA8D4
:1030A000FFF794FB0028AAD0DBE70220A7E700BFC8
:1030B00000025005000000204029F8B505460E46E4
:1030C00018D80E4F386812F0C0F92846FFF77AFF7B
:1030D0000EF0D5FD044640B909493246284612F0A3
:1030E000D1F9402106480EF0C6FE386812F0B3F957
:1030F0002046F8BD6FF08904FAE700BFD00E00202B
:103100000000002008B503789B0705D00548402142
:103110000EF0B1FE002008BD0FF02DFC0028F5D008
:103120000220F8E7000000202DE9F04F884600213A
:10313000B5B0044617461DA85C220B931C9112F0F3
:10314000C8F90FF0F5FB054680B9064661690C9099
:10315000C1F3013262F305168DF8306016F03006C7
:1031600008D1A368980710D06FF08605284635B0BF
:10317000BDE8F08F102E08D1BDF8323023F4F8737B
:1031800043F4A873ADF83230DCE0E368A44883422E
:1031900000F0988024D8A348834200F097800AD892
:1031A000A148834200F09A80A048834200F09280B8
:1031B000C9B2F82910E09E4883427FD09D488342DF
:1031C000F6D101219DF8323061F303038DF83230DE
:1031D00042F204032188994232D06FF08505C5E799
:1031E000954883425FD009D89448834257D0944889
:1031F0008342DDD104219DF8323057E0914883426B
:1032000005D0914883426DD090488342D0D1238825
:1032100003F44F41B1F5824FDFD1D9B21229DCD18D
:10322000A16811F4A05F04D123F0FF03B3F5E24FCE
:10323000D3D00B219DF8323061F303038DF8323087
:1032400000234FF0010B9E4619461846D4F808C0DB
:10325000DFF8FC9159F804AB1CEA0A0F08D00BFA0E
:1032600000F343EA0E0303F07F0E012341EA0A0153
:1032700001300728EED12BB19DF833306EF34703B0
:103280008DF833303CEA0101A7D16388FF2B65D06C
:103290003BD8802B64D0C02B9FD102233AE002217F
:1032A0009DF8323090E703219DF8323061F303033B
:1032B0008DF832302388B3F5105F8DE705219DF836
:1032C0003230F3E706219DF83230EFE707219DF811
:1032D0003230EBE709219DF83230E7E70D219DF808
:1032E0003230A9E7A36859047FF577AF238803F448
:1032F0004F41B1F5824F7FF470AFDBB2122B7FF4F8
:103300006CAF0E219DF8323096E7B3F5807F7FF4E5
:1033100064AF04239DF8321063F306118DF8321068
:103320001EB91CF0030F7FF41FAF2379022B24D0AA
:1033300018D8012B7FF418AFBDF8321063F3C81111
:10334000ADF83210012A38D01CD90B9B412B29D162
:10335000402301370B93DFF8FC9034E00323D9E7D7
:103360000123D7E7032B02D0FF2B7FF4FDAE022110
:10337000BDF8323061F3C81304E7BDF8323043F4CE
:10338000C073FFE62388B3F5105F7FF426AF0B9B75
:1033900023F00802102A02D0202B7FF4E5AEDFF8DC
:1033A000B89010E0103B102B3FF6DEAE2B4A22FA0D
:1033B00003F3DB077FF5D8AECDE70B9B302B7FF413
:1033C000D3AEDFF89C90202EDDF82CA06ED13946CC
:1033D000002720AC5246204612F054F81C223946F1
:1033E00015A8149712F075F8182239460EA812F095
:1033F00070F84FF410524FF480710F4B0DA80DF17F
:10340000700BADF83420ADF8361010930FF034FA8D
:10341000102259463846FEF71BFF18B30546A5E6AD
:103420000010C00400404004090080030002C003F3
:10343000004440040001800400025005000510050E
:1034400000015005FF0600060000020909060006FB
:1034500008AD04000000002040008151010101007E
:1034600010840450584614A9FFF766FD0028D5D1F2
:103470000BAB089350230AF10F0ACDE906432AF05B
:103480000F03CDE90443042303930CAB02930C23F5
:103490003246CDE900B314A9354B0DA8FFF732F938
:1034A0000028BBD15F460B9B10330B934FF0000AF3
:1034B0000B9C0F342609B24516D11F2C1DD81C2297
:1034C000002114A812F005F84FF0000B4FF0FF3A5E
:1034D000B34519D11F2C7FF649AEBA20FEF7A8FFDD
:1034E00000283FF443AE33E008EB0A000EF006FD7F
:1034F00000283AD00AF1010ADDE7514640460FF0B4
:10350000FFF90028DBD089E709EB0B124FEA0B1318
:103510001992BBF1000F1ED10C9A1A92BDF83220FD
:103520003B44C2F3C11218920DF1500C03F1100E7E
:10353000624618685968083303C273459446F7D148
:1035400014A908EB0B00FEF747FF38B10FF0F0F9B4
:103550006FF092050AE6CDF868A0DFE71C2114A8F9
:103560000EF089FC0BF1010BB2E76FF08A05FDE567
:103570000002500510B590B01C22002101A811F0E6
:10358000A8FFF8200EF0BAFC08B3202200200DEBB3
:103590000201FEF75DFE0446F8B901A84FF4807100
:1035A0000FF06AF90E4B0F4904930F4BCDE901134D
:1035B0000E4BF821069320230DEB0302FFF7B4FD19
:1035C000202104460DEB01000EF055FC05E0F9202A
:1035D0000EF094FC0028D8D10446204610B010BD4F
:1035E0000010C00400240001014B4E80F800FF7F52
:1035F0002DE9FF41884601A9064614461D460A9F4B
:103600000FF063F948B9B6F1F80348F1FF38022B1F
:1036100078F1000804D26FF0860004B0BDE8F081B4
:103620000FF086F90028F8D1002CF4D09DF8041092
:1036300011F00F0240F0CE80BDF80630C3F3C11385
:10364000013BDBB2022B00F2C8806A4801F0300176
:10365000C05C694B102943EA0003636039D1674BB2
:103660002360204602A9FEF727FD0028D5D1029B42
:10367000BB4200F2BB8044F21212218801989142B1
:1036800004BF042205F8012B0B9A214613609DF814
:1036900004302A78C3F3011363F301022A7003AAEA
:1036A00008BF07F1FF370FF0F1F80028B5D12B78EC
:1036B000039A6E7062F384032B70238803F44F42E5
:1036C000B2F5824F40F0818039462846FFF7F4FC7E
:1036D000A3E7134690469DF807104948490899B951
:1036E000204641460FF0C8F89DF8060000F00F0391
:1036F000013B0D2B77D8DFE803F04B122024282C58
:103700003076347638764347CA0705D5062B67D816
:1037100050F8232048EA020849080133DFE742F263
:103720000403384AE260C0F30212013A2380032AFC
:1037300034D8DFE802F0314345474FF41053324AA2
:10374000F0E74FF41053314AECE74FF41053304A8E
:10375000E8E74FF410532F4AE4E74FF410532E4A92
:10376000E0E74FF410532D4ADCE744F21212A3684D
:1037700013F4A05F47F2121308BF1346284AD1E79B
:103780004FF48853274ACDE747F21213264AC9E778
:1037900042F20403254AC5E7802262809DF8042096
:1037A00012F0300F7FF45DAFB3F5105F03D118F066
:1037B000030F3FF456AF6FF096002EE7C022ECE700
:1037C000FF22EAE74FF48072E7E7B3F5885F7FF402
:1037D00024AF79E76FF088001FE76FF091001CE7D6
:1037E0006FF0830019E76FF0920016E76FF0890021
:1037F00013E700BF5C0E0500004B4E8001108001F6
:1038000008AD040000051005000250050001500538
:10381000004440040010C004004040040002C00303
:10382000FF06000609008003000002090001800471
:10383000F8B51C4683880646802B174602D0B3F5A0
:10384000807F6CD140F2012399425DD00AD840F2CA
:103850000113994225D040F20313994211D06FF021
:1038600086000DE0B1F5017FF9D1802C5AD82246AF
:10387000394606F5956011F005FEC6F8284500208A
:10388000F8BD3368294A23F0FF039342E7D1B4F52A
:10389000807F47D82246394606F2A23011F0F2FD69
:1038A00027E0B4F5827F3DD83368204A23F0FF0338
:1038B000934221D1802CD2D8D6F8A45406F568734F
:1038C00035B929461846224611F003FE254603461F
:1038D00000216ABAA6F8A023281D721982F8A21343
:1038E00082F8A34339462246184411F0CBFD043434
:1038F0002C44C6F8A444C2E70D4A9342AFD12246F5
:10390000394606F56870C9E7802C0BD8224639463F
:1039100006F22C5011F0B6FDC6F8AC45AFE76FF0DB
:103920008800ADE76FF08C00AAE700BF0003000835
:1039300000020008F0B58BB0154606460F46182267
:10394000002104A811F0C5FD4FF6F8724FF4A05302
:10395000B2EBC50F4FF6FF7205934FEAC50338BFB0
:1039600013463468ADF80E300B4B3A469C4215BFF7
:103970004FF488534FF41053E4B2084C18BF44F08E
:103980006074ADF80C3000942B4603A906F1940046
:103990000EF02BFD0BB0F0BD000280080002C0034A
:1039A000F7B51D4683881646DA06044640F18A803C
:1039B000132B00F0878040F2022291420CD040F29B
:1039C0000322914200F08B8040F2011291420FD00D
:1039D0006FF0860003B0F0BD102B73D12A4631463C
:1039E000FFF7A8FF0028F5D11123A3800020F1E7FD
:1039F0000022102B019263D100F2A13780213846BA
:103A00000EF039FA2278DAB142F0007202F17E4308
:103A1000D91E02294AD9A3F10801012946D90A3B36
:103A2000032B45D9384B9A4244D001339A4243D0B4
:103A300001339A4242D001339A420CBF48220022FD
:103A400039462046FFF776FF0028C3D104F19407DA
:103A50002A4631463846FEF76BFF0028BAD11223BA
:103A60002278A38004F2A131DAB142F0007202F1AF
:103A70007E43D81E022828D9A3F10800012824D9A2
:103A80000A3B032B23D9204B9A4222D001339A427E
:103A900021D001339A4220D001339A420CBF4822F0
:103AA0000022384601ABFEF765FF93E74022C7E7E7
:103AB0008022C5E79022C3E78822C1E76822BFE7DA
:103AC000112BC3D06FF0880084E74022E9E7802201
:103AD000E7E79022E5E78822E3E76822E1E790F84C
:103AE0002835002BEED1802D0BD82A46314600F226
:103AF000A14011F0C7FC0123C4F8245584F82835EF
:103B000074E76FF08C0065E7100000022DE9F341C7
:103B10000478064664B33F4B44F000749C4260D086
:103B200004F17E43043B012B5DD93B4B9C425CD0AE
:103B300001339C425BD001339C425AD001339C42FA
:103B400059D001339C4250D001339C424FD00333B3
:103B50009C424AD001339C4249D001339C4248D018
:103B600001339C4247D00233E31A5C425C41A4011A
:103B700000232246304606F2A1310193FFF7DAFE18
:103B80000546002842D196F8A03306F19407A3BB5E
:103B900096F8A03338460133D6F8242586F8A033AA
:103BA00006F2A141FEF7C4FE054678BB0122384665
:103BB00006F56871FEF7BCFE054638BB06F22148E3
:103BC00022464146384601ABFEF7D4FE0546E8B929
:103BD0002246414606F1100011F054FC86F8904050
:103BE00014E01024C4E71424C2E71C24C0E72024F6
:103BF000BEE73024BCE74024BAE72246384606F246
:103C00002141FEF795FE05460028C1D0284602B0A6
:103C1000BDE8F08103000002080000022A4A21F4F6
:103C20009F6323F007039342016015D1274BC9B26C
:103C300041F0007199422ED001F17E4104391129E1
:103C40003FD8DFE801F018183E3E2A2224262A2217
:103C50003E3E2A2224263E261D4A21F0FF0393429F
:103C6000E4D01C4A91421AD100232022C0E9022349
:103C70004FF4007306E01423C3EB03238360002397
:103C8000C36010238380002070472023F4E7302393
:103C9000F2E74023F0E71023EEE71C23ECE70E4A9F
:103CA000934208D180234FF0FF3283804FF0FF33DF
:103CB000C0E90223E7E7094A934202D14FF4807337
:103CC000F1E76FF085007047000100080300000273
:103CD00000040008090600080002000800030008AC
:103CE0002DE9F0410668DFF8B88026F0FF0EC645E2
:103CF00004468C4615461F4603D008F54078C64555
:103D000007D13B462A462046BDE8F0416146FFF711
:103D100047BEDFF89080C64510D140F201139942AA
:103D2000EFD1802F30D83A46294600F2A13011F069
:103D3000A9FB1223A3800020BDE8F081DFF868C052
:103D4000664516D18388B3F5007F20D140F2012368
:103D5000412F83801ED11378042B1BD1531C00F5F7
:103D60006874213553F8042BAB4244F8042BF9D185
:103D7000E1E70E4D26F4FF7424F00104AC420CD1AF
:103D8000BDE8F041FFF754BD6FF08C00D4E76FF051
:103D90008800D1E76FF08600CEE76FF08500CBE7B3
:103DA00000010008000500080906000800020008DC
:103DB0002DE9F04700241D46604F0388B4B08846C3
:103DC0009146DDE93F6203F44F41174022F0004283
:103DD000B1F5824F22F47F0218BF2346B2F1106F73
:103DE0004188574A346047F010670AD197420AD198
:103DF000028822F0FF02B2F5E24F0CD06FF086008D
:103E000006E0974202D04F4B9F42F7D16FF08500FA
:103E100034B0BDE8F087DFB2384602AAFEF756F8A4
:103E2000824600286FD1029B5C684C45E6D138463B
:103E3000FEF796F80028E9D012AB1022CDE90B343A
:103E4000514623AB0EA80D93CDE90348029F0A9477
:103E500011F03FFB3C9A630001339A42CED12B789C
:103E6000042BCBD13E9B9C424AD86B1CCDE90E4320
:103E7000631C1D4438460EA9CDE91045FEF77EF8B7
:103E80000028C5D14FF00A082F4B1B6801930199F8
:103E900005A800F0A5FEDDE905542CBB22463946F5
:103EA000284607AB0FF02DFC0446E8B928460FF072
:103EB000D0FB04460246079903A80FF0FDFADDE99E
:103EC000081223460EA80FF020FB28460FF082FCB4
:103ED00028460FF06CFB0446062C284615D100F04E
:103EE000A9FEB8F10108D2D1DDE90A100DF0C3FF37
:103EF000DDE90C100DF0BFFF20460DF0C0FE87E796
:103F00006FF0890084E7204682E70FF0DEFB07466A
:103F100028460FF09EFB0AAB0246D7E900010FF0DE
:103F2000E4FA284600F086FE002CDDD10A9A3D997D
:103F30000AA80FF0C1FA0A9B3360D5E70000FFF62C
:103F40000000020900000109E0AE04002DE9F04381
:103F500005680E461746514925F49F6222F0070274
:103F60008A42044685B025F0FF0318D18288112AC1
:103F70001BD990F82825C2B113228280484A934267
:103F800037D11323EDB2A380464B45F000759D4217
:103F90000ED11022BA4214D96FF0890026E0404AAF
:103FA000934215D18388112BEBD86FF088001DE068
:103FB00005F17E45043D112D02D83B4B5A5DE9E7E2
:103FC0000022304604F2A13111F05CFA00200DE02D
:103FD000364A954225D06FF481610A44934232D02B
:103FE00002F58072934233D06FF0850005B0BDE8D2
:103FF000F0832F4A934226D002F58072934227D055
:10400000DFF8B090D4E90232BB4272F1000142D332
:10401000DB1B62F10002C4E9023204F11008F7B9B7
:10402000D4E7202203AB019300F5687133462248A0
:1040300000920DF0A1FD0028D8D1039B202B18BFC2
:104040006FF09200D2E78123DFF87090A380D9E768
:1040500040F20113F8E72046C8470028C6D194F87B
:104060009050002DF7D0BD4228BF3D4630462A462D
:10407000414611F007FA94F890202E44521BD2B218
:104080007F1B84F89020002AC9D0404608EB050128
:1040900011F005FAC3E76FF08E00A7E700010008F2
:1040A00000040008030000025F0E05000906000876
:1040B000000200080D3B030009000002A5290400CE
:1040C00010B50368074A23F0FF039342044602D168
:1040D00094300EF08EF920464FF4C7610DF0CBFE00
:1040E000002010BD000100082DE9F0410446904673
:1040F0001F460D4619B10A688B681AB953B96FF09B
:1041000021064BE033B94B6823F00802102A01D096
:10411000202B46D101232046A376E5610EF0F7FC63
:10412000064600283AD121461F4B41F8843BA86837
:10413000112382068001C0B202F0E042024342F441
:10414000804204F1200000F0A9FAAB687BB9636AF1
:104150002A681A606B68626A43F0005393602268B1
:10416000636A92685268DA60636A10336362636AF2
:104170000E4AC3F80080636A9A602268636A926894
:104180009268DA60636A2776103363620023C4E9B9
:104190000233636123612368DB6863603046BDE8F6
:1041A000F0816FF04106F9E74CAD04000C000020EF
:1041B000F8B504461F460E4619B18B68096819B94F
:1041C00053B96FF0210550E033B9736823F008014B
:1041D000102901D0202B4AD1FB074BD43B1F0C2BBD
:1041E00048D8D31F062B48D8C2F10F02D2B2082AF2
:1041F00003D0069BD200D34042D101232046A376B0
:10420000E6610EF084FC054600282ED121461E4BA7
:10421000079841F8843BB3689A0602F0E0429B019C
:104220000243DBB21A4342F40052112304F120008E
:1042300000F034FAB3687BB9636A32681A60736855
:10424000626A43F0005393602268636A926852681E
:10425000DA60636A103363620023C4E90233636186
:10426000236123682776DB6863602846F8BD6FF01A
:104270004105FAE76FF04205F7E76FF04305F4E711
:104280006FF03F05F1E700BF24AD040070B590F872
:10429000203004460D46002B5CD003685A68052A7E
:1042A0000DD1016B9A69114209D0C2683AB982688E
:1042B0002AB90EF01EFC00284FD0012070BD5A6AAA
:1042C000D4E904100E18964207D220460EF011FCD5
:1042D0000028F2D16FF00200F0E71B6904F1F4024C
:1042E000984770B1E36A626AC4331360636A1C4A18
:1042F0009A602268636A92685269DA60636A10336E
:10430000636220460EF0E1FBA26A237E1560A26A7A
:10431000217E0F339160A26A23F00F0302F1100196
:10432000A162217E99420AD000211161217EA26AF8
:104330005B1A43F080439360A36A1033A3620025A5
:1043400004F12000B621656004F184020EF052FDF4
:104350002846B3E76FF02000B0E76FF05300ADE7F9
:104360001000002070B590F8203004460D46002B58
:1043700000F0838003685A68052A0DD1016B9A69A1
:10438000114209D0C2683AB982682AB90EF0B1FB6D
:10439000002875D0012070BD5A6AD4E904100E18A7
:1043A000964207D220460EF0A4FB0028F2D16FF00F
:1043B0000200F0E71B6904F1F4029847636A0028E1
:1043C00037D0E26AC4321A60636A2F4A9A60226860
:1043D000636A92685269DA60636A65601033636287
:1043E00020460EF072FBD4E90A12C432237E0A6022
:1043F000A26A217E0F339160A26A23F00F0302F1BB
:104400001001A162217E99420AD000211161217E12
:10441000A26A5B1A43F080439360A36A1033A362DD
:1044200004F12000B62104F184020EF0E3FC002028
:10443000B1E722689268926902F0C002C02A02BF06
:1044400053F8042C42F0200243F8042C626A237EC5
:1044500015600F33626A23F00F0343F0005191603F
:104460002268207E9268616A92691B1A42EA0323DD
:10447000CB60636A10336362B2E76FF020008AE7B3
:104480006FF0530087E700BF100000202DE9F341D3
:104490001D464FF48073284C8046002017460E4678
:1044A000019300F0B9FA01AB23601123234A0121E3
:1044B000C4E9022304F11003636040F61103E361D1
:1044C00004F1200363612123089AE3621C4B46F048
:1044D00000561A60099A45F0005542F00052C3E9AF
:1044E00001122022C4F81080A6612762A5626162D1
:1044F000DA60BFF35F8F4FF0A3421460BFF35F8FAA
:10450000BFF35F8F1361BFF35F8FBFF35F8F032331
:104510005363BFF35F8FBFF35F8F9363BFF35F8F0F
:104520000EF0DCFC431C0446FAD0002000F09EFA9A
:10453000204602B0BDE8F081FC58002004000020B5
:10454000EC5800202DE9F04198464B680446202B9A
:104550000E46174648D10025C16185760EF0D7FA80
:104560002146234B424641F8843B04F120001423AA
:1045700000F094F83268636A28461A60636A1D4A3C
:104580009A602268636A92685268DA60626A02F12D
:10459000100363624FF08073C4F80431E36AD433CC
:1045A0001361636A144A9A602268636A9268926827
:1045B000DA60636A03F1100262621F61636A0F4A84
:1045C0009A602268636A9268D268DA60636A10331C
:1045D0006362069B23762368DB68C4E90355C4E95C
:1045E00001356561BDE8F0816FF04100FAE700BF79
:1045F00090AD040020000020040000200C000020EA
:1046000070B504460D4619B10A688B681AB953B9DA
:104610006FF021063BE033B94B6823F00802102A03
:1046200001D0202B35D1204625610EF0B1FD064684
:1046300000282CD1184B04F178012360012363601A
:10464000AB6804F114009A069B01DBB202F0E04271
:104650001A4342F48032112300F020F8AB6893B97A
:104660002A68A3691A606B68A26943F000539360DB
:104670002268A36992699268DA60A3691033A36122
:1046800063680133636000221023C4E902233046CB
:1046900070BD6FF04106FAE7D4AD0400026100F18D
:1046A0001402826000F110024160C2600A60426838
:1046B000034991604268D360436810334360704798
:1046C00004000020C36870B57BB9C36900F12802FB
:1046D0001A60C369454A9A604368C269DB6843F45B
:1046E0008063D360C3691033C361836A9B052FD491
:1046F0000368C268DD6800F1EC04302D34BF082681
:1047000010261D6901366B1E1340EB1AB34238BFE9
:104710005B191C44D50004F8015C03F1EB04520959
:10472000044400F1ED05A5425CD1802280F8EC2024
:10473000426AC469C4322260C26993604468C26933
:10474000E468D460C2691032C26102691A4402612D
:104750000269C469D31C23F003039B1A54F8042C88
:1047600042EA032244F8042CC26952F8084C23445C
:1047700043F0005342F8083C026A0368DB681160AA
:104780000168026AC96803339160026A23F0030377
:1047900002F1100101620168C96899420BD0002141
:1047A00011610168026AC9685B1A43F08043936033
:1047B000036A10330362836A13F4806311D10268C1
:1047C0005169D26891420CD0026A13600268016A92
:1047D0005369D2689B1A43F080438B60036A10339D
:1047E000036270BD04F8012D120A9CE7040000204A
:1047F000B1F5DE7F70B505461BD303681C6814F065
:10480000400419D100F11806304600F005F9294698
:104810000B4B30466B6051F87C2B13231268FFF76B
:104820003DFF084B20466B610123C5E90344AB60A3
:1048300070BD6FF02200FBE76FF00200F8E700BFE9
:10484000A0AE0400C5460300BFF35F8F094A13689A
:10485000BFF35F8F43F48071BFF35F8F1160BFF3CD
:104860005F8F23F48073BFF35F8F1360BFF35F8F9D
:10487000704700BF0010805108B5FFF7E5FFBFF398
:104880005F8F064A1368BFF35F8F43F00103BFF3E6
:104890005F8F1360BFF35F8F08BD00BF00108051B2
:1048A00070B50026C0E9006605460C46FDF748FADB
:1048B00001232B70FFF7C8FFBFF35F8F204BDB682E
:1048C000BFF35F8F9B08013BACB3226842B19A42B1
:1048D00005D9FDF755FA6FF03F002E7070BD1346F5
:1048E000D4E90115E068002908BF4FF400710028E1
:1048F00008BFF1202469BFF35F8F114A9360BFF3B3
:104900005F8FBFF35F8F1564BFF35F8FBFF35F8F60
:104910005064BFF35F8FBFF35F8F5163BFF35F8F4F
:1049200044F4802444F00104BFF35F8F1460BFF3AC
:104930005F8F0020D2E74FF40071F1202546DAE7BF
:104940000010805170B503780D461446002B53D0EB
:10495000BFF35F8F2D4A136BBFF35F8F5908C3F30B
:104960004203052B4BD011F0060F02D14FF0FF3060
:1049700070BD4368D3B9BFF35F8F5368BFF35F8FD8
:10498000032BF3D9224B2349BFF35F8FD2F880600A
:10499000BFF35F8FBFF35F8F43F8046BBFF35F8F8D
:1049A0008B42F1D1FFF768FF01234360BFF35F8FB4
:1049B000164B9A68BFF35F8F0132B4EB021F21D808
:1049C000BFF35F8F5A68BFF35F8FB4EB820FCDD810
:1049D00084B1BFF35F8FD3F88020BFF35F8F291DB1
:1049E00005F8012B8D424FEA122204F1FF34EFD07B
:1049F000002CF5D10020BBE76FF02000B8E76FF086
:104A00005100B5E76FF03F00B2E700BF00108051E2
:104A1000101080512010805110B50446FDF790F918
:104A2000104B186810F011FD0CB101232370BFF377
:104A30005F8F4FF0A3430022DA61BFF35F8FBFF3B4
:104A40005F8F4FF0FF321A63BFF35F8FBFF35F8F4B
:104A50003422DA61BFF35F8F0122034BC3F80423D2
:104A600010BD00BFD00E00200080045010B50446D9
:104A700038B9FDF785F9BDE81040074B186810F00C
:104A8000EABC03783BB1FDF77BF9034B186810F0E3
:104A9000E2FC0023237010BDD00E002038B5164C68
:104AA000D4F80051C5B1BFF35F8F4FF0A343996AAB
:104AB000BFF35F8FBFF35F8F4FF0FF321A63BFF317
:104AC0005F8F0023C4F80031D4F800310B4B186815
:104AD000BDE8384010F0D2BCD4F8083153B100F032
:104AE000A5F80EF05CFDC4F80851D4F80831012196
:104AF000034BECE738BD00BF00800450D80E002007
:104B0000D40E002008B5074B186810F0A6FC064B21
:104B1000186810F0A2FCBDE80840002248201146A9
:104B2000E0F748B8D80E0020D40E002038B5094B65
:104B30001C7864B1084B4FF0FF311D68284610F017
:104B40008EFC4FF0FF310446284610F095FC2046BD
:104B500038BD00BF27810020D80E002038B5074B94
:104B60004FF0FF311D68284610F079FC04464FF0E5
:104B7000FF31284610F080FC204638BDD40E0020BE
:104B800010B5064C236D3BB9214651F8503B98694E
:104B90000EF02DFE01232365014810BD2C59002085
:104BA0007C59002038B500240B4D0C4BEC662B6073
:104BB00003F5C0436B60FFF7E3FF50B16B6D204618
:104BC000B3F5007FCCBF4FF480634FF40073AB604C
:104BD00038BD0E20FCE700BF2C590020002080517A
:104BE00070B50E460E4B0F4C0546186810F02DFCA4
:104BF000C4E90464FDF7A4F804220B4BC3F80423B2
:104C000020460EF0BDFC38B920460EF0BEFC18B9A7
:104C1000C5E90040284670BDFFF7A0FFF0E700BFE0
:104C2000DC0E00202C590020008004500048704702
:104C30002C5900200422084B10B5C3F80823044661
:104C4000FDF79EF800232361A364044BBDE81040E8
:104C5000186810F000BC00BF00800450DC0E00207B
:104C6000244B0340B3F5806F2FD017DC402B2ED0A0
:104C700008DC102B2DD0202B2DD0181E18BF0120A2
:104C800040007047B3F5807F27D0B3F5007F26D072
:104C9000802B08BF0B2018BF02207047B3F5804F50
:104CA0001FD00ADCB3F5805F1DD0B3F5005F1CD0C8
:104CB000B3F5006F08BF0620EDE7B3F5004F16D03F
:104CC000B3F5803F08BF0320E5E7112070470A20B5
:104CD00070470C2070470920704708207047072054
:104CE00070471420704705207047042070470F203C
:104CF000704700BFF0FF01002DE9F0431E4B87B065
:104D000081460F4601A819681646D2F80480FFF7BD
:104D100067FFDDE901545CBB22463146284603AB00
:104D20000EF0EFFC044618BB4246494603980EF0CD
:104D300019FCDDE90423314628460EF0B4FC284670
:104D40000EF048FD28460EF032FC044680B9284695
:104D50000EF0BBFC424601680646384610F092FB56
:104D600042467168B81810F08DFB2846FFF762FFC5
:104D7000204607B0BDE8F083E0AE040070B50F4EEA
:104D80000F4C0546306810F060FB206830B9802277
:104D90000C49FDF75DFA70B9202323602368094AA6
:104DA000013B2360002452F823202A60306810F071
:104DB00052FB204670BD0224F8E700BFE00E002041
:104DC0009C590020A059002070B586B0CDE904326E
:104DD00005460E461046002110221C4610F079FBB5
:104DE00004AB0393064BFF22029300233146CDE927
:104DF00000332846E3B20EF07CFE06B070BD00BF63
:104E0000213904002DE9F84F4FF0000A0746894682
:104E10001646984655465446DDF828B05C4516D2ED
:104E2000002318F8040020280CD0ABEB0402012A60
:104E300041D00D283FD108EB040252780A2A6ED1E6
:104E40000134EBE70134A3454FF00103E9D1A5EBB1
:104E50000A0303F00303012B30D0AA072ED1AD08BB
:104E600005EB4505A5EB0A053560B5BB002508EB4C
:104E7000040929463C46DFF8BCA0C14508D018F813
:104E8000010BA0F10A03DBB2162B2CD93D282ED141
:104E9000032D3DD12346C1F38F2203F8022BC1F32A
:104EA000970161701C463368E41BA34214BF6FF086
:104EB0006D00002004E00A28C2D01BB16FF02B0067
:104EC000BDE8F88F0106F9D43D282AD10AF1010A7C
:104ED000BAF1020FF2D80135B2E70FB14D45C5D98D
:104EE0006FF02900ECE74AFA03F3DB07C5D54FEA78
:104EF000811B0EF06CFF0135042D40EA0B01BCD183
:104F00000B0C23700B0A6370A17000250334B4E707
:104F1000022D04BFC1F30F1104F8011BC3E7002BDE
:104F2000CCD1BAF1000FC9D10EF051FF0028D2DA6E
:104F3000C4E700BFF6FFBFFF2DE9F04F834699B0ED
:104F40000F4618460021164603930FF0D4F90028A7
:104F500000F0898100240125774B30461493039992
:104F600015ABCDE90B45CDE90D45CDE90F45CDE9B3
:104F7000114513930FF048F9A04228DABBF1000F56
:104F800005D1E7B90024204619B0BDE8F08F2146CD
:104F900058460FF0C1F804460028F2D00BA80EF0D6
:104FA000DFFF0DA80EF0DCFF0FA80EF0D9FF11A84F
:104FB0000EF0D6FF0C2115A8FBF724F9E3E73146E4
:104FC00038460FF074F804460028E7D1DAE7314696
:104FD0000BA80FF06CF804460028DFD103990DA848
:104FE0000FF065F804460028D8D1F1880FA80231E7
:104FF000ADF83850ADF830500EF0C0FF0446002830
:10500000CCD101460FA80FF087F804460028C5D17F
:10501000F18811A802310EF0B1FF04460028BDD17D
:105020000DA80FF0A5F800F01F001F2873D0C0F1E5
:105030001F0319460BA801930FF0C0F8044600287F
:10504000ACD101990DA80FF0B9F804460028A5D1FC
:10505000BDF83250BDF83A800DA8A5EB080A4FEA1A
:105060004A1949460FF0AAF80446002896D14FEA9B
:105070008A0A0DA90BA80FF0F6F800284DDA494668
:105080000DA80FF0B8F80446002887D108F1FF33C7
:1050900005939B0005F1FF3A069305F1804508F161
:1050A0008043023B013D9B00A5EB08050893AB0044
:1050B0000293059B9A4541D8BBF1000F0DD058468D
:1050C0000FA90EF0F4FF002840F0C980039AB388BE
:1050D000928813FB02F3ABF80430002F3FF45EAF6D
:1050E00001990BA80FF087F8002840F0B880B3882A
:1050F0000BA93846ADF830300EF0D9FF0146002834
:1051000040F0AF8038460FF0F6F800287FF446AF45
:105110000123BB8042E701949AE70F9A0BA952F84A
:105120000A300846013342F80A300DAA0FF0C8F9D8
:10513000044600289DD031E7010003000D9B069A2C
:1051400004931344DDF82C900793049B4FEA8A08DC
:105150009A5859F82A10A8F104030F9D0993029B4D
:1051600091421D4476D2A8F10400002359F80000B2
:10517000D6F72EF8002914BF4FF0FF330346BAF1DB
:10518000010F2B600EBF002309EB080353F8083C06
:105190001593A8F1040359F80330169359F8083011
:1051A000DDF8108017932B6801332B60089B98441F
:1051B0002B680021013B2B6011A80EF0ADFF0028E9
:1051C0004DD1059B002B48D0D8F80020119B11A988
:1051D0001A60079A084612685A602A680FF010FA97
:1051E00000283CD113A911A80FF03DF80028DFDCFE
:1051F0002A680DA911A80FF003FA80BB029B11A821
:105200004FEAC30841460EF0D9FF40BB0BA9084640
:1052100011AA0FF055F9014618BB0BA80FF06BF857
:10522000002812DA0DA911A80EF041FFB8B94146C5
:1052300011A80EF0C3FF90B90BA9084611AA0FF0F0
:105240003CF960B92B68013B2B60029B0AF1FF3AE5
:10525000043B2DE74FF0FF3391E7059AB6E704468C
:105260009CE60C469AE66FF00B048CE68B4228BF56
:105270000B462DE9F04104460020069DC91ADE08C0
:1052800003F00703013E05D2013B44D201394BD262
:10529000BDE8F08152F8087B54F808CB52F804ECD2
:1052A00054F8048CE5FB67C0E5FB6E8044F808CC3D
:1052B00044F8048C52F8087B54F808CB52F804ECFC
:1052C00054F8048CE5FB67C0E5FB6E8044F808CC1D
:1052D00044F8048C52F8087B54F808CB52F804ECDC
:1052E00054F8048CE5FB67C0E5FB6E8044F808CCFD
:1052F00044F8048C52F8087B54F808CB52F804ECBC
:1053000054F8048CE5FB67C0E5FB6E8044F808CCDC
:1053100044F8048CB6E700BF52F8046B2768E5FB3D
:10532000667044F8047BAFE723681B182CBF01208C
:10533000002044F8043BA9E770B50E46054610B1BD
:10534000094C206810B96FF02D0070BD6B68626861
:105350009A4203D1A96810F0C4F808B10C34F0E700
:10536000A3683360F1E700BF94AF0400F8B50F46BF
:105370001646054610B10A4C206810B96FF02D0092
:10538000F8BD6B6862689A4203D1A96810F0A9F869
:1053900008B10C34F0E7237A3B70637A3370EFE79F
:1053A0004CAF040070B50E46054610B1094C20689C
:1053B00010B96FF02D0070BD6B6862689A4203D11E
:1053C000A96810F08EF808B10C34F0E7237A337036
:1053D000F1E700BF1CAF040070B50E46054610B1E2
:1053E000094C206810B96FF02D0070BD6B686268C1
:1053F0009A4203D1A96810F074F808B10C34F0E7B0
:10540000237A3370F1E700BFF8AE040008B5054B0E
:10541000044613B10021AFF3008000F053FC204696
:10542000DFF79EFE00000000F8B54D4A0C46002351
:105430004C4DD0E90001D5F77BFE002A4FF46161A5
:1054400000F52F20B7BF02F5A83200F66C2000F659
:105450006B2002F5C072B2FBF1F301FB13223C2179
:10546000A360B2FBF1F301FB13226360C31C226053
:10547000072293FBF2F2C2EBC2029B1A52D507330A
:10548000A361A0F50E33A3F52C7393FBF5F5364B12
:1054900048F6AC6140F2B45740F26D1603FB0500CC
:1054A0004FF0050CB0FBF1F1B0FBF7F30144C91A62
:1054B0002E4BB0FBF3F3C91A48F69463B1FBF3F338
:1054C000B1FBF6F2B1FBF7F103445B1A992106FB3D
:1054D000123303EB83005E1C0230B0FBF1F779431B
:1054E0000231B1FBFCF1761A40F2F95188424FF4D7
:1054F000C8708CBF6FF00901022100FB05253944FB
:10550000012998BF0135B3F5997F11D3A3F599739C
:10551000A5F26C75E36100232046E6602362C4E9CE
:105520000415F8BD0028A361ABDB90FBF5F5AEE7F1
:10553000970710D14FF0640C92FBFCF70CFB172778
:105540005FB992FBF0F700FB1722B2FA82F2520920
:105550003B331344DCE70022FAE70122F8E700BFFF
:1055600080510100B13A02004FC5FDFFB03A020080
:10557000F8B50E4B06461D68AB789B0712D56F68D1
:1055800016F8014B29462CB90A20B847002805DB3C
:10559000204609E02046B8470028F1DAAB7843F00E
:1055A0000403AB704FF0FF30F8BD00BF2C75040052
:1055B0000CB430B589B005460C461C22002101A868
:1055C0000FF087FF022305958DF806300D4B0293EF
:1055D00023462CB1B4F1004F28BF4FF00043013BEC
:1055E0001D440DAA0C9901A80695009200F010F92F
:1055F00014B1059B00221A7009B0BDE8304002B01A
:10560000704700BFA75604000EB470B589B00446B9
:105610001C2200210DAD01A855F8046B0FF059FFB5
:10562000022301A82A4631468DF80630094B05941D
:10563000029304F100430095013B069300F0E8F863
:105640000028A4BF0023235409B0BDE8704003B074
:10565000704700BFA7560400242A2DE9F0410446F4
:1056600001D8012A4CD1364B162210F025F81A50D9
:1056700001B10C6000273846BDE8F08135462E4662
:1056800016F8010B2028F9D0A0F109070346042FD2
:10569000F4D92B2836D02D2837D14FF0010CAE1C71
:1056A0006B78302B38D1307840F0200078282FD11B
:1056B00032F010002CD173783446102202360CF1EF
:1056C000004000270138B0FBF2FE02FB1E08392B18
:1056D00082BF03F1FF3343F02003263B303B9A4265
:1056E0001ED9774502DC03D1984501D24CF0020C5B
:1056F000354607FB0237344615F8013B2E46E6E7F0
:105700000546BCE74FF0000CC9E74FF0000CC8E7B6
:10571000002A08BF0822D2E7002A08BF0A22CEE7E3
:1057200001B10C601CF0010F18BF7F421CF0020F8A
:10573000A1D0034B222207460FF0BEFF1A509AE772
:105740000C000000242AF0B5044601D8012A40D1FB
:105750002E4B16220FF0B0FF1A5001B10C60002042
:10576000F0BD2F463D4615F8010B2028F9D0A0F1D9
:1057700009060346042EF4D92B282CD02D282CD131
:105780000126BD1C7B78302B2DD1287840F02000DD
:10579000782824D132F0100021D16B782C461022C9
:1057A00002350020392B82BF03F1FF3343F0200381
:1057B000263B303B9A421AD9A0FB02040CB9C01810
:1057C00001D346F002062F462C4617F8013B3D4612
:1057D000E8E70746C6E70026D3E70026D3E7002A16
:1057E00008BF0822DDE7002A08BF0A22D9E701B175
:1057F0000C60F20748BF4042B307B1D5034B2222E9
:105800000FF05AFF1A504FF0FF30A9E70C000000CC
:105810002DE9F04F43688DB015468046029383789A
:105820009A0740F10D8100240E78002E00F00A81C5
:10583000252E0BD04B1C0393013441463046029B6E
:1058400098470028C0F2F6800399EDE74E788B1C4C
:10585000252E0393F0D00027B946BB46BBF11F0F9E
:1058600038D8A6F12003102B0AD8DFE803F02A0964
:1058700009300909092109090928092D09091F0009
:10588000A6F13003092B33D92A2E37D11BF0400F54
:1058900055F8043B40F08280002BA7BF4BF0200B53
:1058A0009946C3F100094BF0280B01E04BF0010BC6
:1058B000039B13F8016B0393002ECFD130E04BF024
:1058C000020B4BF0040BF3E74BF0080BF0E74BF047
:1058D000100BEDE7BBF17F0F19D8A6F13003092BB0
:1058E000D2D81BF0400F03D00A2101FB0737DFE7B6
:1058F0000A214BF0200B01FB0939D9E72E2E06D1E6
:105900001BF0400F40F09E804BF0400BD0E76C2E18
:1059100031D02BD8682E36D06A2E3CD04C2E3AD0BF
:10592000002F46F02003B8BF2BF04002A3F1650121
:10593000BCBF00271FFA82FB022901D9612B2FD19E
:1059400007350727DFF8ACA225F0070508351BF05F
:10595000080F66D00AEB070B56465E4563D1A4EBF1
:105960000A0AA9EB070906EB0A026FE1742E9FD021
:105970007A2E9DD0D4E71BF0800F18BF4BF4007B2C
:105980004BF0800B94E71BF4807F18BF4BF4007B37
:105990004BF4807B8CE74BF4207B89E71F4687E73D
:1059A000A6F16301122900F2F080DFE811F0130084
:1059B0004F00EE00EE00EE00EE004F00EE00EE00B5
:1059C000EE00EE00EE00FE00E900EE00EE001B002F
:1059D000EE00AF0055F8043B01270DF1180A8DF8D1
:1059E0001830B4E755F804AB834BBAF1000F08BF89
:1059F0009A461BF0400F504614BF39464FF0FF3116
:105A000008F021FB0746A2E741462020029B984769
:105A100000280FDB013EB742F6D34C44B146A41B2D
:105A200098E74E46F7E7414616F8010B029B984768
:105A3000002892DA98F8023043F0040388F8023024
:105A40004FF0FF3420460DB0BDE8F08F1BF0800F03
:105A500034D01BF4007F2CD0073525F00705AA466B
:105A600069685AF8080B2BF010050029ADB237DA37
:105A7000404245F4806561EB41010DF1180B0A23AA
:105A80005A460FF0BAFDA0EB0B0301936B0662D5EB
:105A9000019B25F001019F4289B240F3A180002EB5
:105AA00000F0998015F0100240F09C80BB460D4636
:105AB00023E0AA465AF8040BC117D4E7AA461BF400
:105AC000807F5AF8041B01D10846F5E71BF4007FDC
:105AD00019BF48B241F3C01108B241F3C031C2E767
:105AE00050EA0103C9D11BF0400FC6D0002FC4D12A
:105AF0002BF01102BB46019795B240F2064115EA20
:105B000001021CBF0BF1010B00222CE02BF0100254
:105B10000A231FFA82FB1BF0800C49D01BF4007192
:105B200015BF0735AA4625F007055AF8040B1EBF16
:105B3000AA4669685AF8080B50EA010545D12BF0CE
:105B400016051BF0400FADB242D0002F40D12BF014
:105B50001702019795B215F0100248D0019B002E54
:105B600042D103F1010B29075AD4EB0706D5D945D9
:105B70006FDDA9EB0B030199CB465F185B4649E04B
:105B80004BF0100B10237826C5E7782B04D1C6F113
:105B9000780343F01003BEE741462520029B984757
:105BA0000028FFF647AF023447E608230026B2E795
:105BB000AA461BF480715AF8040BBDD01BF4007187
:105BC0001ABFC0B2614680B2B6E72BF0060295B2AA
:105BD0000DF1180B54E725F01105BB46ADB28CE76B
:105BE0000D46B8E73B460D4603F1020BBBE7DDF877
:105BF00004B082E7B0120500A9120500CDE9043215
:105C000041462020029B98470028FFF613AF049BD3
:105C1000059A01339945F1DCA4EB0B019B46CC18A6
:105C20000AB341463020029B98470028FFF602AF96
:105C30008EB901342744391B019B994224DC1D464F
:105C400055BB019AA9EB0B095546224414469144D1
:105C500033E0019F92E7023441463046029B984769
:105C60000028E7DAE6E640F206410D42E2D015F000
:105C7000020F04F10104414614BF2B20202015F42B
:105C8000806F18BF2D20E9E741463020029B013488
:105C900098470028CFDACDE606AB013D4146585D76
:105CA000029B98470028CBDAC4E641462020029B9D
:105CB000013498470028FFF6BDAEA9EB0403002B82
:105CC000F3DCC1E538B5074D074C641BA41024B9BB
:105CD000064B0BB1AFF3008038BD013C55F82430C2
:105CE0009847F4E7000000000000000000000000FA
:105CF000704703460A46F0B41979DB8800681343FD
:105D0000DC028768066906D513F4402F03D0DA0752
:105D100048BF83F44023012534688D4023F480126A
:105D2000DB074CBF2C43AC4334603B68F0BC1847E6
:105D3000DAF710B800F0B7BF00B5C3B06946DFF7B7
:105D4000C1FF002803DB9DF800301BB9419843B028
:105D50005DF804FB6FF01400F9E770B50D460446DA
:105D60000026AE4200D170BDD4E90101D8F708FE8B
:105D700010B1206806F0ACFA01361434F1E70120C6
:105D8000D9F7D4BF00EBC100408840087047F8B590
:105D90000346FFF7F7FFB0FA80F0C0F11F0003EBF6
:105DA000800CDCF81060CA00171D0C4606328DB25C
:105DB00056B9012101FA00F0D9680143D960CCF845
:105DC0001040DD539D52F8BDF1000431585AD853AC
:105DD00003EBC0009E52C5805D52F4E710B500EBA6
:105DE000C104E388994202F104010AD1012303FAB4
:105DF00002F2C36823EA0203C360002340F82130A3
:105E000010BDA28840F8213000EBC20100EBC300B6
:105E1000CB808280F4E708B50346FFF7B3FFB0FA02
:105E200080F21846BDE80840C2F11F02FFF7D6BF56
:105E30002DE9F843B1FA81F5C5F11F0900EB890896
:105E4000D8F8102003460E46C2B10327D8F81040F8
:105E500018462146FFF796FFB04206D34A46184639
:105E6000FFF7BCFF2046BDE8F88303EBC404E088DD
:105E7000013FC8F8100001D08242E7D14FF0FF3453
:105E8000C5F120029440DA681440EBD094FAA4F2F1
:105E9000B2FA82F2111D53F821402146DFE738B5EE
:105EA0000346FFF76FFF0D46044611461846FFF7FD
:105EB00069FF0444600003EBC50568801846FFF7DE
:105EC00061FF014423F8314038BD38B50C46034624
:105ED000FFF758FFA51A511A054403EBC404480004
:105EE000608003EBC2006C00448023F83210184637
:105EF0001146FFF747FF014423F8315038BD38B54C
:105F00000546FFF73FFF0C46014405EBC1035B88E4
:105F1000DA070AD42846FFF77EFF21462846FFF716
:105F200031FF22182846FFF7BAFF35F83410611AFE
:105F300005EBC1035B88DB070CD42846FFF76BFF3A
:105F400035F834102246611A2846FFF7A8FF35F8C5
:105F50003430E41A21462846BDE83840FFF717BF21
:105F600061B100680439091A21F0070303445A8813
:105F7000C90822F001025A80FFF7C1BF704770B50F
:105F8000056809B9002070BD01F007030B33CC0888
:105F900004EBD304AB6828469C4228BF1C4621462C
:105FA000FFF746FF06460028ECD001462846FFF7DB
:105FB000E9FEA04207D928463219FFF786FF1146AD
:105FC0002846FFF7E4FE05EBC6021046538804306E
:105FD00043F001035380D6E71146FFF7D0BF2DE908
:105FE000F84301F1FF3919EA01090F461446066822
:105FF0000CD04B420B40042B1A464F4628BF0422BC
:10600000994664B900252846BDE8F883042904D8D8
:10601000BDE8F8431146FFF7B2BF0422F1E7BA1A10
:1060200004F0070302F007010B330B44E10801EB16
:10603000D20101EBD301B3683046994228BF19461B
:10604000FFF7F6FE80460028DCD009F1040505EBD9
:10605000C0057B1E35441D44B5FBF7F57D43A5EB1C
:1060600009052C442B1F07349B1B24F00704A41B99
:10607000B0EBD30F4FEAD3074FEAE40408D201464E
:106080003A463046FFF721FF41463046FFF77FFE94
:1060900039463046FFF776FE3844844207D2304610
:1060A0002246FFF712FF21463046FFF770FE06EB4F
:1060B000C706738843F001037380A4E7043A2DE90F
:1060C000F041CC1D114424F0070421F007010E1B00
:1060D000F708B7FA87F24FF00008C2F12405AD00C7
:1060E0000735C2F12002ED0804604146A760C4F8FC
:1060F0000C80920004F110000FF0EBF96B0043F0FC
:10610000010363807B1B04EBC5025900A4F80080E7
:106110005180A21924F83550A2F80280A35304EB51
:10612000C7035A88294642F001025A802046BDE83A
:10613000F041FFF72CBE2DE9F04706460D46174605
:1061400098462BB34FF0000A98F8004093F801905E
:10615000DB78A40004EB430498F802301C44444468
:10616000CA4509D339463046AC46D8F8042008F170
:106170000803BDE8F047604714F8013B0AF1010A43
:10618000204648F82340D8F70DFC01300444E7E7E7
:106190006FF01500BDE8F08770B50025024628466F
:1061A000144614F8013B0BB9184609E098B18D422A
:1061B00007D1702B04D0A3F140023A2A0BD800205B
:1061C00070BDA3F140063A2E05D853780135941CD2
:1061D000002BE9D00020252B224608BF80F00100CB
:1061E000DEE7F0B4D1E90054D0E90032002A16DA33
:1061F000002C08DA4FF000465F4266EB0206BD4213
:1062000074EB06061ADB5B1942EB0402C0E90032AC
:1062100083688A6813448360F0BCDAF7D7B953EA1D
:106220000206F0D0012D74F10006ECDBDE43AE4235
:106230006FF00046A6EB0206A641E3E70020F0BCA3
:1062400070470020704700F08FBC0FB407B504A959
:1062500051F8040B019100F087FC03B05DF804EBEA
:1062600004B070470FB407B504A951F8040B0191AD
:10627000FFF7E9FF03B05DF804EB04B0704710B519
:106280000369024613F0080009D11368D4689C42E0
:106290009BBF0120126AE31AD31A0B6010BD0023C2
:1062A0001846FAE713B501A90446FFF7E8FF20B145
:1062B000019BE268013B13440193206A019BC01AD1
:1062C000013802B010BD10B5044650182269236A87
:1062D000D20702D5013B184010BD984228BFC01A12
:1062E000FAE710B504460A46C168FFF7ECFF2369D8
:1062F000E06023F00803236110BD38B50D46C26984
:106300008B00016843F00203044642F82130016823
:106310002A46FFF7D8FFE3686168984208BF2369FF
:10632000206008BF43F008032A46204608BF2361C7
:10633000FFF7C9FF606038BD2DE9F74FC768C66930
:106340009B4606EB8703009316F82730044603F0BC
:106350000303022B884691464FF000030BD01360D5
:10636000CBF8003023699B0713D44FF0000A504646
:1063700003B0BDE8F08F56F8271013608908CBF8FA
:106380000030EFD0FFF7ADFFE368A3604FF0010AE4
:10639000EDE7A36906EB8700984716F82720054626
:1063A00012F0010AE1D012F002021FD0B8F1000F82
:1063B00003D041462046FFF7A0FF61682A462046E9
:1063C000FFF781FFD4E902219142606006D12A469D
:1063D0002046FFF778FF4FF0000AA060A268226015
:1063E000E260226942F008022261C0E701462046CD
:1063F0000192FFF776FFE368A360B8F1000F04D0C5
:106400002168E369019A43F8212005EB0802CBF8E3
:10641000002021682046FFF756FF2369206043F0E3
:106420000803236116F827306FF3000306F82730BE
:10643000009BC9F80030A9E770B504461546FFF780
:1064400042FF2368834205D12369216023F00803BA
:10645000236170BDE269AB0043F0020342F82130D2
:1064600061682A462046FFF72EFF6060F1E738B5E5
:10647000036904465B0706D5456AFFF713FF8542AB
:106480002CBF6562606238BD38B50D4604461C22DB
:1064900000210FF01EF80022EB68A361AB68636176
:1064A0002B68E3616B68626223622A6923B1591E1B
:1064B000194208BF42F001022261012204F12800C2
:1064C0000021BDE8384008F00FBC2DE9F04F002551
:1064D00087B00093036A04468B420E469246A94653
:1064E0000395059539D3EFF3118B402383F312887D
:1064F000BFF36F8F059AD8462AB129462046FFF789
:106500009BFF0023059304A92046FFF7B8FE0499DA
:106510000746B1422AD32268E369204613F82210C5
:1065200003EB820921F0030103F8221021683246AF
:10653000FFF7C9FEE3682060984212D0002788F375
:106540001188BFF36F8F039929B162690AB12046A0
:10655000904700230393002FC5D1484607B0BDE8FC
:10656000F08F236943F008032361E7E718B1204661
:10657000FFF7C3FEE3E7009B5AEA03021CD0019138
:1065800008F0DEFC0199B8B9BBF1000F14D187F314
:106590001188BFF36F8F5246009B04F12800F2F779
:1065A000FBFBEFF31188402383F31288BFF36F8F57
:1065B000B0FA80F77F09C2E7204605AB03AA256839
:1065C000FFF7BAFE0746BAE770B504468369084686
:1065D0000D4698470246EFF31186402383F3128855
:1065E000BFF36F8F2B78204643F001032B70616857
:1065F000FFF769FE60602046FFF739FF86F31188D8
:10660000BFF36F8F70BD2DE9F04104464027EFF3D3
:10661000118687F31288BFF36F8F236913F0080F79
:10662000A36802D16268934200D9226AD21AE16952
:1066300032B986F31188BFF36F8F4FF0000833E053
:1066400011F8232001EB830812F00300F1D0022897
:1066500003D151F82350AD0805D1D00712D44046DC
:10666000A36998470546A1682A462046FFF72BFEF6
:106670002946A0602046FFF734FE86F31188BFF359
:106680006F8FC4E742F0020201F82320A36940465D
:10669000A5689847294602462046FFF714FEA060E9
:1066A00086F31188BFF36F8F4046BDE8F081F8B5DF
:1066B0000446836908460D4698470646EFF311875E
:1066C000402383F31288BFF36F8F2B786FF300039F
:1066D0002B7023699B0705D5E268E36903EB82030E
:1066E0009D421AD12B786FF341032B70D4E902310C
:1066F000994204D132462046FFF7E5FDA0603146BD
:106700002046FFF7EEFD87F31188BFF36F8F04F18A
:106710002800BDE8F840F2F705BB2B6860F39F0343
:106720002B60F0E7EFF31181402383F31288BFF36E
:106730006F8F036913F0080F836802D14268934298
:1067400000D9026AD31A81F31188BFF36F8F181E24
:1067500018BF01207047A0F13003DBB2092B02D82B
:1067600000200B707047A0F16103052B02D8573849
:10677000C3B2F5E7A0F14103052B01D83738F7E79D
:106780006FF015007047F7B5054601F0010000EB0A
:1067900051069E424FEA510703D90026304603B006
:1067A000F0BD58B128780DF10701FFF7D4FF00289C
:1067B000F3DB9DF80730013502F8013B0135174442
:1067C000BA42EBD015F8010C0DF10701FFF7C3FF3A
:1067D0000028E2DB9DF807402401E4B2147015F8AC
:1067E000020BFFF7B8FF0028D7DB9DF807301C44E9
:1067F00002F8014BE4E7038B13F0070305D10368AC
:10680000002B0CBF002003207047022B05D1408BCA
:10681000B0FA80F0400980007047012B05D1036871
:10682000002B0CBF0020052070470020704710B5DA
:106830000C4600B111B96FF0150010BD081D00F035
:10684000B7F80028F9D1A368032BF6D9F3E72DE9AF
:10685000F0410D4607461946281D90461E4600F099
:10686000BBF8044638B13346424629463846A4466A
:10687000BDE8F0416047BDE8F08110B4EFF311824C
:10688000402484F31288BFF36F8F416110BC012153
:10689000DAF742B938B50C46054658B151B10B6824
:1068A00043B14B6833B11C2200210EF012FE0020D0
:1068B0002C6138BD6FF01500FBE770B505460E463C
:1068C000FFF7B5FF041E14DBEFF31182402383F3BF
:1068D0001288BFF36F8F4FF6FF716B8B2C8B8B423F
:1068E00004F0070407D182F31188BFF36F8F6FF0B4
:1068F0000A04204670BD022C0CD101336B8382F355
:106900001188BFF36F8F0023224631462846FFF7D8
:106910009EFFEEE7062C14D8DFE804F004131313EF
:10692000041A0400002333606B683BB9C5E90066B4
:10693000ACB902212846DAF7EFF8DAE71E606E609C
:10694000F6E782F31188BFF36F8F6FF00404D0E78E
:1069500082F31188BFF36F8F6FF08504C9E782F36C
:106960001188BFF36F8FC4E710B5EFF31182402396
:1069700083F31288BFF36F8F048B04F00704022C9B
:106980000AD0012C0CBF6FF004006FF0850082F379
:106990001188BFF36F8F08E0438B013B9BB24383A9
:1069A00023B92146DAF7B8F8204610BD2046EEE7B5
:1069B000034640B1426802F00302022A06D0032ACD
:1069C00004D0012A05D06FF0150070471A68002A1C
:1069D000F9D000209860704710B54268034602F075
:1069E0000302022A4FF00004816007D0032A02D07C
:1069F0005C60002001E018685C6010BD18685C6095
:106A00000028F6D0F3F760FCF3E770B506460C8873
:106A10008888241A3069A4B2844285B224BF641BDA
:106A2000A4B22D1BA8B2984228BF1846336823444D
:106A300013600B8803440B8070BD70B48389858814
:106A40000669ED1AADB2731B934228BF134670BCA2
:106A50000A46011DFFF7D9BF70B40E460146C5882E
:106A600031F80A3FEC1AA3B2934228BF13463246CC
:106A700070BCFFF7CABF10B54B880C88E41AA4B2EB
:106A800094420ED31A4492B28B884A800A800069DD
:106A9000D21A92B2824201D2002010BD03448B80F0
:106AA000FAE76FF01500F8E72DE9F34106460F46C7
:106AB00015464FF000082A46304601A9FFF7BDFFF2
:106AC000044640B10246394601980EF0DBFC2D1B0E
:106AD000A0442744EFD142463046311DFFF7CBFF9B
:106AE000404602B0BDE8F0812DE9F34107460E466D
:106AF00015464FF000082A46384601A9FFF7ACFFBB
:106B0000044648B12EB10246019930460EF0BAFC57
:106B100026442D1BA044EED14246384607F10A0117
:106B2000FFF7A9FF404602B0BDE8F0817047037847
:106B30005B075FBF03684288C3F34A2303EB12106D
:106B40005DBF173020F0070080080020704700204C
:106B5000704705F004B80346D3E8EF0F421CC3E8C2
:106B6000E12F0029F8D170471FB50023CDE90201BC
:106B70001A4619461846CDE90033DAF7EBFC05B0A2
:106B80005DF804FB0120DAF7A5B90020704718B1C1
:106B900040680079DAF7BABB4FF0FF30FAE738B552
:106BA00004460D4643681146DA71DAF70DFC0122FE
:106BB00063681D6063685A71BDE83840DAF77CB9D4
:106BC00010B5436804465B7913B10021DAF7FCFB8A
:106BD000002263685A7110BD70B515460C4669B144
:106BE000D2E901369B1B99420AD813680A4601462E
:106BF00098190EF047FCAB682344AB60204670BD8B
:106C00006FF01B00FBE770B50E46154619460446AB
:106C100018B9BDE87040DAF75DB933B1C2F34A2361
:106C20001030120D18440EF02DFCC4E90056204619
:106C3000BDE87040DAF710BB2DE9F3415F1C4FEA65
:106C40008708064608F1170020F0070080080C4668
:106C50001546DAF7BDF900238DF80470ADF805305C
:106C60008DF8073068B10346019AA8F1040143F892
:106C7000102F2A46294452F8045B8A4243F8045FE5
:106C8000F9D100233146A20102F4E07242EA48221F
:106C900022F07F4222F4700222F03F0202B0BDE8EF
:106CA000F041FFF7B0BF07B50123019201AAFFF73A
:106CB000C3FF03B05DF804FB07B5CDE90023022351
:106CC0006A46FFF7B9FF03B05DF804FB1FB5CDE9D5
:106CD0000123069B01AA03930323FFF7ADFF05B031
:106CE0005DF804FBF8B506460D4614461F4604B988
:106CF000F8BD214628463A46B047241A0544F6E72F
:106D000010B542680446D2E9002381680068FFF7A5
:106D1000E9FF002263681A6010BD38B54B6805466C
:106D20001A68CB680C469A4202D10846FFF7E8FF82
:106D30006368D3E8EF2F511CC3E8E01F0028F8D1A7
:106D4000A36800209D5438BD0A2838B504460D4676
:106D500002D10D20FFF7E1FF29462046FFF7DDFFB6
:106D6000002038BD2DE9F043054687B008460E885F
:106D700091F800900C46D1F808801746DAF742FCEB
:106D8000011EC6F38216C9F3C2091EDB4846DAF7B4
:106D900075FA0346214651F8102B6088C2F34A2247
:106DA000002A01EB020408BF00210022C0F30B10EF
:106DB000CDE90407CDE90214284641460196009228
:106DC000DAF74CFC07B0BDE8F0830023E2E7036A82
:106DD0001BB11B7900200B7070476FF05700704794
:106DE000036A3BB1DB682BB11B6A1879B0FA80F0FB
:106DF000400970470120704770B5056A04460E4689
:106E00000DB103232B712046FFF7EAFF98B1032150
:106E10002046B047002802DA10F1860F0BD101217D
:106E200025B920463346BDE87040184720462971F1
:106E3000B04700232B7170BD036A1B7903F0FD037B
:106E4000012B14BF6FF00F0000207047002908DBF2
:106E50008068884205D9401A904234BF0020012042
:106E6000704700207047704770B516461A460546B1
:106E70000C46FFF7EBFF48B16968E8682144826877
:106E800014683246A446BDE8704060476FF01500B4
:106E900070BD70B516461A4605460C46FFF7D6FF7C
:106EA00048B16968E8682144826854683246A4465B
:106EB000BDE8704060476FF0150070BD10B50B461F
:106EC0000446FFF7C3FF30B16168E0681944BDE8CC
:106ED000104001F03DBB6FF0150010BD08B5C06853
:106EE0008368DB689847006808BDC068704708B5CC
:106EF000C0688368DB689847407908BD42680B68C2
:106F0000934202D90846DAF7F5BD4B6801201344D5
:106F10004B6070472DE9F04789461646984604466F
:106F200098B382680369134482693344934230D82A
:106F30000025D4E90170A6EB050A3F1ABA4515D21F
:106F4000B54209D223685246184409EB05010EF0F8
:106F500099FAA3685344A360B8F1000F1CD0A0684D
:106F6000A8B12046BDE8F047DAF75CBD23683A4691
:106F7000184409EB05010EF085FA63682046A3600A
:106F8000DAF750FD18B93D44D3E76FF00D00BDE8C6
:106F9000F0876FF00B00FAE74046F8E700697047AA
:106FA0002DE9F84300F50179054648460F4690461D
:106FB0001E46FFF7F3FF78B133464246394648464E
:106FC000FFF7A8FF04461EB3D5F80002FFF74BFFFA
:106FD0000023C5F800321BE0D5F80032986804F0B1
:106FE00051F90446D5F80002FFF77FFF8368DB689C
:106FF00098470368D5F800021C448268013C5B4254
:1070000004EA0301521AFFF759FF04460028D3D0BF
:107010002046BDE8F88330B5054685B0084605F53D
:107020000071DAF7D9FC044698B9D5F80002FFF7E9
:107030005CFFD5F8003202949A68014601925B68C1
:107040002A46009305F501704FF40073DAF764FDEA
:107050000446204605B030BD0221FFF7DCBF012009
:1070600008B5D9F79FFB002008B5D9F79BFB0B6843
:10707000834204BF01230B71704710B504468EB0E4
:1070800069460120D9F7FCFA05A96846FEF7CCF954
:10709000204605A9DBF79AF800200EB010BD037852
:1070A0005B075FBF03684288C3F34A2303EB1210F8
:1070B0005DBF173020F0070080080020704783680C
:1070C0009B6903B11847704708B54368197311B13C
:1070D0001868FFF7F4FF002008BD40681030E0F7A3
:1070E0001BBE10B540681C464830FFF7FDFC206011
:1070F000002010BD10B54068046800F5B47008F0B9
:10710000D3F82046FFF7DBFFA3685B6A0BB120468C
:107110009847002010BD2DE9F04145681E462B7BA5
:107120000C46174693B101EB0208A04507D1376022
:107130000120D5E9013198470020BDE8F081286899
:1071400014F8011B83685B689847EEE705F134008B
:10715000FFF7AAFC0121306005F5D073D3E8EF2FCB
:10716000C3E8E01F0028F9D1002AE5D12868836828
:107170005B69002BE0D09847DEE70023826882F845
:1071800056308268A2F852308268A2F850307047B8
:10719000034610B5D3E8EF0F40EA0102C3E8E42F3D
:1071A000002CF7D110BD034610B5D3E8EF0F00EA6D
:1071B0000102C3E8E42F002CF7D110BD0EB403B5D3
:1071C00003AA52F8041B0192DCF7F2FA02B05DF850
:1071D00004EB03B0704708B510B1D7F7E3FB80B2FA
:1071E00008BDF7B5044600260027204600F03AFD0A
:1071F000E06900F077FF05462046DCF713FDA36841
:10720000B3F8503023B140F2D5100021F2F774FCEE
:1072100055B1A06800F51F7000220121CDE900677B
:1072200008F031F90028E0D003B0F0BD00F522707D
:10723000F1F778BD4FF0FF324FF0FF3300F52270C9
:10724000F1F7AABD00F51E7019B14FF40061FFF708
:107250009FBF6FF40061FFF7A6BF00F51E7011B16C
:107260000421FFF795BF6FF00401FFF79CBF08B53D
:1072700000F51D7029B10121FFF78AFF00F0010020
:1072800008BD6FF00101FFF78EFFF7E708B500F5C5
:107290002270F1F781FDB0FA80F0400908BD0028A6
:1072A000886814BF0823012300F51F70194608F0F1
:1072B000DFB873B5044680680E46154600F51F70AA
:1072C00000220023CDE9002308F0DDF858B1A068C2
:1072D00000F51F70314608F0D2F820462B4602B068
:1072E000BDE87040184702B070BD10B58368044611
:1072F0001A7D012A28D1D3F87822510408D5D3F871
:107300007422520704D40146DA6CC06900F094FE7E
:1073100043F609520023A068FFF7B8FF10B96FF0D9
:107320000F0010BD08212046DCF732FB6069DBF757
:10733000D3FB2046DBF788FD204600F08EFDA068D9
:10734000FFF774FF0020ECE76FF08500E9E7F8B580
:10735000044680681F46037D0D46022B164607D063
:10736000BDE8F8404FF4805100F51E70FFF710BFE4
:1073700043F609520023FFF789FF48B3A368D3F807
:107380007822100508D49A6C32B9D3F87432990671
:1073900002D5204600F066FC3B4632462946204690
:1073A00000F0BBFCA368D3F87822120508D49A6CCD
:1073B00032B9D3F874329B0602D52046DCF732FC92
:1073C000606900F092F8A068BDE8F840FFF72EBFB2
:1073D000F8BD0CB407B504AB53F8042B0193FFF7C9
:1073E000B6FF03B05DF804EB02B070470EB403B50E
:1073F00003AB53F8042B02210193FFF7A8FF02B05F
:107400005DF804EB03B070470EB403B503AB53F85B
:10741000042B08210193FFF79AFF02B05DF804EBFB
:1074200003B070470EB403B503AB53F8042B03212C
:107430000193FFF78CFF02B05DF804EB03B07047D7
:107440000EB403B503AB53F8042B01210193FFF7EE
:107450007EFF02B05DF804EB03B0704770B50446E0
:107460000E46A1B10846FFF7B6FE43F6095205469F
:107470000023A068FFF70AFF10B96FF00F0070BD7E
:107480006B1C142BA06800D825B9FFF7CFFE6FF056
:107490001500F4E73146D7F77DFAA36883F83C502E
:1074A000A068FFF7C3FE0020E9E710B543F60952D4
:1074B000044600238068FFF7E9FE38B12046DBF779
:1074C000D1FAA068BDE81040FFF7B0BE10BD18B1FA
:1074D0008368D3F8A40270476FF015007047836883
:1074E000996409B9FFF749BE704710B502690446AF
:1074F000836812680168C0689847002223691A608F
:1075000010BD38B5CB6805461B7C0C46022B04D158
:107510000A2802D10D20FFF7F4FF236922681B68B7
:10752000D554226913680133136023691A686368AC
:107530009A4202D12046FFF7D8FF002038BD08B597
:1075400010B1D7F72FFA80B208BD2DE9F74F814669
:1075500001A81F460D461646F1F708F828234FF0FC
:107560000008019C03FB00440198A04216D257B9C1
:10757000DDF804B0DBF800A0BAF1000F1AD1019BCE
:1075800028330193F0E7012F0FD007F0FAF9002814
:10759000EED00198283084420190F4D800201CE0FD
:1075A0000198283084420190F8D907F0EAF90028C0
:1075B000DED1F5E79AF80030002BE0D04DB1284637
:1075C000D7F7F0F95146024628460DF0B8FF0028DB
:1075D000D5D12EB9C14508D1019803B0BDE8F08FCF
:1075E0005846B0470028F5D1C9E708F10108C6E7B9
:1075F00010B5047B43892244B2FBF3F0214403FB22
:107600001022B1FBF3F003FB1010101A10BD10B5DF
:10761000047B438921441019B0FBF3F0B1FBF3F173
:10762000401A10BD30B5057B43892944B1FBF3F402
:1076300003FB14112A4401310180B2FBF3F103FB77
:1076400011220134848001324C1CC480428030BD40
:107650002DE9F74F00260746884614469946B2465C
:1076600006602378002B00F0BF80202B3AD0093B26
:10767000042B37D93B685A1C3A6048F823403B68D2
:107680004B4500F0B18000262278002AE9D0A6B947
:10769000164623461C46272E04D05C2E25D0222ECB
:1076A00040F096802046FFF74AFF611C02462046C4
:1076B0000DF0F5FE2278002AD3D0B242A34604F1A1
:1076C000010420D15846FFF73AFF214602465846AA
:1076D0000DF0E5FE9BF800605C46002ED9D1C0E7B6
:1076E0000026BEE704F801ABBBE72046FFF727FF03
:1076F000651C0246294620460DF0D1FE66782C46D0
:10770000002EC8D1ADE75C2A9BF80120D3D1B2424C
:10771000104608D15846FFF712FF21460246584648
:107720000DF0BDFEB0E7302A25D1022300251BF85D
:107730000300A0F13001C9B2072919D8ED000133C7
:10774000EDB2052B45EA0105F1D1591E59445846C1
:1077500001930091FFF7F3FE019B0099023BC21ACF
:1077600058460DF09CFE9BF801208BF80050A2E7D4
:10777000DBB2022BE9D1782825D1022100251BF8A4
:107780000130A3F13000C0B2092808D82D01EDB2B4
:107790000543022901D00423D7E70321EFE7A3F132
:1077A0006100052805D82D01EDB2573B1D43EDB210
:1077B000EFE7A3F14100052803D82D01EDB2373BD7
:1077C000F4E7022902D10BF1010474E70323BCE7BB
:1077D000202E85D0093E042E82D96678631C002EA7
:1077E0007FF458AF1C463CE7304603B0BDE8F08F4D
:1077F000F8B50E461146074615460DF0E8FE04465C
:10780000E0B12846FFF79BFEA742054607D214F8D1
:10781000013C202B02BF0135ADB204F1FF342046FC
:10782000FFF78DFE3388421C5B1B521B33802046C2
:10783000611992B2BDE8F8400DF031BEF8BD2DE9F6
:10784000F0410F461646044686B070B1034601ACBF
:1078500000F11005224618685968083303C2AB428C
:107860001446F7D1186801AC10604FF0000841468B
:1078700032462046DBF7B0FF08F10108054628B183
:1078800038462968D7F77CF80028F0D1284606B09A
:10789000BDE8F0812DE9F0471C4600230F4616464F
:1078A000DDF820809DF82490236023680546BB42C4
:1078B0001BD256F8230000F006FE2368824618B15A
:1078C000013328462360F0E74246284656F8231045
:1078D000FFF7B5FF48B123685A1C2260B9F1000FC9
:1078E000E3D08045E1D1554623602846BDE8F087C6
:1078F000F8B50746FFF723FE054630BBF8BD54B187
:107900008AB2AA1A01302C1B013239443844A5B27C
:107910000DF0C5FD0024334698B26A1E9042EDDAA0
:107920003A5C5E1C202A02D0093A042AF3D8B1B28C
:107930008BB29D42EFD97B5C202B02D0093B042BFC
:10794000DDD80134A4B20131F2E700231C46E3E79D
:10795000F8B58468064694F856302BB9B368B3F886
:107960005020A3F85220F8BD04F15600B4F850306E
:10797000C21812F8012C202A1CD0093A042A19D95D
:107980000022C25413461D46425D0133202A9BB299
:1079900000EB0501F7D0093A042AF4D9002DDDD017
:1079A000B4F850707A1C521B7F1B0DF078FDA4F8C0
:1079B0005070D3E7013B9BB2A4F85030002BD5D1D7
:1079C00084F85630CAE700231A46FFF7BEBD0223EB
:1079D0000022FFF7BABD2DE9F74F054601A8F0F7E1
:1079E000C5FD2822019B02FB00380DBB0024204668
:1079F00003B0BDE8F08F266876B13046D6F7D2FFE7
:107A000007462846D6F7CEFF874205D1314628469D
:107A1000D6F7B6FF0028EAD0636A3BB11B682BB1EA
:107A20009A460026D3F800904E4505D1283401949B
:107A3000019C4445DFD3D9E75AF804BF5846D6F72E
:107A4000B1FF07462846D6F7ADFF874205D1594614
:107A50002846D6F795FF0028C9D00136E4E70EB4D2
:107A600003B503AA52F8041B0192DBF7A1FE02B092
:107A70005DF804EB03B0704710B50446D6F792FFEB
:107A8000B4F8503013FA80F038B1638FB0FBF3F2E2
:107A900003FB1200B0FA80F0400910BD38B58468CD
:107AA0002046D6F77FFFD4F87452B4F85230C5F3AD
:107AB000400580B205FB0300638FB0FBF3F203FBCC
:107AC0001200B0FA80F0400938BD10B50446FFF747
:107AD000E5FF18B9A068FFF7CFFF20B16069BDE8E6
:107AE0001040DBF7E7BE10BDF8B50546846804F129
:107AF0003000B4F85020B4F85210FFF793FDA86896
:107B0000A78EE68EFFF7B8FF10B16869DBF7D2FEEB
:107B1000B74207D1218E638E2846C91ABDE8F840C6
:107B2000DBF7E4BEE18EA38E2846C91ADBF7C8FE58
:107B3000F0E7F8B504460D468068B0F85210B0F88A
:107B4000502030300D44FFF76DFDA068ADB2B0F8A5
:107B500052102A463030FFF75AFD0746A0682A46E1
:107B6000B0F852103030FFF743FD06467942204608
:107B7000DBF7A6FE31462046DBF7B8FEA368A3F884
:107B80005250F8BD2DE9F0410C1E064636DA4FF092
:107B9000FF35644224B2A4B2AFB216E0B36800224B
:107BA000B3F852C0B3F85080614603F1560E81B964
:107BB0006B1C02D0B8F1000F0FD1A1EB0C013046C5
:107BC00009B2FFF7B6FF013CA4B2002CE6D1BDE834
:107BD000F081884501D1012DEFD01EF8013023F04E
:107BE00020004138192807D9303B092B04D9002A35
:107BF000E3D1394489B2DAE70122FAE70125CAE77D
:107C00008368B3F85210494209B2FFF792BF836804
:107C1000B3F85010B3F85230C91A09B2FFF789BF50
:107C20008368B3F852301BB14FF0FF31FFF781BFCB
:107C300070478368B3F85220B3F850309A4202D2AA
:107C40000121FFF776BF70478268B2F85210A2F8A0
:107C500050108368B3F852201344002283F8562052
:107C6000DBF71CBE10B504468068B0F85020B0F8B1
:107C700052103030FFF7D6FCA3682046198EC1F1B0
:107C80000101DBF733FEA3682046998E0139DBF74B
:107C900017FE2046BDE81040DBF700BE2DE9FF418E
:107CA00005460F461446002684B904B0BDE8F081AD
:107CB000D3F878229207FBD503F51E73D3E8EF1FA4
:107CC00021F00201C3E8E21F002AF7D168682246CA
:107CD0000368B919D3F80C8003ABC047039A164464
:107CE000A41A002AE0D1AB68197D0329EED002293D
:107CF000DED84FF0FF304FF0FF31CDE90001082111
:107D000003F51F7007F0BFFBA86800F51F7008217E
:107D100007F0B5FBDAE7FFF7C1BFF7B51E4683688A
:107D20001546D3F874220446D20613D593F83E20A4
:107D30008A420FD0DB8FADF80430DBF729FE3246E4
:107D400029466069DBF734FD204601A9DBF740FED8
:107D500003B0F0BD32462946606903B0BDE8F0408B
:107D6000DBF726BD0CB407B504AB53F8042B019325
:107D7000FFF7D3FF03B05DF804EB02B070472DE9C5
:107D8000F04187680546B7F850608846B318FF2B66
:107D9000144626DCB7F85230F61A56331F44B6B2F2
:107DA0003246394638190DF07AFB224641463846AC
:107DB0000DF068FBAA68B2F850302344A2F85030A6
:107DC000AB68B3F850201344002283F85620AB6808
:107DD000D3F87412890706D4B3F852201444A3F8D8
:107DE0005240BDE8F08131462846BDE8F041DBF75E
:107DF00071BEFFF7C4BF38B505468068B0F85220A1
:107E0000B0F85040A41AA4B29CB156321044411CA0
:107E100022460DF044FBAA68611EB2F85030284695
:107E2000013BA2F8503089B20122BDE83840DBF7AF
:107E300051BE38BD10B583680446B3F850205AB11E
:107E4000B3F8523043B14FF0FF31FFF772FE2046D6
:107E5000BDE81040FFF7CFBF10BD002370B5054649
:107E60004FF47A7492B0019368684022036802A9C3
:107E70001E6901ABB047019B13B108B9013CF3D1B6
:107E800012B070BDF8B5C3695E695F68836830463B
:107E9000D3F87452FEF7B7FBC5F30015044650B192
:107EA000014605F18E023846FEF75CFF304621465A
:107EB000FEF7FDFB0120F8BD43681B68D3E90632DD
:107EC000D3E8EFCF8C44C3E8E0CF0028F8D1936823
:107ED000D3E8EF0F0844C3E8E20F002AF8D1704757
:107EE0002DE9F843436807461E680D46F369B268FA
:107EF000D3F81480D2F874429A68D3F804901279B7
:107F0000C4F30014012A03D0032A4CD0BDE8F8833F
:107F1000D8680B7847F6122E590740F2E73C4FF02D
:107F2000000158BF2B68E0FB0EC15CBFC3F34A24BD
:107F30006B884FF47A725EBF04EB1314173424F08D
:107F400007044FF0000360464CBF0024A408D3F799
:107F50003FF902460B4640462146FEF7B6FA8146F7
:107F600028B93846BDE8F8430121FFF7A5BF012C29
:107F7000F7D9294651F8043B0268C3F39D0363F324
:107F80009F0240F8042B621E92000DF07BFA4046DF
:107F90004946FEF719FBB06800F51F700221BDE8E5
:107FA000F84307F065BA3046FFF75CFE06F0C8FFFD
:107FB00004F18E07044600B3EFF31184402383F3EA
:107FC0001288BFF36F8FB368D3F878321A051ED5C5
:107FD0003A4629464846FEF7C5FEB368D3F87832DC
:107FE0001B0502D43046DBF71DFE06F0A9FF90B159
:107FF00084F31188BFF36F8F88E7B06800F52270B3
:108000004FF0FF324FF0FF33F0F7C6FEDBE73046AC
:10801000FFF728FEDCE7B06800F52270BDE8F84302
:10802000F0F780BE134610B50C460A4601461846C6
:10803000FFF771FE204610BD70B504460D46D0E92D
:1080400004101646FEF720FA324629462068FEF74D
:10805000A6FD002263685B685D60A3681A60012268
:10806000A3681A7170BD10B504460068FEF7A8FD3C
:108070000222A3681A7110BD10B5436801211C6863
:10808000606803689B68984738BB0322E3699B6874
:108090001A71A36803F51E73D3E8EF1F41F4005172
:1080A000C3E8E21F002AF7D1A068B0F85020B0F86A
:1080B00052103030FFF7B6FA4FF0FF312046DBF7B1
:1080C000FFFBA3682046198E4942DBF70FFC2046D0
:1080D000FFF7D8FE0028FAD110BDE069BDE81040D6
:1080E000FFF7C1BF73B504460021036882685B686F
:1080F0001D68AB68D3F87432C3F30013D2E8EF6F96
:10810000C2E8E01F0028F9D126B14BB931466068BA
:10811000D9F70EFC284602B0BDE87040FFF7B2BEAA
:10812000AB682846DB8F0121ADF80430DBF730FC6B
:1081300031466068D9F7FCFB284601A9DBF748FC0B
:10814000E8E70EB403B503AA52F8041B0192DBF76B
:108150002FFB02B05DF804EB03B070472DE9F84344
:10816000054690460F46002960D000243B5D202B39
:1081700023D0093B042B20D93846D6F713FCAB6833
:1081800080B2598F001BA1EB0803984207EB04094A
:1081900015D94846002610F8012B202A06D0A2F156
:1081A000090CBCF1040F02D80A2A2ED0334608EB82
:1081B0000602914228D90136EDE70134D6E74B4655
:1081C0000026B04208D168694946FFF7BAFF6869DE
:1081D000BDE8F843DBF73EBD13F8012B0A2A11D1A5
:1081E0006869FFF782F9324649462846FFF756FD8F
:1081F000013434446869DBF72DFD41462846DBF73E
:1082000075FBB9E70136DCE71E466869FFF76DF9D3
:10821000324649462846FFF741FD34443B5D202B5A
:1082200002D0093B042BE5D80134F7E7BDE8F88319
:108230000020704783690020186070470EB403B5B2
:1082400003AA52F8041B0192DBF7B2FA02B05DF800
:1082500004EB03B0704708B50168FFF7FFF8002092
:1082600008BD836803F51D73D3E8EF1F21F02001DB
:10827000C3E8E21F002AF7D100207047836803F5A6
:108280001D73D3E8EF1F41F00801C3E8E21F002A85
:10829000F7D100207047836803F51D73D3E8EF1F03
:1082A00021F01001C3E8E21F002AF7D10020704737
:1082B000836803F51D73D3E8EF1F21F00801C3E8BD
:1082C000E21F002AF7D100207047836803F51D7371
:1082D000D3E8EF1F21F00201C3E8E21F002AF7D123
:1082E00000207047836803F51D73D3E8EF1F41F04A
:1082F0001001C3E8E21F002AF7D10020704783680D
:1083000003F51D73D3E8EF1F41F02001C3E8E21F1E
:10831000002AF7D100207047836803F51D73D3E866
:10832000EF1F41F00201C3E8E21F002AF7D100204D
:10833000704708B58368D3E900210A6051600021C5
:108340001A89C3E900115B8900681A440C32FEF7F0
:10835000CBFB012008BD0023C3607047F8B51F4662
:10836000034653F8044F16469C4202D10020388041
:10837000F8BDC568B1B9002DF8D0AC4202D10023D8
:10838000C360F3E76C68C460002CEFD022893046EC
:1083900004F10C010DF076F80022238901203B80C6
:1083A000F254E5E7002DEED08368AB42E7D02C68AD
:1083B000E9E738B50446051D6368AB4204D02046A2
:1083C000FFF7B7FF0028F7D138BD2DE9F04F02F1D4
:1083D0000C050368C5F100091B6909F003094D4448
:1083E00085B09D4204461746019110D80023C36012
:1083F0006AB1466800F1040AB2450BD05EB1338918
:10840000934208D106F10C000DF06BF818B905B0D5
:10841000BDE8F08F1E464FF0000B23685989DA88BB
:10842000914204BFC3E901BBC3F80CB02068838943
:108430008288011DD21A036992B29B1AAB4228BFEF
:108440002B4603AAFEF7E1FA8542804628D9206828
:1084500083898288011DD21A036992B29B1AAB42AA
:1084600028BF2B4603AAFEF7D0FA854219D173899B
:1084700043447381A844039D3A4601992F81A5F88E
:108480000A9005F10C000CF0FDFF63684246C5E957
:10849000003A5D6020686560011DFEF7ECFAB6E702
:1084A000E9D020680022011DFEF7E5FA63689A45CD
:1084B000B3D02046FFF73DFFAFE7031DC0E901330E
:1084C0000023C360704710B5044628B1D6F76AFA96
:1084D000002380B2984201D8002010BDE25C3F2A00
:1084E00003D02A2A01D00133F4E70120F5E710B5C3
:1084F000044680684FF48072002100F5AB700CF0E8
:10850000E8FFA068B0F8502000F1560100F5AB700C
:108510000CF0B8FFA06800F5AB70FFF7E9F9A468AC
:1085200004F5AB70D6F73EFA0130A4F8540010BD44
:1085300010B504468068B0F8542000F5AB71563091
:108540000CF0A0FFA368B3F85420A3F8502010BD8E
:1085500070B583680D46DB68044616469847417936
:1085600033462A462046BDE87040DBF747BE034647
:10857000D3E8EF0F421EC3E8E12F0029F8D170477E
:108580000346D3E8EF0F421CC3E8E12F0029F8D1DE
:108590007047D0E8AF0F7047034600200146D3E88C
:1085A000EF0FC3E8E21F002AF9D1704701234A09FF
:1085B00001F01F018B40DB4300EB8200D0E8EF2F7E
:1085C0001A40C0E8E12F0029F8D1704701234A0979
:1085D00001F01F018B4000EB8200D0E8EF2F1A431F
:1085E000C0E8E12F0029F8D170474B0900EB830068
:1085F000D0E8AF0F01F01F01084100F00100704703
:10860000012301F01F02934030B5DC43490900EB20
:108610008100D0E8EF2F02EA0401C0E8E51F002D39
:10862000F7D1134214BF0120002030BD012310B543
:1086300001F01F024909934000EB8100D0E8EF2FC1
:1086400042EA0301C0E8E41F002CF7D1134214BF33
:108650000120002010BD008840BA80B27047030A94
:108660000B704870704710B5044606F0CBFD2046ED
:1086700010BD10B5044606F0EAFD204610BD0023EB
:10868000C0E900337047704700230B60436813B99B
:10869000C0E90011704719604160704703460068E7
:1086A00028B15968026888421A6008BF5A6070474A
:1086B0000068704710B414461A46B4FBF3F310BCBC
:1086C00006F03ABA08B506F04AFA002818BF6FF06B
:1086D0000A0008BD08B5F0F7C7F9002818BF6FF009
:1086E000220008BDF1F788B908B5F0F721FAB0FA11
:1086F00080F0400908BD08B5F0F792FAB0FA80F0B2
:10870000400908BD06F073BB06F0B8BB10B50024E5
:1087100086B0CDE90444089C039403AC0094F0F7C0
:1087200019FD06B010BD08B506F07DFB00EAE0704B
:1087300008BD0CF0CEBE0CF0A5BE01460068DBF70C
:108740000BBE08B5DBF778FEBDE80840DBF798BE46
:108750000A460121FEF7A7BA00210120DBF7FCBD84
:10876000D0F8A83083F30B8870476FF0850070470E
:1087700061B662B680F31188BFF36F8F704772B62F
:10878000002383F31188BFF36F8FBFF34F8F30BF88
:1087900062B6BFF36F8F704772B6002383F3118800
:1087A000BFF36F8FBFF34F8F20BF80F31188BFF3EC
:1087B0006F8F62B6704740E800F313F4803FD8B281
:1087C00008BF6FF01500704730B50C684B6885B076
:1087D0000A894D890094013B24F01F04234402F0D0
:1087E0001F0242EA451223F01F0369468DF8082054
:1087F0000393DCF7B7FA05B030BD08B5DCF7CCFC65
:1088000008B5D1E904319847002008BD08B5DCF768
:10881000AFFC002008BD0B0704D5A0F14103192BC4
:1088200098BF203070472DE9F04F87B08A46154633
:1088300004460293002844D0002942D0002B00F0C7
:1088400022810A4605F00103039305F00203049315
:10885000A046294618F8010BFFF7DDFF0346C0B21A
:108860003F280646177827D013F0C00F0BD1C8B1A8
:108870002A2836D029463846FFF7CDFF864202F136
:1088800001025BD01DE05B287AD05C28F2D1EB07B7
:10889000F0D46078FFF7BFFF10F0FF0618BF04F1B7
:1088A0000208E7E7EC0601D52F2F02D0381E18BFCB
:1088B000012007B0BDE8F08F1FB12F2F03D1A8070B
:1088C0000DD50120F5E72E2F09D1690707D55245AF
:1088D000F7D0AB0703D512F8013C2F2BF1D00132B2
:1088E0002CE06078FFF797FFC1B22A2918D02E2F0D
:1088F00009D16F0707D55245E3D0AE0703D512F86B
:10890000013C2F2BDDD079B915F00200D1D0ED0656
:1089100000F1BB802F2110460CF0F3FD0038C6E7B4
:10892000294618F8010FDDE72F2909D1AC0707D533
:1089300010460CF0E6FD02460028C2D0444687E708
:108940001646029B25F0040A03F1FF3905F00207E1
:10895000B34629469BF80000FFF75DFF10F0FF04C7
:1089600006F10106ADD04B46524659464046FFF748
:108970005AFF01289DD12F2CEAD1002FE8D098E78B
:10898000002F9ED02F2F04D1A8079AD4294638460D
:108990000DE02E2FFAD1690707D5524591D0AB07CC
:1089A00003D512F8013C2F2B8BD029462E20FFF740
:1089B00032FF63788146212B01D05E2B15D1012334
:1089C0000234294614F8010B0193FFF724FFC6B2C5
:1089D0005D2E4FF0000B1ED02F2E09D1049BD3B17A
:1089E0005B2F7FF46EAF444645E044460023E8E742
:1089F0005C2E0AD1039B73B920785D280BD050B14F
:108A00002946FFF708FF0134C6B226B9B9F15B0F5A
:108A10003FF465AF55E723782D2B2FD12946607899
:108A2000FFF7F9FE10F0FF0018D05D2816D05C2883
:108A300004F102030BD115F0010F08D1E31CA0785B
:108A40000593FFF7E8FE10F0FF00DFD0059B4E45D1
:108A50001C4603DC4845A8BF4FF0010B294614F81B
:108A6000010BFFF7D8FEC6B25D2EB5D1019B5B4569
:108A7000CCD0611CB4D0A04601325FE74E4508BFA0
:108A80004FF0010BEAE7032013E7084611E7402304
:108A9000FFF7C9BE7047002303824369C360704774
:108AA000416A8968DCF7D4BCEFF31182402383F379
:108AB0001288BFF36F8F00230B60436833B9C0E99E
:108AC000001182F31188BFF36F8F70471960416006
:108AD000F7E7034610B5EFF31181402282F31288C5
:108AE000BFF36F8F006828B15C680268A0421A600B
:108AF00008BF5A6081F31188BFF36F8F10BD027AEF
:108B0000013202727047034618465B68002BFBD1A6
:108B10007047426810B52AB10B461C465B68002BB3
:108B2000FBD16260416010BD10B5044620B9084613
:108B30000B7A01330B7210BD034618465B68002B9D
:108B4000FBD1FFF7E6FF2046F5E783680B4403609F
:108B5000704703680B6043684B6083688B607047A5
:108B60008388026819448180D018704730B48488A3
:108B70000568A3188380281930BC0CF083BC10B59D
:108B8000838802685C1C8480D154D01810BD0346D1
:108B900000689A88401A11441860998070470268EA
:108BA000531E036083880133838002F8011C7047E1
:108BB00003468288521A8280006808441860704711
:108BC000034600689A88521A01449A8019607047D7
:108BD00010B5036801211C78FFF7EAFF204610BD9D
:108BE00010B5036802211C88FFF7E2FF204610BD84
:108BF00010B5036802211C88FFF7DAFF64BAA4B23B
:108C0000204610BD02688068101A70478388C288A9
:108C10008168D21A03685B1AD01A704713460A4655
:108C20000121FEF749B80A460121FEF73CB80020B1
:108C3000704708B5C26900685143FEF73FF9BDE8C7
:108C40000840DDF7E9B938B51446C5691A4605FB91
:108C50000141049B0068FEF71CF9BDE83840DDF7D0
:108C6000DBB938B51446C5691A4605FB0141049BBA
:108C70000068FEF7F9F8BDE83840DDF7CDB94FF0F0
:108C8000FF324FF0FF3300F58070EFF751BFEFF781
:108C9000C7BFF8B50E461746044643681D69284607
:108CA000FFF7EDFF3B463246216805F17C0005F0F9
:108CB00027F8044605F58070FFF7E9FF2046BDE878
:108CC000F840DDF79BB9F8B50E46174604464368F1
:108CD0001D692846FFF7D3FF3B463246216805F160
:108CE0007C0005F024F8044605F58070FFF7CFFFFF
:108CF0002046BDE8F840DDF781B9F8B50E461746C5
:108D0000044643681D692846FFF7B9FF3B463246D3
:108D1000216805F17C0005F00CF8044605F580702B
:108D2000FFF7B5FF04EAE470BDE8F840DDF766B987
:108D300038B5044643681D692846FFF7A0FF21683F
:108D400005F17C0005F076F8044605F58070FFF724
:108D50009EFF204638BD70B50E46044643681D6927
:108D60002846FFF78CFF3246216805F17C0004F0AD
:108D7000E2FF044605F58070FFF789FF2046BDE855
:108D80007040DDF73BB938B5044643681D69284695
:108D9000FFF775FF216805F17C0004F0AFFF044682
:108DA00005F58070FFF773FF2046BDE83840DDF71A
:108DB00025B970B5044643681E693046FFF75FFF6A
:108DC000216806F17C0004F097FF054606F58070E7
:108DD000FFF75DFF2046DDF7FDF82846BDE870404F
:108DE000DDF70CB970B505464368C2B01E690C4684
:108DF0003046FFF744FF29686A4606F17C00EFF72A
:108E0000F3FA054606F58070FFF741FF002D17DDE8
:108E10009DF8003002A99A1E534253412370019BD2
:108E2000FF22C4F80431601C0CF09BFB002384F883
:108E300000310025284642B0BDE87040DDF7DEB8BD
:108E4000F8D16570F5E738B50346084619461D693F
:108E5000DDF7B4F804462846FFF711FF214605F177
:108E60007C00EFF71FF8044605F58070FFF70FFF51
:108E70002046BDE83840DDF7C1B8F8B504460846DD
:108E8000214617462569DDF799F8214606463846FA
:108E9000DDF794F804462846FFF7F1FE22463146F6
:108EA00005F17C00EFF76EF8044605F58070FFF7DA
:108EB000EEFE2046BDE8F840DDF7A0B838B5034621
:108EC000084619461D69DDF779F804462846FFF77C
:108ED000D6FE214605F17C00EFF794F9044605F52E
:108EE0008070FFF7D4FE2046BDE83840DDF786B835
:108EF000034670B514461E690846D6F8E4201946A4
:108F000092692260D6F8E420D2696260D6F8E42043
:108F1000126AA260DDF752F83046FFF7B0FE06F1A4
:108F20007C0004F096FF054606F58070FFF7AFFE63
:108F3000002DA1BFA3685B1B0025E3602846BDE8A8
:108F40007040DDF75BB8034670B50846C2B01946FD
:108F50001E691546DDF732F804463046FFF78FFEEE
:108F600021466A4606F17C0004F0A2FE044606F59E
:108F70008070FFF78CFE002C10DB00249DF8003081
:108F800002A99A1E534253412B70019BFF22C5F840
:108F90000431681C0CF0E5FA85F80041204642B027
:108FA000BDE87040DDF72AB803898B420AD94368CF
:108FB00003EBC10053F831302BB94368002B08BFD5
:108FC0000020704700207047F0B5037885888779C6
:108FD000C679002013F0070FC3F3C10314BF0324A5
:108FE0000124012B28BF01230860087844EAC30349
:108FF00020F01F006DBA034352BA0B704A808D8077
:109000008F71CE71F0BD37B50C4605460846FFF7A7
:1090100042FD0823204645F8044B238250F80C4FAC
:109020001C44FFF7F3FD0022034600920321224671
:10903000284605F077FC03B030BD2DE9F04F85B030
:1090400005460E4690461F4605F099F920B96FF087
:109050004C0005B0BDE8F08F4FF0140900233446F2
:109060004FF0010A09FB08693B60284602A905F098
:1090700080F9DDE90232009368BB284605F0AAF9C1
:109080000028E4D00020E4E7A14598BF3446616899
:109090008A4214D12168009801920CF022FA019AB8
:1090A00068B9237CD3B9D4E9023128469847C0B1C6
:1090B00084F810A03B68143401333B60D5E71434C6
:1090C0000BF1010BD845DFD10021284605F04EFAFF
:1090D0000028CAD1D1E74FF0000BF3E76FF06F0023
:1090E000B7E76FF02200B4E70D2809D006D80228B0
:1090F00006D003280CBF0520012070470E28F9E791
:109100000320704710B5C2B00C466946DCF7DAFDA3
:1091100010F1160F09D0831C09D050B99DF800300A
:109120004BB9419B236042B010BD0220FBE70320F6
:10913000F9E70120F7E70420F5E7042804D802281E
:1091400007D808D00120704706280CBF0520012051
:1091500070470520704703207047002008B5D7F7F7
:1091600021FB00B5C7B021AB0190029301A804AB6D
:109170000393DDF7C9FE47B05DF804FB38B504463C
:1091800000F11005002200232846EFF799FD014663
:1091900000B938BD2046FFF7E4FFF3E7DCF7D6B9A6
:1091A00070B505460E46DEF7B1FC044618B1336BC8
:1091B0001BB129469847204670BDEA7A05F118018F
:1091C00018300CF05FF9F6E710B5044640B14B6B70
:1091D0000BB1183098472046BDE81040DCF7B6B90F
:1091E00010BD4FF48070704710B50446006818B188
:1091F000FFF7D4FF0023236010BD10B586B00346EF
:109200001446009103AA052104A8D7F7E3FA042124
:1092100004A8A04706B010BD2DE9FF41036804462D
:109220000E4615462BB1012D09D8002004B0BDE82B
:10923000F081DEF76BFC20600028F4D1F5E741F205
:10924000044337889F423BD040F606139F42ECD13F
:109250002068FFF720FC2068023D028A50F80C3F8E
:1092600003EB0208FFF7D2FC00950146B31C404611
:1092700003AAD7F72DFB38BB2268039B118A0B4446
:10928000138240F606139F4207D12068038A012B00
:109290001AD90C30FFF7ACFCA0802368A1881A8A89
:1092A0008A42C2D310D8D968002001F0CFFF03460C
:1092B00050B921680A8A023A0A8220682360B5E719
:1092C00023681B8A002BC6D12046FFF78DFFACE731
:1092D00030B5054614460A8885B08B78ADF8002075
:1092E00000210D220DF103008DF802300CF0F1F891
:1092F0006A466946284603F0ABF928B9BDF8002054
:109300009DF802302280A37005B030BD13B50C4625
:1093100001AA0331FFF7DCFF48B90322204601A967
:109320000CF0DFF8B0FA80F0400902B010BD002068
:10933000FBE710B50C46017822788AB08A420FD03C
:109340006946DEF749FE204605A9DEF745FE1022F4
:109350000DF115010DF101000CF0C3F80AB010BDBC
:10936000012A06D0022A07D072B940886388C01A41
:10937000F4E740686368FAE71022611C01300AB024
:10938000BDE810400CF0ADB86FF01500E6E7042A18
:109390000AD0102A0DD0022A4FF0000315D1037015
:1093A0000B88438001207047012303700B684360E2
:1093B000F8E7022300F8013B01F1100351F8042BF8
:1093C000994240F8042BF9D1ECE718467047012385
:1093D00010B50621044600F8013BEAF73DFE18B936
:1093E000A37963F03F03A37110BD0B6803608B8802
:1093F00083808B798371037823F0020303707047B5
:109400000078C0F34000704738B50446807ADBF737
:10941000F5FF6169054649B1637ADB0704D4436A05
:1094200020461B689B6898470023636121462846B5
:10943000BDE8384005F04ABC2DE9F04101F10C08C7
:109440000C46054600F10C01404617461E46FFF744
:1094500080FB4046FFF7D6FB012310FA87F06882B5
:109460006B72394640462F82FFF7A2FBE36828461D
:1094700073600023628AE360728163823460BDE8B6
:10948000F08138B50C46D1E900320546DA600B6848
:109490004A895A820868DCF759F8204610220021D0
:1094A0000CF017F82846BDE83840FFF7ADBF438AF7
:1094B00023B9C068B0FA80F04009704700207047B7
:1094C000D0F8A43083B15A7BD1070DD5D2060DD583
:1094D0001B7B102B14BF032304234372807A984212
:1094E0008CBF0020012070470223F6E70323F4E736
:1094F0000F2807D80D280BD8052808BF032018BF50
:1095000002207047132803D01A2808BF0120F6E76D
:1095100001207047FDF7C7BBFDF7CEBB034610B572
:10952000D3E8EF0F40EA0102C3E8E42F002CF7D1A3
:1095300010BD0023D7F786BFD0E8EF3F0B40C0E84F
:10954000E23F002AF8D17047C0F30723537000238D
:109550001070000ED070C1F30720090E93701371C4
:1095600050719371D171704710B5E0F723FF044635
:109570006FF480711030FFF7DFFF2046BDE8104028
:1095800000F047BAC368DB78012B01D1FFF7ECBFCD
:109590007047C368DB78012B01D1FFF7E5BF704747
:1095A0000020704710B503884288934219D8052BD4
:1095B00017D9B2F5486F14D88388B3F5FA7F10D263
:1095C00040F67644C088A0F10A0189B2A14208D8C9
:1095D00001339BB25343B3EB800F34BF0120002013
:1095E00010BD0020FCE74FF44070704708B5E6F767
:1095F000C5F918B1C089003818BF012008BD70B581
:1096000006460D464FF0FF304FF0FF31DFF7DEFA30
:10961000044618B9BDE87040DEF75ABE03210C308D
:10962000FFF79EFA068085702146BDE8704042F241
:109630002100DFF7A1BC70B506460D464FF0FF30A4
:109640004FF0FF31DFF7C2FA044668B103210C3056
:10965000FFF786FA068085702146BDE8704000223B
:1096600040F20640DFF716BE6FF0680070BDC368B9
:10967000187808B1DEF7AABE1846DFF7AFBF38B5D5
:109680004FF0FF3105464FF0FF30DFF79FFA0446F9
:1096900068B102210C30FFF763FA2B882146038062
:1096A0000022BDE8384042F21600DFF7F3BD6FF04C
:1096B000680038BDF8B507460E464FF0FF304FF052
:1096C000FF311546DFF782FA044678B106210C30E7
:1096D000FFF746FA3B884680038085802146BDE837
:1096E000F840002242F22200DFF7D4BD6FF068009C
:1096F000F8BD2DE9F047814688464FF0FF304FF026
:10970000FF3117461E469DF820A0DFF75FFA054699
:10971000A0B107210C30FFF723FAB9F8003080F828
:1097200002800380C7700671A0F805A02946BDE835
:10973000F047002242F23200DFF7ACBD6FF0680064
:10974000BDE8F08708B500200021DFF731FD18B132
:10975000BDE80840DFF70ABCBDE80840E1F7B6BD48
:10976000072208B50BF0BDFEB0FA80F0400908BD35
:10977000FDF799BA0B6803608B8883808B798371BE
:109780007047D0E8AF0F7047F8B50F46144638BBA6
:109790004FF0FF304FF0FF31DFF718FA054610B3F6
:1097A00027210C30FFF7DCF9224606463946FFF741
:1097B000E1FFC31D04F1100152F8040B8A4243F883
:1097C000040BF9D11022002106F117000BF081FEE5
:1097D0002946BDE8F840002242F22700DFF75ABDD3
:1097E0006FF01500F8BD6FF06800FBE7037A0246E2
:1097F0005B0705D501462A3211F8010BFFF7C4BFFC
:10980000704738B54FF0FF3105464FF0FF30DFF7B6
:10981000DDF9044658B129460C30FFF7B0F921466E
:10982000BDE83840002242F22D00DFF733BD6FF073
:10983000680038BD10B400F11003D3E8EF2F22F414
:109840000051C3E8E41F002CF7D1930403D5012194
:1098500010BC00F0DCB810BC704770B5044686B090
:109860000E4601300131FFF77BFF2A34162200211A
:10987000054668460BF02DFE1022694620460BF087
:1098800030FE40B11022204606F12A010BF029FEDD
:10989000002808BF0125284606B070BD38B54B68C2
:1098A00005460C4673B90B7A13B9037A5B0709D5E1
:1098B00020682A7803789A4204D02946FFF7CDFF22
:1098C00000B1656038BD00F1100208B503461046CE
:1098D000FFF757FFC1050DD5D2E8EF0F40F4005058
:1098E000C2E8E10F0029F7D11846BDE80840002181
:1098F00000F08DB808BD10B50C4630B919B1E5F7C8
:10990000FDFF00B1441C204610BD0024FBE718B148
:1099100011B10846E0F78AB86FF01500704713B52B
:10992000044680B106216846EAF796FB48B99DF8DF
:109930000530694603F03F0320468DF80530FFF7F8
:10994000E6FF02B010BD6FF01500FAE7003818BF4F
:1099500001207047037AD90704D523F0010303726D
:10996000E0F712BA990704D523F002030372E0F777
:1099700025BA7047034610F4004F0CBF072006209D
:10998000DA0348BF00F005009B0348BF00F0FB006E
:109990007047D0E8AF0F7047012303FA01F13AB1E5
:1099A000D0E8EF3F0B43C0E8E23F002AF8D1704710
:1099B000C943D0E8EF3F0B40C0E8E23F002AF8D1AE
:1099C000704770B506460D464FF0FF304FF0FF313F
:1099D00086B0DFF7FBF80446B0B10C3095B1012139
:1099E000FFF7CDF8204606F1100203A908230095E1
:1099F000DFF7DAF80022214642F20A00DFF74AFCDC
:109A000006B070BD2946EBE76FF06800F8E7FFF796
:109A1000D8BF183005F044BA10B50446FFF7F9FF77
:109A20002046BDE81040502200210BF052BD0368D3
:109A3000D90444BF43F48063036003689A0444BFBD
:109A400043F400630360704701F12003013813F809
:109A5000012D8B4200F8012FF9D1704700230B60D4
:109A6000436813B9C0E9001170471960416070473D
:109A7000D0F8B400003818BF012070470846896943
:109A800018301160426800211A6010F80D2C0BF09C
:109A900020BDFDF711B9034610B5D3E8EF0F40EA3A
:109AA0000102C3E8E42F002CF7D110BD437B072B44
:109AB00001D1E1F7A5B870472438E1F733B90022A6
:109AC00003680BB9184670478B4210D10B6842B936
:109AD00042680360914200D14360002301200B6083
:109AE000704713604368994208BF4260F5E71A4621
:109AF0001B68E6E710B50446006918B1DBF726FDE0
:109B00000023236110BD10B500F1C802D2E8AF3FB9
:109B10005BB1591CD2E8EF4F9C4204D1C2E8EC1F64
:109B2000BCF1000FF6D1F1D110BD1846FCE710B51D
:109B3000437B0446073B012B02D80121E1F746FA9B
:109B4000637B2BB12046BDE810400021E1F73EBA0F
:109B500010BD10B5437B0446023B062B16D8DFE848
:109B600003F009041515150B0900017300212046A7
:109B7000E1F72CFA002010BD0088FFF75CFD0028FB
:109B8000F9D1637B072BF5D10821F0E76FF07F0057
:109B9000F1E710B50446D0F8A40028B9207A04F102
:109BA0007001E5F7EBFE38B1E278C3892AB913F00A
:109BB000210F14BF0120002010BD13F0240FF8E77F
:109BC00038B583780446012B25D1437B072B25D15B
:109BD0000B0601F07F050BD54FF400410430FFF771
:109BE0005AFF2046A572E5F72DF988B9002038BD47
:109BF000437AAB42FAD2837AAB42F7D2031DD3E861
:109C0000EF1F21F40041C3E8E21F002AE9D0F6E784
:109C1000637AA372EBE76FF01500E8E76FF07F005F
:109C2000E5E78378012B0CBF407A0020704738B5F8
:109C3000037A04468B42154615D100F170010722C4
:109C400028460BF04EFC80B1E378072243B904F1BB
:109C50007E0128460BF045FCB0FA80F0400938BD83
:109C600004F17701F5E70020F9E70120F7E78378B1
:109C7000012B0CBF703000207047F8B507460D4629
:109C80004FF0FF304FF0FF31DEF7A0FF0646D0B1B6
:109C90000E210C30FEF764FF04460E2200210BF06B
:109CA00018FC3B88314623802B88002263806B8818
:109CB00042F21300A380AB88E380EB882381BDE8E8
:109CC000F840DFF7E7BA6FF06800F8BD8378012B42
:109CD00001D101F062B96FF015007047704710B5FF
:109CE0000446EFF739FE234653F8482BD2F8B41058
:109CF00061B9A164D2F8B81061B9C2E92D33EFF7A8
:109D00003FFE2068BDE81040E1F73CB98B42F6D039
:109D10000968EDE70B60C2F8B830F0E703682BB1D3
:109D200041681A688B42026008BF42607047704702
:109D30002DE9F843446B002C55D054F8085905B16F
:109D4000083D002701E02C461D46D4E900682EB3EB
:109D5000EFF702FE0022D6F8B43004F1480163B1F7
:109D6000994232D1A36C42BBD6F8B820C6F8B430C1
:109D7000914201D1C6F8B830A764EFF701FE04F1B3
:109D80003009002200234846EEF79AFF0646F8B94C
:109D9000D8F804300BB1204698472760E3680BB130
:109DA00020469847D8F820300BB120469847D5B1C7
:109DB000AB68002BC7D0083BC5E71360D6F8B830B6
:109DC000994208BFC6F8B820D6E71A461B68C6E70E
:109DD000B36923B16FF06D02F1692068984730468E
:109DE000DBF7B4FBCDE7BDE8F88338B5436B0D4630
:109DF000BBB1184650F8084904B1083C53F8043C7C
:109E00009B680BB1294698475CB12046A46843681B
:109E100024B19B68083C002BF4D1F6E79B68002B2B
:109E2000F0D138BDF8B50F4600210546164600238F
:109E30004FF224420846E1F791FE044620B9284635
:109E4000BDE8F840E1F74EBE04210C30FEF788FE75
:109E50000570477046802046F8BD406B28B1838B63
:109E600008388B4201D08068F8E7704710B54AB9CE
:109E700089B2FFF7F2FF28B143689B6913B1BDE8CF
:109E80001040184710BD38B50D460521FFF7E5FF16
:109E9000002329461A46E1F77BFE044610B1284606
:109EA000DBF754FB204638BD406B28B18389083866
:109EB0008B4201D08068F8E770477047034600681E
:109EC00028B15968026888421A6008BF5A60704712
:109ED0000346002003B970471A8A5B681044F9E70B
:109EE00010B5D4680231237813B92170012010BD58
:109EF0008B42FBD0038A023B038200201061F6E70D
:109F0000FCF7D1BE2DE9F04104468868FFF7E0FF79
:109F1000638D628B0D46934228BF134683421DD347
:109F20000027A165D1F808808F60EFF715FD414645
:109F30002046E2F743F8064638B1C5F80880A76521
:109F4000EFF71EFD3046BDE8F081618D638B28463A
:109F5000994228BF194600F0A0FEF1E76FF079069C
:109F6000F0E773B51446014605464FF49572206834
:109F700000F0EAFD207530B92946206800F090FE17
:109F800020B908232375002002B070BD237AB3B135
:109F9000A3F11802534253419B000193638A29465F
:109FA0000093AE68238AE2682068B047002808DB87
:109FB000238A98420CD1002301202375E4E7022371
:109FC000EBE710F1FF0F03D34042C0B22075DAE790
:109FD0000E20FBE71FB5CDE9012300231A460093AD
:109FE000E3F7F6FB05B05DF804FB38B504460D4613
:109FF000E1F7E4FF30B1294604F15C00BDE83840E8
:10A0000004F059BE38BDF8B5936805460F461446AE
:10A01000166863B9506801210C30FEF7A1FDA060FD
:10A020002B681B78002B14BF022301230370A36845
:10A030001B78012B03D0022B1FD000201CE02B68C3
:10A040001B78002BF9D1606804210C30FEF788FDE5
:10A05000E06007802A68E36852885A806168728DE0
:10A06000738B088A9A4294BFC0EB0200C0EB0300D6
:10A07000042894BF00200120F8BD2B681B78022B18
:10A08000DBD1606812210C30FEF76AFDE0600780CA
:10A090002B68E268591C0232113351F8040B9942C3
:10A0A00042F8040BF9D16168728D738B088A9A4269
:10A0B00094BFC0EB0200C0EB03001228D9E770B4D4
:10A0C00005686A6A52B3136803B1A83BA2F1A804F9
:10A0D0000022114600E0A83B844207D0668D648BC5
:10A0E000B14238BF3146A24238BF22461C462BB18E
:10A0F000D3F8A830002BEED18442EFD1438D408BB2
:10A100008B4201D890420BD9824238BF0246994215
:10A11000286838BF194670BCE4F746B81146EDE729
:10A1200070BC7047D0680431037813B90170012006
:10A1300070478B42FBD0002091680B8A043B0B8256
:10A140001061704770B504460E4600220023084691
:10A15000EEF7B6FD054658B101462046E1F72EFF61
:10A16000044618B12946304604F0B0FD204670BDC3
:10A170006FF00104FAE72DE9F04F044685B0104670
:10A1800090469946FFF7A4FE638B628D8B469342FF
:10A1900028BF1346834240F293806368404603938E
:10A1A000FEF7B1FC4FF0000A06464046FFF790FE6E
:10A1B000628B638D06F10C079A4294BFC0EB0205D7
:10A1C000C0EB03053846FEF721FD854217D2404615
:10A1D000FFF77EFE628B638D9A4294BFC0EB02054F
:10A1E000C0EB03058DBB98F80A00DBF707F90022E6
:10A1F0000023FEF755FC064630B9574636E0384690
:10A20000FEF704FD0546EDE701464046FEF78CFCEF
:10A210004046FFF75DFE628D638B06F10C079A42A4
:10A2200094BFC0EB0205C0EB03053846FEF7EEFC19
:10A2300085421FD24046FFF74BFE628D638B9A42E8
:10A2400094BFC0EB0205C0EB0305F168328ACDF87C
:10A250000090DBF804700A4403985946ABB2B84743
:10A26000071E0CDABAF1000F18BF5746384605B082
:10A27000BDE8F08F3846FEF7C9FC0546E5E70E9BC2
:10A28000B3B9394606F10C00FEF76AFC4046FFF709
:10A290001FFE638D628BB944934228BF13468342ED
:10A2A000BA441FFA89F9A8D9AF423FF47EAFA4E7B8
:10A2B000394630460F9A0E9B98470028E1D19CE71B
:10A2C0000027D3E70022036803B970478B420FD100
:10A2D0000B683AB942680360914200D143600023A1
:10A2E0000B60704713604368994208BF4260F6E70D
:10A2F0001A461B68E8E7D0E8EF3F43F00802C0E8E1
:10A30000E12F0029F7D1C3F3C00070472DE9F041D8
:10A31000064690461F460D46B9B104220121E1F7D9
:10A320008DFF044618B9BDE8F041E1F7C5BE042130
:10A330000C30FEF715FC0570A0F80180C7702146AF
:10A340003046BDE8F041FFF750BEBDE8F08137B5BB
:10A350000C46054601F10C00FEF742FC228A03463A
:10A360000192E2681221009228461322E1F7C0FF11
:10A3700003B030BD37B50C46054601F10C00FEF7C1
:10A380002FFC228A03460192E268284600920022AE
:10A390001146E1F7ADFF03B030BD00232DE9F341D5
:10A3A00017681446D7F804800146137306469522B1
:10A3B000404600F0C9FB0546207330B9314640469F
:10A3C00000F06CFC28B908232373002002B0BDE81C
:10A3D000F081CDE9005531463846A388A268FFF7E1
:10A3E000CAFE002807DA10F1FF0F32BF0E204042EC
:10A3F000C0B22073E9E70120E8E700232DE9F3412B
:10A4000017681446D7F80480014613730646952250
:10A41000404600F099FB0546207330B9314640466E
:10A4200000F03CFC28B908232373002002B0BDE8EB
:10A43000F081A068798D7A8B038A914294BFC3EB37
:10A440000103C3EB0203012BEFDD02210C30FEF709
:10A4500087FBCDE900558046A38831463846A2687F
:10A46000FFF789FE031E06DA13F1FF0F2ABF5B42D6
:10A470000E23DBB2D8E70120A8F80030D6E707B5F5
:10A48000CA680C211388528800920D22E2F768FAFC
:10A4900003B05DF804FB07B50022CB680A211B88D6
:10A4A00000920B22E2F75CFA03B05DF804FBF8B50A
:10A4B000CB6805461F88BBB2162B19D90321E2F7DA
:10A4C00007F90646B0B102210C30FEF749FB002423
:10A4D0006FF008033146037044702846FFF785FD8E
:10A4E000F72328466B836F85FFF7E9FD2046F8BD0B
:10A4F0000420FCE70E20FAE7F8B5054650F8044CB6
:10A50000071F00F15003D3E8EF1F21F00401C3E857
:10A51000E21F002AF7D1FCB16B6D83B9636873B198
:10A52000201DFFF7CBFC064601463846FFF7EAFC44
:10A5300090B163683360A368666003B9A66038466B
:10A5400005F15801FFF7FEFD30B1384604F10C016A
:10A55000BDE8F840FFF7F6BDF8BD2DE9F041446ACB
:10A56000074634B354F8A86906B1A83E002307F1A2
:10A5700004081D4601E034461646A26D92B905B99D
:10A5800083B94046FFF79AFC054650B10146204684
:10A59000FFF7B8FC68B17B682B60BB687D6003B9CE
:10A5A000BD6023462EB1D6F8A820002AE3D0A83AF1
:10A5B000E1E7BDE8F08138B50546D1E8AF3FDB07FC
:10A5C00016D550F8040C98B16B6D8BB90430FFF7B9
:10A5D00075FC044660B10146281FFFF793FC38B1B3
:10A5E00055F8043C5A6822609A685C6002B99C6025
:10A5F00038BDE3F799B808B5E2F7B0FB08B3426A93
:10A6000002B3136803B1A83B32F88E0C32F87E2CEB
:10A61000904228BF104643B913E0934228BF134627
:10A62000984238BF1846A1F1A803D3F8A8105A8B56
:10A630005B8D0029F1D19A4228BF1A46904238BF5B
:10A64000104608BD1046FCE70A8A0023C968E2F7F5
:10A65000B3BC70B50E46E2F781FB044628B930461C
:10A66000DAF774FF6FF07F0070BD00F10C0528462B
:10A67000314604F020FB606A38B150F8A84904B1B3
:10A68000A83C2946FFF75EFD20B90020ECE71C46F8
:10A690006FF00100002CF8D0D4F8A83023B90230B4
:10A6A000F5D020461C46ECE7A83BF8E738B5054650
:10A6B0000C46EFF751F92846E2F750FB20B9EFF7C7
:10A6C0005FF96FF07F0038BD0023236083683BB9DA
:10A6D000C0E90144FFF741FFEFF752F90020F2E72C
:10A6E0001C608460F6E70120704708B5E2F736FB8E
:10A6F00078B1436A6BB1A83B03F15402D2E8EF0F83
:10A7000020F00800C2E8E10F0029F7D1D3F8A83003
:10A71000F0E708BD08B50421FFF7C6FB20B15030B3
:10A72000D0E8AF0FC0F3C00008BD10B5029CA3680D
:10A7300033B1B1F5807F28BF0E21CAB221469847B8
:10A74000A37DE268013BDBB2A37522B11BB92046B1
:10A75000BDE81040104710BD106091800020704788
:10A76000F0B5076806463D78144689B0E5B97B88A0
:10A77000B3F5245F04D011D8A3F52053032B13D8CD
:10A78000ADF80A10022220460DF10A01E2F76CFD35
:10A7900070B16FF01502C4F8182306E003F55643B4
:10A7A000FF339BB2042B1DD90125284609B0F0BD0B
:10A7B0007B88022220460DF10A01ADF80A30E2F74B
:10A7C00053FD0028E5D1009003AA13233146776892
:10A7D000B847021EDFDB03A92046E2F745FD00284B
:10A7E000E2D0D6E7ADF80A10022220460DF10A01A8
:10A7F000E2F73AFD0028CCD17B880222ADF80A307E
:10A800000DF10A01E8E7072208B50AF06AFEB0FA7E
:10A8100080F0400908BDD0E8AF0F7047012310B5A4
:10A8200003FA01F1D0E8EF3F43EA0102C0E8E42F68
:10A83000002CF7D1194214BF0120002010BD0B6875
:10A8400003608B8883808B7983717047034610B5D2
:10A85000D3E8EF0F00EA0102C3E8E42F002CF7D1A0
:10A8600010BDF8B599420446DDE906070D46089E7D
:10A8700001D90020F8BD914201D20120FAE760B968
:10A880008FB933882946013B33802046099B0A9AB9
:10A8900098473388002BEDD1EBE72168FEF749FD9F
:10A8A0000028EDD0E9E7E368BB42E6D1E9E770B5FF
:10A8B0000D46064611F8010BE0F7A4FF044610B15F
:10A8C0002C89E0F747FBA87A05F10B01E0F79AFF26
:10A8D00028B16B8A9C4238BF1C46E0F73BFBAB8A31
:10A8E000A34207D0AB69AC8223B121463046BDE814
:10A8F0007040184770BD38B5BDF810401546A242EB
:10A900000CD84CB16BB1A21A8A42A8BF0A4694B2C5
:10A91000224659190AF0B6FD204638BD6FF00600F0
:10A92000FBE76FF00D00F8E730B585B0C968144655
:10A930001D46E2F7FDFC00B100890223ADF80E00D0
:10A94000009329462046BDF820200DF10E03FFF7A5
:10A95000D2FF05B030BD1FB50C461946E36810465E
:10A960001C78BDF818203CB110240133069404B0C3
:10A97000BDE81040FFF7BFBF5B88ADF80E30022383
:10A9800000930DF10E03FFF7B6FF04B010BD30B514
:10A990001D46002385B014468DF80C30E2F77AFC92
:10A9A00010B1037A8DF80C3001232946009320461C
:10A9B000BDF8202003ABFFF79EFF05B030BD2DE9A9
:10A9C000F04114461D46BDF81870DEF7CBFA064676
:10A9D000D3F7E8FF80B2069033463A462946204630
:10A9E000BDE8F041FFF787BF30B585B014461D467E
:10A9F000FEF7F9FD0223ADF80E000093294620462C
:10AA0000BDF820200DF10E03FFF775FF05B030BD36
:10AA100010600020704738B504461546FFF763FE06
:10AA200050B12046E2F736FC30B1037ADB0703D59C
:10AA300000210C30FFF7F2FE35B9207A04F17001E5
:10AA4000E2F756FC00B1856038BD70B500F17006C4
:10AA500005463146007AFEF7C9FD04463146287A9C
:10AA60003CB1E2F745FC18B100230360436083600A
:10AA700070BDE2F73DFC0028FAD0046044608460B9
:10AA8000F6E7022A10B508D1002300F170011A463A
:10AA9000007AE2F771FC022010BDFFF7D6FFFAE75B
:10AAA00013B5044610B9002002B010BD00238DF884
:10AAB000043042F60303006801A9ADF80630FEF742
:10AAC00038FC0028EFD1E36898880028ECD12046B4
:10AAD000E2F74EFE013080B2E6E770B5CC681E4664
:10AAE000A37988B008468DF80C301546FFF7D8FFDB
:10AAF000ADF80D00246823786BB96388ADF80F308A
:10AB00000523009331462846BDF8302003ABFFF7FC
:10AB1000F2FE08B070BD631C0DF10F02113453F842
:10AB2000041BA34242F8041BF9D11323E9E71FB524
:10AB3000CDE9012300231A460093E2F749FE05B050
:10AB40005DF804FBFFF757BD38B54C8AD3070546BF
:10AB5000C4F30E0404D514F0950F2AD04B6843B308
:10AB6000900704D514F4957F25D08B681BB314404F
:10AB700014F4DE7F0DD0EB7A2BB92846FFF709F8E5
:10AB8000D8B9052038BD14F0300F04D114F4C07FBB
:10AB900007D10020F6E72846FFF743F80228F5D84A
:10ABA000EFE7D5F8A430002BEBD05B7BDB06E8D5D4
:10ABB000EFE70220E6E70320E4E70F20E2E7F8B53D
:10ABC00014460F46942261680646FFF7BDFF20BB7E
:10ABD000012230466168E2F74DFF08B3A2891B21CC
:10ABE00030460232E2F778F90546E0B1A1890C302F
:10ABF0000231FDF7B5FF20F8027BA289A1680AF0B7
:10AC000041FCD4E9041228460123E2F71BFB294644
:10AC10003046BDE8F840FFF71CBD4FF0FF30F8BDEF
:10AC20006FF01500FBE76FF00B00F8E7F8B506468C
:10AC30000F46E2F72FFBD0B1037ADB0717D500F1FF
:10AC40000C042046FFF7E7FD10F001050FD17FB19E
:10AC50006FF002012046FFF7F9FD10F002073046C1
:10AC600008D0FFF742FD29462046FFF7D7FD012512
:10AC70002846F8BDFFF737FD0028F9D03046FFF72A
:10AC800049FD0028F4D06FF002012046FFF7DEFDF9
:10AC90003046FFF72AFD3946E6E770470120704746
:10ACA0000120704707207047FBF7FDBFD0E8AF0FCA
:10ACB000084100F00100704738B50A46034609B95B
:10ACC000012038BDC88910F0240FF9D0197D5D7BB3
:10ACD000147BA94228BF29468C4201D90020F0E705
:10ACE000810612D4527BD207EAD51A7A002AF5D00F
:10ACF0000521181DFFF7DAFF0028E1D1187A013885
:10AD0000012894BF00200120DBE70521181DFFF773
:10AD1000CDFF0028E6D1E1E701238B40DB43D0E8FB
:10AD2000EF2F1A40C0E8E12F0029F8D17047FBF758
:10AD3000C3BF08B50621FFF7B7F818B9BDE808404A
:10AD4000E3F7DCBAEC3808BD0720704701238B40DD
:10AD5000D0E8EF2F1A43C0E8E12F0029F8D170475F
:10AD600008B50E21FFF7F2FF002008BD38B5042119
:10AD70000446E3F749FB054698B110210C30FDF776
:10AD8000EFFE04F1270304F1370253F8041B93424A
:10AD900040F8041BF9D120462946E3F7D5FA0020F4
:10ADA00038BD0820FCE770B5D0F8EC300446DB78FD
:10ADB000012B19D1CD68061D10213046FFF7ACFFDD
:10ADC0002B4604F1B70205F1100153F8040B8B4236
:10ADD00042F8040BF9D107213046FFF767FF28B18D
:10ADE00009213046FFF7B2FF002070BD0A2130462E
:10ADF000FFF75CFF0028F3D12046BDE87040E3F781
:10AE0000E9BB0720704707207047072070470123E0
:10AE100003FA01F1CA4330B5D0E8EF3F03EA020478
:10AE2000C0E8E54F002DF7D1194214BF01200020E2
:10AE300030BD38B504460025031DD3E8EF2FC3E825
:10AE4000E15F0029F9D104F5A07004F029F825721A
:10AE5000D4E8EF3FC4E8E25F002AF9D12046BDE81C
:10AE600038400121FFF772BF70B500F1700605464A
:10AE70000C460722304609680AF033FBB8B963680C
:10AE80001A682A679A88A5F874209B7985F8763025
:10AE9000D5F8A4305BB1A268934208D0626811680B
:10AEA000C3F801109188A3F805109279DA7170BD8A
:10AEB0002DE9F84FDDF82C80044692461F46BDF878
:10AEC0002890FFF736FF054600285AD0061DB9F135
:10AED000000F27D15AEA070324D103213046FFF798
:10AEE000E5FED0B301213046FFF7E0FEA8B32C7D8C
:10AEF0006B7B05F147019C4228BF1C462246404619
:10AF00000AF0C0FA0F2C06D80021C4F1100208EB99
:10AF100004000AF0DEFA30460121FFF717FF012096
:10AF2000BDE8F88FD4F8A430F3B904F1700B5A4699
:10AF30002020217AE4F7C6FCC4F8A40030B95A46B0
:10AF40000120217AE4F7BEFCC4F8A400B9F1000F97
:10AF50000AD15AEA070704D006E0D4F8A430002B3F
:10AF6000E3D0D4F8A41071B90F213046FFF79EFE4C
:10AF700020B1022206212046E0F7F0FB2846FFF729
:10AF800058FF0020CCE7CB899B06EDD50C7B1A310E
:10AF90002246B4E76FF08500704738B5FFF7C9FE69
:10AFA000044610B96FF0150038BD051D0A2128466A
:10AFB000FFF72DFF0028F5D007212846FFF776FE82
:10AFC00028B109212846FFF7C1FE0020ECE7102137
:10AFD0002846FFF76BFE09210028F3D12846FFF72A
:10AFE00065FE0028F1D02046E3F7F4FA0146002878
:10AFF000EBD02046E4F780F8E7E770B50446082078
:10B00000E3F732F90546E0B1061D08213046FFF7A7
:10B0100083FEBCB30721FFF77FFE234605F19702AD
:10B0200004F1200153F8040B8B4242F8040BF9D1D0
:10B030000A213046FFF73AFE70B109213046FFF78A
:10B0400085FE0720E3F710F90446E8B1E3F79EF91F
:10B050000146C8B1204612E010213046FFF726FE17
:10B0600009210028EAD13046FFF720FE0028E8D069
:10B070002846E3F7AFFA01460028E2D02846E4F775
:10B080003BF8DEE70B21F9E770BD70B50446A0F18F
:10B09000EC0650F8543BE83CD3F8A45003F000FF12
:10B0A00003212046FFF702FEA0B108213046E3F756
:10B0B0008DFF3DB1EB8913B16B7B9B0702D5284611
:10B0C00000F029F83046BDE870404FF4BC72002112
:10B0D0000AF0FFB901212046FFF7E8FD0028E4D17E
:10B0E0000F212046FFF7E2FD0028DED1E1E770B531
:10B0F00004460D461646E4F7E5FB38B931462846C6
:10B10000E4F7ACFB10B1C3891C43C48170BDC38993
:10B110001943C181704710B5037A04465B0701D516
:10B12000DEF74CFE2046BDE81040402200210AF028
:10B13000D0B9531E1944024411F8013900F8013BFB
:10B140009042F9D1704710B5431E00F1100207304C
:10B1500013F8011F12F8014D83421C701170F7D1D2
:10B1600010BDF0B50E4614461D4697B0014620228C
:10B1700005A81C9FFFF7DDFF202231460DA8FFF731
:10B18000D8FF2146102201A88DF85450FFF7D1FFB7
:10B190003B46412205A901A8E4F798FC044610B9F2
:10B1A0003846FFF7D0FF204617B0F0BD2DE9F04339
:10B1B00016461D4697B00446DDE91F98102205A8E3
:10B1C000219FFFF7B6FF1022314609A8FFF7B1FF14
:10B1D000102229460DA8FFF7ACFF03221E9911A8E3
:10B1E000FFF7A7FF494611F8013BD9F801008DF898
:10B1F00047308B880622129012A8ADF84C30FFF72A
:10B2000098FF414611F8013B06228DF84E30D8F8E0
:10B2100001300DF14F00CDF84F308B88ADF8533031
:10B22000FFF787FF2146102201A8FFF782FF3B4668
:10B23000412205A901A8E4F749FC044610B93846A3
:10B24000FFF781FF204617B0BDE8F0830A448A4229
:10B2500000D1704711F8013B40BA80B25840C0F3AA
:10B2600003134340180380B24340580100F4FF50D9
:10B270005840ECE708B501F019FB002818BF6FF043
:10B280000D0008BD3038704700207047EDF74ABD0B
:10B290000C220369C9B201FB0233186C00F00700ED
:10B2A000704770B5C9B20369EFF31185402484F388
:10B2B0001288BFF36F8F0C2606FB0134246C14F048
:10B2C000C00408D0A24206D085F31188BFF36F8F67
:10B2D0004FF0FF3070BD012271430B441A6485F3B7
:10B2E0001188BFF36F8F43680B445B689847002059
:10B2F000F0E78022FFF7D5BFF8B5069F0469C9B211
:10B30000EFF31186402585F31288BFF36F8F0C256C
:10B3100069430C44256C05F0070CBCF1010F0BD1FF
:10B32000276486F31188BFF36F8FC4E90E23436847
:10B330005B5898470020F8BD05F0C005AF4286F382
:10B340001188BFF36F8F0CBF6FF077004FF0FF30A5
:10B35000F1E713B580240094FFF7CEFF02B010BDD3
:10B3600010B41C240069CBB203FB0400002110BC04
:10B3700010471046EDF7D6BC01F0BBB9E8F71EBF89
:10B38000022804D0042804D10020E5F711B80120D8
:10B39000FBE7704740F272607047084608B51146F7
:10B3A000F5F7EAFF002818BF6FF0040008BD08B5E4
:10B3B000F6F770F9002818BF6FF0040008BD2DE9FA
:10B3C000F0470024836886B0884691465B6902AAEC
:10B3D00001A99847A2462546029BAB4202D806B077
:10B3E000BDE8F0870026019F07EBC5077B68049343
:10B3F0003A680AEB0603B24202D89A460135EBE7F7
:10B4000049460394059303A8C0470028E7D0049B4E
:10B4100001361C44ECE770B5037B04460BB101F028
:10B420007EF90026A06800B970BDB0F5007F28BF86
:10B430004FF4007005460246D4E90010E5F7ECF839
:10B4400063682B44636023680BB12B442360A368BB
:10B450005B1BA360002BE5D0237B0136002BE1D0E2
:10B46000304601F05DF90028DCD00120DCE7084619
:10B470000021E5F7F5B8084611461A4609B1E5F787
:10B48000EFB86FF015007047436800205B68DB6819
:10B490000B607047436802EA01005B6821EA020121
:10B4A0005860002099607047436800205B685960CD
:10B4B0007047436800205B689960704743685A682A
:10B4C000136821EA03000B4050600020936070472E
:10B4D00010B503695868F8B1884219D19C680868AA
:10B4E000A142586000D19860002008602AB15A68D3
:10B4F0000A609A68596002B99960002010E08142A0
:10B5000006D10868206098688142EDD19C60EBE725
:10B51000044600680028F2D1002AE8D16FF0150037
:10B5200010BD00207047E9F7D3B930B54368136008
:10B53000057A446804EBC504A34202D36FF001000E
:10B5400030BD5C798C4201D00833F0E70020F7E78A
:10B5500048B11F302CBF01210021400940EAC160E1
:10B560004909EEF7C9BA704710B50469204603F0DF
:10B5700005FB0023636110BDF8B5876806467C684B
:10B580009CB1436893F82630DB071DD405694FF062
:10B59000FF334FF0FF322846EDF7CAFA6B69002BF4
:10B5A00005DC00242846EDF73BFB2046F8BD013BB7
:10B5B0006B61002BF5D17B6830469847041EBEBFF7
:10B5C0006B6901336B61EDE70024EEE7F0B4D0E97D
:10B5D00001631B693BB177688F4208DB3568954290
:10B5E00005DCF0BC18476FF05700F0BC70476FF0F7
:10B5F0001500FAE7F0B4D0E901631B6A3BB1376983
:10B600008F4208DBF568954205DCF0BC18476FF007
:10B610005700F0BC70476FF01500FAE770B4D0E93E
:10B620000162956A03460C46A5B196F8242012B92A
:10B630002B4670BC1847306A024410F8011BA14227
:10B6400002D121461846F3E79042F6D16FF085000B
:10B6500070BC70476FF05700FAE72DE9F3410E46D2
:10B66000D0E9014794F825108046FF2905690FD1DC
:10B6700094F82610C1F38101022914D0D8F80830BB
:10B6800000391B6B18BF01214BB96FF0570003E065
:10B69000FFF7C4FF0028EBDA02B0BDE8F0814046B6
:10B6A00098470028F8DBA268B2F1004F05D0114698
:10B6B0004046FFF78BFF0028EEDB6269B2F1004FD6
:10B6C00005D011464046FFF795FF0028E4DB2368CC
:10B6D000B3F1004F14D0D8F808305B69002BD4D0F8
:10B6E000404601A998470028D6DB2268019B9A4270
:10B6F0001CDD11464046FFF769FF002805DACBE75D
:10B700006FF0004362689A42E5D19EB994F8263002
:10B710009B0716D040463B6898470028BCDBA069D1
:10B72000FFF716FF6B6901336B610AE062689342B1
:10B73000EBDDDEE76B6901336B6194F82630DA06E6
:10B7400001D40020A8E74046FFF716FFA4E7012335
:10B7500003FA01F103691B68194218BF82F0010264
:10B7600012B18368DB68184783681B69FBE708B57B
:10B770004368986A38B1012293F82C10FFF7E7FF6D
:10B7800000EAE07008BD6FF08500FBE743681868C9
:10B79000B0F1004018BF012070470346084631B998
:10B7A0005B681B68B3F1004F01D0136070476FF006
:10B7B000150070474368986A20B1002293F82C1056
:10B7C000FFF7C5BF6FF0850070470020704710B4C9
:10B7D0000269436811681B68D3F8304171B17CB1CC
:10B7E00000244C611168C97B19B94FF48051C3F82A
:10B7F000081311688C7B1CB100238B7310BC70473D
:10B80000D3F8141121B10021C3F81411D3F8143165
:10B8100012681368002BF1D0516810BC18474368B8
:10B820001B68D3F88004C3F880047047426813682B
:10B83000D3F84C0150B10020926A12780A70C3F814
:10B840004C01D3F84C2101229A6270474FF0FF302F
:10B850007047002A0FDD42681368D3F84C0158B1D5
:10B860000020C3F84C01D3F84C010120926A1278F1
:10B870000A70986270470020704710B543681C68D2
:10B880000369EFF31180402282F31288BFF36F8FB8
:10B890001A68D17B39B9917301221B68DA734FF4AE
:10B8A0008053C4F8043380F31188BFF36F8F10BD49
:10B8B00003691A68D17B21B10121917300221B68B1
:10B8C000DA737047026903461168C87B40B15B6850
:10B8D0001B68D3F8300118B100234B6113689889B5
:10B8E000704743681B68D3F84C01003818BF01202B
:10B8F000704743681B68D3F8042312035CBF4FF4FE
:10B900000022C3F80423704743681B68D3F804235C
:10B91000120344BF4FF40022C3F8082370472022CB
:10B9200043681B68C3F804237047202243681B68E0
:10B93000C3F80823704738B5436804461D68D5F836
:10B940000433DB0405D4D5F8040310F4002006D139
:10B9500038BDFFF7B7FF0028F5D00120F8E72046F3
:10B96000FFF7BFFF003818BF0120F1E70120704743
:10B970000369186801601B685A60704773B54368B3
:10B980000E460DF107011C681546FBF720FA9DF8DD
:10B9900007304BB9C4F83C67C4F84057C4F830319D
:10B9A000D4F830310123236502B070BD13B501AA6C
:10B9B0000446FFF7BAFD002805DB019B22681979D0
:10B9C0001868E5F7A3F802B010BD10B504460022D0
:10B9D0000121C720D9F7EEF8C720D9F7C9F82046CA
:10B9E000BDE81040E5F7C2B910B5044600220121B8
:10B9F000C620D9F7DFF8C620D9F7BAF82046BDE847
:10BA00001040E5F7B3B90129F8B505460E4624D133
:10BA100043680021D868FFF7C9FF6F680021F86804
:10BA20003C682D69FFF7C2FF0823C4F800353B7A54
:10BA30008BB9BA6AC4F80427C4F80867C4F84C3153
:10BA4000D4F84C31A6622B682BB11B7C1BB14FF490
:10BA50000023C4F804330020F8BD00293ED1466815
:10BA60003468D4F850312BB30269116859B1D4F855
:10BA70000433C3F3C0430B7413681B7C1BB14FF436
:10BA80000023C4F808330123E362D4F82431002BE7
:10BA9000FBD00023C4F85031D4F85021C4F824312D
:10BAA000D4F82421C4F84C31D4F84C21C4F8143112
:10BAB000D4F814316B684FF47A751F68D7F83031B9
:10BAC00023B9012000F0F9FE013DF7D10121F06812
:10BAD000FFF76CFF0023C4F80035BCE76FF085006A
:10BAE000BAE7F8B50669054633689C891433944271
:10BAF000A8BF14460122D3E8EF0F002803D1C3E802
:10BB0000E72F002FF7D10CBF134600231FD1336856
:10BB10002246986809F0B6FCEFF31187402383F3BF
:10BB20001288BFF36F8F6B6831681B68D3F83031B0
:10BB30003BB91C464B6187F31188BFF36F8F2046DA
:10BB4000F8BD224628468968FFF718FFF3E71C4630
:10BB5000F5E708B50220E4F795FC002008BD08B51C
:10BB6000E8F7CCFF08BD70B5044600F5887630468E
:10BB700000F07CF80546B8B9D4F81801E5F730FCB8
:10BB80002068C4E9465510B1E5F72AFC256004F1A8
:10BB90000800FCF7F5FC201DFCF7FEFCC30706D5EA
:10BBA000BDE87040E5F7C6BAE5F71AFCDFE770BDFF
:10BBB00010B5262090B0E5F701FC044668B13422A8
:10BBC000002103A809F085FC012304A8029300F0DA
:10BBD0005EF930B12046E5F703FC0024204610B0A2
:10BBE00010BD0190204600F015F8262101AB02AAF5
:10BBF000E6F756FC0028EDD12046019900F00EF83A
:10BC0000ECE710B44368D4184460083310BC1844FF
:10BC100009F038BC43680833184470474368194436
:10BC2000083341601844704740687047416070476E
:10BC30004068704710B54268914228BF11460C46D3
:10BC4000521A083142600144083009F028FC2046AD
:10BC500010BD42680346914228BF1146521A084659
:10BC60005A607047FCF70BBDFCF70EBDFCF716BD24
:10BC7000FCF71EBDD0E90032511C41601344187A14
:10BC800070474368016803F1080202334360881873
:10BC9000FCF7E1BC03681BB15B684068181A704789
:10BCA0001846704770B50546FFF7F4FF904228BF6D
:10BCB000104604460E466B68286803F108012344C9
:10BCC0000144224630466B6009F0DCFB204670BD23
:10BCD00010B50246FFF7DEFF884221BF53681068A7
:10BCE00003F10804C91832BF00200019516010BDCB
:10BCF000F8B504460D46FFF79BFF06462046FFF7C2
:10BD000093FF002107462046FFF790FF02212046BF
:10BD1000FFF784FF023E0146B0B2FCF7A0FC012110
:10BD20002046FFF77BFF037839461D430570204608
:10BD3000BDE8F840FFF77ABFF8B50F4615461C4638
:10BD40000646FFF79EFF38803046FFF793FF00F06E
:10BD50001F012970003918BF0121069BC0F3801212
:10BD600021701A70079BC0F3C0101870F8BD08B599
:10BD7000FFF75EFFC0F50070033008BDFFF758BF46
:10BD800010B50C460221FFF749FF01462046BDE8E9
:10BD90001040FCF764BC10B5E6F794FB044660B1B4
:10BDA0000221FFF73BFF01460020FCF758FC012170
:10BDB0002046FFF733FFC0230370204610BDE6F78F
:10BDC00097BBC021FFF794BFF8B5044608680D463D
:10BDD000D2F7E8FD064614B96FF00B00F8BD204617
:10BDE000FFF7C5FFAF687B1D33449842F4D30221AF
:10BDF0002046FFF713FF0146B8B2FCF730FC0221E2
:10BE00002046AF88FFF70AFF01463846FCF727FCBB
:10BE100001212046FFF702FF0670324620462968BE
:10BE2000FFF7EFFED5E902212046FFF7EAFE0020EA
:10BE3000D4E77FB5002305930DF10D03019303AB08
:10BE4000049000930DF10A020DF10B030DF10E01A8
:10BE500004A8FFF771FF9DF80B305BB19DF80D3022
:10BE60009DF80C209DF80A1004A8E5F7C7FA07B062
:10BE70005DF804FB04A8E5F703FBF8E708B5E6F76F
:10BE800097F9BDE80840E6F7A5BAE6F719B9012326
:10BE900080F82830E6F71CB9E6F7CCBAE6F760B9C7
:10BEA000034630B1006820B15868003818BF01203F
:10BEB00070477047E5F7BEBD13460A460121FAF701
:10BEC000FBBE10B5012104461830FCF799FB20B1E8
:10BED000206AF4F7EFFF0023236210BD38B5044653
:10BEE0000D4618300121FCF780FB18B10020A58415
:10BEF000A06238BD6FF00F00FBE700B1C160704772
:10BF000070B504460D4602F037FA18B9002000F06B
:10BF1000010070BD2946204602F009FA30B12B68B5
:10BF2000FF2B07D90C21206AFFF7E7FF204602F01C
:10BF300053FAEBE7204602F01FFA0028F6D020461D
:10BF400001F0F5FF08B30021204605F1080602F0D4
:10BF500009FA98B13146204602F00BFA70B100237D
:10BF6000204685F8303001F0E9FF204602F030FA33
:10BF70000028DBD0204602F02BFAC8E7204601F06B
:10BF8000D9FF30B9204601F0D9FF204602F024FA4B
:10BF9000CCE70121204602F0E5F90028F2D0204646
:10BFA00002F0EAF90028EDD0204601F0C0FFC8B148
:10BFB000204602F0E1F970B13146204602F0D6F990
:10BFC00030B1EB68102B11D00C21206AFFF795FFE0
:10BFD000204602F001FA204601F0ACFF00BB2046EB
:10BFE00001F0ACFF204602F0F7F9CBE7204602F063
:10BFF000EFF90028EFD0002320462B7601F09EFFBA
:10C000000122204605F1190102F080F90028E9D04B
:10C010006B7E012B27D90B21206AFFF76EFFE1E72A
:10C02000204602F0A9F90028D9D03146204602F076
:10C030009DF930B1EB68082B07D00C21206AFFF77F
:10C040005CFF204602F0C8F9C9E7204606F1080166
:10C0500002F070F90028F4D0204602F0B9F9002867
:10C06000BDD00123C8E70122204605F11A0102F0E4
:10C070004DF90028B6D0AB7E013B012BCBD8204632
:10C0800005F11C0102F053F90028ABD0EB69FF2B3E
:10C0900001D90C21C0E7204605F1200102F066F924
:10C0A00000289FD06B6A062BF3D1204602F090F94E
:10C0B00000283FF467AF204605F1280102F037F968
:10C0C00000283FF45FAFAB6AB3F5803F04D30C2187
:10C0D000206AFFF712FF55E7012341E770B50D46CF
:10C0E0000221044602F0F0FB18B9002000F0010024
:10C0F00070BD2B68FF2B07D9236A0BB10C22DA60C5
:10C10000204602F0EDFBF0E72946204602F088FBCE
:10C110000028F5D00321204602F0D6FB0028EFD0FE
:10C1200095F83060B6B93146204602F093FB0028FE
:10C1300038D0204605F1080102F0A3FB90B303219B
:10C14000204602F0C7FB0028DAD00221204602F088
:10C15000C1FBCBE7012E25D13146204602F07AFB08
:10C1600000B30521204602F0AFFBD8B12B7E002B97
:10C170003BD13146204602F0A7FB80B1EB68102B83
:10C1800004D0236A43B10C22DA6005E0204605F1B1
:10C19000080102F073FB48B9204602F0A1FB2046DB
:10C1A00002F09EFB204602F09BFBA9E701212046FE
:10C1B00002F090FB0028F2D0697E002931D12046A0
:10C1C00002F048FB0028EAD0A97E02292CD12046A3
:10C1D00002F040FB0028E2D0EB69FF2B27D9236A4D
:10C1E000002BDCD00C22DA60D9E7012BD7D1022159
:10C1F000204602F069FB0028D1D0EB68082BC0D1A3
:10C2000005F108063146204602F038FB0028C3D06D
:10C21000204605F1100102F006FB0028BCD00221E7
:10C22000C5E70129BBD1CAE70129B8D1CFE720462C
:10C2300005F11C0102F0F4FA0028B0D06B6A062B5D
:10C24000CDD1204605F1200102F018FB0028A6D030
:10C250000521204602F03EFB0028A3D0AB6AB3F5CF
:10C26000803F05D3236A002B9CD00C22DA6099E72B
:10C27000204605F1280102F0D3FA5FE7FAF713BD73
:10C28000037D33B103681878A0F1FF035842584189
:10C2900070478068B0FA80F04009704713B50C46CB
:10C2A000694602F066F880B1019A63689A4203D940
:10C2B000E6F740FC02B010BD0099206809F0E2F8F2
:10C2C00000202268019BD054F4E76FF04C00F1E7A6
:10C2D0000121E6F7D5BCE5F711BAE5F7E9BA08B5EB
:10C2E000E5F7EEF9002008BD43680BB10846184792
:10C2F000704770B501230026416086818373044630
:10C300008868D8F779FFA06070B123681B6813B9FB
:10C310000025284670BD984705460028F8D0A0683B
:10C32000D8F784FFA660F4E76FF00B05F1E738B5A6
:10C330000025044685738068D8F778FFC4E9015565
:10C3400038BD38B5036805465B680C460BB1084636
:10C35000984784F001046400AC7238BD10B50446FF
:10C36000103002F09DFDA37A012B05D12046BDE8D7
:10C3700010400021FFF7E5BF10BD012910B502D81C
:10C380006FF0150010BD047804F0070364075370C4
:10C390000DD5042BF4D10229F2D10023C2E90133D7
:10C3A000137043780BB10C2353700020EAE74378F5
:10C3B00002390230137090605160F6E7032901BF23
:10C3C000037813704378537003BF83780020937011
:10C3D0006FF01500704738B50B461546044610B986
:10C3E0006FF0150038BD0029FAD0002AF8D0427845
:10C3F00002F007020A7041784A070AD52A68012A22
:10C40000EED9891001F002015970022300202B603F
:10C41000E8E78268002AE3D002785A708168981CA5
:10C42000814202D0626809F02DF863680233EDE7BB
:10C4300003780B7043784B7083788B70704708B526
:10C4400001F061FF00280CBF6FF04C00002008BD18
:10C4500008B501F055FF00280CBF6FF04C0000201C
:10C4600008BD70B5D30706460D4651F8084C01D4F7
:10C47000022070BDFEF766FB032808D9237E143D19
:10C48000033866612561A06023B1012B09D06FF0EC
:10C490000D00EEE72146E069E6F768FE0028E7D0E8
:10C4A000F5E72146E069FFF724FFF7E7132140692C
:10C4B000FDF74FBBF0B50D46D0E90476144687B0C2
:10C4C00018220021684609F004F869463046CDE993
:10C4D0000175ADF80C40E1F735FD07B0F0BD084639
:10C4E00008B511461A46C368187E20B1012808D045
:10C4F0006FF00D0008BDD869E6F756FE0028F9D0A8
:10C50000F6E7D869E6F704FDF8E7CB0710B508D4DD
:10C5100050F8084C237E2BB1012B07D00023C4E92F
:10C52000043310BDE069FFF719FFF7E7E069FFF793
:10C53000FEFEF3E710B54FF0FF304FF0FF31E7F7A5
:10C5400019F8044628B9C4F721F9044618B1E7F7E9
:10C5500019F8204610BDE7F715F82046DBF7AEFDC9
:10C56000F7E738B50B8A0D463BB101F10C00FCF73B
:10C570002FFB012818D0022803D06FF015042046A5
:10C5800038BD4FF0FF304FF0FF31E6F7F3FF0446C0
:10C590000028F4D1E868CEF7A3FF0446E6F7F2FFDF
:10C5A000ACB1E6F7F5FFEAE74FF0FF304FF0FF31AF
:10C5B000E6F7E0FF04460028E1D1E868E7F702FA71
:10C5C0000446E6F7DFFF002CD9D1E6F7E1FF284665
:10C5D000D8F7BCFF0024D2E7E7F742B910B5312203
:10C5E0000021044608F075FF202323708023A370E8
:10C5F0006FF03F0363710423A3722823A373022304
:10C60000E3730423A3756FF0080363760323A37613
:10C610006FF00F03E3767E232377302384F82030F6
:10C620006FF03F0384F82130792384F822306FF0D3
:10C63000010384F82330012384F82430802384F814
:10C640002630042384F82730402384F82D3010BD91
:10C6500008B50323D2F7CDF8002008BD08B5E7F7E9
:10C6600011FD002008BD08B5F5F714F848B1002306
:10C6700083F31188BFF36F8F0423184602DF6FF036
:10C68000040008BD08B54FF0FF314FF0FF30E6F76A
:10C6900071FFD2F7B6F8BDE80840E6F773BF684609
:10C6A00020F007018D4601B5CCF7C6FDBDE801407D
:10C6B00085467047684620F007018D4601B5CCF7E6
:10C6C000AFF8BDE8014085467047684620F0070195
:10C6D0008D4601B5CCF796F8BDE801408546704718
:10C6E000E8F71CBCE8F736BC08B5D1F7BDFE002062
:10C6F00008BD7047012802D10020CDF7BFBA7047AE
:10C700007047CDF771B808B5CDF744FF30B1EFF3FE
:10C7100005800338032894BF0020012008BD70471E
:10C72000012070478068203820F00F0020387047C3
:10C7300038B515460C4661B15AB1FAF7D8FB214617
:10C74000254411F8013B834203D1A942F9D10120CC
:10C7500038BD0020FCE738B50C46012311462246BF
:10C760000546FAF781FB00280FDB01222146284607
:10C77000FFF7DEFF38B92378012B14BF0223012312
:10C780000020237038BD0323FAE70120FAE72DE9E2
:10C79000F0431D4685B006460F469046FAF79EFBCD
:10C7A0006C1E044440420440102C01D9FCF725F8CB
:10C7B0003046FAF79CFB81462A464146684608F017
:10C7C00061FE4946621B0DEB050008F082FE234620
:10C7D0006A4639463046FAF75CFB003818BF01203C
:10C7E00005B0BDE8F08307B501238DF8042001AA48
:10C7F000FFF7CDFF03B05DF804FB8168012220390B
:10C8000021F00F01FFF7EFBF8268203A22F00F02FC
:10C81000FFF7A1BF0E2A13B5044601D9FBF7EDFFC0
:10C820000E29FBD841EA02118DF80710FFF77AFFB5
:10C83000012301460DF107022046FFF7A8FF02B0D1
:10C8400010BDF7B50C1E69460CBF174627460546B6
:10C85000E7F7C0FD78B99DF80060022E22D0032EC4
:10C860000BD0012E20D134B19DF80330032B02D11F
:10C870002846FFF7C2FF03B0F0BD002CFBD12846CD
:10C88000E7F786FD0028F6D157B12846FFF7B5FF38
:10C890000028F0D1002231462846FFF7BBFFEAE727
:10C8A0000226F7E7E01CE6E7FBF7A7FF01460020BA
:10C8B000E7F7E6BD03460020184702F03DB8024600
:10C8C00010B5116891B1B1FA81F3C3F11F000123D2
:10C8D000834021EA0303D2E8EF4F8C4204D1C2E83F
:10C8E000EC3FBCF1000FF6D1EBD110BD6FF00B00A7
:10C8F000FBE710B50368CB40DB0710D401238B4066
:10C90000026843EA0201D0E8EF4F944204D1C0E844
:10C91000EC1FBCF1000FF6D1F2D1002010BD6FF07A
:10C920001500FBE7F7B51646DDE90847019001A8B9
:10C930001D46E7F77DFE019BB6F1000C18BF4FF0D6
:10C94000010C00EB83000B1E18BF0123002D43EAEE
:10C950004C0314BF4FF00C0C4FF0000C002C43EABA
:10C960000C0314BF4FF4706C4FF0000C002F43EA1F
:10C970000C0314BF4FF4403C4FF0000CD0F8802063
:10C9800043EA0C0322EA030301B109780EB13678B9
:10C99000760019430DB12D78AD0031430CB12478E8
:10C9A000240229430FB13F783F040C433C43C0F8B5
:10C9B000804003B0F0BD1FB50DF10F0301930023BC
:10C9C0008DF80F101A4619460093FFF7ABFF05B01C
:10C9D0005DF804FB10B504460846E7F739FE04EBA2
:10C9E0004004A08AC0F3401010BD10B504460846AC
:10C9F000E7F72EFE04EB4004A08AC0F3400010BD10
:10CA000010B504460846E7F723FE04EB4004A08A6D
:10CA1000400B10BD70B5044608461646E7F718FEF1
:10CA2000083034F810300D46DA0509D5C3F3432336
:10CA300004EBC3023146284654F833305268984715
:10CA4000A3682BB131462846E268BDE8704018471C
:10CA500070BD10B504460846E7F7FAFD00B204EBD6
:10CA60004000838ADA051DD5C3F3432123F4F8532C
:10CA7000838204F1120204F1580032F8023F13F4E9
:10CA8000807F03D0C3F3432399420BD08242F4D179
:10CA9000002204EBC1035A6004F16000BDE81040BD
:10CAA000FFF727BF10BDF0B504460020012705465B
:10CAB000844695420AD1D4F8443133B10023C4F8F6
:10CAC0004431D4F8443140F40030F0BDEBB29B0067
:10CAD00003F580769B0807FA03F3194208D054F84F
:10CAE00006E0BEF1000F03D044F806C0A659184373
:10CAF0000135DEE738B504460D46FFF76BFFB0B1F0
:10CB00002046FFF772FF90B92046FFF779FF012317
:10CB100022688340C2F81833236800B203EB800315
:10CB2000D3F8102522F00302C3F8102538BD28469B
:10CB3000BDE838400021FFF73EBF2DE9F04317461E
:10CB4000044685B00846E7F783FDD7F800800E4617
:10CB50000546B8F1000F1FD02046FFF746FF18B179
:10CB60002046FFF737FF30BB00230DF10F02CDE960
:10CB700000338DF80E308DF80F30304643460DF1FE
:10CB80000E01FFF7CFFE2AB204EB4202938A23F094
:10CB9000020343F0010393827B68002B34D03146BB
:10CBA000204693F80080D3F80490FFF71EFF28B1C9
:10CBB000B9F1000F1FD06FF0150028E028B204EB88
:10CBC0004000838A23F4604323F020038382B9F179
:10CBD000000F10D0B8F1030FEDD87B6821685B68B7
:10CBE00093F800C001EB8C01B8F1000F12D1C1F82D
:10CBF0001085C1F810852AB204EB4202938A23F013
:10CC00001C0343EA88039382BB6853BB002005B032
:10CC1000BDE8F083D1F8102522F00302C1F81025F9
:10CC2000226802EB8C03D3F8102522F4473222F459
:10CC30007C72C3F8102541F6F072D3F8101502EAA1
:10CC4000061242EA08420A43C3F8102504EB4C03DB
:10CC5000A3F86460838A43EA4C3343F02003838261
:10CC6000C9E73146D3E900782046FFF7F2FE002FEE
:10CC7000CCD063689F4206D004F16000FFF71FFE2E
:10CC8000002804DAC3E7A3689845F5D1002004EB37
:10CC9000C003C3E901782DB204EB4505AB8AC0B2ED
:10CCA00043EA402343F48073AB82AFE7C0E9031249
:10CCB000704770B504461546FFF78CFE48B108462C
:10CCC000E7F7C6FC04EB40040020A38A5B0B2B7043
:10CCD00070BD6FF01500FBE790F87400003818BFC6
:10CCE00001207047E7F7EABC2DE9F34104461746F7
:10CCF000FFF770FE0D46266800B32046FFF775FE6D
:10CD00008046D8B92046FFF77BFE05B2AD0005F599
:10CD1000807246F802802168B2582944D1F8102563
:10CD200042F00102C1F810252FB10122216802FA58
:10CD300000F3C1F8143302B0BDE8F081D6F8143323
:10CD400028469B035CBF4FF40033C6F81433E7F763
:10CD50007FFC04EB4004A38AC3F38203042B11D0AD
:10CD6000052B11D001A80195E7F762FC019BC16872
:10CD7000D94001F001010231284602B0BDE8F0417E
:10CD8000FFF719BE0321F7E70221F5E7FFF7B2BE6F
:10CD900008B5E8F7FBF8BDE80840FFF7B2BCC9B238
:10CDA000E8F72CB910B50124A1F580739B0804FAAB
:10CDB00003F318400CD001F1502101F5502108680F
:10CDC00030B10020086020460968116819431160DD
:10CDD00010BD08B50246E8F74DF920B9BDE8084096
:10CDE0001046E8F7EFB96FF00F0008BD0368013394
:10CDF00004D04068431C5842584170470120704796
:10CE000010B504680B689C4209D0406849688842A4
:10CE100005D08C4203D0181A18BF012010BD002085
:10CE2000FCE740F30903B3F1FF3F08BF0130C0F353
:10CE30000900043070470A680368534003604A6879
:10CE40004368534043608A688368534083607047F7
:10CE50000346006830B95A682AB99868B0FA80F079
:10CE6000400970470020704708B5036802461B0D53
:10CE700013F4E06005D0101DFFF7C2FFB0FA80F098
:10CE8000400908BDC36E426D1944891AB1FBF3F223
:10CE900003FB1211836D8B4208D90123406ECA082F
:10CEA00001F007018B40815C0B43835400207047E5
:10CEB000024608B50846FFF7B4FF13680344136041
:10CEC000002008BD036B1944C1F30903003B18BFE0
:10CED000012321F0004141EAC37101630020704742
:10CEE000036801330360002070472DE9F04F87B0DD
:10CEF0000493836E139EDB691746DDE91148A2197E
:10CF00009A4281468A4600F2A680C36E1BB1109AEF
:10CF1000934240F2A080049B013B05930EB3BAF10B
:10CF2000000F3ED0DAF80030109A934239D1DAE996
:10CF3000015305EB030BA34533D9A54213D8ABEB43
:10CF4000040BB34528BFB346DAF80C10651B404606
:10CF50005A46294408F096FAB6EB0B06D8445C44CE
:10CF6000E0D1002074E02D1BB54228BF35463B6858
:10CF7000109A93421BD1D7E901130B44A34216D94F
:10CF8000A14210D81B1B9D4228BF1D46FB68611A99
:10CF900040462A46194408F075FAA8442C44761BEA
:10CFA000BCE73546E3E7091B8D4228BF0D46049BCD
:10CFB000B34220D8D9F868004369B4FBF3F203FB0D
:10CFC0001242C2B9B34216D8B5FBF3F203FB1253B7
:10CFD000A5EB030BCDF800B00393436822469C46B3
:10CFE00010994346E047002832D1039BD8445B1B8D
:10CFF0005C441E4492E7109B05993B60D9F8683069
:10D000005A69B4FBF2F302FB1343E21A7A60D9F8CF
:10D0100068501B1BD5F814C001EB0C002044B0FB7A
:10D02000FCF10CFB1101401AE969884294BF1B18FE
:10D030005B18A96A8B4228BF0B46BB60D9F8680011
:10D0400000934568FB681099A84700283FF467AF34
:10D0500007B0BDE8F08F6FF05300F9E71FB5C3F3D9
:10D0600009040294069C019400240094E8F7A2FCB1
:10D0700004B010BD30B5134604460268082087B0DE
:10D0800004AD916E03900295586801901B6810469C
:10D090000093CB6902F11001FFF727FF30B9284652
:10D0A000211DFFF7ADFE003818BF012007B030BDCD
:10D0B00010B5836E04465B6B13B9C068D8F7B6F839
:10D0C000A36E9B6B13B9E069D8F7B0F8A36EDB6B66
:10D0D00013B9606ED8F7AAF8002010BD2DE9F04F03
:10D0E0000646884691469A46002487B0119F0DF166
:10D0F000100BA74203D8002007B0BDE8F08F3D1BFE
:10D10000082D28BF0825109B4246E318CDE900A34F
:10D1100000213046CDE902B5A9EB0403FFF7E5FE97
:10D120000028E9D1129B2A4618685946EBF7A6F960
:10D13000129B2C441860DCE72DE9F04F0746884627
:10D1400091469A46002487B0129E0DF1100BA6421C
:10D1500001D800201BE0351B082D28BF0825109B97
:10D160004246E318CDE900A300213846CDE902B5D7
:10D17000A9EB0403FFF7B9FE48B9119B2A465846AC
:10D18000191908F0AEF9002804D005DA012007B01B
:10D19000BDE8F08F2C44DAE70220F8E730B51346FB
:10D1A0008268C1F30905AA4228BF2A4685B00292C7
:10D1B0004168044601915968009101681B6808465E
:10D1C000FFF7BAFF28B9A368AB4202D034BF0120F1
:10D1D000022005B030BD0023D4F734B91FB50023B9
:10D1E000CDE9023301934FF0FF330093E8F798FE47
:10D1F00005B05DF804FB30B4D1E9003482699A428D
:10D2000002D1C569A54204D0A24205D1C469A34296
:10D2100002D130BCE9F76EB9D1E90234A34206D19C
:10D220000A60C2695B004A600022CB608A608B683A
:10D23000002030BC01338B607047F8B5C6690D68BB
:10D24000083EB5420F4613D3B5FBF6F00138D1F7CF
:10D25000B1FB841CA5EB8404B4FBF6F42046D1F7A3
:10D26000A9FBA5EB8005204604FB16553D60F8BDE3
:10D270000020FCE72DE9F04F89B006460F46DDF8A7
:10D280004C8005924BB94FF0FF32C8F800200020C7
:10D29000149A136009B0BDE8F08F846E013B07A9B2
:10D2A00020460793FFF7C9FF12A905462046FFF75E
:10D2B000C4FF4FF0040A81460DF1140BA945059AED
:10D2C00003D3129BC8F80020E1E795FAA5F3A5EB7C
:10D2D0000904B4FA84F4B3FA83F3C4F11F049C4242
:10D2E00028BF1C46A300CDE90023002104233A46B1
:10D2F0003046CDE902BAFFF7F8FD0028CAD1012374
:10D30000A340ED1ADAE72DE9F04F89B00746DDE9D1
:10D31000120A884691461E46E0B10138059005A9DB
:10D32000B86EFFF78AFF04460DF1180B31461498CA
:10D33000D04778B974B104F00105C5F102039B0030
:10D34000CDE900604A4641463846CDE902B3FFF7D1
:10D35000CCFD10B109B0BDE8F08F069925B914983D
:10D36000D0470028F6D1012008AB03EB8000023D36
:10D3700050F8086C2C44D9E77FB50C4604310646BA
:10D38000E9F798FA054680BB21463046E9F792FA5C
:10D39000054650BB2246042342F8080FCDE902237C
:10D3A000019022680146009230463246FFF79DFD0B
:10D3B00010B110F1540F1BD1B36E5A6A002A0BDD65
:10D3C000A368013242F00102013B1344B3FBF2F1C6
:10D3D00002FB11329B1AA3604FF0FF330422C4E911
:10D3E00003230022C4E90523E361284604B070BD8D
:10D3F0000546FAE7C368184710B50C46826AFF2154
:10D40000E06808F066F84FF0FF33236010BD38B5D0
:10D4100081660B6A0446C3664B6B0D46002B3BD0FE
:10D42000C360AB6B002B43D0E36128462146FFF776
:10D43000E3FFA06E04F11001FFF7DEFFA56EEB6BBA
:10D44000002B3CD063662B6C002B08BFFF232367A7
:10D450006B6C002B08BF6FF00043636740F2FE3334
:10D46000AA6C002A08BF1A46A2672B6D591CE367F5
:10D470002CD10023E36700204FF0FF33C4E90A00FA
:10D48000C4E90833C4E90F00C4E90C00C4E9120080
:10D490006064A063206538BD886AD7F7ADFEE060A0
:10D4A0000028BED12046FFF703FE6FF00B00F2E725
:10D4B000A86AD7F7A1FEE0610028B6D1F2E7E86AD2
:10D4C000D7F79AFE60660028BDD1EBE7002BD2D1DA
:10D4D000EB6CA96A43B18A4228BF0A46DB089A422C
:10D4E00094BFE267E367C6E7EB69F4E72DE9F04331
:10D4F0000D4609689846CB1C0646174685B003D9E9
:10D50000002005B0BDE8F083806EAC6882691444E9
:10D51000013CB4FBF2F302FB1343E41A0094D0F88D
:10D520000890EB686A68C8470028EAD1B8F1000F94
:10D5300004D12946B06EFFF75FFFE1E74FF0FF33FC
:10D540003B600294EB68224601936B683946009376
:10D5500030462B68FFF7F0FD0028D2DBE9D06FF0F2
:10D560005300CEE72DE9F74F0646DDE90D5A0C468C
:10D57000904699464FF0000B0F9F67B9384638E048
:10D580000C9B2360B36E9A69B5FBF2F302FB135355
:10D59000EB1AC4E9013B23680C9A9342F0D160680E
:10D5A000A842EDD8B36E9A6A0244AA42E8D9521B47
:10D5B000BA4228BF3A46E368281A514618440192F5
:10D5C00007F060FF019A636815449244BF1AA2688D
:10D5D000EB1A934238BF1346A360B26E926A9A4226
:10D5E000CBD14B46424621463046FFF77FFF00280D
:10D5F000C3D003B0BDE8F08F2DE9F04F91B0CDE975
:10D6000007230B6B0646DC020D461BD54C6B089BB3
:10D61000CA6AE318934238BF1346C26F9A4211D2C6
:10D62000CC63C36E0366E9F7BDF92B6B044630B1DA
:10D6300043F400232B63204611B0BDE8F08F23F4A0
:10D6400080132B63089B059305F140030493059B0E
:10D650000BB9089CEFE72B6B9A030CD5B26EE96B04
:10D66000D269914240F0A680DB021FD56FF0010322
:10D67000AB636B6B3CE013F48013F7D16A6BAAB118
:10D680000F930FAB0293013A05F138030193009217
:10D690003046D5E90A230499FFF7ECFD044608B1AA
:10D6A0002B6BC5E70499B06EFFF7A6FEF36E3366E9
:10D6B000AB6B09936B6B0693013B0B9330460DA943
:10D6C000E9F7F8F804460028EAD1DDF83490B06EA6
:10D6D0004946FFF78FFE044630B114F1540FDFD1F5
:10D6E0004FF0FF332B64E9E7069B1BB9C5F8389070
:10D6F000EB635BE0B76E0B9B38460EA90E93FFF70A
:10D700009CFD0E9B03F10108FB69CDF8388098451C
:10D7100073D1013090FAA0FBBBFA8BFBA046099BAA
:10D720000BF1010A0F930FAF4FEA88030A9304230A
:10D73000CDE902734FEA8803CDE900933246012315
:10D7400030460499FFF70EFF0F9B04460028C4D112
:10D75000C34557D108F10108C245E5D8C5F838904E
:10D760004FEA8A03C4E7099B324600930021304602
:10D77000CDE9027BCDF804A0A8EB0A03FFF7B5FBC7
:10D78000044600288CD1012332463046CDE9027B85
:10D79000CDE9009A0499FFF7E5FE044600289CD1E4
:10D7A0000AF1010AD045DED8C5E90E982B6B43F487
:10D7B00000332B63B36EDF69EB6BFF1A059B9F424F
:10D7C00028BF1F46079B03970293EB6B32460193DA
:10D7D000AB6B3046009304990123FFF7C3FE044668
:10D7E00000B310F1540F7FF45BAF29463046E9F7E0
:10D7F000D9F804460028E5D052E7A2464FF0010BC5
:10D800000FAFCFE70422CDE902720A9A0146CDE9B3
:10D810000032304604233246FFF767FB04460028F7
:10D8200098D03DE76B6B3B446B63EB6B3B44EB6326
:10D83000079B3B440793059BDB1B0593F36E336605
:10D8400005E7F0B585B0CDE902231D464B680C46CF
:10D8500001930B68174600930246002300F1100164
:10D86000FFF780FE064640B92A463946E068EAF7E7
:10D8700005FE6368E0602B446360304605B0F0BD90
:10D880002DE9F04F064687B010469946FFF7C9FAD2
:10D890004B6893464A69034493420C46804641D8FC
:10D8A0008B682BF0004A8AEA03031BBA05933046C3
:10D8B000042305AAFFF7C5FF054678BBBBF1000F9F
:10D8C000A8F1040720DA0DF1130B2FB30123CDE9E2
:10D8D00002B3D9F804303246043B4344DB1B0193C6
:10D8E000D9F800300021009330463B46FFF7FDFA9F
:10D8F00040B901235A4621463046FFF7A2FF013FB7
:10D900000028E2D0054609E03B464A46214630461B
:10D91000FFF797FF0028F5D1C4F808A0284607B004
:10D92000BDE8F08F6FF01B05F8E713460A46D0E913
:10D930000001FFF7A5BFF0B50B6B0C465903054678
:10D9400097B008D5DA0258BF4FF0FF3223F4802396
:10D9500058BF22642363216B8B0302D4002017B0CD
:10D96000F0BD11F48011666BE76A3FD1542201A823
:10D9700007F0AFFDA36ACDE90B37012311AFCDE965
:10D980000D3695E80F0087E80F004FF0FF372F6046
:10D99000626BE36A9A4212D304F1400701232A46DC
:10D9A00039462846FFF7A2FD20B310F1540FD6D117
:10D9B00021462846E8F7F6FF0028EFD0CFE70123FD
:10D9C00028460DF1030201A9E8F734FE0028C6DB62
:10D9D0000123214628460DF10302FFF70DFE002822
:10D9E000BDDB2B680133D3D01197D0E7BE422CBFEB
:10D9F00066636763A36BA362636BE362236B23F4C9
:10DA0000003343F48033C4E90C36A7E72DE9F7432C
:10DA10001E460B6B17465A0305460C4619D4216B5C
:10DA20000B051DD4D4F834806B6F08EB06029A42C4
:10DA30002FD811F4003919D033463A4621462846EA
:10DA4000FFF7DAFD002808DB236B23F400232363B0
:10DA500003E0FFF770FF0028E1D003B0BDE8F083DA
:10DA6000E36A626B934288BF6363DBE7E36A9845CE
:10DA7000E2D96363636B9845DED9012321462846CA
:10DA80000DF107028DF80790FFF7B6FD0028F1DAD7
:10DA9000E3E76FF01A00E0E72DE9F0438DB00C46A4
:10DAA00004A9054617469846BDF85490FFF764FC54
:10DAB000064628BBE37D3A468DF82730A369284601
:10DAC0000A93E36904A90B93BDF85830CDE901939B
:10DAD000149B00934346E9F7CFF8002814DB012399
:10DAE000049F059A2046A761E261E37505F12001D4
:10DAF000FFF786F920B9B9F1000F01D1C5E9087225
:10DB000030460DB0BDE8F0830646F9E72DE9F34154
:10DB1000064614460D46486B726F13B1012B29D18E
:10DB2000044494422AD8844221D02B6B5B0331D524
:10DB3000D6F86880EA6BD8F81C309A422AD0694639
:10DB400000904046FFF779FB01A907464046019443
:10DB5000FFF773FB87421DD16B6C019A934219D872
:10DB6000A96C0B449A4215D26C63EA63204602B05A
:10DB7000BDE8F081022B04D09042F8D96FF0150077
:10DB8000F5E7D1E90B31890302D5834238BF03465B
:10DB90001C44C6E729463046FFF7CDFE0028E6D1F3
:10DBA0006C63E3E710B50446E9F7D8FB002806DB11
:10DBB00005D02046BDE810400021E9F753BD10BD57
:10DBC00070B50B6B05461E030C4686B053D4FFF7A9
:10DBD000B2FE216B20B141F40021216306B070BD7B
:10DBE000CA0348D504F108063046FFF7FFF80028BD
:10DBF00041D111F480131FD040F20120E36CE26A9E
:10DC0000A18842EA812242EA0052CDE90223226D34
:10DC10002846936843EA812343F081530493536871
:10DC20003146059302AA0223FFF7BCFF236BF8B12C
:10DC300043F400232363D1E74FF0FF3229462846FF
:10DC400041F8102B2A46FFF751FC0028C6D1A86ED8
:10DC5000036998470028C1D1236BDB02CCD4D4E9F7
:10DC60000A016B46082283E8030040F20220C7E75E
:10DC700023F4803323630020B0E770B505460C46DB
:10DC8000FFF79EFF0646AB6A05F128021BB19C42D6
:10DC9000196808D11160236D1B6813B9E06CD7F7C0
:10DCA000C5FA304670BD1A460B46EFE7FFF700BADB
:10DCB00070B58AB001911646002301AA02A9054653
:10DCC000E8F76EFB041E0FDB2F21019807F019FC0B
:10DCD00010B1230D022B0AD1C4F389223346284602
:10DCE00002A9E7F727FF044620460AB070BD6FF08F
:10DCF0001304F9E7E9F7F0BDFFF7BFBFFFF760BF17
:10DD00002DE9F0411F460B6B05469B030C4616465A
:10DD100007D43B46324621462846BDE8F041E8F7A5
:10DD200089BCFFF708FE0028F3D0BDE8F081FFF7BB
:10DD30006DBEFFF7EBBE2DE9F041161E05460C4601
:10DD400086B074DBD1E90B3292034F6B02D5BB4234
:10DD500038BF3B469E424FD2EB6F9E422ED80023E7
:10DD600021461A462846FFF7D1FE00285CDB4FF01B
:10DD7000FF3321462B6028463346EA68E8F75AFC11
:10DD8000002851DB236B6FF0010243F4A8132363D7
:10DD90000023C4E90A2622646364AB6E32469B6AA0
:10DDA000E06CA364E96807F06DFB00233A46214666
:10DDB0002846FFF7ABFE00EAE07035E02146284632
:10DDC000FFF7B9FD80BB05AB029304F13803019363
:10DDD000731E0093059004F140012846D4E90A23FC
:10DDE000FFF748FA00BBA36B6663C4E90A36236BEE
:10DDF00043F4A0232363D8E7D7D902230022214686
:10DE00002846FFF783FE00280EDB4FF00008636B07
:10DE10009E42CAD901232146284605AA8DF81480BE
:10DE2000FFF7F4FD0028F2DA06B0BDE8F0816FF0EC
:10DE30001500F9E7486B7047836A00F128021BB1AF
:10DE40009942186802D11060002070471A460346B4
:10DE5000F5E7E8F799BD30B5026A0346D2E901401B
:10DE600084424FF0000002D30123D36030BD187408
:10DE70005068242501305060186A4268541E0268B8
:10DE8000184605FB04225C1950F8045BA04242F8D6
:10DE9000045BF9D101209960E8E7F0B50646044635
:10DEA0008BB001AD0F4694460FCE0FC50FCE0FC5F8
:10DEB000216A33684A682B602068A56822B902236A
:10DEC000CB6000200BB0F0BDFB0713D524260B68F8
:10DED000013A06FB02337E0703D41A7C0AB10F23F2
:10DEE000EEE7224603F1240153F8046B8B4242F81B
:10DEF000046BF9D1B90741BF226A536803F1FF33BC
:10DF00005360AC4505D2236A002BDAD00422DA60D4
:10DF1000D7E77A0748BF20603B0701D40120D1E74B
:10DF2000143406AB93E8070084E80700F6E781683D
:10DF3000FFF791BF01218268FFF7AFBF022182681E
:10DF4000FFF7ABBF10B502601A44029B0129836042
:10DF50004FF00003C26003740375836101D803624C
:10DF600010BD24224A43243A841804628350026A72
:10DF70008C1E94600124026A02295360026AD360F5
:10DF8000026A1474026A53741EBF036A2430186054
:10DF9000E6E7182871F100030ED3B0F5807F71F128
:10DFA00000030BD3B0F5803F71F1000308D30029C3
:10DFB00014BF0920052070470120704702207047D8
:10DFC0000320704737B50024002508290A46CDE90B
:10DFD00000450AD80146684607F054FADDE9000119
:10DFE00003B0BDE83040FFF7D4BF002003B030BD20
:10DFF0002DE9FF411C46002390460A9FCDE90133DD
:10E000000D9B0246009306460B4638460D460C997A
:10E01000FFF798FF0B9B414638469847034640B9A7
:10E020003A6A12B1D068D36000B91F2004B0BDE8CD
:10E03000F0810CB90020F9E73B689B1BAB4294BF11
:10E0400023602560F6E703460020884200D1704730
:10E050001A5C002AFBD00130F7E700B1C1607047BD
:10E0600043680360836801338360006AFFF7F5BF8C
:10E0700008B50268C3689A4205D3006A0821FFF711
:10E08000ECFF002008BD0120FCE738B504460D4632
:10E09000FFF7EEFF40B123681B78B5EB531F04D0A8
:10E0A0000A21206AFFF7D9FF002038BD38B50D4698
:10E0B00007210446FFF7E9FF48B123681B7803F006
:10E0C0001F039D4204D00621206AFFF7C6FF0020EF
:10E0D00038BD10B50446FFF7CBFF38B123681A7876
:10E0E000FF2A05D00A21206AFFF7B7FF002010BDE4
:10E0F00001332360FBE710B5027D044632B1FFF720
:10E10000E8FF48B100234FF0FF3223752046BDE8F9
:10E1100010400721FFF7C1BE10BD2DE9F84F04469E
:10E120000E4691461D46FFF7A3FF804628B1A3681F
:10E1300043B90321206AFFF790FF4FF000084046E3
:10E14000BDE8F88F2268177807F01F0BBBF11F0F8F
:10E1500012D12DB3206A08B1037C0BB11521EAE777
:10E1600001232B7000252368013563602B44236055
:10E17000A368013BA360E2E7BBF1170F14D9ABF131
:10E180001803D9B203290BD801259D40A94509D30D
:10E19000E36805F1010A5244934207D20821C9E716
:10E1A0000721C7E70521C5E70025F1E74A46002119
:10E1B000304607F08EF915B986F800B0D2E722682C
:10E1C000711E531913F801099A4201F8010FF9D190
:10E1D000236A13B11B7C002BC5D00737FFB2022F77
:10E1E000C1D949463046FFF7EDFE8245BBD0152127
:10E1F000A0E738B50C4611460546FFF746FF08B9BB
:10E20000002038BD042200232846A118FFF785FF0F
:10E210000028F5D02B682360F3E7002337B50446C8
:10E220008DF80330FFF731FFA8B1042220460DF12D
:10E2300003030DEB0201FFF770FF60B19DF803507F
:10E2400065B901992046FFF706FE50B9636823605F
:10E25000A3680133A360002003B030BD6FF00F014D
:10E26000F0E72575F8E738B504460D46FFF7C1FF1E
:10E2700048B12268E3689B1A6A689A4204D9082167
:10E280002046FFF7EDFE002038BD38B504460D46A8
:10E29000FFF7E9FF18B123686A681344236038BDAB
:10E2A000F8B505460C461646FFF7E2FE48B12B6866
:10E2B0001B783F2B4FEA531705D90A21286AFFF72D
:10E2C000CCFE0020F8BD0023324621462846FFF749
:10E2D00024FF0028F5D0A21912F9013C5EB1002BF1
:10E2E00009DB012FEED121460B78DB4301F8013B1E
:10E2F0009142F9D1E6E705212846FFF7B1FEE0E7B4
:10E300000422FFF7CDBF0822FFF7CABF70B50D4644
:10E31000002104461646FFF7B8FE38B132462946BA
:10E320002046BDE870400023FFF7F7BE70BD042211
:10E33000FFF7ECBF0822FFF7E9BF73B56946044653
:10E3400016461D46FFF7F6FF48B1DDE90023AB4254
:10E3500008BFB24204D00B212046FFF781FE002007
:10E3600002B070BD0A460023FFF7E7BF0222FFF7A5
:10E370008CBF0322FFF789BF0421FFF74EBF10B502
:10E3800005210446FFF749FF50B1237D4BB96FF0DB
:10E390000042A368934205D305212046FFF760FEA3
:10E3A000002010BD5B00A360FBE7037D23B98068FC
:10E3B000B0FA80F0400970470368C268934205D202
:10E3C0001878A0F1FF035842584170470020704769
:10E3D000FFF791BEFFF78FBE4FF0FF320721FFF727
:10E3E0005CBD70B50D4607210446FFF74EFE48B1EF
:10E3F00023681E7806F01F06182E05D90A21206A08
:10E40000FFF72BFE002070BD002301222946204685
:10E41000FFF783FE0028F5D0182EF4D12B781F2BA0
:10E42000F1D815212046FFF71BFEEBE737B50D4667
:10E430000DF107010446FFF7D4FF38B19DF807300E
:10E44000AB4204D00B212046FFF70AFE002003B0A8
:10E4500030BD1621FFF7EABF37B50C460DF10701B5
:10E460000546FFF7BEFF58B19DF80730143BDBB2FD
:10E47000012B8DF8073006D90A212846FFF7F0FD59
:10E48000002003B030BD03F001032370F9E770B53D
:10E490000D4619210446FFF709FE38B129462046EA
:10E4A000BDE8704000230222FFF737BE70BD37B5CC
:10E4B0000D460DF10601FFF7EAFF044620B1BDF855
:10E4C0000600E9F7F7FF2860204603B030BD70B5BD
:10E4D0000D461A210446FFF7E9FD38B129462046CA
:10E4E000BDE8704000230422FFF717BE70BD70B571
:10E4F0000D461B210446FFF7D9FD38B129462046B9
:10E50000BDE8704000230822FFF707BE70BD37B595
:10E510000D4601A90446FFF7CAFF38B10198CCF7B0
:10E52000A1FCC5E90001012003B030BD204601A9CE
:10E53000FFF7CDFF0028F1D129462046FFF7D7FF8E
:10E54000F2E738B50D4606210446FFF79EFD08B9EF
:10E55000002038BD0023042229462046FFF7DDFDB8
:10E560000028F5D0A3680133A360F2E7F0B58FB0BF
:10E570000446FFF77DFD00285DD0236800221D784A
:10E580000023CDE9022323466D0905AA04F12007E3
:10E59000164618685968083303C6BB423246F7D19D
:10E5A00018683060062D1CD02A1F0023012A4FF066
:10E5B00008028DF804300DEB020198BF01AB05A8ED
:10E5C000FFF7ABFD0646002835D0042D3BD019D807
:10E5D000023D012D21D9059B2360A368013BA36067
:10E5E0002AE001A905A8FFF7ACFF20B3059B089A14
:10E5F000934204D30821206AFFF72FFD1BE01D780A
:10E600006D09CFE7052DE6D1DDE90232B3F1004F08
:10E6100072F1000113D32946EDE7E3682168029AFD
:10E620005B1A9A4203D8059B13440593D3E708214C
:10E630002046FFF715FD002630460FB0F0BDDB1871
:10E640005241CDE902329DF8045025B16FF00F021E
:10E650000023CDE90223029B8DF82850079305A8DB
:10E66000FFF7A3FE014638B1002DB4D005A8FFF78F
:10E6700030FD0028AFD1DEE705A8FFF777FF0028BF
:10E68000EDD1D8E7FFF75EBC00B1C160704770B54F
:10E6900005460E46104619461446FFF793FC2246DF
:10E6A0003146431E2846BDE87040E9F72DBFF8B556
:10E6B0001746C368026804469A420D4606D30821ED
:10E6C000206AFFF7E1FF00263046F8BD9B1A4A6832
:10E6D0009A42F4D80E4656F8043B53B10421304612
:10E6E000FFF770FC6A6823681344E26803449A42A7
:10E6F000E5D33246042339462046FFF7C8FF0646D5
:10E700000028E0D020682968884202D06A6806F0B4
:10E71000C6FE23686A6813442360D5E737B50191C4
:10E72000002104461546FFF796FB10B9002003B000
:10E7300030BD0423294620460DEB0302FFF7A7FF57
:10E740000028F3D0A368013BA360F0E72DE9FF4167
:10E75000019104218368042A18BF5B0804460668F7
:10E760000DEB010017460393FFF72CFC042105462F
:10E7700003A8FFF727FC4FF0FF3280460321204615
:10E78000FFF78BFB40B16B1E08F1FF32934208D2BA
:10E790000421206AFFF778FF0027384604B0BDE85F
:10E7A000F08139460423204603AAFFF770FF07468D
:10E7B0000028F1D0454509D02068A5EB08010144A7
:10E7C000761A324606F06BFE23681E442660E4E7A4
:10E7D000082A73B513460C4606D9006A0521FFF7CF
:10E7E00053FF002002B070BD8E1816F9012C002ACC
:10E7F0000FDA0A4669460C46B24204D1012122468C
:10E80000FFF745FFEEE712F8015BED4301F8015B0E
:10E81000F2E70021F3E713460A460021FFF737BF6E
:10E820000422FFF7F8BF0822FFF7F5BF07B504225F
:10E8300001910DEB0201FFF7CBFF03B05DF804FB84
:10E8400007B5CDE9002369460822FFF7C1FF03B0F1
:10E850005DF804FB07B5042201910DEB0201FFF7FF
:10E86000DAFF03B05DF804FB07B5CDE90023694684
:10E870000822FFF7D0FF03B05DF804FB0222FFF788
:10E8800016BF0322FFF713BF07B5CDE90012694693
:10E89000FFF7F4FF03B05DF804FB07B5CDE9001204
:10E8A0006946FFF7EEFF03B05DF804FB38B50C4690
:10E8B000054611462046FFF7C6FB2146024628467C
:10E8C000BDE83840FFF7E9BF0422FFF727BF052264
:10E8D000FFF724BF0422FFF739BF0522FFF736BF39
:10E8E0004FF0FF320321FFF7D8BA10B50A46097876
:10E8F0001839072905D9BDE8104001230721FFF782
:10E90000C6BE1521006AFFF7BFFE002010BD16230A
:10E9100007B50DF107018DF80730FFF7E6FF03B0EB
:10E920005DF804FB1FB50024CDE90144069C00946A
:10E93000FFF708FB04B010BD08B1D6F759BE704709
:10E9400010B5436904463BB90020E2684042537861
:10E9500043F00103537010BD98470028F4D00028FD
:10E96000B8BF4042FF28A8BFFF20E3681870ECE75B
:10E97000C3685B78DB0701D4FFF7E2BF6FF0770075
:10E98000704740B1C368587810F001001EBF187876
:10E99000B0FA80F0400970472DE9F04F054689B084
:10E9A000DDE9126805924346324606A80F4605F196
:10E9B000140A00F027FCDDE90634CDE90234EFF358
:10E9C00011844FF0400989F31288BFF36F8F05F16E
:10E9D0000C0B39462846059A149B984730B184F3AE
:10E9E0001188BFF36F8F09B0BDE8F08F56EA0806B3
:10E9F000F5D0DDE9022306A800F029FCDDE9066870
:10EA00005A4621465046CDE90068EAF7CDFEEFF3BD
:10EA1000118489F31288BFF36F8FDAE710B400F125
:10EA20000C04C0E9034410BCF7F748BB38B50446F2
:10EA3000EFF31185402383F31288BFF36F8FF7F74D
:10EA40008FFA04F10C0000F033FB30B1294604F1D9
:10EA50001400BDE83840EAF73BBF85F31188BFF3E7
:10EA60006F8F38BD4169826842EA010313F00303E6
:10EA70000FD1C3600369013B03FB0122002B01DAC4
:10EA800000207047C168013B11604169C260521AA1
:10EA9000F4E76FF0150070472DE9F04105460F4689
:10EAA000EFF31188402383F31288BFF36F8FC6689A
:10EAB000FEB90468A0421CD0DCB1D4E90032136076
:10EAC0005A60637BC4E9006623F002036373A660A7
:10EAD00004F1180000F068FB2046C4F8C06027610C
:10EAE00000F081FA414605F10800BDE8F041EAF77F
:10EAF000EFBE3E60AB69EF60013BAB6188F311880C
:10EB0000BFF36F8FBDE8F081402408B5EFF31183A8
:10EB100084F31288BFF36F8FF9F731FEF6E7D0E97F
:10EB2000003213605A600023427BC0E9003322F0B8
:10EB30000202427383607047C0E9022303FB0212A2
:10EB40000023036280F82C3000F12403C0E9052182
:10EB5000C0E90000C0E909330161C161704713B524
:10EB600001240094E9F710FF02B010BD90F90E30B7
:10EB70008B4201D0EAF73ABE0020704703460020DE
:10EB8000C3E90033C3E902007047D0E900321360E3
:10EB90005A600023427BC0E9003322F00202427334
:10EBA000836070472DE9F843914604460D469DF871
:10EBB000202000F10807EFF31186402181F312882D
:10EBC000BFF36F8F02B14568D4F80880474518D06D
:10EBD000B8F1000F15D04046FFF7D7FF08F1180035
:10EBE00000F0E2FA00234046C8F8C030C8F81090A0
:10EBF00000F0F9F938463146EAF76AFE0020BDE830
:10EC0000F883A3B10820EBF7E5FB002838D00122F8
:10EC1000C0F804900260016801F003015DB9226848
:10EC20000A430260626820606AB960600BE048468F
:10EC3000C9F80030EFE72A68032A16D80160616836
:10EC400069B9C4E90000042104F1100000F08BFB55
:10EC50000028CFD186F31188BFF36F8FCFE70A6802
:10EC600002F0030202430A60DFE722F003020A43D4
:10EC700002602A6802F0030240EA02032B60E2E726
:10EC80006FF00B00E6E710B5044630B10268930759
:10EC900003D0446809B100F0F9FB204610BD002301
:10ECA000C0E9003300F10803C0E9023300F11003AA
:10ECB000C0E904337047012307B5009300230A46D7
:10ECC0001946FFF76FFF03B05DF804FB002307B59B
:10ECD0000A4600931946FFF765FF03B05DF804FB91
:10ECE00000210068FFF7CFBF5AB18A4209D300F173
:10ECF0001003C0E90212C0E90000C0E9043300209B
:10ED000070476FF015007047012302688B4022EABC
:10ED10000303036022FA01F000F00100704770471E
:10ED200010B5032104460C30FFF7EEFF30B104F1BB
:10ED3000100000F039FAB0FA80F0400910BD20B19F
:10ED40000022D430114600F0D3B9704770B5C368C3
:10ED50000446C3F340069B0716D4856802210C3095
:10ED6000FFF7D2FF80B1D5F8CC206AB194421DD113
:10ED700022689EB9D5F8D030C5F8CC209C4201D18C
:10ED8000C5F8D02000232360E36813F01F001EBFE6
:10ED900043F00203E36040F0020070BD3260D5F83A
:10EDA000D020944208BFC5F8D060EBE71646126841
:10EDB000DBE773B50446EFF31185402383F3128834
:10EDC000BFF36F8F0023A0F11006032104380193D5
:10EDD000FFF79AFF28B1A369304601A90193EAF72A
:10EDE0001BF985F31188BFF36F8F02B070BD38B582
:10EDF00004460D461022002106F06BFB656038BD0D
:10EE000013B501900846EFF31184402383F3128871
:10EE1000BFF36F8F01A9EAF7FFF884F31188BFF3FE
:10EE20006F8F02B010BD10B5FFF7EAFF041E08DDBA
:10EE3000EFF31180402383F31288BFF36F8FEAF75B
:10EE400077FD204610BD70B50D46EFF311864023C7
:10EE500083F31288BFF36F8FEAF73AF9044686F31B
:10EE60001188BFF36F8F38B14FF0FF324FF0FF338F
:10EE700005F11000E9F790FF204670BD08B5E822C3
:10EE8000002106F026FB08BD38B530220D460021D2
:10EE9000044606F01EFB4FF480736560E36038BDE6
:10EEA00038B50446EFF31185402383F31288BFF38E
:10EEB0006F8FFFF735FF2046FFF748FF85F3118876
:10EEC000BFF36F8F38BDF8B504460D46EFF31186DA
:10EED000402383F31288BFF36F8FC36803F01F03CF
:10EEE000002B14BF0127002705D186F31188BFF33B
:10EEF0006F8F3846F8BDFFF713FF2046FFF726FF58
:10EF000029462046EAF76AF886F31188BFF36F8F27
:10EF10000028EED04FF0FF324FF0FF3305F108002C
:10EF2000E9F73AFFE5E7D0E9003213605A600023C1
:10EF3000427BC0E9003322F00202427383607047D3
:10EF4000EFF30580003818BF012070478830704704
:10EF5000002310B58B4202D10020136010BDC45CA9
:10EF6000AA2CF9D10133F5E70A46D0E92A01FFF7C7
:10EF7000EFBFD0E9003213605A600023C0E90033CC
:10EF8000704708B5FFF7F5FF437B23F00203437397
:10EF90000023836008BD38B504460D46EAF70CFB34
:10EFA000637B43F002036373E5B1A5602B689D4268
:10EFB00009D16B68C4E900531C606C6012E06A6898
:10EFC0009A42F6D01B68002BF3D094F90E2093F9E7
:10EFD0000E108A42F3D09142F1DD5A68C4E9003242
:10EFE00014605C6038BD10B5EFF31184402383F3E7
:10EFF0001288BFF36F8FEAF79DFA84F31188BFF38D
:10F000006F8F10BD08B5EFF31181402282F3128893
:10F01000BFF36F8F83680BB1FFF7B3FF81F31188E4
:10F02000BFF36F8F08BD38B5EFF31184402383F32E
:10F030001288BFF36F8F002390F87050427B80F8E6
:10F0400070302DB121B184F31188BFF36F8F38BDBB
:10F0500012F0280FF7D183680BB1FFF792FF437BC3
:10F0600023F004034373EAF765FAECE7012118384B
:10F07000FFF7D9BF08B50346EFF31181402282F3B1
:10F080001288BFF36F8F0068834207D008B1FFF783
:10F0900078FF81F31188BFF36F8F08BD0020F8E778
:10F0A00010B5FFF7AFFFBDE81040183000F07CB896
:10F0B00038B5054604680020AC4200D138BD002CAC
:10F0C000FCD02046FFF7ECFF2046FFF78CFF2C68B2
:10F0D0000120A542F1E708B5C3171F3043F1000333
:10F0E000400940EAC360C117EAF7CAFC400108BD05
:10F0F00038B5EFF31185402383F31288BFF36F8F88
:10F100000468A04213D0A4B1C4F8C0102261204604
:10F11000FFF737FF04F1180000F046F82046EAF741
:10F1200009FA012085F31188BFF36F8F38BD0020E5
:10F13000F8E72046F6E72DE9F04105460E4617466A
:10F14000EFF31188402383F31288BFF36F8F0468B5
:10F15000A0420FD1002088F31188BFF36F8FBDE864
:10F16000F08139462046B0470028F4D16B68A342AD
:10F17000F0D02468002CF4D1ECE708B50246EAF799
:10F18000AFFE70B1D0E904319B1A61EBE272B3F1CA
:10F19000004F72F1000104DA002AACBF18460020CB
:10F1A00008BD6FF00040FBE7024638B5EFF311856C
:10F1B000402383F31288BFF36F8F0368CBB1EAF764
:10F1C0008FFE04461046EAF79DFE00224FF00043F2
:10F1D0008442C0E9042306D1EAF78AFEFFF7CDFF97
:10F1E0000021E1F7E7FE002085F31188BFF36F8F60
:10F1F00038BD6FF01500F7E708B5EAF78DFF08BDD9
:10F20000EAF78ABFB3F1FF3F08BFB2F1FF3F70B525
:10F2100006461D46144614D01A4316D0002B08DBB0
:10F22000EAF77AFF041941EB0501C6E900413046CF
:10F2300070BD6FF001031C1B4FF0FF3363EB050142
:10F24000F3E74FF0FF342146EFE70024FBE7B3F18B
:10F25000FF3F08BFB2F1FF3FF8B5074616461C4610
:10F2600010D054EA020311D0EAF756FFB0420A4622
:10F27000A14103460AD2F31A64EB0204C7E9003441
:10F280003846F8BD4FF0FF331C46F7E70023FBE795
:10F290000023C0E9081200F11802C0E90622C0E903
:10F2A000003303634363704710B50446FFF77CFFE8
:10F2B000A8B9636A0BB12046984704F11800FFF71C
:10F2C000D9FE60B1FFF78FFEEFF31180402383F387
:10F2D0001288BFF36F8FBDE81040EAF729BB10BD5D
:10F2E0002DE9F041846805460E46D4B16378012BC0
:10F2F00022D114F8533C9A0711D5A4F1600738467F
:10F30000FFF7CEFE082E0CBF6FF003030023236629
:10F3100014F8533CDB0602D13846FFF764FE0023A5
:10F3200023700020EB68A860C3F38632164366F3AF
:10F330009433EB60BDE8F081022BF0D12378002BF1
:10F34000EDD054F8048CB8F1000FE8D004F11400AB
:10F35000FFF72AFF0023A4F1140739464046E36271
:10F36000FFF74EFDDBE738B5EFF31185402383F35C
:10F370001288BFF36F8F0468A04211D0D4E9003225
:10F3800013605A6000232046C4E90033FFF7A8FF4A
:10F3900085F31188BFF36F8F201E18BF012038BD81
:10F3A0000024F5E72DE9F3470446DDE90A98154600
:10F3B0000E4659B302F0010AEAF7F0FB0746EFF3F5
:10F3C0001181402383F31288BFF36F8FA80744BFD6
:10F3D0000023A360A36803EA0600BAF1000F0CD073
:10F3E00086420CD16A0744BF8343A36081F311882E
:10F3F000BFF36F8F02B0BDE8F0870028F2D159EA61
:10F40000080305D181F31188BFF36F8F0020F1E766
:10F41000C7E91A652246CDE9009804F10C00EAF725
:10F42000C3F90028F2D1B86EE4E710B54B68D0E913
:10F430001A4212F0010F03EA040301D09C4210D1DA
:10F440007BB18366520744BF8A681A430B6848BF82
:10F450008A6043660123086080F870301830FFF737
:10F46000A3FE002010BD0023C0E9000083607047A8
:10F470000A46EAF751BF4FF0FF32EAF74DBF0A469E
:10F480000021EAF749BF5200FFF78CBF20B1011FEE
:10F4900050F8040CFFF7CABA704749B1012342681B
:10F4A00001398B4013420CBF4FF0FF3000207047F2
:10F4B0004FF0FF30704770B50024944201D1002016
:10F4C00070BD035D0D5DAB4283EA050606D0202EBC
:10F4D00006D123F02003413B192B01D80134ECE77E
:10F4E0004FF0FF30ECE770B5002500231C460646C0
:10F4F00032780130303AD2B2092A14D833B914B173
:10F500004FF0FF3070BD13460124F0E7013403EBE8
:10F510008303E4B202EB4302032C93B2E7D1FF2B47
:10F52000EED8064603E0FF2BEAD8002CE8D00135E0
:10F53000EDB201F8013B042D337804D02E2B06F1F7
:10F540000100D2D0DCE7181E18BF01204042D9E7E5
:10F55000F8B505460C462A6823689A4234D1636898
:10F560006A689A4230D1A168A86805F0BAFF58BB12
:10F57000EF68E668B74208D123692A699A4204D144
:10F580006169686905F0ADFF80B10C2F01D0132FC0
:10F590001AD10C2E01D0132E16D123692A699A4252
:10F5A00012D161696869FFF786FF68B92A7F237FF6
:10F5B0009A4209D1AD69A46925B9201E18BF01205E
:10F5C0004042F8BD002CC6D14FF0FF30F9E737B507
:10F5D000054608460C4600F063FA831EDBB2022B98
:10F5E00003D94FF0FF3003B030BD6B4694E8030001
:10F5F00083E80300184600F053FA023802280ED8B8
:10F60000019B1B78002BECD00122013B02FA03F393
:10F61000AA6813420CBF4FF0FF300020E3E700233D
:10F620001B78FFDE70B54568064695420C4604D14E
:10F6300081682046FFF73FFF28B32046CFF7B2F995
:10F64000022D024609D9B06803782A2B05D14378E8
:10F650002E2B02D100239A4202D14FF0FF3012E04C
:10F66000E15C2E2901D00133F5E7002BF5D0013DF7
:10F67000D21AAA42F1D1E1180130FFF71CFF00387D
:10F6800018BF0120404270BD38B5054601F1840421
:10F69000206900B938BD6A6A824204D16169A86AEA
:10F6A00005F01FFF20B1E46B002CF1D12046F1E7FB
:10F6B0000120EFE7F0B50F4685B03A21054605F089
:10F6C00020FF48B939462846FFF70DFFB0FA80F011
:10F6D0004009800005B0F0BD4FF0FF340026002146
:10F6E00008462B4615F801CBACF13002D2B2092AFC
:10F6F00008D90CF0DF02A2F1410CBCF1050F09D8CA
:10F70000373AD2B2013142EA0010042980B2E8D17E
:10F710002B4600E051B340BA2DF8160018780DEBD7
:10F720004601721C002869D02E2817D1062A09DC50
:10F73000A3F1040C1D4613F8010D3A2804D06345CB
:10F74000F8D170B30020C5E72846FFF7CCFE08BB10
:10F75000651CF7D0B21C062A25DDF3E73A28F1D163
:10F76000082A03F101053DD026460AE00134E9D11B
:10F770001A783A2AE6D15A7836B1002A38D05D1C78
:10F78000324634461646AAE73A2ADBD19A7892B333
:10F790009D1CF5E72B78002BD4D1601CD2D03246CB
:10F7A00001E0611CCED0C2F10806121B0DEB44052E
:10F7B00006D0A019294652000DEB400005F06FFE5F
:10F7C00000212846720005F084FE6A4604AC134608
:10F7D00003CBA342386079601A4607F10807F6D1D7
:10F7E000102077E75B78002BACD10134AAD1ECE78D
:10F7F00034463246AFE708266D46E1E7631CAAD1DE
:10F80000082AF3E74FF4CA72002105F062BE70B512
:10F810000546044604B970BD04F1CC0000F01CF9A3
:10F82000A06E04F013FAD4F8880004F00FFAD4F8AC
:10F83000740104F0B9F9D4F8040104F0B5F9D4F86E
:10F84000540104F0B1F9D4F82C0104F0ADF9E068EA
:10F8500020B1236813B1A16801F0F0FB4FF4CA7125
:10F860002046D4F89061F0F7CDFCAC4202D020469F
:10F87000F0F77AF93446CDE7002307B5CDE9003338
:10F880000123EBF731F803B05DF804FB037840780F
:10F89000303B092BA0F1300005D8092803D80A22F3
:10F8A00002FB030070474FF0FF30704708B504F0CB
:10F8B00083F908B1A0F50C5008BD7FB500231446AC
:10F8C00001AA01938DF80830039304F0F0F818B101
:10F8D000A0F5145004B070BD019D2060002DF9D03A
:10F8E0000346039EF15CDA009140226801330A432B
:10F8F0009D422260EED0042BF4D1EBE70368042B89
:10F9000002D1C06904F0A2B97047002303604360CC
:10F910008360704710B5044668B1006810B1616833
:10F9200001F08CFBA068F0F71FF92046BDE81040FD
:10F930000C21F0F767BC10BD00B14078704707B5E7
:10F940006B4683E80300184600F0AAF80238022844
:10F950008CBF0020019803B05DF804FB38B50C465D
:10F9600003C81546FFF7EBFF2B46014622460078F9
:10F97000EFF7CAFF08B1A0F5745038BD07B5049A77
:10F980004068CDE9003200F1680100F11C0300F18C
:10F99000600200F082FE03B05DF804FB38B54468F5
:10F9A000134604F168050A4620462946EFF79EFBF8
:10F9B00028B929462046BDE83840EFF731BC38BDAC
:10F9C00010F1860F13D010F1850F0BDA20F002032F
:10F9D00093330FD010F1970F0CBF6FF06D004FF005
:10F9E000FF307047003818BF0120404270476FF069
:10F9F000710070476FF06F00704730B4002494427C
:10FA000001D130BC184731F92450854201D001346E
:10FA1000F5E701EB8401B1F9020030BC704703281F
:10FA200005D0042807D0002318460B6070474FF418
:10FA300080731220F9E74FF4C073FAE7084608B55F
:10FA40001146F1F799FC002818BF6FF03B0008BD84
:10FA50000023C0E90033704710B5044658B103686D
:10FA60001BB19B6A0BB1406898472046BDE8104027
:10FA70000821F0F7C7BB10BD034608461BB11B6841
:10FA80000BB1DB681847002070471FB500240294B3
:10FA9000079C0194069C0094ECF7E6FF04B010BDAF
:10FAA00010B1006800B1007870475C22002105F0B9
:10FAB00010BD10B15C21F0F7A5BB70472DE9F843EC
:10FAC00005460E4614467AB3036803F03F079B18B9
:10FAD000036022BF4368013343609FB1C7F140090F
:10FAE0004A450FD300F11C084A4608EB070005F011
:10FAF000C9FC41462846EDF7BFF8B0B93C4407467B
:10FB00004E44403C264404E02846EDF7B5F860B981
:10FB1000403C3F2CA6EB0401F6D82CB105F11C00AB
:10FB20002246384405F0AEFC0020BDE8F883F8B565
:10FB30000E468021036800F11C0703F03F035A1CA6
:10FB4000382A03440446197707EB020028D800211D
:10FB5000C2F1380205F0BDFCD4E900315A0F42EA87
:10FB6000C102DB0012BA1BBA394620466265A365A2
:10FB7000EDF782F8054670B9A3681BBA3360E368F5
:10FB80001BBA736023691BBAB36063691BBAF36065
:10FB9000A3691BBA33612046FFF78BFF2846F8BDE7
:10FBA0000021C2F1400205F094FC39462046EDF7F1
:10FBB00063F805460028EED1014638223846C9E7E9
:10FBC000F0B599B0064601A815460F46FFF76DFF40
:10FBD00001A8EDF737F8044658B93A46314601A86E
:10FBE000FFF76CFF044620B9294601A8FFF79FFFE5
:10FBF000044601A85C21F0F705FB204619B0F0BDD2
:10FC00006C22002105F065BC10B16C21F0F7FABA46
:10FC100070472DE9F04105460E4614467AB3036C51
:10FC200003F03F079B18036422BF436C0133436416
:10FC30005FB3C7F1400842451CD34246384405F043
:10FC400021FC29462846EDF7C5FFC8B92744A7F18E
:10FC500040043F2C46440BD900272846F119EDF704
:10FC6000B9FF78B94037E31B3F2BF6D81C463E441A
:10FC70002CB1002722463146E81905F003FC00208C
:10FC8000BDE8F0814FF0FF30FAE73F2AE4D8F1E712
:10FC900070B50D468021036C044603F03F035A1CE7
:10FCA000382AC154104433D80021C2F1380205F07B
:10FCB00010FCD4E910315A0F42EAC102DB0012BA3B
:10FCC0001BBA21462046A263E363EDF783FF064695
:10FCD000C8B9A36C1BBA2B60E36C1BBA6B60236DB5
:10FCE0001BBAAB60636D1BBAEB60A36D1BBA2B61D3
:10FCF000E36D1BBA6B61236E1BBAAB61A36E13B9C4
:10FD0000636E1BBAEB612046FFF77EFF304670BD85
:10FD10000021C2F1400205F0DCFB21462046EDF750
:10FD200059FF06460028EED1014638222046BEE79C
:10FD3000F0B5012B06460F4615461C469DB01BD854
:10FD400001A8FFF75DFF214601A8EDF7DDFE04469F
:10FD500058B93A46314601A8FFF75BFF044620B97F
:10FD6000294601A8FFF794FF04466C2101A8F0F78B
:10FD700049FA20461DB0F0BD6FF07304F9E7D822B0
:10FD8000002105F0A6BB10B1D821F0F73BBA7047AF
:10FD90002DE9F84304460E461546002A40D0D0E926
:10FDA000003203F07F075B1952F100024FF00001AF
:10FDB00028BF0121C0E9003231B1D0E9023201335C
:10FDC00042F10002C0E9023287B3C7F180094D4514
:10FDD0001FD304F1500831464A4608EB070005F0EE
:10FDE00051FB41462046EEF749FAD0B9803D3D44EB
:10FDF0007F2D4E440BD900272046F119EEF73EFA2D
:10FE000088B98037EB1B7F2BF6D81D463E443DB1A9
:10FE1000002704F150002A463146384405F032FBF1
:10FE20000020BDE8F8834FF0FF30FAE77F2DE2D8DD
:10FE3000EFE7F8B50D468021036800F1500703F0A5
:10FE40007F035A1C702A0344044683F8501007EBC2
:10FE500002005DD80021C2F1700205F03AFBD4E93E
:10FE60000013D4E90262580FD200DB0042EA567256
:10FE700040EAC60043EA5173C90000BA12BA09BA8F
:10FE80001BBAC4F8C400C4F8CC1020463946C4F8E4
:10FE9000C020C4F8C830EEF7F1F90646002832D188
:10FEA000236962691BBA12BA2A606B60A369E269AE
:10FEB0001BBA12BAAA60EB60236A626A1BBA12BA52
:10FEC0002A616B61A36AE26A1BBA12BAAA61EB618A
:10FED000236B626B1BBA12BA2A626B62A36BE26B72
:10FEE0001BBA12BAAA62EB62D4F8D0305BB9236CA9
:10FEF000626C1BBA12BA2A636B63A36CE26C1BBA06
:10FF000012BAAA63EB632046FFF73DFF3046F8BD07
:10FF10000021C2F1800205F0DCFA39462046EEF7F6
:10FF2000ADF906460028EED101467022384694E726
:10FF3000F0B5012B06460F4615461C46B7B01BD838
:10FF40006846FFF71CFF21466846CFF715FA0446BE
:10FF500058B93A4631466846FFF71AFF044620B9B9
:10FF600029466846FFF765FF0446D8216846F0F742
:10FF700049F9204637B0F0BD6FF07404F9E738B5A1
:10FF800000EBC104A04200D138BD00F1080503F028
:10FF9000E2FF2846F6E738B500EBC104A04200D1E5
:10FFA00038BD00F1080503F0DBFF2846F6E72DE930
:10FFB000F34101F1100506460F462846002104F0E2
:10FFC0009AF90446A0B3684603F0C5FF2A4669467D
:10FFD0000020331D04F06DFC044630BB07F1080817
:10FFE0006B46424641463046EEF704FE0446E0B911
:10FFF0006B466A4669463046EEF7FCFD0446A0B9FA
:020000024000BC
:100000006B463A4639463046EEF7F4FD044660B991
:100010006B46424641463046EEF7ECFD044620B9B9
:100020000121284604F078F80446684603F098FF5A
:10003000204602B0BDE8F081F7B50D46044608350C
:100040006846164603F087FF0021284604F053F95E
:10005000211D07462A46684604F032FA044648B98C
:10006000002F0CBF002206F001026946284603F06B
:10007000A9FF0446684603F073FF204603B0F0BDB5
:100080002DE9F74F06460C461F464FF0000B9DF832
:10009000308002F10805C8F3450901F1080ABB45A3
:1000A0000ED1214630464FEAD812FFF7C5FFF0B90E
:1000B000012104F1100003B0BDE8F04F04F02CB8AA
:1000C0005FFA8BF2A2EB09035A425A412046A5F18E
:1000D0000801019203F076FF48B929465046019A7B
:1000E00003F070FF0BF1010B18350028D7D003B0D7
:1000F000BDE8F08F70B50C460646114620461A46FC
:1001000004F0DEF9054648B90436B4F90430002B92
:1001100004DA0021204604F0EEF808B9284670BD44
:1001200032462146204604F0C8F90028EDD00546A5
:10013000F4E770B50C460546114620461A4604F011
:10014000BCF9064630B904352946204604F08BF840
:10015000002801DA304670BD2A462146204604F0C8
:100160002AF90028F0D00646F4E738B50C46051DFC
:100170002946204604F077F8002801DA002006E03E
:100180002A462146204604F016F90028F0D038BD52
:1001900010B5044603F0E4FE04F1080003F0E0FEAD
:1001A00004F11000BDE8104003F0DABE38B50C468B
:1001B00005460121204604F001F828B921462846C9
:1001C000BDE83840FFF7D1BF38BD2DE9F0411346F7
:1001D00005460C461646EEF70DFD40BBEB6843BBEB
:1001E00003222146204604F087F900BB2F1DB4F9F5
:1001F0000430002B04DA0021204604F07CF878B9A2
:100200003346224621462846EEF7F4FC78B92246CA
:100210002146284605F11403BDE8F041FFF789BFE8
:100220003A462146204604F048F90028DFD0BDE8D0
:10023000F08122462146284605F10C03FFF779FF9D
:100240000028DDD0F3E72DE9F84F1E4603F108053D
:10025000C36804468A469046002B40F0C08002F1F5
:1002600010031A462946EEF7C5FC002840F0EF803F
:1002700006F110072B46424639462046FFF759FF44
:10028000002840F0E48006F118092B464246494612
:100290002046FFF72FFF002840F0D9804B463A4612
:1002A00029462046EEF7A6FC002840F0D080032225
:1002B0002946304604F0A4F9002840F0C8803146B1
:1002C0002046FFF752FF002840F0C18008F1080BDC
:1002D00006F110075B465A4639462046EEF78AFC7F
:1002E000002840F0B48039462046FFF75FFF002821
:1002F00040F0AD803B46424629462046EEF77AFC68
:10030000002840F0A48029462046FFF74FFF002830
:1003100040F09D8006F118093B463A464946204682
:10032000EEF768FC002840F0928049462046FFF72F
:100330003DFF002840F08B80334632463946204648
:10034000EEF758FC002840F082802B463A463946AA
:100350002046FFF7CFFE002879D12B463A46394692
:100360002046FFF7C7FE002871D13B462A462946A2
:100370002046FFF7BFFE002869D133462A462946AA
:100380002046EEF737FC002861D14B462A46294625
:100390002046FFF7AFFE002859D15A46494620466D
:1003A00008F11003EEF726FC002850D149462046FC
:1003B000FFF7FCFE00284AD13946504603F077FE8D
:1003C000002844D129460AF1080003F070FEF0BB72
:1003D00049460AF11000BDE8F84F03F068BE134625
:1003E0002946EEF707FC90BB03222946304604F06D
:1003F00007F960BB31462046FFF7B7FE38BB04F172
:100400000C070146384603F076FF00283FF45EAF44
:1004100008F110031A4629462046EEF7EBFBB0B967
:1004200006F110092B462A4649462046EEF7E2FB24
:1004300068B93B464A4629462046EEF7DBFB30B911
:100440002B46324631462046FFF773FE3BE7BDE8B8
:10045000F88F0346C06920B15B6A002B14BF0120EE
:100460000220704710B5044603F075FD04F1080042
:1004700003F071FD04F11000BDE8104003F06BBD06
:1004800038B50025044600F8045B03F064FD04F170
:100490000C0003F060FD04F1140003F05CFD04F1B6
:1004A0001C00FFF7DFFF04F1340003F054FDC4E942
:1004B0000F55C4E91155C4E91355C4E91555E5654F
:1004C00038BD10B50446FFF7DBFF04F1600003F010
:1004D00042FD04F16800BDE81040FFF7C3BF08B15A
:1004E000FFF756BE704770B5044660B3436C012BEE
:1004F00011D00C3003F034FD04F1140003F030FD92
:1005000004F11C00FFF7EBFF04F1340003F028FDB9
:10051000201D03F025FDA36D4BB1E36D3BB100251C
:100520001826D4E91603AB4207D8EFF71DFB204687
:10053000BDE870406021EFF765BE06FB0500FFF7E0
:10054000CEFF0135EDE770BD10B5044658B1FFF799
:10055000CAFF04F1600003F003FD04F16800BDE888
:100560001040FFF7BCBF10BD38B504460D4603F080
:100570009EFD70B905F1080104F1080003F097FD34
:1005800038B905F1100104F11000BDE8384003F05E
:100590008EBD38BD0978EFF763BA10B50121044666
:1005A00003F0BAFD60B9012104F1080003F0B4FDC5
:1005B00030B9014604F11000BDE8104003F0ACBDB5
:1005C00010BD002108B5103003F095FEB0FA80F0A0
:1005D000400908BDF0B5144685B0074602A80D468F
:1005E0001E4603F0B8FC0021204603F084FE78B9D3
:1005F00031463846EEF714FE044618B92846FFF790
:10060000CCFF044602A803F0ABFC204605B0F0BDC9
:100610000121204603F06FFE58B931463846EEF707
:10062000FFFD04460028EDD131462846FFF79CFF28
:10063000E7E74FF0FF31204603F05DFE18BB31467F
:100640003846EEF7EDFD04460028DBD1314628465A
:10065000FFF78AFF04460028D4D108350146284612
:1006600003F049FE2A460646391D02A803F028FF7A
:1006700004460028C6D1321E18BF0122284602A90E
:1006800003F0A0FCBDE700232246CDE90033294654
:1006900033463846EEF73CFEB3E71FB5002402941C
:1006A000079C0194069C0094EFF704F904B010BD78
:1006B00013B5049CCDE9003413460A4600F16801E5
:1006C000EEF7BAFC02B010BD03685B180360137844
:1006D00043F1000313707047137810B504688C421F
:1006E00038BF013B137003685B1A036010BD002321
:1006F000F0B55609056855F82340E44345F8234012
:100700000133B342F6D9002307689D0057F8234010
:10071000013447F823400468013365590DB9B342E9
:10072000F2D94FF6FF73D2088380A3585B1AA35007
:10073000F0BD002373B5192104468DF8033003F092
:100740001DFC0646002840F0AA8125680DF1030231
:100750002B6801A8296B0193FFF7B6FF696DFFF7BE
:10076000B3FF296DFFF7B0FFE96DFFF7B5FF019B00
:100770009DF903102B60256800296B688DF80360D4
:10078000019380F28F814942FFF7A6FF0DF103022A
:1007900001A8696BFFF798FFA96DFFF795FFE96D59
:1007A000FFF792FF296BFFF797FF296DFFF794FF83
:1007B000019B9DF903106B602568AB6801930023D2
:1007C00099428DF8033080F270814942FFF784FF2F
:1007D0000DF1030201A8A96BFFF776FFE96DFFF7A2
:1007E00073FF696BFFF778FF696DFFF775FF019B7A
:1007F0009DF90310AB602568EB68019300239942D3
:100800008DF8033080F254814942FFF765FF0DF106
:10081000030201A8E96BFFF757FF296BFFF754FFAD
:10082000296DFFF751FF696DFFF74EFFA96BFFF7C9
:1008300053FFA96DFFF750FFE96DFFF74DFF019BD7
:100840009DF90310EB6025682B6901930023994201
:100850008DF8033080F22F814942FFF73DFF0DF103
:10086000030201A8696DFFF72FFFFFF72DFF296C29
:10087000FFF72AFF696BFFF727FF296BFFF724FFBC
:10088000296DFFF721FFA96DFFF71EFFE96BFFF749
:1008900023FFE96DFFF720FFFFF71EFF019B9DF986
:1008A00003102B6125686B690193002399428DF831
:1008B000033080F203814942FFF70EFF0DF103027E
:1008C00001A8A96DFFF700FFFFF7FEFE696CFFF7B7
:1008D000FBFEA96BFFF7F8FE696BFFF7F5FE696D8C
:1008E000FFF7F2FEE96DFFF7EFFE296CFFF7F4FE6C
:1008F000019B9DF903106B612568AB69019300238F
:1009000099428DF8033080F2DC804942FFF7E4FE23
:100910000DF1030201A8E96DFFF7D6FEFFF7D4FE43
:10092000A96CFFF7D1FEE96BFFF7CEFEA96BFFF7CD
:10093000CBFEA96DFFF7C8FE696CFFF7CDFE019BEA
:100940009DF90310AB612568EB690193002399427F
:100950008DF8033080F2B8804942FFF7BDFE0DF1FB
:10096000030201A8E96CFFF7AFFE296CFFF7ACFEAC
:10097000E96BFFF7A9FEE96DFFF7A6FEA96CFFF78B
:10098000ABFE019B9DF90310EB6125682B6A019377
:10099000002399428DF8033080F299804942FFF795
:1009A0009BFE0DF1030201A8296DFFF78DFE696C16
:1009B000FFF78AFE296CFFF787FEE96CFFF78CFED4
:1009C000019B9DF903102B6225686B6A019300233C
:1009D00099428DF803307DDA4942FFF77DFE0DF133
:1009E000030201A8696DFFF76FFEA96CFFF76CFEAB
:1009F000696CFFF769FE296DFFF76EFE019B9DF99B
:100A000003106B622568AB6A0193002399428DF84D
:100A1000033062DA4942FFF75FFE0DF1030201A8DD
:100A2000A96DFFF751FEE96CFFF74EFEA96CFFF7C9
:100A30004BFE696DFFF750FE019B9DF90310AB6201
:100A40002568EB6A0193002399428DF8033047DA59
:100A50004942FFF741FE0DF1030201A8E96DFFF7DE
:100A600033FE296DFFF730FEE96CFFF72DFEA96D0F
:100A7000FFF732FE019B9DF90310EB62236821EA28
:100A8000E1721A6300200C23E28801339A422AD8CB
:100A9000002904DA4FF4C0722046FFF728FE3046E2
:100AA00002B070BDFFF710FE70E6FFF70DFE8FE697
:100AB000FFF70AFEABE6FFF707FED0E6FFF704FEFE
:100AC000FCE6FFF701FE23E7FFF7FEFD47E7FFF730
:100AD000FBFD66E7FFF7F8FD81E7FFF7F5FD9CE713
:100AE000FFF7F2FDB7E7226842F82300CCE70023C6
:100AF000F7B5112104468DF8033003F03FFA06469E
:100B0000002840F0398125680DF103022B6801A807
:100B1000296A0193FFF7D8FD696AFFF7D5FDE96AF5
:100B2000FFF7DAFD296BFFF7D7FD696BFFF7D4FDFF
:100B3000A96BFFF7D1FD019B9DF903102B60256880
:100B400000296B688DF80360019380F21881494297
:100B5000FFF7C2FD0DF1030201A8696AFFF7B4FDBA
:100B6000A96AFFF7B1FD296BFFF7B6FD696BFFF7C7
:100B7000B3FDA96BFFF7B0FDE96BFFF7ADFD019B7E
:100B80009DF903106B602568AB68019300239942BF
:100B90008DF8033080F2F6804942FFF79DFD0DF19C
:100BA000030201A8A96AFFF78FFDE96AFFF78CFD30
:100BB000696BFFF791FDA96BFFF78EFDE96BFFF7FE
:100BC0008BFD019B9DF90310AB602568EB680193D9
:100BD000002399428DF8033080F2D7804942FFF715
:100BE0007BFD0DF1030201A8E96AFFF76DFDFFF738
:100BF0006BFD296BFFF768FDFFF766FD696BFFF77B
:100C000063FDE96BFFF768FD296AFFF765FD696A17
:100C1000FFF762FD019B9DF90310EB6025682B69CE
:100C20000193002399428DF8033080F2B18049424C
:100C3000FFF752FD0DF1030201A8296BFFF744FDF8
:100C4000FFF742FD696BFFF73FFDFFF73DFDA96B25
:100C5000FFF73AFD696AFFF73FFDA96AFFF73CFD20
:100C6000019B9DF903102B6125686B69019300239B
:100C700099428DF8033080F28E804942FFF72CFDB7
:100C80000DF1030201A8696BFFF71EFDFFF71CFDC4
:100C9000A96BFFF719FDFFF717FDE96BFFF714FDCF
:100CA000A96AFFF719FDE96AFFF716FD019B9DF997
:100CB00003106B612568AB690193002399428DF89D
:100CC00003306BDA4942FFF707FDAF6B0DF103020A
:100CD00001A83946FFF7F8FCFFF7F6FCE96BFFF7D0
:100CE000F3FCFFF7F1FC3946FFF7EEFC696BFFF709
:100CF000EBFC296AFFF7F0FC696AFFF7EDFC019B4A
:100D00009DF90310AB612568EB69019300239942BB
:100D10008DF8033045DA4942FFF7DEFC0DF103029E
:100D200001A8E96BFFF7D0FCFFF7CEFCFFF7CCFC86
:100D3000296AFFF7C9FCA96AFFF7CEFCE96AFFF749
:100D4000CBFC296BFFF7C8FC696BFFF7C5FC019B67
:100D50009DF90310EB61236821EAE1721A62002019
:100D60000823E28801339A421ED8002904DA4FF49E
:100D700080722046FFF7BBFC304603B0F0BDFFF7A2
:100D8000A3FCE7E6FFF7A0FC09E7FFF79DFC28E7D7
:100D9000FFF79AFC4EE7FFF797FC71E7FFF794FC2B
:100DA00093E7FFF791FCB9E7226842F82300D8E700
:100DB000002070477047023802288CBF00200120B5
:100DC00070474368D86B7047023801288CBF0020F9
:100DD00001207047031F58425841704710B5044620
:100DE000FFF7B2FB2046BDE81040EEF7BDBE10B5E0
:100DF00080210120EEF7B2FE044608B1FFF761FB47
:100E0000204610BD49684068EEF7CEBD406800F04E
:100E10003DB807B511461A46059B00934068049BF0
:100E200000F046F810F5984F08BF00F5985003B051
:100E30005DF804FBF8B5046C0E460734E4089C42E8
:100E400028BF1C46114605462246304603F09AF953
:100E50000746C8B92B6CE100B3EBC40F0DD3343592
:100E60002946304603F0FFF900280DDB2A463146BB
:100E70003046BDE8F84003F023BB3046C91A03F002
:100E8000BAF90028EBD007463846F8BD10B5002463
:100E900086B005940C9C04940B9C03940A9C0294C9
:100EA000099C0194089C0094EFF71AF806B010BD55
:100EB00013B500240194049C0094EFF77FF802B06E
:100EC00010BD10B57C220021044604F002FB42F262
:100ED0001073E36510BD2DE9F04104460F46164638
:100EE0009846456DE0B0DBB105EB45025208B6F51A
:100EF000807F3DD83244B2F5C07F39D84FF4C072FC
:100F00000021684604F0E5FA2A466946236E606EC1
:100F1000984738B16FF00806304660B0BDE8F08100
:100F20002A46E4E7656DB8F1000F0AD0236E606EC3
:100F30006A080DEB050198470028EBD1636D05EBBE
:100F400053053FB136B10DEB05003246394604F08A
:100F500099FA35442A4669462046EFF781F8064655
:100F600008B90123236529466846EFF74BF9D3E713
:100F70006FF00406D0E70023FFF7ADBF2DE9F84F6F
:100F800015460446006888461E460A9FFEF7D4FCB4
:100F9000B5F5806F81464BD8B7F5807F4BD8236E6F
:100FA000D3B1A36D012B03D0226DE36D9A4213DD03
:100FB0003A4631462046FFF7DEFFC0B9002704F16C
:100FC000100AB5B93A4631462046EFF749F870B9EC
:100FD000236D013323650AE0002EF0D0002FEDD001
:100FE0003A4631462046EFF73BF80028E7D0BDE807
:100FF000F88F4D452046AB4628BFCB46EBF7A8FC03
:101000000028F4D14A4651462046EBF769FC0028F7
:10101000EDD151462046EBF771FC0028E7D1404660
:101020005A46514604F02EFAD844A5EB0B05C8E702
:101030006FF00200DBE76FF00400D8E710B504465C
:1010400008B1EFF7DFF82046BDE81040EEF78CBDA1
:1010500000F4E040B0F5805F04D0A0F500535842A2
:1010600058417047012070470346C068E0B1588876
:10107000D0B11B8803F44F42B2F5824F09D1DBB2E5
:10108000272B2AD008D8172B0FD0222B34D0122B85
:1010900016D06FF085007047302B2FD0413B012BCD
:1010A000F7D8FF2839D100207047C028FBD0E128AD
:1010B000F9D0B0F5807F0CBF00206FF0860070473C
:1010C00020F02003C02BEED020F08003B3F5807F0A
:1010D000E9D040F209239842EDE7E928E3D0EF2870
:1010E000E1D040F21B139842DDD040F299139842B0
:1010F000D9D040F23B23EEE7E928F1E720F02003C6
:10110000C02BD0D020F04003B3F5807FCBD0B0F51A
:10111000C07FC8D0B0F5007FCDE7B0F5E07FCAE76B
:101120003AB1002918BF00232121D21A184404F033
:10113000D0B970472DE9F04F9B46002389B08DF858
:101140001B30159B9146DDE912A7002B0D460B467F
:101150000CBF4FF400624FF4806207A9DDF85080A5
:10116000EFF722FD0446D0B9079E284631880DF1DD
:101170001B02EFF7B5FD044688B99DF81B30BB4252
:101180001FD8CDE90338CDE901BACDF800902B4640
:10119000D6E909123046F0F765FD044608B1C8F8F3
:1011A00000703A4621465046D8F80030FFF7B8FFA5
:1011B0000798F0F7E5FB002C18BF204609B0BDE802
:1011C000F08F6FF08904EAE708B5EFF74DF808BD36
:1011D00042F20703984223D029D841F206239842CD
:1011E0001AD8B0F5905F09D241F2010398420CD0B1
:1011F000B0F5885F09D06FF0850070476923A0F5CE
:10120000905080B2C340DB07F5D511F0070F0CBF3B
:1012100000206FF08600704742F204039842EAD142
:10122000B1F5807F0CBF00206FF086007047B0F5ED
:10123000105FE0D121F04003802BF1D100207047F6
:1012400070B5446A05460E463CB90120EEF786FCAF
:10125000686228B12046AE6270BD6FF08A00FBE77D
:101260006FF08C00F8E7F8B50F46114606461546B4
:10127000FFF7E6FF044620B92A463946706A04F0B3
:1012800001F92046F8BDF8B504460F461E4615463E
:10129000008892B1FFF7DCFE78B1089BD10019609D
:1012A0002088FFF795FF044628B93946304604F0F8
:1012B000E9F8079B1D602046F8BD6FF08504FAE74A
:1012C00010B50446406A10B1A16AFFF7B7FE0020CE
:1012D000C4E9090010BD38B50546FFF7F1FF2B7FC3
:1012E0000446012B0ED0023B012B0ED82B6A012B9A
:1012F00018BF6FF096042C220021284604F0E9F86C
:10130000204638BD2B6A002BF2E76FF09604F2E717
:10131000F8B50488154620461E46069FFFF798FE3E
:10132000B0B944F2010324F440529A4210D004F4BC
:101330004F43B3F5824F0BD0B3F5884F08D0B3F5C8
:101340008E4F05D0803C24F0FF04B4F5485F0ED1E9
:10135000BD420FD82A46304604F094F800217A1B8B
:10136000701904F0B6F80020079B1D60F8BD6FF0FF
:101370008500FBE76FF08900F8E77FB50E461D4654
:101380001446BAB1002301222B6003A9EFF70CFC2D
:1013900070B9CDE9004503983346D0E90912F0F75A
:1013A000ADFB04460398F0F7EBFA002C18BF20467B
:1013B00004B070BD6FF08900FAE7F0B50F461E4625
:1013C000154685B00AB3002303A91A463360EFF728
:1013D000EBFB044638B9039803885B0406D4F0F7A6
:1013E000CFFA6FF08604204605B0F0BDCDE9005677
:1013F0003B46D0E90912F0F795FB04460398F0F755
:10140000BFFA002C08BF0446EDE76FF08904EAE755
:101410002DE9F04F0E460027844615468FB007ACE5
:1014200088460FCE0FC496E807003B4684E80700C5
:101430002F600222604603A9CDE90377CDE9057745
:10144000EFF7B2FB044640B9B8F80030039C73B123
:1014500022889A420BD06FF086040498EFF712FDB1
:101460000398F0F78DFA20460FB0BDE8F08FB8F87A
:10147000022063880AB19342EDD1ADF81E3027886F
:10148000DDF828A0D4F80C9051464A463846ADF80D
:101490001C70EEF721FF0646DDF82CB0D4F8108062
:1014A000594642463846EEF717FF2EB9BAF1000FFB
:1014B00002D0B9F1000FCED128B9BBF1000F02D094
:1014C000B8F1000FC7D1A268099B0B90134004A983
:1014D00005AA07A8CDE90936EFF772FC04460028F3
:1014E000BBD1DDE903305A684168120AB2EB112F13
:1014F00031D1089A120A29D006A907A8F0F776FA7E
:1015000004460028A9D106990498FFF799FE0446DD
:101510000028A2D1DDE9031303F1280201929A6A9F
:1015200007A800925B6AD1E90912F0F72DFB044687
:10153000002892D129460498EFF7A8FB044600281A
:101540008BD10398F0F71CFA04468CE7D3E9091213
:10155000FFF789FEEBE76FF085047EE710B50368BF
:10156000044623B100F028FB0023236010BD184679
:10157000FCE738B50C4601680546A1B904F0FE4306
:10158000B3F1007F12D14FF41272043003F0A1FFC7
:101590002146284600F0F2FA044610B12846FFF72B
:1015A000DDFF204638BD6FF08804F7E76FF0860452
:1015B000F4E738B50468054664B112B90024204642
:1015C00038BD00F0E4FA04460028F7D02846FFF7BB
:1015D000C5FFF4E76FF08804F8E770B500261E60D9
:1015E000046805463CB100F0DBFA04462846FFF7E4
:1015F000B5FF204670BD6FF08804FAE730B40025CF
:10160000039C256000F0FE44B4F1007F02D130BCA1
:1016100000F0B2BA6FF0860030BC704710B50368B6
:10162000044653B100F0E8FA00232360A38823F4B2
:10163000FF7323F00103A38010BD1846FCE72DE9DA
:10164000FF41984600230C46016805461746039360
:10165000A9BB4FF44372083003F03BFFB8F1000F11
:1016600020463B4614BF4FF480624FF4006203A94A
:10167000EFF79AFA044620BB039E384631882A1DAC
:10168000EFF72EFB0446E0B96B79314668F30003AF
:101690006B7100972846D6E90923B8F1000F0BD0EB
:1016A000F0F7FEFA044660B90398F0F769F90446CA
:1016B000204604B0BDE8F081F0F70AFBF2E76FF0D6
:1016C00088042846FFF7AAFF0398F0F759F9EFE7D7
:1016D0000123FFF7B4BF38B50468054664B112B9F9
:1016E0000024204638BD00F072FA04460028F7D0E6
:1016F0002846FFF793FFF4E76FF08804F1E72DE940
:10170000F0411746026805460E46984682B1427976
:10171000D2070DD502795AB1BA4216D800F060FA54
:10172000044638B9A6B92846BDE8F041FFF776BFB0
:101730006FF088040023C8F800702B7146B9284662
:10174000FFF76CFF2046BDE8F0816FF08904F1E7F8
:1017500021463A463046D8F80030FFF7E1FC2846EB
:10176000FFF75CFF002C08BF0446EBE71FB5012420
:101770000394089C0294079C0194069C0094FFF734
:10178000D9FC04B010BD2DE9F04F4FF0000A8DB028
:101790008046DDE91B6B0846CBF800A00C461746D7
:1017A0001D46EFF7D1F8814668BB23464FF480729F
:1017B00040460BA9EFF7F8F9814620BB29462046A1
:1017C000EFF7C8F98146D8B91A9BCDE9076B0693A4
:1017D000199B0B980593189B00970493179B0393F1
:1017E000169BCDE901532346D0E90912F0F7DCF945
:1017F000814628B126B1324651461A9803F069FE57
:101800000B98F0F7BDF848460DB0BDE8F08F2DE914
:10181000F04F4FF0000A8DB08046DDE91B6B0846A3
:10182000CBF800A00C4617461D46EFF78DF8814611
:1018300068BB23464FF4007240460BA9EFF7B4F99A
:10184000814620BB29462046EFF784F98146D8B966
:101850001A9BCDE9076B0693199B0B980593189B70
:1018600000970493179B0393169BCDE901532346DE
:10187000D0E90912F0F7C2F9814628B126B1324603
:1018800051461A9803F025FE0B98F0F779F8484670
:101890000DB0BDE8F08F38B54468054614B100F0CE
:1018A000DDF9044628464FF4C961EEF7ABFC20464B
:1018B00038BDF8B5C368044693420F46164611D3A7
:1018C00000F0C3F9E36805469B1BE36040B1204686
:1018D000FFF7E1FF27B132462121384603F0F9FD39
:1018E0002846F8BD00F0BAF900236FF08E05E360DA
:1018F000F0E700232DE9F04F136089B0CDE9043300
:101900004388044688469146002B00F099804FF0AA
:10191000FF314046EFF772F8834600286FD198F800
:10192000087007F00307012F40F08D80204605AABC
:1019300004A9EFF745FA834668B96288049DD41D6F
:10194000E40806920794298801F4E043B3F5804F38
:1019500005D16FF0860B0498EFF794FA4FE0084634
:10196000FFF776FB60B112F00702F2D1174621466D
:101970000120EEF7F3F8064688B96FF08C0BEAE722
:1019800021F0FF03B3F5E24F02D06FF0850BE2E7E1
:1019900047F24213994204BF0832D408E7E7069B96
:1019A0006B806B681B0A2ED128460799FFF748FC0D
:1019B000834678BB05F1280A224631464046FFF7A8
:1019C00078FF834668B9D5E9093247B3CDE9002AE3
:1019D00031462246284600F0C4F883461BF18F0F9B
:1019E000EAD021463046FFF729FBBBF1000FB2D108
:1019F00049460498EFF74AF983460028ABD1584688
:101A000009B0BDE8F08F284607A9EFF7EFFF83463E
:101A10000028C9D021463046FFF710FB9BE706A9F6
:101A2000CDE901A10092314622462846F0F71EF882
:101A30006988069A83469142D0D06FF0860BD0E732
:101A40006FF0860BDBE76FF0840BD8E707B50093E8
:101A500013460022EFF726FB03B05DF804FB2DE9E7
:101A6000F04705469A46002388B0079325F00043C7
:101A700023F47F03B3F1106F0846DDE91096174693
:101A8000DDF848801CD12B464FF4804207A9EFF7C0
:101A90008BF80446B0B9CDE90368CDE901A90798F0
:101AA00000972B46D0E90912F0F72AF9044648B905
:101AB0000798EFF765FF0446204608B0BDE8F087B9
:101AC0006FF0860431464846EFF756FC0798C8F891
:101AD0000060EFF755FFEFE710B500880C461146A0
:101AE000FFF7B6FA20B12046BDE81040EFF744BC3E
:101AF0006FF0850010BD1C22002103F0EABC0346F4
:101B00006FF040420846591E914207D338B103F1A5
:101B1000404393428CBF0020012070470120704752
:101B2000034668B1017F8A1E012A0BD80329026A85
:101B300003D1012A01D1FFF7CEBB1AB1013A1A62D3
:101B4000002070476FF09600704700207047C0B2C9
:101B5000002814BF6FF0850000207047F0F746B9E9
:101B6000704710B44468240A02D110BC00F081BE52
:101B70006FF0860010BC704700F048BB10B50446FB
:101B8000043000F080FB08B90523236010BD036812
:101B9000052B02D1043000F08CBB6FF08800704739
:101BA00010B40468052C03D110BC043000F0E7BB6E
:101BB0006FF0880010BC704708B50368052B04D18E
:101BC0004FF41271043000F056F9002008BD03688C
:101BD000052B02D10830F0F7ABBE6FF086007047DE
:101BE00010B40468052C03D110BC0830F0F7C2BE55
:101BF0006FF0860010BC70470368052B02D10830D7
:101C000000F0F7BB0020704710B504461030F2F723
:101C100005F808B90523236010BD10B40468052C2D
:101C200003D110BC1030F2F75BB86FF0880010BC25
:101C3000704710B40468052C03D110BC103000F0BC
:101C40001FBF6FF0880010BC70470368052B02D1DE
:101C50001030F2F77BB96FF0880070470368052BEE
:101C600002D11030F2F72CBA002070470020F0F7B4
:101C7000B5BA0020F0F7ECBA002000F03DB90A2810
:101C800040DCC31C22DA10F1400F47D010F13F0FA7
:101C90002BDA10F1410F44D010F1550F44D010F160
:101CA000490F08BF6FF0840018BF6FF086007047BF
:101CB00009282AD8DFE800F005292908162938293B
:101CC000292F6FF09800704700207047C31C0D2B20
:101CD0001BD8DFE803F0072F1A1C1A1A1A1A1A1A4F
:101CE0001D1A1A1D6FF08500704710F1210F1ED0CC
:101CF0000BDB10F1200F1DD010F1100F08BF6FF09B
:101D00009400D1E764380928D2D96FF08600704773
:101D10006FF0940070476FF08C0070476FF0840094
:101D200070476FF0890070476FF0930070476FF055
:101D3000880070476FF09200704710B501380A4470
:101D4000914200D110BD10F8013F11F8014B6340E2
:101D50000370F5E70144814200D1704711F8013D5D
:101D60001A440A70120AF6E730B5002503F58073AD
:101D7000013A002A0DDAFF2BDAB28CBF00210121D3
:101D800052EA050003D0FF2B94BF00200120401A27
:101D900030BD845C1C448B5C013AE41A230AE4B233
:101DA000FF332543E5E72DE9F8430E46174608992A
:101DB0004FF4DE7204461D46DDF8248001F0DAF8A7
:101DC000B8B981464D4509D14146204601F07DF91B
:101DD00078B92046BDE8F84301F0A6B9204657F887
:101DE000292056F8291001F0F2F810B909F101097B
:101DF000E8E7BDE8F8831FB5CDE90221069A03A9FB
:101E0000CDE90032012302AAFFF7CDFF05B05DF84E
:101E100004FB002313B58DF807308B4206D19DF8E3
:101E20000700B0FA80F0400902B010BDC45C9DF814
:101E30000720013322438DF80720EEE78B4230B5AF
:101E40000CD8002421469C4203D1081E18BF012053
:101E500030BD155D055529430134F4E70020F7E74F
:101E600010B58B4294BFC4184418A04200D110BDD5
:101E700000F8012BF9E700231A4682B001908B424B
:101E800001D102B070470198C2540133F7E70368EB
:101E9000D90444BF43F48063036003689A0444BFD9
:101EA00043F4006303607047F7B506460D46202DE6
:101EB0002F46A8BF202700216846F2F7F1FC044610
:101EC00070B93A4631466846F2F73CFD10F1520FC0
:101ED000044608D0431CF4D0684601F0CEFA34B171
:101EE000204603B0F0BD684601F0C7FAE3E7EC1BFB
:101EF0003E44F5D02546DAE70020704707B501A932
:101F0000F0F7B0FA003818BF012003B05DF804FB09
:101F100070B504460E46006811461546F0F7BAFA49
:101F200040B1314604F1400003F0ACFA002084F8DF
:101F30004D5070BD6FF08500FBE770B51E4690F800
:101F40009A300446934219D800F1A0052846F2F7CA
:101F50009DF918B1BDE87040FFF791BE284600F02A
:101F60001FFF05460028F5D194F89A304FF4EE7122
:101F700020463360FFF77FFF284670BD6FF089056C
:101F8000FAE738B500F1A00405462046F2F7EAF971
:101F900018B1BDE83840FFF772BE204600F000FFE0
:101FA00004460028F5D128464FF4EE71FFF763FF91
:101FB000204638BD2DE9F04104460D4616461F4621
:101FC0009DF81880F0F782FA90B904F1A000B8F1FA
:101FD000000F07D03246294600F0E4FDBDE8F0418D
:101FE000FFF74DBE3B463246294600F014FEF5E7AA
:101FF000BDE8F0812DE9F0411646026D90F84D30B4
:10200000003A18BF0122C3F10F07C3F10E0303F01A
:102010000703054643EA821390F89A200846023ADD
:1020200002EBD272920002F03802134300F8013B37
:102030000C4695F84D2005F1400103F023FA0021EC
:102040000A4695F84D301FFA87FED5F8548013FAEA
:1020500087F7274472450ED3102333602B6D43B1AD
:10206000B3F57F4F19D263741B0A237433680233AC
:102070003360BDE8F081D300C3F1200CA3F1200050
:1020800001FA0CFC28FA03F343EA0C0321FA00F0EE
:10209000034307F801390132DCE7FF232374FE23F1
:1020A00063742B6D1A0A637522751A0C1B0EE27489
:1020B000A37433680633DBE708B54FF4EE71FFF71E
:1020C000DAFE002008BD70B514464FF4DE720546F6
:1020D0000E4600F04FFF98B9304601F02FF8234626
:1020E00002462018984205D121462846BDE8704096
:1020F00000F06DBF197881F0360103F8011BF1E79C
:1021000070BD2DE9F047044608461E460D4691462F
:10211000DDF8208001F010F8B042074606D92046CD
:1021200000F025FF6FF04000BDE8F087284601F081
:1021300005F808EB000A06465146204600F0C5FFA8
:102140000028F1D1204600F0EFFF0028ECD14346F3
:102150009A4509D12B4641462046CDF82090BA1920
:10216000BDE8F047FFF747BE1A7882F06A0203F82D
:10217000012BEDE72DE9F74F1C46DDE90C6B054619
:102180000F46924600F0D8FF8146284600F0D6FF61
:10219000A042804618D222462B4651463846009629
:1021A000FFF729FE0246D8B9A8EB0903ABEB0901FA
:1021B00006EB0900FFF754FE32462946384603B0C5
:1021C000BDE8F04FFFF77FBF22465146304603F08F
:1021D00059F90022A8EB0403ABEB04013019E9E73D
:1021E00003B0BDE8F08F10B5044694F844320430D3
:1021F00043B14FF4DE72216800F0BCFE08B984F8E8
:10220000440210BDBDE8104000F0B8BEF0B5F1B01A
:1022100007460D46164600214FF4DE7201A81C4603
:1022200003F057F90023694638460093EFF714FE90
:1022300098B9009800F080FF769B984220D80098CB
:1022400000F07AFF779B4FF4DE721860009901A8C6
:1022500000F090FE18B1FFF712FD71B0F0BD3246EC
:10226000294601A800F0B3FE0028F4D1214601A8B8
:1022700000F02BFF0028EED101A800F055FFEAE79F
:102280006FF08900E9E738B5044608462146EFF7C4
:10229000E3FD054660B90123206884F8443200F06C
:1022A0004DFFC4F8C0012846BDE83840FFF7E7BC41
:1022B00038BD2DE9F84304460F461546AAB1D0F8BB
:1022C000C031934214D9006800F038FFD4F8C0211F
:1022D00004F5E273801A18442A46394603F0D2F80E
:1022E000D4F8C0315B1BC4F8C0310020BDE8F883CE
:1022F000FFF779FF18B1BDE8F843FFF7C0BC2068CD
:1023000000F01CFFD4F8C02104F1040804F5E279C0
:10231000821A4946404600F05AFE0028EBD1206858
:10232000D4F8C06100F00AFFAE1BB6FBF0F303FB6C
:102330001066AD1B2A463946404600F048FE00288C
:10234000D9D1404600F072FE0028D4D1404600F0BA
:10235000EBFE0028CFD1206800F0F0FE8021C4F809
:10236000C0014846FFF787FD002EBED032464846E2
:10237000791903F087F8D4F8C0319B1BB3E7F8B59F
:102380000446006815460F461E4600F0D5FEA842DA
:1023900028D82046FFF727FF18B1BDE8F840FFF71F
:1023A0006EBC254655F8040B00F0C8FED4F8C021D9
:1023B00004F5E271821A284600F009FE0028ECD1EB
:1023C0003946284600F081FE0028E6D1284600F074
:1023D000ABFE05460028E0D1206800F0ADFE30607D
:1023E0002846F8BD6FF08905FAE7F0F74DBAF0F727
:1023F0004BBA08B54FF44371FFF73DFD002008BD0F
:10240000F0B504461F460D461646ADF5477D4FF420
:102410004372002103A803F05CF8214633462A46A4
:10242000009703A8F0F730FA044670B9DDE9CC1242
:1024300003A8F0F77DFA044638B9DDE9CF23CE9939
:1024400003A8F0F797FA044610B103A8FFF7D1FFED
:1024500020460DF5477DF0BD2DE9F041044680682A
:102460000F469042154609D3201A1C3003F00AF893
:10247000A3685B1BA3600020BDE8F08194F88C305A
:1024800043B904F1900000F037FF18B1BDE8F04106
:10249000FFF7F5BBA26832F0100309D0A01A394645
:1024A0001C3002F0EFFFA3681F44ED1A0023A36065
:1024B000A3686E1E26F00F069BBB102204F10C01D0
:1024C00004F1900000F087FE0028DFD1102284F88C
:1024D0008C00A2604EB13246394604F1900000F003
:1024E0007AFE0028D2D184F88C0004F1900840468E
:1024F00000F057FF0028C9D1404600F0B1FF002886
:10250000C4D1802104F10C00FFF7B5FCAA1BB2D0A6
:10251000B91904F10C0002F0B5FFA3685B1B33444A
:10252000A8E7002ED7D194F88C30002BDDD02A46B6
:10253000EEE738B543680446102B22D890F88C306B
:1025400000F190053BB9284600F0D6FE18B1BDE871
:102550003840FFF794BBA2680C34102A07D02146FC
:102560002846C2F1100200F036FE0028EFD12146C5
:10257000284600F062FE0028E9D1284600F070FFEE
:10258000E5E76FF0860038BDF0B51F46002385B043
:1025900005469DF8280003A940F0007016460393F5
:1025A000EFF75AFC044680B9C023019305F5137375
:1025B000009332463B46039805F19001FFF7DAFDA0
:1025C000044628B1FFF75BFB0446204605B0F0BD8A
:1025D000039800F0B3FD0123A86085F88C30F4E780
:1025E00000232DE9F74F05460078894616460193EA
:1025F00008B140F0007001A9EFF72EFC0446F8B9CD
:10260000019800F09BFDAB688046B3420CD9A8EB63
:10261000030305F10C0018443246494602F032FF2C
:10262000AB689B1BAB600BE095F88C3005F1900A12
:1026300053B9504600F0A2FC30B1FFF720FB04462E
:10264000204603B0BDE8F08F0023AA6805F10C0B0B
:102650005946504685F88C30A8EB020200F0B7FCD2
:102660000028EAD1AF684946F31BB3FBF8F308FB37
:10267000037750463A4600F0AAFC0028DDD15046C8
:1026800000F0D4FC0028D8D1504600F04DFD0028C1
:10269000D3D1A6EB070A80215846C5F80880FFF77A
:1026A000EAFBBAF1000FCBD05246584609EB0701BE
:1026B00002F0E8FEAB689B1B3B44B3E70023F0B598
:1026C0000446007885B0039308B140F0007003A978
:1026D000EFF7C2FB18B1FFF7D2FA05B0F0BD0398CF
:1026E00000F02AFD039800F029FD94F88C3006468E
:1026F00004F1900523B9284600F040FC0028EAD1F7
:10270000A26804F10C0739462846B21A00F05FFCB3
:102710000028E0D104F5137480233A462846039933
:102720000094FFF7EEFCD6E72DE9F04F4FF0000BD9
:1027300091461E46448805888FB005F44F430094A7
:102740000734B3F5824F82460F464FF02C025946AC
:102750004FEAD40803A818BF5D46CDF808B002F0D0
:10276000B8FEC845C6F800B041D8B4F5C47F41D220
:102770006A4649465046F0F783F9044640BBEDB23D
:102780002846009901AAEFF7A1FB044600BBA5F17A
:102790004103012B20D8424602A9EFF759FD20BB87
:1027A000414602A8FFF735FB38BB412D05D1B8F1F2
:1027B000200F02D102A801F04CF84246384602A987
:1027C00002F060FE302102A8FFF755FBC6F800803A
:1027D00020460FB0BDE8F08F4A463946019801F017
:1027E00043F80028EED0FFF74AFA0446F0E76FF00E
:1027F0008904EDE76FF08504EAE76FF09304E7E7FB
:102800002DE9F041458817460735B5F5847F044624
:102810000E46984602888EB028D222F0FF01B1F50C
:10282000E24F13D1202206A9FFF77EFF58B9628834
:1028300005AB0732CDE90183204633460097D20825
:1028400006A9F0F7DBF90EB0BDE8F081B2F5105F34
:1028500006D0B2F5885F03D042F204039A4205D154
:10286000EA0806A90020EFF7F3FCDFE76FF0850028
:10287000E9E76FF085007047CA0448BF41F4806102
:102880008B0448BF41F4006181607047C0F302537C
:10289000042B05D8012B07D80DD06FF09800704796
:1028A000052BFAD1032306E00B8844F212118B4268
:1028B0000CBF0423022300F030002028136001D055
:1028C0000020704702331360FAE713B50C46EFF7A8
:1028D000C9FDC31C0FD0013009D004224FF0FF33D3
:1028E00021460DEB0200019302F0FBFD30B96FF0C1
:1028F0008B0002B010BD6FF08400FAE70020F8E70B
:1029000030B589B0054618220C4601A8002102F016
:10291000E0FD012344EA052401A9BA2007940593A8
:10292000EFF75AFD002818BF6FF0920009B030BDD4
:10293000F7B5BA2001A9EFF795FD044610B10020C4
:1029400003B0F0BD019D2F0AEDB2AC4205D1BA2013
:10295000EFF76EFD0028F2D008E0E6193046EFF7F9
:1029600067FD30B13046FFF7C9FA10B96FF0920039
:10297000E6E70134E9E708B5F820FFF7BFFA18B930
:10298000F920FFF7BBFA10B16FF0920008BDF820F4
:10299000EFF740FD0028F7D1F920EFF73BFD0028C5
:1029A000F4D0F1E72DE9F3410446007808B140F096
:1029B000007001A9EFF750FAFFF761F9002858D12C
:1029C000019800F0B9FBD4F8B03504F5687701330D
:1029D000054639462046D4F8A424C4F8B035F0F7AB
:1029E000A9FF002845D1D4F8B03504F19406012B95
:1029F00042D13046D4F8AC2504F22C51EFF798FFC1
:102A0000B8BBD4F8282504F595613046EFF790FF60
:102A100078BB04F2B4586B462A4641463046EFF77D
:102A2000A9FF30BB39462046D4F8A424F0F782FF32
:102A3000F8B92A4641463046EFF77AFFC8B9304622
:102A4000D4F8AC2504F22C51EFF772FF88B9304668
:102A5000D4F8282504F59561EFF76AFF48B96B466D
:102A60002A46304604F11001EFF784FF08B984F8D4
:102A7000905002B0BDE8F0812A4604F2B451C4E798
:102A800010B404681A46B4F1082F019B02D010BCA0
:102A9000F1F726B96FF0850010BC70470020704731
:102AA000C000C90002F1080303F8010D93424FEA88
:102AB0001020F9D103F11002083302F8011D9A42E7
:102AC0004FEA1121F9D101207047836883B10022B8
:102AD000836A1A608368816A0F3323F0804323F08E
:102AE0000F0343F080438B60836A826010338362FC
:102AF000704738B5C2690546146914B15069A047DA
:102B0000044605F12000F1F7B1FF204638BD37B586
:102B1000837E05468BB905F12000F1F77DFFAB7E82
:102B2000A3B1019800F001FA044678B12846FFF7F6
:102B3000E0FF002818BF012405E001A8F2F71EF904
:102B400004460028E7D0204603B030BDEA69D368C8
:102B50000BB90024F7E75069984704460028E5D1EF
:102B6000F7E7F1F7C1BA10B50446F1F7BDFA20B99D
:102B70002268236B12681343236310BD10B4002432
:102B80000294039C1A46019B019410BCF1F710BB00
:102B900010B401240294039C1A46019B019410BCBA
:102BA000F1F706BB38B590F8204003466CB3B2F19C
:102BB000807F04D3FFF79DFF50B3012038BD046927
:102BC00034B1FFF796FF0028F7D16FF04800F5E722
:102BD00040695D6A104458619868104498602960A3
:102BE00002F10F00596A20F00F0040F000558D608F
:102BF0001D68801AAD68596A2A6942EA0022CA60D3
:102C00005A6A204610325A62D8E76FF02000D5E7A2
:102C10006FF03F00D2E7F8B51E4690F8203004462A
:102C20000F461546002B3DD0B2F1807F07D3FFF74A
:102C300060FF002814BF01206FF03F00F8BDFFF7D0
:102C400044FF0DB90020F9E7436A05F10F021F6048
:102C5000436A22F00F0242F0005199602368406AF3
:102C60009B68511B5B69954243EA0123C360636A19
:102C700003F11003636223692B44C4E90353A36A7D
:102C80001E60A36A9D60A36A03F11000A062D9D000
:102C900000221A61A36A41F080419960A36A10334F
:102CA000A362CFE76FF02000C8E738B590F8203076
:102CB0000446002B43D1FFF72AFF054600283CD1EC
:102CC0002368226B596922EA010222639969986894
:102CD0000A43036804F1840104F12000F1F7DEFCEB
:102CE000E3699A6882B9626A1B681360E369626A81
:102CF0005B6843F0005393602268636A926852688D
:102D0000DA60636A103363622368616A1A6AE36A8D
:102D1000C2F5857213440B602368626A1B6A43F034
:102D2000005393602268636A92689268DA60636A0B
:102D3000103363620023C4E90233284638BD6FF0C4
:102D40002005FAE7F8B590F8203005462BB300F0DF
:102D5000C5F8431C044605D030B12846FFF7C9FE2C
:102D600000B101242046F8BD2B682A6B5B69134033
:102D7000F3D169680029F0D02E7E05F1F4009E425F
:102D800004D8002C18BF6FF00F04E6E7CA5C10F8F7
:102D9000017B01337A401443F1E76FF02004E1E74F
:102DA00010B504462046FFF7CDFF431CFAD010BDF6
:102DB00010B5531ED41D03F8010FA3424FEA102093
:102DC000F9D10F3203F8011F93424FEA1121F9D1D3
:102DD000012010BD07B500930023F1F7B3FB03B04A
:102DE0005DF804FB07B500930423F1F7ABFB03B0D8
:102DF0005DF804FB4368A3F11001914241D8012220
:102E000043F80C2C53F8042C42F0200243F8042C15
:102E100053F8082C42F0005243F8082C836800F164
:102E20001402A3F1100191422FD8012243F80C2C77
:102E300053F8042C42F0200243F8042C53F8082CD9
:102E400042F0005243F8082CC36803F15402BFF368
:102E50005F8F4FF0A3431A60BFF35F8FC2680432E5
:102E6000BFF35F8F1A61BFF35F8FBFF35F8F0322E2
:102E70005A63BFF35F8FBFF35F8F9A63BFF35F8FB8
:102E80007047103242F80C2CB7E7103242F80C2C85
:102E9000C9E738B5BFF35F8F4FF0A344E569BFF3CF
:102EA0005F8FBFF35F8F10236363BFF35F8F0120DA
:102EB00002F0E6FABFF35F8F00236363BFF35F8F17
:102EC000BFF35F8FE36BBFF35F8F5B06F8D425B171
:102ED000BFF35F8FE561BFF35F8F38BD08B5F1F7D2
:102EE00025FE30B9BFF35F8F4FF0A343986ABFF35D
:102EF0005F8FBFF35F8F4FF0A342D36BBFF35F8F42
:102F000010F0240F03F0230304D0FFF7C2FF6FF08B
:102F10001F0008BD4FF0FF30002BFAD1BFF35F8FC9
:102F20001063BFF35F8F1846F3E710B59EB00246FB
:102F300046F611031AA901A8F1F7B0FB0023039A82
:102F400010211360039A01A89360039B1AAA1033FF
:102F50000393FFF74FFFFFF7C1FF431C0446FAD06E
:102F600001A87421FEF787FF20461EB010BD18305F
:102F7000F1F77CBD0160CB691146184738B503688D
:102F800004460BB3027EFAB94FF4DE71DB69C56803
:102F90009847C0B92368E5605A69636AE169C2F578
:102FA000CA7213440B602368E2695B6943F0005303
:102FB00093606268E3695268DA60E3691033E36141
:102FC000A3680233A36038BD6FF02000FBE708B5AB
:102FD000037E43B32AB38368062B05D91830F1F773
:102FE00045FD6FF0440008BDB2F1807F05D3183075
:102FF000F1F73CFD6FF03F00F5E7C3691960C36965
:103000009A604168C369C968D960C3691033C361F4
:10301000036913440361C3681344C36083680133C5
:1030200083600020DFE76FF02000DCE770B5037EEF
:103030000246002B46D050F8183BD1681C69B1FB02
:10304000F4F504FB151121B1F1F710FD6FF0450007
:1030500070BDD3E905452C44D02C04D9F1F706FD09
:103060006FF02200F4E79D68946A166A6C409462DF
:103070005D68654095625C69556AE31CC4F5CA7475
:10308000254435601568146A6D6923F00303A56053
:10309000146A04F11005156215686D699D420AD025
:1030A00021611468116A64691B1B43F080438B60C3
:1030B000136A103313624FF4A0717C32FFF79AFE4B
:1030C0000020C5E76FF02000C2E710B5037E04467C
:1030D000ABB1D0E903239A4204D00268836A5268F4
:1030E0005340836220466369984704F118004FF407
:1030F000A07104F17C02FFF77DFE002010BD6FF08F
:103100002000FBE738B5037E054653B1FFF7E6FE26
:10311000431C044603D005F11800F1F7A7FC204634
:1031200038BD6FF02004FAE710B504462046FFF7DB
:10313000E9FF431CFAD010BDC068704700697047B2
:1031400038B502690546146914B15069A0470446B0
:1031500005F11400F1F78AFC204638BD08B58268F5
:10316000034662B902681169426A114207D0FFF74B
:10317000E7FF002814BF01206FF0530008BD03F1E2
:103180001400702103F17802FFF734FE0020F5E708
:1031900073B5064601A8F1F7F1FD044678B906F1CA
:1031A0001400F1F739FC0198FFF7BFFE044648B957
:1031B0003269D3681BB150699847054618B9204653
:1031C00002B070BD05463046FFF7BAFF00280CBFBD
:1031D0002C460124F3E710B5047D03463CB3B2F15D
:1031E000807F04D3FFF7ACFF20B3012010BD4468FB
:1031F000062C06D9FFF7A4FF0028F6D16FF0440093
:10320000F4E70AB90020F1E78069016099698A60F2
:10321000186899698069C068C860996910319961B6
:10322000596801315960996811449960EAE76FF073
:103230002000DBE76FF03F00D8E710B4037D002BE0
:1032400056D08368C3B9836900F124021A60036809
:1032500082691B68013343F00053936004688269FC
:103260002368A4690133E4681B0203F4F853234381
:10327000D360836910338361036882681C68131903
:1032800023EA040384699B1A54F8042C42EA0322BB
:1032900044F8042C826952F8084C234443F000534C
:1032A00042F8083C03681A68C368134423EA02031F
:1032B000C2691160C269C1689160C26902F11001FE
:1032C000C161C1688B420AD000211161C168C26925
:1032D0005B1A43F080439360C3691033C361036892
:1032E000DA68436A23EA0203436210BCFFF736BF81
:1032F0006FF0200010BC704738B5037D0446002BEA
:1033000049D103685B69002B48D0FFF741FF0546B0
:1033100000283ED1214651F8783B626A9B6904F14E
:1033200014001B68F1F7BAF90123636023699A68F6
:103330009AB9A2691B6813602369A2695B6843F0AC
:10334000005393602268A36992699268DA60A36966
:103350001033A361636801336360236AA269C433D5
:1033600013602368A2695B6943F00053936022688D
:10337000A36992695268DA60A36922681033A36175
:103380006368013363601269636A134363620023F5
:10339000A360284638BD6FF02005FAE76FF04705B7
:1033A000F7E738B5027D0346002A3FD002688168FE
:1033B00094688C4205D9FFF7C3FE002839D001205C
:1033C00038BD5468B1FBF4F504FB151434B1FFF7B4
:1033D000B7FE0028F3D16FF04500F1E7416AD068ED
:1033E00001435962D3E90701C43152690160186889
:1033F000D96940690F328860D96922F00F0201F162
:103400001000D8611868406990420AD00C611868B1
:10341000D9694069121A42F080428A60DA69103232
:10342000DA611846BDE83840FFF798BE6FF020001B
:10343000C6E76FF05300C3E738B5037D054663B1B7
:10344000FFF74CFD431C044605D02846FFF778FEE5
:10345000002818BF0124204638BD6FF02004FAE789
:1034600010B5037D04462BB12046FFF7E5FF431C52
:10347000FAD010BD6FF02000FBE710B503780446CA
:103480001BB1EEF77DFC00232370002010BDF8B5C2
:103490000668054696420C46A2EB060701DDF5F7E5
:1034A000ACF93946204600F03FF832466968E01929
:1034B000BDE8F84000F056B8FFF7E9BFF8B5074699
:1034C0001646D2E900208A420C460BDB551A2946E3
:1034D00000F02AF82246394670682844BDE8F840D2
:1034E00001F0D0BF891A3944F8E770B514460E468A
:1034F0001D4621461A46FFF7E1FF2146304605F1F9
:103500000802BDE87040FFF7D9BF70B50546164602
:103510001C461A46FFF7BBFF2246314605F108005C
:10352000BDE87040FFF7B3BF38B503460C46A9B1FC
:10353000580706D00022013C03F8012B01D059079F
:10354000F9D124F00F052A460021184601F0C1FFE9
:1035500003460021421923449A4200D138BD02F8A3
:10356000011BF9E78B18991A12B110F00F0F01D156
:1035700001F088BF0978013AC9B200F8011BF2E7EF
:103580000368D868C0F300407047036803F58053B0
:103590005B6A13F4A02F14BF0120002070470222A1
:1035A00003689A6070470368D868F1F759BB024610
:1035B00008B51046FFF7E4FF0028FAD1BDE808403F
:1035C0001046FFF7F0BF03685A5070476C307047E1
:1035D00073B5CDE90023D0E90145C66800699DF8BF
:1035E0000730006804EB0514C000D2B2A6F1080150
:1035F00014D502F03F0242F0200243F00103A01B69
:103600008DF800208DF80730FFF78EFF083C082268
:1036100069462046FFF7A6FF02B070BD641B03F0A9
:103620003F0342F0010243F0200304F108008DF84B
:1036300000208DF80730FFF777FFE8E70369DA68C5
:1036400032B142F42022002142F40062FFF7BBBFF6
:103650007047C06870472DE9F8430B680C4613F4B7
:10366000700F14D1D0E90159036908461B68D1F8DD
:103670000880DB0048BF4B684FF0000744BFA9EB50
:103680000303ED1800F0D9F80646B74201DBBDE8A8
:10369000F883414628466268FFF764FF63684D443B
:1036A00098440137F1E770B50C461E461046D1E943
:1036B000012505EB42052946FFF754FF62683046B5
:1036C000A918BDE87040FFF74DBF38B50169D0E9D2
:1036D00001344A680968C90042BFC168611A5B18B1
:1036E00000210AB9183038BDD50707D50B2901D9F3
:1036F000F5F783F88D1D40F8253001312344521031
:10370000EFE72DE9F74F0446D0E9017A0193036909
:1037100040690E4691469D68FFF758FFD4F84CB0BB
:10372000D0F80080BBF1000F07D02046F1F782FAF5
:103730001025284603B0BDE8F08FF1F721FA336871
:1037400019064CBFC36843687168994204DD20467E
:10375000F1F770FA0D25ECE72069E160B8F1000F90
:1037600002D0036949EA0309006833680139034359
:1037700043EA012343EA090204212046FFF723FF1D
:1037800023691B68DA0003D5E368AAEB03031F442F
:10379000A5B931462046FFF75EFFB8F1000FC8D04B
:1037A00023691B69002BC4D0D8F8083040469847DD
:1037B00002460B462046FFF70BFFBAE7EB0748BF70
:1037C000019B4FEA650544BF43F82B700BF1010BD9
:1037D0005744DDE710B50446FFF730FFBFF35F8FB6
:1037E00003222046BDE810400821FFF7ECBEC0F3DD
:1037F0000B03482B4B6028BF482310F4003F8B601D
:1038000008BF0023CB6010F4803308BFC1E9013347
:1038100000F47003B3F5700F14BF00238B68002809
:103820004FF0010C4FF008028B60B8BF0023C1E9D4
:1038300005C2B8BFC1E905337047036813F4700FC0
:1038400005D18368002B14BF06200020704700209C
:103850007047037823F007030370C37F03F07F03EF
:1038600043F04003C37770470B46D0E901108A420A
:10387000084402D31A4600F003B86FF040007047C6
:103880002DE9F0470446104639B12246002316467A
:1038900012F8015B35B98B4202D16FF0530435E069
:1038A0000133F4E78B42F8D04A1E9A4201D1022D2F
:1038B000F3D9A25CD2072FD5FF2415EA040228D140
:1038C000E443A1EB0308C718FEF7CAFAE5B208EB18
:1038D000070A424639460020EEF7BAFC0446E8B92A
:1038E0003B7881462B403B703B4613F8012B5345F8
:1038F00049EA0209F9D10023424631463846FEF72B
:1039000033FAB9F1000FE4D00028E2DA2046BDE82E
:10391000F0876400E4B2D0E76624F7E70224F5E715
:103920002DE9F04144681F46A36805460E469046BF
:1039300033B110210120ECF711F9E06038B10446F1
:103940000020C4E9017826606C60BDE8F0816FF06A
:103950006900FAE770B504680D1B002D02DC6FF0FA
:103960005F0070BD94F900602378002E0ADB631CB1
:103970000360237813600368C91A13688B42EED87A
:103980000020EEE703F07F035C1E032C13D89D425A
:10399000E5DD0024146004680134046004681568DF
:1039A0002478013B44EA05241460046804F101040E
:1039B0000460F3D1DFE76FF06300D2E770B404680E
:1039C0000E1B002E07DD26789E4208D101340460CC
:1039D00070BCFFF7BFBF6FF05F0070BC70476FF047
:1039E0006100FAE773B51D46134601AA0446FFF7C6
:1039F000E5FF18B9019A1AB96FF0630002B070BD03
:103A0000236893F90030002BF6DB0646236819780B
:103A100039B106B10192042AEED809D10B06EBD4D4
:103A200006E00133013A4FF001062360EED1019226
:103A300000232B60019B013BE0D3226829681278A8
:103A400042EA01222A60226801322260F3E737B598
:103A50000123154601AA0446FFF7B0FF58B9019BA0
:103A6000012B0AD123681B78003B18BF01232B6070
:103A700023680133236003B030BD6FF06300FAE7C1
:103A800013460222FFF7AEBF73B50223154601AA03
:103A90000446FFF793FF40B9019E2846324621684D
:103AA00000F070FB23683344236002B070BD70B532
:103AB000032305460E46FFF781FF98B9136893B1BB
:103AC000013B13602B681B78072B13710ED82B68F2
:103AD00001332B60936012681344B34218BF6FF038
:103AE00065002B6070BD6FF05F00FBE76FF0630057
:103AF000F8E72DE9F04F85B01746984603AA302322
:103B000004460E469DF838A09DF83CB0FFF756FFDE
:103B1000054608BB2368039A13449E4219D06FF0F0
:103B2000650519E05A1C226093F8009009EA070322
:103B3000434522D13146204603AAFFF70BFFD0B9F7
:103B400009EA0A0159452268039B09D022681A44F0
:103B500022602368B342E5D3284605B0BDE8F08F64
:103B600010990029F2D0DDE910C049460193E047E1
:103B7000019B0028EAD00546EEE76FF06105EBE710
:103B800038B503230446FFF719FF18B9136813B9B2
:103B90006FF0670038BD013B136023681A78002A74
:103BA000F6D101332360F5E710B500B910BDC46844
:103BB000EBF7DAFF2046F8E72DE9F34190461F4680
:103BC00001AA302305460E46FFF7F8FE0446F0B979
:103BD0002B68F61A002E34DD42461B78284642F840
:103BE000043B2E68019B1E4431460623FFF7E6FE88
:103BF000044660B92B68D8F80420C8F80830991832
:103C0000B142296007D10C213846ECF7FBFA204677
:103C100002B0BDE8F0819B5C3A4642F8043B2B6859
:103C20003146013328462B60FFF794FE60B92B68BC
:103C30007A68BB601344B34218BF6FF065042B6011
:103C4000E5E76FF05F04E2E70446E0E710B500B98E
:103C500010BD8469EBF788FF2046F8E77F2A03460A
:103C600010B51AD914460120240A00F10100FBD135
:103C70001C68641A844212DB19684C1E1C6001F82F
:103C8000012C120AF8D1012806D01A68511E1960B9
:103C900000F17F0302F8013C10BD0120E8E76FF05E
:103CA0006B00F9E70368591A0029C1BF03F1FF311E
:103CB0000160012003F8012CD8BF6FF06B00704742
:103CC0002DE9F04106460F4615469846FFF7C6FF18
:103CD000041E09DB424639463046FFF7E3FF002861
:103CE000B2BF0446641924182046BDE8F0812DE9CE
:103CF000F041054610460E46174600F03DFA0128F1
:103D000038BF012029680446B14203D26FF06B002E
:103D1000BDE8F0818B1B8342F8D3091A0246296063
:103D2000384600F045FA0028F2D1B7F90430012BEB
:103D30000CD12B6893F90020002A07DA9A1B002A7D
:103D4000E4DD5A1E2A60013403F8010C2246314694
:103D50002846BDE8F0410223FFF7B2BFD2B2891A6C
:103D6000101A090A41EA102123EA0100C0B2704783
:103D700038B500F14103054602461921DBB20020A7
:103D8000FFF7ECFF05F147032A4604463321DBB277
:103D90001A20FFF7E3FF2B1F2A463D210443DBB225
:103DA0003420FFF7DBFF3E21E4B22A462B230443F5
:103DB0000846FFF7D3FF3F21E4B22F232A460443EE
:103DC0000846FFF7CBFFE4B22043C0B238BD38B598
:103DD000A0F14003054602465A21DBB24120FFF71D
:103DE000BDFFA5F146032A4604467A21DBB26120D5
:103DF000FFF7B4FF6B1D2A4639210443DBB23020A4
:103E0000FFF7ACFF2B2105F11403E4B22A4604436B
:103E1000DBB20846FFF7A2FF2F2105F11103E4B240
:103E20002A460443DBB20846FFF798FFE4B220437A
:103E3000013840B238BD2DE9F74F0C9F05461646B4
:103E400017B91760002012E00324B7FBF4F404EB69
:103E50004408474518BF0134B4F1804F0AD2A4008A
:103E600001348C4200D840B96FF02900346003B0AF
:103E7000BDE8F08F4FF0FF34F6E78146002444455B
:103E800003F1030209F1040A2ED3BC424A4626D2AA
:103E900093F800800134BC424FEA98002CBF4FF0E9
:103EA000000B93F801B0FFF763FF89F800004FEAB9
:103EB000081000F0300000EB1B10FFF759FFBC4268
:103EC00089F801003CD24FEA8B0000F03C00FFF77C
:103ED0004FFF3D23524689F8020089F80330002342
:103EE000551B35601370ADE712F8033C12F8029CC5
:103EF000980812F801BC01920093FFF739FF009B6C
:103F00000AF8040C180100F0300000EB1910FFF75C
:103F10002FFF0AF8030C4FEA890000F03C0000EB89
:103F20009B10FFF725FF0AF8020C0BF03F00FFF78C
:103F30001FFF019AD14613460AF8010C03349EE78D
:103F40003D20C6E7013201310140C0431040084323
:103F5000013800B2704700220123C0E900237047F6
:103F600010B5044648B1006818B1E1888900FDF732
:103F700065F800220123C4E9002310BD42F210734A
:103F8000994270B504460D4602D96FF00F0070BD1E
:103F9000C3888B4201D30020F9E704212846EBF7C0
:103FA000DDFD06460028F0D0216841B1E28892008C
:103FB00001F068FAE18820688900FDF73FF8E580A4
:103FC0002660E8E7F8B50E46C98805461446FFF7AF
:103FD000D5FF0746A8B963421C43E4172046B5F94C
:103FE0000420B6F90410FFF7ADFF2346E443A88090
:103FF000F2883168286800F078FDF388EA889A42F0
:1040000001D83846F8BD296851F82320224041F8EC
:1040100023200133F2E738B504460D4619B9FFF7FE
:104020009FFF002038BDC2888A4207D10021006866
:10403000920001F04EFA0123A380F2E7FFF790FF10
:1040400029462046BDE83840FFF798BF42F210737A
:10405000994270B50A46054602D96FF00F0070BD4F
:10406000C3888B4207D8BDE87040FFF787BF296837
:1040700051F8231011B9013B002BF8D15C1C94427C
:1040800038BF144604212046EBF768FD0646002899
:10409000E3D0296839B1A20001F0F4F9E988286871
:1040A0008900FCF7CBFF0020EC802E60D7E7884228
:1040B00070B505460E4609D0C988C28841B92AB1F3
:1040C000012392008380006801F003FA002070BD94
:1040D0004C1E8CB9B6F904300134A242AB8012D226
:1040E00021462846FFF74AFF0028F0D131682868AA
:1040F000A20001F0C7F9E9E7336853F82430002B38
:10410000E8D1013CE5E72868121B0021920000EB92
:10411000840001F0DEF9E9E770B50C46012105469F
:10412000FFF72CFF064688B9EA8801469200286806
:1041300001F0CFF984EAE472A2EBE472E40FC4EB7D
:10414000C4342B68640001341A60AC80304670BD02
:10415000C388B1EB431F3FBF03684A0953F82200ED
:1041600001F01F013ABFC84000F001000020704775
:10417000C188006800F064BC08B5FFF7F9FF07309C
:10418000C00808BD70B50E4612F0030118BF01212A
:1041900001EB920105461446FFF73DFF38B923466F
:1041A0003246E9882868BDE8704000F0CEBC70BD9A
:1041B00013460A46C188006800F0ECBC38B50446D6
:1041C0000D46FFF7D5FFE3882844B0EB431F06D820
:1041D00020682A46E18800F04DFD002038BD10F02F
:1041E0001F0118BF012101EB50112046FFF7C6FE49
:1041F0000028EDD0F2E708B50A46C18811B1006881
:1042000000F0FAFC002008BD10B5C38823B9CA88A5
:104210005AB9ABB1012017E0026802EB830252F8F1
:10422000042C002AF3D1013BF0E70C6804EB820474
:1042300054F8044C0CB9013AEAE79342EAD80FD398
:10424000013B5A1C01D1002010BD026852F82340E6
:104250000A6852F823209442DCD803F1FF33F0D2ED
:104260004FF0FF30F0E730B5C38823B9CA885AB998
:10427000002B3DD136E0026802EB830252F8042C99
:10428000002AF3D1013BF0E70C6804EB820555F8F6
:10429000045C4DBB013AEAE7B1F9045003D2B1F92D
:1042A0000400404226E0B0F90420002A03DD002D7E
:1042B0000CDA01201EE0002D08DD3AB14FF0FF308E
:1042C00018E003F1FF330BD2504213E0013B0168C9
:1042D00051F8235054F823108D42F2D9104609E0CA
:1042E000591CF4D1002005E0002BD8D09342D3D93B
:1042F000B0F9040030BD1FB581EAE173A3EBE173AF
:1043000001930123C90FC1EBC13149000131ADF85F
:104310000C10ADF80E3002A901AB0293FFF7A3FF1A
:1043200005B05DF804FB90422DE9F04105460F46CB
:10433000144602D0884206D127460123AB80FC8870
:104340003CB9002003E0FFF7B2FE0028F4D0BDE83E
:10435000F0813B684FEA840803EB840353F8043C84
:104360000BB9013CECE721462846FFF707FE002881
:10437000EDD12E6823463A683146304600F0B0FC55
:10438000074606EB0803002FDBD0EA88661CA24232
:1043900008D831462846FFF7F1FD0028D7D12B6811
:1043A00003EB84031A683446D2192CBF0127002777
:1043B00043F8042BE7E72DE9F04105460E46904609
:1043C000D4883CB9F188A1420ED26FF00907384673
:1043D000BDE8F081D8F8003003EB840353F8043CC7
:1043E000002BEFD1013CECE72846FFF7C7FD07465D
:1043F0000028ECD1F28894420BD2AE4209D0286852
:104400003168121B920001EB840100EB840001F083
:1044100039F8EA88F088824207D92B68121A0021FD
:10442000920003EB800001F054F8D8F800202346F6
:104430003168286800F086FC024610B90123AB8081
:10444000C5E72968EB8801EB840108461B1B00F0D7
:10445000A9FE0028F2D0B8E72DE9F843B1F90440ED
:10446000B2F804C081461CFB04FC664673430D464B
:1044700017461CD511462846FFF7C6FEB0F10008C6
:104480000DDB3A4629464846FFF795FF98B9B8F143
:10449000000F08BF01240020A9F804400BE02A46C1
:1044A0004846FFF788FF30B9644224B2F3E7FFF7CC
:1044B0003AFF0028EFD0BDE8F8830123FFF7CCBF17
:1044C0004FF0FF33FFF7C8BF1FB582EAE273A3EBDB
:1044D000E27301930123D20FC2EBC23252000132C8
:1044E000ADF80C20ADF80E3002AA01AB0293FFF735
:1044F000E4FF05B05DF804FB1FB582EAE273A3EBAD
:10450000E27301930123D20FC2EBC2325200013297
:10451000ADF80C20ADF80E3002AA01AB0293FFF704
:10452000CFFF05B05DF804FB2DE9F04701231646E7
:10453000002286B0884207460D46CDE90223CDE928
:10454000042306D102A8FFF7B2FD0446002833D1A8
:1045500002ADB74206D1394604A8FFF7A8FD0446CC
:1045600050BB04AEB5F80680B8F1000F2ED1B6F8F6
:104570000690B9F1000F33D14FF0010A384609EB2C
:104580000801FFF7FBFC0446B0B901463846FFF7C7
:10459000C3FD044680B9CDF80090424633682968CF
:1045A000386800F0ECFBBAF1000F22D1AB88B2887A
:1045B00013FB02F31BB2BB8004A8FFF7D1FC02A8D7
:1045C000FFF7CEFC204606B0BDE8F0872B6803EB72
:1045D000880353F8043C002BC9D108F1FF38C3E726
:1045E000336803EB890353F8043C23B909F1FF391D
:1045F000BFE70123DFE7B8FA88FA4FEA5A1ABDE7A6
:104600002DE9F341054688461646CF883FB1D8F8D4
:10461000003003EB870353F8043C3BB146B900215B
:10462000284602B0BDE8F041FFF776BD013FEDE757
:104630002846791CFFF7A2FC044670B9414628467B
:10464000FFF735FD044640B9013E00963B46D8F8D9
:104650000020E9882868F0F709FE204602B0BDE88E
:10466000F08170B504460D46104600211646FFF74E
:1046700042FE002824DB2A46334621460020F0F77C
:104680005BFC054638B1284670BD324621462046BF
:10469000FFF713FF90B900212046FFF72CFE0028FA
:1046A000F3DB31462046FFF7DEFD0028EBDB324628
:1046B00021462046FFF704FF0028F2D00546E2E736
:1046C0006FF00905DFE72DE9F04F89B00646DDE917
:1046D00012588B462846002191460593FFF70BFEA2
:1046E000002805DC6FF00304204609B0BDE8F08F18
:1046F0002B681B68D907F5D500214846FFF7FBFD5D
:104700000028EFDB4846FFF733FDB0F5406FE9D8EE
:104710002846FFF72DFDB0F5406FE3D8B9F8061035
:1047200031B90121304609B0BDE8F04FFFF7F4BCC4
:10473000E88800F002FD04218246EBF70FFA0746F5
:10474000002800F0AA80002201234FEA8A0ACDE95E
:104750000623B8F1000F0DD1294606A800F062FC2F
:10476000044600B351463846FCF768FC06A8FFF73C
:10477000F7FBB9E7D8F80030002B6ED106AB18462E
:10478000294600F04FFC06AB044640B1514638467E
:10479000FCF754FCD8F80030002BA5D1E6E793E8ED
:1047A000030088E8030059463046FFF780FC0446C2
:1047B000002867D1012329463046B380FFF753FD17
:1047C000002857DA3046E988FFF7D8FB044600286E
:1047D00058D1286800F0F4FA069B009002970193E4
:1047E0003168EB882A680490084600F0F8FC059BC5
:1047F0000698B9F806203168B3F12A3FEB88CDE975
:1048000002070192D9F80020084600922A6841D197
:1048100000F0B7FC049B019700933168EB880846D1
:104820002A6800F0E8FCBBF904B0BBF1FF3F29D1D6
:10483000D9F800301B68DB0724D5F188306800F018
:10484000C2FC01225946FFF77DFB3246B080294663
:104850003046FFF732FE044614E04046E988FFF791
:104860008DFB0446002891D198E8030008AB03E9CA
:10487000030098E72A4631463046FFF7F2FE044629
:1048800000289FD051463846FCF7D8FBB8F1000FFE
:1048900080D16BE700F065FCBCE76FF00F0423E705
:1048A00013B5049CCDE900340023FFF70CFF02B0E0
:1048B00010BD2DE9F04F00260D1E89B00746314688
:1048C000104614BF4FF0050B4FF0040B91461C46E9
:1048D0000596FFF710FDB042C0F28580214648469C
:1048E000FFF7C1FCB0427EDC31462046FFF730FCCA
:1048F0000128014677D1F5B9A14574D04FF00008E1
:104900000DF1180A474508BF574601233846E1888C
:10491000CDE90683FFF732FB0646002859D1E1882E
:10492000A5B9E08859468000EBF718F98046A0B990
:104930006FF00F064DE02046FFF7DDFC002852D057
:10494000A14550D0A5424ED0BC42D6E72846FFF73D
:1049500015FB0028E5D006463BE035B32968D9F8B9
:104960000020B9F80630E0880ABB984205AA20D991
:104970000123CDE9010820680090386800F04BFC65
:104980000123BB80BDB1AB80FA88E3889A4216D878
:10499000EA88E3889A421CD92868D21A002192003A
:1049A00000EB830000F095FD13E02946D7E798421D
:1049B000DFD80346DDE7FA88E3889A4209D93868E8
:1049C000D21A0021920000EB830000F082FD002D3E
:1049D000DED15046FFF7C4FA4046EBF7C5F8304643
:1049E00009B0BDE8F08F6FF00306F8E7F7B50E1ECB
:1049F000044615461F4614DB1046FFF77CFC0028D2
:104A00000FDD2046E988FFF706FB40B9089B3146D9
:104A1000CDE90073E3882A68206800F04CFB03B0FE
:104A2000F0BD6FF00300FAE743421843C017704728
:104A300090EA0103401A984319400843C017704791
:104A40000139002901DA0020704750F82130002B8D
:104A5000F6D0B3FA83F00131C0EB4110704739B1A1
:104A600001F18041013900EB81018142034600D20E
:104A700070471B680A681BBA12BA40F8042B41F849
:104A80000439F2E770B50E4601463068FFF7D0FFF3
:104A90000024C1430125954202D344EA010070BDC0
:104AA00056F82500FFF7C0FF01350443F3E72DE971
:104AB000F843002405460E4627462346013A02D213
:104AC0003846BDE8F88356F8229055F822804846CB
:104AD0004146FFF7ADFF494604434046FFF7A8FFB4
:104AE00020EA04031F430443E8E78842F0B503D0FB
:104AF00000250438AA4200D1F0BD1E4650F8047FBC
:104B000051F825403440F6433E40264306600135C7
:104B1000F0E78842F0B504D0002704380439BA42DF
:104B200000D1F0BD1E4650F8044F51F8045F3540E7
:104B3000F64326402E4306601D460E682C40ED438A
:104B4000354025430D600137E9E72DE9F0411C466A
:104B500013F0030318BF012303EB94038B420646B3
:104B60000D46904613D879B18F003A46002100F0E7
:104B7000B0FC2CB1381B22464146304400F082FC88
:104B800029463046FFF76BFF0020BDE8F0816FF04B
:104B90000700FAE7B3EB810F70B504464FEA8105D1
:104BA000104619D95A1B8618002100F092FC304695
:104BB0002B460021C2188B4210D1002070BD22F07C
:104BC0000301615802F00306F600F140C9B281B951
:104BD0000132AA42F3D1ECE71A46FAE721F00300CA
:104BE000205801F00305ED00E84002F8010D013105
:104BF000E1E76FF00700E1E7F8B5054650098842A4
:104C00000C4602F01F0601D80AD136B12846A20090
:104C10000021BDE8F84000F05CBC1F2A02D8F8BDB6
:104C20001F2A0FD9820005EB8003291F05EB84079B
:104C3000BB421AD1201A38BF0022002105EB8000A8
:104C400000F047FC002EEAD0002205EB8404C6F1F8
:104C50002000AC42E3D054F8041C21FA06F31343BD
:104C600044F8043D01FA00F2F3E753F804CB41F8AD
:104C700004CFDDE71F2AF8B503460D464FEA52146C
:104C800002F01F0613D96FF003000A4600FB043040
:104C9000944202F1FF3113D3621BAC4288BF002261
:104CA0002A4418460021920000F013FC034636B156
:104CB000002103EB8403C6F12007AC4206D3F8BD04
:104CC00050F8212043F821200A46E1E71868013412
:104CD00000FA06F20A4343F8042B20FA07F1ECE746
:104CE000F0B50024844620469C4200D1F0BD51F826
:104CF000245052F824702E182CBF01250025BF190E
:104D00004CF8247045F100000134EDE7F8B5044695
:104D10001846FFF789FE002784463846231F97422E
:104D200000D1F8BD53F8046F51F8274036182CBF56
:104D3000012500250CEA0404A41945F100001C60BB
:104D40000137ECE7F0B50024064620469C4200D12E
:104D5000F0BD51F824C052F82470ACEB0005AF420E
:104D600094BF4FF0000E4FF0010EED1B46F824509B
:104D700084452CBF70460EF101000134E6E72DE9B1
:104D8000F347DDF8289015464A440F46920000216B
:104D900006469846002400F09CFB05F1010A4C45AC
:104DA00002D102B0BDE8F08758F8243006EB840049
:104DB00000933A462B465146F0F758FA0134EEE795
:104DC00003230168881C400000F00800084400FB31
:104DD00001F2013BC2F1020202FB00F0F7D14042B6
:104DE00070472DE9F04F87B0139D00242E460493A1
:104DF000109B91460293DDE911834FEAC802834676
:104E00008A46284600210432059300F062FB08F12F
:104E100002030393444515D105EB84012346029A0E
:104E2000584651F82450FFF78DFF6840FFF7FCFD0E
:104E30000A4600235946A600109607B0BDE8F04F79
:104E400000F0D8BA5AF82430D9F800203768304634
:104E500002FB0377059A0399574300934A46049B44
:104E6000F0F704FADDE90221304643460097F0F7F7
:104E7000FDF904360134CDE72DE9F04F8DB01D4624
:104E8000189B8A46B3F12A3F179F1A9E05900692F7
:104E900040F0948039461698FFF7D2FD012838BFBC
:104EA0000120470900F01F047B01B3F5287F80F043
:104EB0008780EF2B00F28780502B34BF4FF0010B1F
:104EC0004FF0040B4FF0010909FA0BF30B9305FAAD
:104ED0000BF306EB83030698079303EB8503089314
:104EE000FFF76EFF4FEA85084246002109903046E1
:104EF00000F0EFFA089BC6F800900393099B314637
:104F0000CDE90153069B3046199A009306EB080938
:104F10002B46FFF766FF51464246484600F0B2FA7C
:104F2000022349460A93DDE90A2393424ED14246C1
:104F30003146059800F0A6FA4FF00009CA46089BD2
:104F4000059A0393099B1146CDE90153069B104630
:104F500000932B46FFF745FF002C4DD11F24013F46
:104F6000169B0AF1010A53F82730DA4523FA04F3B5
:104F700003F0010343EA490903D0002CDFD1002FDD
:104F8000DDD1189BB3F12A3F38D1424609FB0861B5
:104F9000079800F077FA089B05990393099B084648
:104FA000CDE90153069B079A00932B46FFF719FFA3
:104FB000002CC1D1EFB90DB0BDE8F08F002473E72C
:104FC0004FF0060B7EE74FF0050B7BE7089B01EBEC
:104FD000080A0393099B4A46CDE90153069B5046B4
:104FE00000932B46FFF7FDFE0A9B514601330A93BF
:104FF00099E7A146A246A2E7013CB1E731464FF04E
:10500000000A50464B465840FFF70EFD2A46C34360
:105010000798FFF76AFD0A9B0AF1010A53454144CC
:10502000EFD1B8E738B50D4601210446FFF774F813
:1050300088B9E98820468901FFF7C0F858B92A469F
:1050400021462046FFF70DFB28B92046E988BDE838
:105050003840FEF7FBBF38BD2DE9F04712F00304DE
:1050600018BF012404EB92048C420646884617467A
:105070001D464FEA840AC2EB840919D84A4600212A
:1050800000F027FAA8EB04020021920006EB0A00C8
:1050900000F01FFA3A46089806EB0901A8470546B2
:1050A00018B921463046FFF7DAFC2846BDE8F087FC
:1050B0006FF00305F9E72DE9F04F85B01F4606466E
:1050C000039190464FF0FF33002339461046FFF717
:1050D000B7FCC41D272C8CBF4FF01E0A4FF0FA0AF4
:1050E0004FEAD40B24F00704241A0F9B5A4600936E
:1050F000394630460E9BFFF7AFFF0546B0B9224652
:1051000039463046FFF778FDBAF1010A12D03A4627
:1051100031460398FFF7B6FC414681463046FFF71B
:10512000C6FC2A4609EA00039A42DED0284605B0AA
:10513000BDE8F08F6FF00D05F8E74901B1F5287F64
:105140000BD2EF290BD8502934BF012204220123AE
:10515000934003335843013070470622F7E7052296
:10516000F5E710B586B00B9C04940A9C03940024C8
:105170000294099C0194089C0094FFF77DFE06B000
:1051800010BD10B586B00B9C04940A9C03944FF09C
:105190002A340294099C0194089C0094FFF76CFE49
:1051A00006B010BD30B50546104600229A4200D127
:1051B00030BD51F82240241A45F8224034BF012066
:1051C00000200132F2E7034600EB810100208B4210
:1051D00001D1FFF729BC53F8042B1043F7E71FB5A3
:1051E000089C00920394069C079ACDE90134FFF7CE
:1051F000F8FD04B010BD30B51C46012387B00B9DEF
:10520000009203950A9D05AACDE901450593FFF794
:10521000E8FD07B030BD2DE9F04F0F4689B0DDE95C
:1052200013499A4609EB8403019309EBC4038046B2
:105230001146A600029303EB8405002F3AD005EB3C
:10524000060BA24528BFA2464FEA8A031A464846E3
:10525000039300F017F9039BA4EB0A0209EB030088
:105260000021920000F035F9129B984504D0324697
:105270001946404600F006F967B13246002138462B
:1052800000F027F932460021584600F022F90123A8
:10529000CBF80030A2444FEA4A130793331FEB18B0
:1052A000069300230393039A079B934204D109B00A
:1052B000BDE8F08FBB46C4E7D9F80000414600F0D6
:1052C0000100FFF7B1FB0246D8F8000000F0010032
:1052D000FFF7AAFB22EA000302EA000A04934A4607
:1052E00023460198FFF72EFDDDE90110324600F05C
:1052F000C9F85346494622460298FFF7F6FB324664
:10530000284600F0BFF8224641462846049BFFF796
:10531000ECFB534628460199FFF7E7FB01222146A3
:105320002846FFF769FC32460299484600F0AAF881
:1053300032462946404600F0A5F8224649464046F6
:10534000FFF7B5FB22460346059041464846FFF766
:10535000E0FB002F48D023465A4639460198FFF714
:10536000F1FC2246034612990198FFF7CFFCDDE9D4
:105370000110324600F086F85346594622460298FC
:10538000FFF7B3FB3246284600F07CF82246394648
:105390002846049BFFF7A9FB534628460199FFF7CF
:1053A000A4FB2B68129903F001032846FFF7AEFC1B
:1053B0008246012221462846FFF71EFC069B069ADC
:1053C0001B68029943EACA7313605846324600F0DC
:1053D00059F832462946384600F054F822463946F4
:1053E0005846059BFFF795FB039B01335AE76FF087
:1053F0002D007047F0B5DDF814C005460024ED43DC
:10540000002B08BF0B4604F1040EF44502D264459C
:1054100008D3F0BD16591F5906402F403E430E5188
:105420007446F0E7165D1F5D06402F403E430E5563
:105430000134ECE77047E3F7F3BB4FF0FF324FF076
:10544000FF33E3F775BBF9F799BB4FF0FF324FF02D
:10545000FF33E3F76DBBE3F7E3BBFAF704B807B537
:105460004FF0FF334FF0FF32CDE900230022FAF76F
:105470000AF803B05DF804FBFAF701B8F9F7FBBFCF
:10548000F9F729BE0A44431E914200D1704710B576
:1054900011F8014B914203F8014FF9D110BD884238
:1054A00010B501EB020402D98442234607D8431EFB
:1054B000A14208D011F8012B03F8012FF8E70244AC
:1054C00001468A4200D110BD13F8014D02F8014D8A
:1054D000F7E702440346934200D1704703F8011BEB
:1054E000F9E70139024410B5904201D1002005E0EE
:1054F000037811F8014FA34201D0181B10BD0130F1
:10550000F2E7C9B20346184613F8012B12B18A42DA
:10551000F9D17047002918BF00207047034670B5C5
:105520001E4613F8014B44B14A1E01E0A54204D0C7
:1055300012F8015F002DF9D1F2E7301A70BD10B5F5
:105540006AB10139841810F8012B11F8013F9A4211
:1055500003D1A04201D0002AF5D1D01A10BD1046C7
:10556000FCE710B50139044632B111F8013F013AA8
:1055700000F8013B002BF7D10021FFF7AAFF2046DE
:1055800010BD38B511F0FF0403460ED12146BDE829
:105590003840FFF7B6BF431C054621461846FFF7C3
:1055A000B0FF0028F7D1284638BD0025F5E70346AF
:1055B00070B51E4613F8014B3CB14A1E01E0A542EE
:1055C000F7D012F8015F002DF9D1301A70BD0A78BA
:1055D00070B56AB970BD9A4209D10C46054614F8F7
:1055E000013F002BF6D015F8016F9E42F7D0013035
:1055F0000378002BEFD11846ECE7F0B5C3F137077D
:10560000044603F01F031046FFB2082BE6B232D067
:10561000102B3DD06508A40845EAC17544EA8174A1
:105620008A082D1942EB5102290941EA02716D18CD
:1056300042EB1212290A41EA02616D1842EB122272
:10564000290C41EA02416D1842EB1242AD1842F1B9
:105650000002EC0844EA4274D10804EB8402A6EB91
:105660004205EDB2092D0CD90134A5F10A0541F12D
:105670000001EDB212E0E40806F0070544EA4174C7
:10568000C908303554EA010200F8015BBDD1F0BD14
:10569000240906F00F0544EA01740909092D84BFA5
:1056A000ED19EDB2EDE7D1E9043293421EBF5A1C69
:1056B0000A611870704700000148006870470000D8
:0456C000C04A0020BC
:0856C400BC92FC7F0100000014
:1056CC00CD0E02000000000000000000F4570400A2
:1056DC008955010000000000000000001C58040067
:1056EC00C9880200000000000989020000000000C7
:1056FC00000000004458040000000000945804000E
:10570C00000000006C5804009540020000000000EE
:10571C00E9C603000000000000000000BC580400B3
:10572C00000000000C59040000000000E4580400C4
:10573C00790502000000000053BB030000000000CC
:10574C00990D010000000000B5510100000000009F
:10575C000000000034590400B9F200000000000001
:10576C00658E020000000000390A020000000000F3
:10577C0000000000D459040000000000AC590400E3
:10578C000000000084590400000000005C59040073
:10579C0000000000FC59040000000000245A040022
:1057AC00857F0100000000005DC6030000000000C2
:1057BC0067C603000000000045280100000000003F
:1057CC000962010000000000757A01000000000071
:1057DC009D6D010000000000DD7A0100000000005A
:0857EC0055100200000000004E
:1057F400ABFC04000000000030630400920F0020A2
:1058040000000000CBB7030000000000000000000F
:1058140000000000C87C040029FB0400207B040075
:10582400146304007E0F0020DC4D0020E902020016
:10583400000000000000000000000000147B0400D1
:105844009EFB0400787B0400F0620400840F0020B7
:10585400484E002011070200000000000000000074
:10586400EC0B00206C7B0400B0FB0400987B04006C
:10587400F0620400860F0020544E0020110702003D
:105884000000000000000000FC0B00208C7B0400E2
:10589400C1FB0400B87B0400F0620400880F002000
:1058A400604E00201107020000000000000000000C
:1058B4000C0C0020AC7B040056FB0400000000002C
:1058C400D0620400800F002000000000AFB303008A
:1058D400000000000000000000000000387B04000D
:1058E400C7FC0400E47C040074630400940F0020EB
:1058F4002C0C0020CBB90300610D02000000000055
:105904001C0C0020D47C0400E5FC0400487D040049
:1059140074630400960F0020600C0020E9B90300B2
:10592400610D020000000000500C00203C7D0400CA
:1059340064090500000000003C7F0400980F00206B
:10594400E051002089370200000000000000000040
:1059540000000000307F04004DFC0400E47B0400E0
:10596400386304008A0F00206C4E00208D0C020066
:10597400000000000000000000000000D87B0400CC
:105984005FFC0400207C0400386304008C0F0020BA
:10599400844E00208D0C0200000000000000000076
:1059A40000000000147C040071FC04005C7C040012
:1059B400386304008E0F00209C4E00208D0C0200E2
:1059C400000000000000000000000000507C040003
:1059D40083FC0400987C040038630400900F0020CA
:1059E400B44E00208D0C02000000000000000000F6
:1059F400000000008C7C0400FCFA0400000000009D
:105A0400C46204007C0F002000000000DDFB0100E4
:105A14000000000000000000DC0B0020F87A040005
:105A240066FB040000000000D8620400820F00201E
:105A340000000000F105020000000000000000006A
:085A440000000000547B040087
:105A4C000000000059870300000000005987030084
:105A5C000000000059870300000000005987030074
:105A6C000000000059870300000000005987030064
:105A7C000000000059870300000000005987030054
:105A8C000000000059870300000000005987030044
:105A9C000000000059870300000000005987030034
:105AAC000000000059870300000000005987030024
:105ABC000000000059870300000000005987030014
:105ACC000000000059870300000000005987030004
:105ADC0000000000598703000000000059870300F4
:105AEC0000000000598703000000000059870300E4
:105AFC0000000000598703000000000059870300D4
:105B0C0000000000598703000000000059870300C3
:105B1C0000000000598703000000000059870300B3
:105B2C0000000000FD400200000000005987030047
:105B3C000000000059870300000000005987030093
:105B4C000000000059870300000000005987030083
:105B5C000000000059870300000000005987030073
:105B6C000000000059870300000000005987030063
:105B7C000000000059870300000000005987030053
:105B8C000000000059870300000000005987030043
:105B9C000000000059870300000000005987030033
:105BAC000000000059870300000000005987030023
:105BBC000000000059870300000000005987030013
:105BCC000000000059870300000000005987030003
:105BDC0000000000598703000000000059870300F3
:105BEC0000000000598703000000000059870300E3
:105BFC0000000000598703000000000059870300D3
:105C0C0000000000598703000000000059870300C2
:105C1C0000000000598703000000000059870300B2
:105C2C0000000000598703000000000059870300A2
:105C3C000000000059870300000000005987030092
:105C4C000000000059870300000000005987030082
:105C5C000000000059870300000000005987030072
:105C6C000000000059870300000000005987030062
:105C7C000000000059870300000000005987030052
:105C8C00000000009D4A030000000000598703003B
:105C9C000000000059870300000000005987030032
:105CAC000000000059870300000000005987030022
:105CBC000000000059870300000000005987030012
:105CCC000000000059870300000000005987030002
:105CDC0000000000598703000000000059870300F2
:105CEC0000000000598703000000000059870300E2
:105CFC0000000000598703000000000059870300D2
:105D0C0000000000598703000000000059870300C1
:105D1C0000000000598703000000000059870300B1
:105D2C0000000000598703000000000059870300A1
:105D3C000000000059870300000000005987030091
:105D4C000000000059870300000000005987030081
:105D5C000000000059870300000000005987030071
:105D6C000000000059870300000000005987030061
:105D7C000000000059870300000000005987030051
:105D8C000000000059870300000000005987030041
:105D9C000000000059870300000000005987030031
:105DAC000000000059870300000000005987030021
:105DBC000000000059870300000000005987030011
:105DCC000000000059870300000000005987030001
:105DDC0000000000598703000000000059870300F1
:105DEC0000000000598703000000000059870300E1
:105DFC0000000000598703000000000059870300D1
:105E0C0000000000598703000000000059870300C0
:105E1C0000000000598703000000000059870300B0
:105E2C0000000000598703000000000059870300A0
:105E3C000000000059870300000000005987030090
:105E4C000000000059870300000000005987030080
:105E5C000000000059870300000000005987030070
:105E6C000000000059870300000000005987030060
:105E7C000000000059870300000000005987030050
:105E8C000000000059870300000000005987030040
:105E9C000000000059870300000000005987030030
:105EAC000000000059870300000000005987030020
:105EBC000000000059870300000000005987030010
:105ECC000000000059870300000000005987030000
:105EDC0000000000598703000000000059870300F0
:105EEC0000000000598703000000000059870300E0
:105EFC0000000000598703000000000059870300D0
:105F0C0000000000598703000000000059870300BF
:105F1C0000000000598703000000000059870300AF
:105F2C00000000005987030000000000598703009F
:105F3C00000000005987030000000000598703008F
:105F4C00000000005987030000000000598703007F
:105F5C00000000005987030000000000598703006F
:105F6C00000000005987030000000000598703005F
:105F7C00000000005987030000000000598703004F
:105F8C00000000005987030000000000598703003F
:105F9C00000000005987030000000000598703002F
:105FAC00000000005987030000000000598703001F
:105FBC00000000005987030000000000598703000F
:105FCC0000000000598703000000000059870300FF
:105FDC0000000000598703000000000059870300EF
:105FEC0000000000598703000000000059870300DF
:105FFC0000000000598703000000000059870300CF
:10600C0000000000598703000000000059870300BE
:10601C0000000000598703000000000059870300AE
:10602C00000000005987030000000000598703009E
:10603C00000000005987030000000000598703008E
:10604C00000000005987030000000000598703007E
:10605C00000000005987030000000000598703006E
:10606C00000000005987030000000000598703005E
:10607C000C590400CFB70300E4580400CFB7030059
:10608C00000000005987030000000000598703003E
:10609C00000000005987030000000000598703002E
:1060AC00000000005987030000000000598703001E
:1060BC00000000005987030000000000598703000E
:1060CC0000000000598703000000000059870300FE
:1060DC0000000000598703000000000059870300EE
:1060EC00000000005987030095570200B5C8030053
:1060FC0000000000598703000000000059870300CE
:10610C0000000000598703000000000059870300BD
:10611C000000000059870300E408002027B50300A5
:10612C00000000005987030000000000598703009D
:10613C00000000005987030000000000598703008D
:10614C00000000005987030000000000598703007D
:10615C00000000005987030000000000598703006D
:10616C006D4E0200B5C80300000000005987030003
:10617C00000000005987030000000000598703004D
:10618C00000000005987030000000000598703003D
:10619C00000000005987030000000000598703002D
:1061AC00000000005987030000000000598703001D
:1061BC00000000005987030000000000598703000D
:1061CC0000000000598703000000000059870300FD
:1061DC0000000000598703000000000059870300ED
:1061EC0000000000598703000000000059870300DD
:1061FC0000000000598703000000000059870300CD
:10620C0000000000598703000000000059870300BC
:10621C0000000000598703000000000059870300AC
:10622C00000000005987030000000000598703009C
:10623C00000000005987030000000000598703008C
:10624C00000000005987030000000000598703007C
:10625C00000000005987030000000000598703006C
:10626C00000000005987030091CD0300B5C803005E
:10627C00000000005987030000000000598703004C
:10628C00000000005987030000000000598703003C
:10629C00000000005987030000000000598703002C
:1062AC0000000000598703006C08002027B503008C
:0862BC000000000059870300F7
:0C62C40055FE0100E9FF0100840300000A
:0862D0009BB303000000000075
:1062D800E506020077B403006FB40300D905020095
:0862E800C9050200E1050200F6
:1062F0006907020089B4030095B40300A9B4030040
:10630000B3B40300BDB403003D090200D1B40300DF
:046310000000000089
:1063140041030200F3B2030053B303000000000082
:0C63240091B20300000000000000000027
:08633000000000000000000065
:106338006FB70300B5B703008DB703009BB7030021
:106348000000000000000000000000000000000045
:106358000000000000000000000000000000000035
:0C63680000000000000000000000000029
:106374002DB80300E90D02001FB80300E3BA0300BF
:1063840053B803007BB80300B1B80300C5B80300D9
:10639400F3B8030009B90300C5B80300E3B8030068
:1063A4001FB903002BB9030037B903006DB903000B
:0463B40071B90300B8
:1063B8000500000041BB01000600000049EB010098
:0863C8000400000031CC0100CB
:1063D00055FB000061FB0000000000000000000011
:1063E00000000000000000000000000000000000AD
:1063F0002C79040008000000CC790400070000009C
:08640000F07D04001000000013
:106408000ABA0400030000000FFB040003000000A8
:1064180001EB04000300000064F304000300000023
:1064280060DE0400030000005EEF040003000000CB
:10643800A2F804000300000067DE04000300000067
:1064480087EC040003000000F3F4040003000000DC
:106458002BE8040003000000A8EA04000300000081
:106468008AF8040003000000F0F0040003000000B4
:106478001FDE04000300000081090500030000007E
:106488006F0905000300000083F804000300000002
:106498001EFB040003000000DCB60400030000003B
:1064A800880005000300000048FB0400030000000A
:1064B8003F0E0500030000006BB30400030000005A
:1064C800730305000300000043FF040003000000FD
:1064D80022B604000300000056B4040003000000C4
:1064E8000DCF04000300000017BA040003000000E9
:1064F8008FFB040003000000090A050003000000E8
:10650800FCD9040003000000D5B404000300000017
:10651800EB06050003000000F90605000300000073
:1065280053D40400030000004304050003000000E6
:1065380022FC040003000000F6D904000300000058
:10654800DEB7040003000000E2B704000300000007
:1065580060B3040003000000E1F804000400000038
:10656800190A05000300000051DD040003000000C3
:1065780078DD040003000000C7DD0400030000000C
:10658800AD09050003000000C6D3040003000000A5
:106598005AD404000300000062D404000300000081
:1065A800D309050003000000ED0C050003000000FE
:1065B800AADD040003000000B9050500030000007F
:1065C800EE0505000300000007B904000300000001
:1065D8001F08050003000000C606050003000000B0
:1065E80066060500030000009BFC04000300000091
:1065F800FA03050003000000C602050003000000BE
:106608002A03050003000000F00405000300000051
:10661800130505000300000078C50400030000000E
:106628007EC5040003000000EADD0400030000004A
:1066380071D4040003000000F7FC0400030000000C
:086648006A07050003000000D1
:1066500014720400B84A002092C504000000000033
:08666000517301003D790100B6
:1066680089C5040020080020BC470020FC07002042
:106678000200000084710400B847002098710400EB
:10668800EC1000207EC504007828002050840020EB
:106698001871040080720400707004001070040007
:1066A800C470040084750400007204005872040069
:1066B800BC6F040094720400447204003072040039
:0466C8006C720400EC
:1066CC0000000000000000000000000000000000BE
:1066DC00000000004EBA040055BA0400000000008F
:1066EC00051C01000000000041BC04004BBC040070
:1066FC0000000000891C0100030000006ABC0400BB
:10670C0071BC0400D06F04005F7003000000000037
:10671C0084BA04008ABA040000000000211C0100A5
:10672C00020000009DBC0400A4BC04006C670400C3
:10673C00000000000000000010BB040017BB0400A8
:10674C000000000079EC00000101000020C50400ED
:10675C006EBB040000000000711C01000000000072
:10676C00000000000000000000000000000000001D
:10677C000000000071BF040076BF040000000000A0
:10678C00B91F010002000000A70A050093BD040018
:10679C00000000002D1D01000000000010BF0400CF
:1067AC0017BF040000000000551F0100020000008C
:1067BC0034BE04003BBE040000000000211E01009A
:1067CC0000000000ADBE0400B5BE040000000000D7
:1067DC00F11E01000200000000000000000000009B
:0C67EC00000000000000000000000000A1
:0867F8001D2001003D200100FD
:10680000FFFFFFFFFFFFFF7FFFC99A3B0000000073
:10681000D85E0B7A6F0C01000013393100000000C4
:106820000000000003000000A0000000F0000000D5
:106830000000000028E704002DE7040031E7040011
:1068400035E7040039E704003DE7040041E70400B0
:1068500045E7040049E704004DE7040051E7040060
:1068600055E7040059E704005DE7040061E7040010
:1068700065E7040069E7040001000000F00405007A
:106880000800000091260200000000000100000046
:1068900020C50400070000003FC4030018060020C4
:1068A00000A0105000820D500004055005000000AB
:1068B0000400000001000000FFFFFFFFFFFFFFFFDB
:1068C00001000000010000000100010000010100C2
:1068D00000010001000001000100000001000B00A8
:1068E00002000A00050009000A0008001400070061
:1068F0001E000600320005004B0004006400030087
:1069000096000200FA000100F401000002030100F9
:10691000F401FA00960064004B0032001E001400DF
:106920000A000500020001000C0802170D01010217
:1069300009090101060209181803010109090303E5
:1069400005030201230202240910040405050B0BB0
:10695000040B2B1B1B159A9A1C021D1613050149CB
:106960000D150508061B1B0F0A060601010000FE97
:10697000FEFEFEFEFEFEFEFEFEFEFEFEFEFEFEFE37
:1069800016FEFEFEFEFEFEFEFEFEFEFE1F1FFEFECD
:1069900026FEFEFEFEFEFEFEFEFEFEFEFEFEFEFEEF
:1069A000FEFEFE3E3EFEFEFEFE3B3B00A201B003AD
:1069B000BE05EE024806A209C405F40B24120E021D
:1069C0001C045A03B4063006600C0000141B00209F
:1069D0000200000B680000200200000B201B0020BA
:1069E0000200000C861B00200200000B861B00200A
:1069F0000100000C841B00200100000C01000000BD
:106A0000070000000000000000000000000000007F
:106A10000406080A0C0E10121416181C1E2022243C
:106A200026282A2C2E30323436383A3C3E40424416
:106A300046484A4C4E021A50000000002800000050
:106A40001800000000000000F023000024130000E4
:106A5000000000004006000040060000000098080A
:106A60006B03000000000000F0230000241300006E
:106A70000000000048A3000014A000000000400631
:106A80000C030001030200000000000000000101EF
:106A900001010101010101010101020202020202E0
:106AA000030304040505060607070808090A0B0C7A
:106AB0000D0E0F101112131415161718191A1B00AA
:106AC00010010000D200000030010000D8000000DA
:106AD00001000000E400000002000000EA000000E5
:106AE00002000000EC00000003000000EE000000C7
:106AF00004000000F000000005000000F2000000AB
:106B000006000000F400000007000000F60000008E
:106B100008000000F700000009000000F800000075
:106B20000A000000F90000000B000000FA0000005D
:106B30000D000000FB0000000F000000FC00000042
:106B400011000000FD00000013000000FE00000026
:106B500015000000FF000000180000000000000009
:106B60001B000000010000001F00000002000000E8
:106B700023000000030000002800000004000000C3
:106B80002D0000000500000033000000060000009A
:106B900039000000070000003F000000080000006E
:106BA00000100200FA0000001B5B4A00001B5B485B
:106BB00000001B5B324A00001B5B4A00001B5B6D40
:106BC00000001B3700001B3800001B5B3F336C00CC
:106BD000001B5B4800001B5B324A00001B370000B3
:106BE0001B38000001030062746C650000000000A7
:106BF0000000000000000000000000000000000095
:106C00000000000000000000000000000000000084
:106C100000000000000000000001002E752F632F0F
:106C20000000000000000000000000000000000064
:106C30000000000000000000000000000000000054
:106C400000551D250000551D2000002B8104002249
:106C50000000000000000000000000000000000034
:106C60000338FDD87047000000000000000000005D
:106C70000338FDD87047000000000000000000004D
:106C80000338FDD87047000022AE28D7982F8A42DB
:106C9000CD65EF23914437712F3B4DECCFFBC0B551
:106CA000BCDB8981A5DBB5E938B548F35BC2563951
:106CB00019D005B6F111F1599B4F19AFA4823F923B
:106CC00018816DDAD55E1CAB420203A398AA07D8DF
:106CD000BE6F7045015B83128CB2E44EBE853124D9
:106CE000E2B4FFD5C37D0C556F897BF2745DBE7233
:106CF000B196163BFEB1DE803512C725A706DC9B98
:106D0000942669CF74F19BC1D24AF19EC1699BE47C
:106D1000E3254F388647BEEFB5D58C8BC69DC10F96
:106D2000659CAC77CCA10C2475022B596F2CE92DF6
:106D300083E4A66EAA84744AD4FB41BDDCA9B05C8E
:106D4000B5531183DA88F976ABDF66EE52513E987F
:106D50001032B42D6DC631A83F21FB98C82703B06F
:106D6000E40EEFBEC77F59BFC28FA83DF30BE0C64C
:106D700025A70A934791A7D56F8203E05163CA06FE
:106D8000706E0E0A67292914FC2FD246850AB72790
:106D900026C9265C38211B2EED2AC45AFC6D2C4DC9
:106DA000DFB3959D130D3853DE63AF8B54730A65C3
:106DB000A8B2773CBB0A6A76E6AEED472EC9C2811F
:106DC0003B358214852C72926403F14CA1E8BFA27A
:106DD000013042BC4B661AA89197F8D0708B4BC219
:106DE00030BE5406A3516CC71852EFD619E892D1A1
:106DF00010A96555240699D62A20715785350EF4B9
:106E0000B8D1BB3270A06A10C8D0D2B816C1A419CC
:106E100053AB4151086C371E99EB8EDF4C774827F6
:106E2000A8489BE1B5BCB034635AC9C5B30C1C3942
:106E3000CB8A41E34AAAD84E73E363774FCA9C5B7F
:106E4000A3B8B2D6F36F2E68FCB2EF5DEE828F74FA
:106E5000602F17436F63A57872ABF0A11478C884D4
:106E6000EC39641A0802C78C281E6323FAFFBE900F
:106E7000E9BD82DEEB6C50A41579C6B2F7A3F9BE6A
:106E80002B5372E3F27871C69C6126EACE3E27CA84
:106E900007C2C021C7B886D11EEBE0CDD67DDAEAA5
:106EA00078D16EEE7F4F7DF5BA6F1772AA67F00644
:106EB000A698C8A2C57D630AAE0DF9BE04983F111D
:106EC0001B471C13350B711B847D0423F577DB28CE
:106ED0009324C7407BABCA32BCBEC9150ABE9E3CD8
:106EE0004C0D109CC4671D43B6423ECBBED4C54C6E
:106EF0002A7E65FC9C297F59ECFAD63AAB6FCB5FB2
:106F00001758474A8C19446CFC59040000010204CC
:106F100000000000000000000C08000044580400BD
:106F200000001100945804000000000038240020E4
:106F300000010000856B03002F6B030002000000BE
:106F400000000000D2B80400DAB80400000000001D
:106F50000000000000000000E2B80400E6B80400F1
:106F6000EAB80400EEB80400F2B80400F9B804006E
:106F70000B11050003B9040004000000010000002B
:106F80000000000000000100245A0400020000007C
:106F90000000010000600A00245A04000300000001
:106FA00000600B0000600A00245A0400000000008A
:106FB00000C0150000900000245A040021BA04000B
:106FC00028BA0400CC6604000000000000000000A5
:106FD000D46F040079BC04007EBC040000000000F3
:106FE0005F700300000000008BBC040090BC040034
:106FF00000000000677003000000000000000000B7
:107000000000000000000000000000000000000080
:1070100078C0040052C00400247004000000000086
:107020000000000028700400A70A05006470040036
:10703000F8670400C120010001010000B209050049
:1070400062C00400FC6704005D2001000200000033
:107050000000000000000000000000000000000030
:1070600000000000C40BD2867FC00400B0C0040042
:10707000DAB404006DC10400847004000000000054
:107080000000000088700400EEED04007BC10400E5
:107090000000000091220100000000008BC10400EC
:1070A0008FC10400000000007B700300000000009E
:1070B00000000000000000000000000000000000D0
:1070C00000000000F5C20400FCC20400D8700400F7
:1070D0009D23010002020000DC700400BEC3040016
:1070E000C3C3040000000000612401000502000089
:1070F000FBC3040000C40400000000003D270100A1
:10710000020100000000000000000000000000007C
:10711000000000000000000071C4040075C40400F9
:107120002C71040000000000000000003071040019
:1071300020C504009EC404000000000035280100A2
:1071400000000000CCC40400DFC404000000000004
:10715000252801000000000018C5040028C504000F
:1071600000000000152801000000000000000000E1
:10717000000000000000000000000000000000000F
:107180003A000000485A00201E000000177D03004E
:1071900068660400F407002050660400C47104000F
:1071A000A44A002064000000B0710400644A00207A
:1071B0004029002080000000000000009F700300B4
:1071C0000200000025800300AC4A0020485A00203D
:1071D0001E00000081280100F5700300C970030043
:1071E00017710300E3700300DB70030030750400C7
:1071F000FC7104007F00000000000000F8E50020A2
:10720000A5C804005CC8040000000000D5350100DA
:1072100001000000E17E0300B97E030079800300D5
:10722000000000000000000000000000000000005E
:1072300062C9040069C9040000000000D93E0100D1
:107240000100000093C904009AC90400A872040058
:10725000793F0100010100003FCA040047CA040051
:1072600000000000993E010001000000EEDD040076
:1072700058CA0400D472040000000000000000009E
:107280007ECA040084CA040000000000453F0100DB
:107290000100000092CA040096CA04000000000029
:1072A0003182030000000000AC720400B9CA04007F
:1072B000C1CA040000000000FD3D01000100000003
:1072C00000000000000000000000000000000000BE
:1072D00000000000D872040005CB04000ECB0400AF
:1072E000000000003D3E0100010000002BCB040027
:1072F0003ACB040078730400000000000000000096
:10730000EACB0400F1CB0400B874040000000000D4
:107310000000000008CC04000ECC040078740400C7
:10732000000000000000000025CC04002CCC04006C
:107330003874040000000000000000003BCC040092
:1073400040CC0400F8730400F53E01000101000088
:1073500053CC040059CC0400B873040000000000B2
:10736000000000000000000000000000000000001D
:1073700000000000000000007C7304006BCC0400DF
:1073800075CC040000000000B18203000100000081
:10739000ADCC0400B4CC0400000000007D820300EA
:1073A00001000000000000000000000000000000DC
:1073B0000000000000000000BC730400EBCC0400DF
:1073C000F1CC040000000000358203000100000041
:1073D0001FCD040024CD040000000000293E010060
:1073E000010000000000000000000000000000009C
:1073F0000000000000000000FC73040003B904005A
:1074000050CD040000000000CB820300010000000A
:1074100025C504008FCD040000000000198303007F
:10742000010000000000000000000000000000005B
:1074300000000000000000003C74040003B90400D8
:10744000A2CD040000000000893E01000100000000
:1074500025C50400B2CD04000000000057820300DF
:10746000010000000000000000000000000000001B
:1074700000000000000000007C74040003B9040058
:10748000C1CD040000000000638203000100000081
:1074900025C50400D9CD040000000000FF820300D0
:1074A00001000000000000000000000000000000DB
:1074B0000000000000000000BC74040003B90400D8
:1074C000F0CD0400000000009782030001000000DE
:1074D00025C5040008CE040000000000E58203007A
:1074E000010000000000000000000000000000009B
:1074F000000000000000000040000020000000002C
:1075000006000100020000000C75040000000000ED
:1075100036D4040002000000E04F160000000020F6
:107520003ED4040021000000E0EF022028080020E3
:107530002D54010000000000958A0300396001000D
:10754000938C0300C78C0300FB8C0300318D030078
:10755000578D0300878D0300B38D0300E5600100A4
:10756000E58D03004D610100E9620100BD6101008C
:10757000478E03007B8E0300BD8E0300478F030000
:10758000F18E0300FCD904001ADC04009875040095
:1075900000000000000000009C7504002FDC0400C7
:1075A00032DC040000000000A966010000000000B9
:1075B000EE1105004BDC04000000000049670100EB
:1075C000000000006BDC040071DC0400000000001F
:1075D000F96701000200000082DC040086DC040080
:1075E000000000001D6601000000000041D30400FF
:1075F000A6DC0400000000002568010002FF000076
:10760000B5DC0400B9DC040000000000DD69010005
:1076100002FF00008DBC0400ECDC04000000000050
:10762000A96A010002000000F8DC0400FBDC040091
:1076300000000000D96A01000300000005DD04001D
:107640000DDD040000000000C56B01000200000019
:1076500024DD04002ADD040000000000156C010098
:1076600002FF000077B4040038DD040000000000D1
:10767000956C010003FF0000000000000000000006
:10768000000000000000000000000000E5730100A1
:107690002D760100E57101000000000000000000EF
:1076A00000000000000000000000000000000000DA
:1076B00085730100117A0100117A010000000000B9
:1076C00000000000000000000000000000000000BA
:1076D00000000000000000000000000000000000AA
:1076E0009179010049790100000000003075040023
:1076F000FC760400800100000000000088E9002002
:10770000BCDD040000000000000000003075040033
:107710001C7704000001000000000000F8EF0020CA
:1077200030750400307704002E00000000000000D7
:1077300048FD002030750400447704000201000079
:10774000000000001CFE00206DE704008BE7040031
:10775000A6E70400B6E70400C3E70400CCE7040092
:10776000D3E70400DAE70400E1E70400E9E70400F6
:10777000C3E70400F1E7040003E8040018E804008C
:107780000E030000219901000F040000ED98010094
:107790001A0100000D810100050400003181010083
:1077A00013010000398901003E0100002987010012
:1077B00001120000939503000A1E00008595030046
:1077C000FF010000C18801003E010000A188010006
:1077D000050400007D81010008040000C18C010047
:1077E000300300002D8C01001001000039820100DF
:1077F00001120000719701000A1E00006F9603003D
:1078000003090000458A0100040B00007183010098
:10781000060A0000E9900100070A00000182010049
:107820000C050000C5810100050C00001990010045
:10783000307504004078040047000000000000009C
:1078400038FF0020DDEE0400EAEE04000AEF040039
:10785000FEEE040015EF04002CEF04003CEF0400E2
:1078600084F2040050EF04003075040078780400BE
:1078700000000000000000005800012030750400E6
:107880008C7804000001000000000000800001204E
:10789000DD9C03002F9D030000000000000000009D
:1078A0000000000065BE01000000000000000000B4
:1078B000000000000000000002020100AFA403006D
:1078C00004040100C5CB01000606010005CB010040
:1078D00008040100F1C901000A02010097A4030095
:1078E0000C0401007FA403000E040100C5C80100C0
:1078F0002004010029C801001004010039C701005B
:10790000120201004FA303001E00040049A6030059
:107910005202000075A303003075040028790400AA
:107920000201000000000000F80301202CB0040058
:1079300057A903000000000028B004000000010067
:1079400024B00400DBAA030000000000740B002038
:10795000000001001CB00400000000000000000056
:10796000000000000000000018B0040029A9030076
:10797000C1D501007C0B00200000030014B00400FE
:10798000DBAA0300000000006C0B002000000100D7
:107990000CB004008FA9030085D601000000000090
:1079A0000000030008B00400DBAA03000000000090
:1079B000640B00200000010000B00400C1D90100E8
:1079C00000000000000000000000010058B00400AA
:1079D00057A903000000000054B00400000001009B
:1079E00050B00400DBAA030000000000B00B002030
:1079F0000000010048B00400BFA90300000000001F
:107A0000000000000000010044B00400DBAA0300F5
:107A100000000000A80B0020000001003CB00400A2
:107A2000E9A90300000000000000000000000100C0
:107A300038B00400DBAA030000000000A00B002007
:107A40000000010030B0040019D401000000000063
:107A50000000000000000100C9EA01008BB0030033
:107A600069F50100000000000000000001F20100C3
:107A70000000000000000000000000000000000006
:107A8000000000000000000055EC010006000000AE
:107A900007AE03000600000009E801001000000026
:107AA00049E401001000000005F50100010000009C
:107AB000A5AC03001000000003AE03000A000000A4
:107AC00069EB01001000000015F301000700000041
:107AD0000BAE03001000000049AD030001000000E0
:107AE000F5E9010040000000A7AD03001000000010
:107AF00061AD030001000000FC7A040002000000F8
:107B00000BFB040006FB0400A50202007502020044
:107B100000000000187B04000100000036FB040098
:107B2000FD0302007D0302003CFB04007DB3030063
:107B300079B3030042FB04003C7B04000100000019
:107B40005EFB04001000000001FF00006501000062
:107B500000100000587B0400010000007FFB0400BF
:107B600000A0105000820D5000040550707B0400EE
:107B700001000000AAFB04001F00000000A010503C
:107B80006C0800200000000000000000907B040052
:107B900001000000BBFB0400FFFF000000820D504D
:107BA000E40800200000000001000000B07B040099
:107BB00001000000CCFB0400FF070000000405509A
:107BC00000000000000000000200000000A01050B3
:107BD00000820D5000040550DC7B04000100000011
:107BE00056FC040000000080FFFFFF7F00000080C3
:107BF00000000080FFFFFF7F000000800000000009
:107C000000000000ABFC040000FF08006C580400FA
:107C10000F000000187C04000100000068FC040054
:107C200000000080FFFFFF7F000000800000008058
:107C3000FFFFFF7F00000080000000000000000048
:107C4000ABFC040000FF080094580400030000008F
:107C5000547C0400010000007AFC04000000008055
:107C6000FFFFFF7F0000008000000080FFFFFF7F1C
:107C7000000000800000000000000000ABFC0400D9
:107C800000FF08009458040005000000907C0400E8
:107C9000010000008FFC040000000080FFFFFF7F58
:107CA0000000008000000080FFFFFF7F00000080D8
:107CB0008813000000000000ABFC040000FF0A0075
:107CC0004458040001000000CC7C040001000000C6
:107CD000BCFC0400D87C040002000000D2FC0400BC
:107CE000D9FC040000700C500000000000000000EF
:107CF000107D040000C201000000D6010000000059
:107D00000000004000000000AC5B0020AB5B0020E6
:107D100000700C501C7D040002000000347D040043
:107D2000020000002C7D04000201000048800000D9
:107D3000478000014800000047060001407D040024
:107D400001000000F0FC040000600C500000000086
:107D500000000000747D040000C201000000D60194
:107D6000000000000000004000000000CE5B00208A
:107D7000CD5B002000600C50807D040002000000FC
:107D8000987D040002000000907D040002010000C4
:107D90002980000028800001290000002806000139
:107DA000952E02000000000000000000612E02007D
:107DB000F52E0200E12E020000000000C92E020094
:107DC000DFC20300DBC20300D7C2030000000000D3
:107DD000813302000000000000000000493302006F
:107DE000E9330200C13302009533020000000000B5
:107DF00088B0040057A903000000000084B004000C
:107E00000000010080B00400DBAA030000000000B5
:107E1000C80D002000000100FD0705000000000063
:107E2000DFC40300800E0020000000017CB00400CD
:107E300029A90300C1D50100A40D00200000030002
:107E400078B00400DBAA0300000000009C0D0020B5
:107E500000000100DB07050000000000DFC4030094
:107E6000500E00200000000174B0040029A9030096
:107E7000C1D50100780D00200000030070B004009F
:107E8000DBAA030000000000700D002000000100CC
:107E9000B907050000000000DFC40300200E002029
:107EA000000000016CB0040029A90300C1D5010045
:107EB0004C0D00200000030068B00400DBAA0300A2
:107EC00000000000440D002000000100970705009D
:107ED00000000000DFC40300000E002000000001CD
:107EE00064B0040029A90300C1D50100200D0020C1
:107EF0000000030060B00400DBAA030000000000E3
:107F0000180D0020000001007507050000000000AA
:107F1000DFC40300D00D0020000000015CB00400AD
:107F200029A90300C1D50100F40C002000000300C2
:107F3000347F040001000000640905005936020086
:107F400035C5030063C50300020000000300000004
:107F500000A0105000820D500004055008000000E1
:107F600002000000040000000100000000300000DA
:107F7000FFFFFFFF001000000020000024000000B1
:107F80002500000026000000270000002B00000054
:107F90002C0000002D0000002E000000000000005A
:107FA0006410B71DC8206E3BAC30D9269041DC76FA
:107FB000F4516B6B5861B24D3C7105502083B8EDA4
:107FC00044930FF0E8A3D6D68CB361CBB0C2649BC8
:107FD000D4D2D38678E20AA01CF2BDBD9E0C050067
:107FE000AC0C0500C00C0500CF0C0500DB0C050037
:107FF000CC560400D4560400445704004C570400E7
:10800000D4570400F4570400F00C050000010000F0
:1080100000000000F90C050001000500100D05002E
:1080200002000700FF0C050004000800080D050011
:1080300008000400F9B80400100009003B06050020
:10804000200008000D0D050040000A00180D050075
:108050008000060000070000FFFFFF0FFC0000008B
:1080600000080000FF0D05000000000000000000F7
:10807000FC0D0500F90D0500F60D0500F30D0500DA
:1080800005000002000000000000000008000002DF
:10809000090000020A0000020B00000240980400E0
:1080A00010980400E0970400982F8A429144377199
:1080B000CFFBC0B5A5DBB5E95BC25639F111F1596B
:1080C000A4823F92D55E1CAB98AA07D8015B8312AD
:1080D000BE853124C37D0C55745DBE72FEB1DE8059
:1080E000A706DC9B74F19BC1C1699BE48647BEEF88
:1080F000C69DC10FCCA10C246F2CE92DAA84744A13
:10810000DCA9B05CDA88F97652513E986DC631A888
:10811000C82703B0C77F59BFF30BE0C64791A7D567
:108120005163CA0667292914850AB72738211B2EEF
:10813000FC6D2C4D130D385354730A65BB0A6A76D7
:108140002EC9C281852C7292A1E8BFA24B661AA8E3
:10815000708B4BC2A3516CC719E892D1240699D6F3
:1081600085350EF470A06A1016C1A419086C371E6C
:108170004C774827B5BCB034B30C1C394AAAD84E4A
:108180004FCA9C5BF36F2E68EE828F746F63A57885
:108190001478C8840802C78CFAFFBE90EB6C50A418
:1081A000F7A3F9BEF27871C6040018008001000040
:1081B000020E050003001700000100000C0E050070
:1081C0000000000000000000000000009C9004007F
:1081D00001000C006C90040001000C00DC9704000E
:1081E000010001003C90040001000C000C90040010
:1081F00001000C000000000001000000DC8F040002
:1082000001000C00AC8F040001000C000000000015
:10821000010000007C8F040001000C004C8F040062
:1082200001000C0000000000010000001C8F040091
:1082300001000C00EC8E040001000C0000000000A6
:1082400001000000BC8E040001000C008C8E0400B4
:1082500001000C0000000000010000005C8E040022
:1082600001000C002C8E040001000C000000000036
:1082700001000000FC8D040001000C00CC8D040006
:1082800001000C0000000000010000009C8D0400B3
:1082900001000C006C8D040001000C0000000000C7
:1082A000010000003C8D040001000C000C8D040056
:1082B00001000C000000000001000000DC8C040044
:1082C00001000C00AC8C040001000C000000000058
:1082D000010000007C8C040001000C004C8C0400A8
:1082E00001000C0000000000010000001C8C0400D4
:1082F00001000C00EC8B040001000C0000000000E9
:1083000001000000BC8B040001000C008C8B0400F9
:1083100001000C0000000000010000005C8B040064
:1083200001000C002C8B040001000C000000000078
:1083300001000000FC8A040001000C00CC8A04004B
:1083400001000C0000000000010000009C8A0400F5
:1083500001000C006C8A040001000C000000000009
:10836000010000003C8A040001000C000C8A04009B
:1083700001000C000000000001000000DC89040086
:1083800001000C00AC89040001000C00000000009A
:10839000010000007C89040001000C004C890400ED
:1083A00001000C0000000000010000001C89040016
:1083B00001000C00EC88040001000C00000000002B
:1083C00001000000BC88040001000C008C8804003F
:1083D00001000C0000000000010000005C880400A7
:1083E00001000C002C88040001000C0000000000BB
:1083F00001000000FC87040001000C00CC87040091
:1084000001000C0000000000010000009C87040037
:1084100001000C006C87040001000C00000000004B
:10842000010000003C87040001000C000C870400E0
:1084300001000C000000000001000000DC860400C8
:1084400001000C00AC86040001000C0000000000DC
:10845000010000007C86040001000C004C86040032
:1084600001000C0000000000010000001C86040058
:1084700001000C00EC85040001000C00000000006D
:1084800001000000BC85040001000C008C85040084
:1084900001000C0000000000010000005C850400E9
:1084A00001000C002C85040001000C0000000000FD
:1084B00001000000FC84040001000C00CC840400D6
:1084C00001000C000000000001000000198A775D27
:1084D0002BAB01284E85D0D549834D6081C69130A4
:1084E0003B00AF7A3AAE6107E1B6E2C9954341FE7F
:1084F0009BB6F0A5B497AEAD89889E4186C43F2C4B
:10850000E75F9903F02BB7B6AD5A56FF0400A448B5
:10851000C8E8BABFE8A1B5135ACD999CB095ADFC97
:10852000E27EE7FE966BD1349953630BBCC00DCF4E
:108530002541A4F49BFCB248C385834B2BBE0B584A
:108540002D7A9A62C5F381181B744F2CE243A30A5B
:10855000168BA31E4A18817B8DA2357791499965A8
:10856000C5ED16EF79429AF3A74E6F2B7B0A7EC0BA
:10857000D74E0755D67A3169A6B91534A8E072A44A
:108580003FB9F80C2B753285A2DE37126A3200C271
:10859000D43B1A0934E0998F0C4A16448373181B94
:1085A000D494296229A42DB19D743267BFF4B10C13
:1085B00037628B66C9FFDAE235A3B642B616A91C4C
:1085C000E76520C1585332F8C0A6BD2CB7F0E65776
:1085D00031CC266F27E3541C34D317BCF5AEEDFB2A
:1085E000CDE71E9F5A161C3440001FB63F6C64A78F
:1085F000623CABD4486A44D860C0A88082765812E6
:10860000573C8946824F83CECBB8D02C9A8404B095
:10861000ADEBFADF34A4C341444E653E6D06460D12
:1086200051E2D8AC14571D6F79A0CDA6DFFB36CA36
:10863000ADF59E416F7A1D9E1D9548DC8126A5B73C
:10864000152CC2C6864272AA11DCC9B6A373643661
:10865000FD7BC115EA5D32D24794892D51E930ACDA
:1086600006C86504FA6CB91BF7614953D7FF32435A
:1086700080DAA6B1ACF804019535CE21D6E84C4895
:10868000E4AA6993277A27FC37961A7B6FE730A50F
:10869000CF13465C8CD8AF74234D5684323D4414BE
:1086A0001B9783F0FA47D75FFD9838F7A926BE6D70
:1086B0006DF2383F086C31A749503A89C399C6F525
:1086C000D2C2305A2AE4F68B8B97E9B2DD21B70D7E
:1086D000FC15540B65831CA4CD6B9DF219D8402763
:1086E00073157E65F6BB537E0F40C8D4EA37197305
:1086F000EF5A5E049C732B497EAC975C15B2C31E87
:108700000EE7D2218A08D6DDAC21D63EFC08AD4E5C
:10871000519F2A52685C7D4CD6CFDD02D87626E088
:108720008B10D97C30A7234E5FD24217D1E5A4EC41
:10873000772134285C1465EA4A85C32F8DA24A66E6
:10874000B10AE6C0860C949D5E99B2CEAD0340CAD4
:10875000B2B3305574784827341EE242AE725BAC37
:10876000C16DE38257AB46CBEA5E4B0B187CCA71F6
:108770003E6E6675BE310E3FE591C47F8E3DC23EB2
:108780009537582B011F0203F3EFEE66285B1AFCA6
:1087900038CDE82412574285C62168713F422A52DB
:1087A000CD7551499036E5042B44C6EF5CEE1613A7
:1087B0000783B5307659C6A21905D3C6B68BA8165D
:1087C00009B7EAD670EE14AFB5FDD0EF47D8A20ACC
:1087D00039321D2361C886F1129A4A058DF17CAAAF
:1087E000708EBC016201478FDD8BA5C8DB0821F4C8
:1087F000ABC7F5960A76A595C40F881D64749FB51E
:108800009121B11C1EEDE111EF45AFC1E031BEB2C7
:10881000BC72651FB14B8C77CE1E42B5FFC9AAB999
:10882000D9869955652380C64E350B6D1B88954CAE
:108830000BD0065192AF8D49A2C8B4E075765309AA
:10884000884387CA90A4773F5E21B40A359E866428
:10885000CC91C177C11756CBC37D5BB17E8A555091
:108860007BEF8A3CFE1B2348236391B60D04543CE6
:10887000249BC79A2538C384FBFF9F49662AE06D75
:10888000688A5CCBC4935385A10DAF63DA338C67E0
:10889000CE23439984534772441F5B2AAEC1D9A4A7
:1088A000508863187CF275697300C4314B901DDFEA
:1088B0001A00D86905B18948A87062EF6D5B29304C
:1088C000411A9EB676CA83315BA7CB422141504400
:1088D0004D643189CF84C25D97A53C18F00FA5FD8A
:1088E0008E5A472C7C58022D40B10BBADE4D1E51DA
:1088F000596E91C538544D51ED36CC6018A856C705
:10890000782733C542B795C98BC86ABC5EE9139610
:10891000B3E1F9EEF546B05EC39403056459B4665D
:108920007EE85A60A55C7EB2ADD9C9DA829749A3C8
:108930001383072E5A26C713350DB06B1E60ABFA92
:108940004B93182C542D1C314CE461AE8CB27B0C33
:108950009A838E5930519092793219C3EE89F9D0A9
:10896000CF2CA58F7B5021DE50419D81E07D2B9E39
:108970009D95A8E3D8A5208788975FAA10BBC2243D
:10898000432E37548AF7CE35FC77F33F753496D5AE
:108990004A769D6BB83B0FEAA8120B22663F5D2D0D
:1089A0001CD49EFB7D2EDDC76EABAFDCC8C9F8F5CD
:1089B000B6134D7BED45B193B3A279DC74F6CFF7D6
:1089C000E6299CCC87506580BC590A590EF02435A5
:1089D000A246F00CBD26C09D6156626703E60F37C4
:1089E000C110991E61AD9D5D8001A6FEB00F102AD9
:1089F0009D2038EB6C60CBCE5AA0A732BACF14DFE3
:108A0000BFE5742DB5121ADD59025DC665987C84E8
:108A1000E1FF307771E2C25F5540BDCD6965873FA8
:108A2000C4C224570E300A6015D124485799D9B6CC
:108A3000AEB1AF1D9B80EEA20F74B9F3BD19CD127C
:108A40000B514F56304B3D24A4165905ACEBD3596E
:108A50002E757C018CB9B4A5D92E294C86160575C6
:108A600002B306EEAB7C9F7991F14F232DF2C854EF
:108A7000D132BDC48A3BF0AA9DD8F4204FC3BB6C51
:108A800066AC252D6F2510B2E141DE1D3CE830B803
:108A900037BC2A98BA57014A1E789F8515F513DF0F
:108AA0001319979408F9B333668221FEF5FC391641
:108AB0002343760E094825A164951C2F43AC155716
:108AC000D9DEA028165FB83D489124CCF8EF68FEA7
:108AD000EC240815A1064B920DB734743EF4DD1A50
:108AE000A04AE445C3634F4FCEBBD6D3CDEE8DDF56
:108AF0003F73B7ACDF06B6804D81D953DBBD704FF5
:108B0000A8D1062C194E2E68FC35FA50605375ED2D
:108B1000F25FC2EB39876B9F05E222934F1AA8B729
:108B2000039E6D7CCBD06988A8399E3A5890EAB5EF
:108B30000499D0694AF222A0EBFD45875DA48132F9
:108B4000FCFAEE5B27BBA46A77415C1DA11EAA4F0D
:108B5000F010B350097413149E90D7E63E68CEC24D
:108B6000554D0C6D9B20933290D6AE47DD78AB43CC
:108B70009EEB73AEED97C383A63CF1BF0F25256630
:108B80000826FA4B41FB445D82EC3BAC5982674BB3
:108B90008E4EBEE2BEDA77F823552B2D5C02DE2521
:108BA000352D7451D00CB80B39BAAD04A60E284D32
:108BB000E13DE41B5DEC0AD4B8C48DB0BEBDAC0A87
:108BC0003F6BFFFAE0E47414D9701D71F2B071BB11
:108BD000D818962BDAB8199080B5EE01912120A60D
:108BE0001748036FE31DBB6D942034F19C38920647
:108BF00019D0B3B22A9926A35FE2C18175FCFDC3E7
:108C0000B626248FAFADE749B7644B966C4E95AD51
:108C100007FEB6304F15E72D19A9081012C80E111E
:108C20008DE08F69597F796C5FB7BCB188E1833C77
:108C300012BBEE962AC2C41B4171B917B0EEBB1D20
:108C4000895088F2FC1C5574EBDE923F3E2BFED11E
:108C50001C73E32E6633A1D3691C9DD2E05ABAB6C9
:108C6000AE1B9404AF74905C57B03A45DD2F93204F
:108C700024541D8DFA789D71675D4998980C6B9D01
:108C80002204BC5C8663792F6A0E8ADE29673F0264
:108C9000B8917F74FC1464A033F46B501C4471874A
:108CA000B8883F451B2B8505C5445315E86717C099
:108CB00040788C847E9FF4AADA5C7EB296DB423EDA
:108CC0007264A06727F9411743E3E8A866DDCC4347
:108CD0007E160503364BCF488F4190E57B61FA7DC8
:108CE00001DBB66311C65839F4C68223475A7A802D
:108CF00008CDAAD8DA8CC63F3CA568F4BBF5D517D9
:108D0000AE36D88AC7AD92C5576CDA91A7C327BFD4
:108D1000C6AAB7B9CB6545DFB9461746F5383FB2A5
:108D2000B15DCA1C88296C63E9D748B8BCF1D799F2
:108D30008CC205996DE65E826DE57ED579DB1556B0
:108D400084CBC05656DB0E08C9F5D49EE662D01A15
:108D50007C13D5077DAD53E03221A0C0C5388121F9
:108D6000230ED2BB1C5105D01E82A9711F2FDDBD61
:108D70005048B1E5801C84557814EBF6D95E3EA6C8
:108D8000AFF6C704E711E265CA41953BAE83D8E66A
:108D90004D22062DFA7F252AAA284697D29A52D22A
:108DA000547C97F2E0336EEDD98750C55A357E1664
:108DB000401583B8332BA4AB0391EAFEC14739EFCA
:108DC0000559D090BF240D76115308AF9B262799E3
:108DD000162B220BBAF38FC32A9BFC38FC2E833D43
:108DE000FE9E3C1B0857CD2DC14938B595428B33AB
:108DF000891FEA01AA1D13D750BB3EEB51AC56F7B1
:108E00005F51680BC6E01DBC134EAC03B7F5C5E659
:108E1000D288BACBFA0E28235867FAEE9E804BD838
:108E2000C4DF15E4F10E58E62C59C203BC4C704463
:108E300018CDEFEDC249DD647E7E4D92A2327C09F1
:108E4000D03FD62C6DE04F650C7A543E16FAFB4AA3
:108E5000B4795A8C045D1B2BDABC9A7468490303FD
:108E6000336F284A5DDBA7058CF34DFB8E92B1A8CA
:108E7000EC0D643B4EFCFDD04B881B5D839C51691F
:108E8000CE7173F5B85A14231A46635FDAADA0F9B0
:108E900081E178973A9A63D8BA791A1734317B7A94
:108EA0005A5D7D2D8396124B1909E0B7558A57EE0E
:108EB0004E6E7EEC119D69DCB3DAD808462FD8B629
:108EC000637CE950D98CB914D93763DE1002B846F7
:108ED000ADCE7B3882472D66A7E9332392F9939470
:108EE000A848B34FE94AAC5108722F1AA6D50A60B8
:108EF00081B9C51644AA2FD6F273DFEBF37B74C990
:108F0000B35B956DAC04EB15C85F00F6B550202837
:108F1000D101AFF0286D4F31812F9448093913AA40
:108F2000601599301700CBC6B1DB9790E6FA60B8B0
:108F300024E47DD3DD75B370B283B19BA3E36CCD24
:108F400033627A568830DC0F9FBBB8AABB013D6301
:108F500054456FB77BB219A3861D4234840287182B
:108F600092521A716C18B15D181B37FEF47461BA15
:108F700018AF4030DA7D3C520F07B06F60DC9AB218
:108F8000793927164F71E43B4D600CA355BD19404C
:108F9000FA192A5A4DF81E43A1508DEFA3187C41AF
:108FA000FA7C1B58005924C4E9B7D3AD0038EEE36E
:108FB000C79DECA6B688CF43FA925E8EE9CA43F805
:108FC0003B497E751CE7EB174586C2E19269573233
:108FD000E09CD100D910B84DB8F40DE3E69D56AE33
:108FE00059FB1F98CFAC918087A86E583008A7080E
:108FF0009432FC679F299E84F4E56E7E5521B9501A
:1090000024F89CC7340401C2FB773EDE6DF2AEA4A7
:10901000B6891BDA010FCE1C7CF6504C4CEB90E667
:109020004DC7D47AD1492D8A019960945F809B9B6A
:109030006AB007D9C2A2EE59BE95BC234692002C55
:1090400078DB1F3717F3EBB706F7B6BC3DBC2CCF68
:10905000D8ED53E752757BA3ABC32C85E59D7841D2
:10906000F67684AC5456E852B3CBA8BD5F0EEA90B6
:109070007C1D437A9D817E1DCEB1600AC0B8F0B5DB
:109080001331DAE97C149A28BD1DF4F829DC929298
:10909000BF989E5D6F2C26964ADE1736B70A767209
:1090A000385E543A6C2955BF5DF20255382A548215
:1090B000E041F759989BA78B623B1D6E74AD20F37E
:1090C0001EC7B18E37058BBE22CA87AA7329C5CCAD
:1090D0006A19ECEC7AA7B048B20D1A58DF2D37F4B4
:1090E000814D63C7FFFFFFFFFFFFFFFFFFFFFFFF94
:1090F000FFFFFFFFFFFFFFFFFFFFFFFF5F0EEA9095
:109100007C1D437A9D817E1DCEB1600AC0B8F0B54A
:109110001331DAE97C149A28BD1DF4F829DC929207
:10912000BF989E5D6F2C26964ADE1736B70A767278
:10913000385E543A6C2955BF5DF20255382A548284
:10914000E041F759989BA78B623B1D6E74AD20F3ED
:109150001EC7B18E37058BBE22CA87AAEF2AECD371
:10916000EDC8852A9DD12E8A8D3956C65A8713504F
:109170008F081403124181FE6E9C1D18192DF8E30F
:109180006B058E98E4E73EE2A72F31B3FFFFFFFFA8
:109190000000000000000000FFFFFFFFFEFFFFFFD8
:1091A000FFFFFFFFFFFFFFFFFFFFFFFFFFFFFFFFCF
:1091B000FFFFFFFFFFFFFFFFFFFFFFFF1C97040004
:1091C00001000800FC96040001000800DC97040080
:1091D00001000100DC96040001000800BC960400B8
:1091E0000100080000000000010000009C9604003F
:1091F000010008007C960400010008000000000047
:10920000010000005C960400010008003C96040088
:109210000100080000000000010000001C9604008E
:1092200001000800FC950400010008000000000097
:1092300001000000DC95040001000800BC9504005A
:109240000100080000000000010000009C950400DF
:10925000010008007C9504000100080000000000E7
:10926000010000005C950400010008003C9504002A
:109270000100080000000000010000001C9504002F
:1092800001000800FC940400010008000000000038
:1092900001000000DC94040001000800BC940400FC
:1092A0000100080000000000010000009C94040080
:1092B000010008007C940400010008000000000088
:1092C000010000005C940400010008003C940400CC
:1092D0000100080000000000010000001C940400D0
:1092E00001000800FC9304000100080000000000D9
:1092F00001000000DC93040001000800BC9304009E
:109300000100080000000000010000009C93040020
:10931000010008007C930400010008000000000028
:10932000010000005C930400010008003C9304006D
:10933000010008000000000001000000393770EF54
:109340001FA1F0DB6A105BCEC49B6F10501111247B
:109350004F4C7961173A72BCFE7258432765695BBE
:1093600066A2752E9C16005AB030251A42FB864222
:1093700080C1C4765B1D838E94015F8224C639163A
:109380005DA31E6DBA073726362AFE6051BCF3D0A6
:10939000DE50FC97802E0610154DFAF756B2AAFD46
:1093A0008815DF524C35273144CDC06853F891A55C
:1093B0007194842A92CBD093E988DAE444918BD8D3
:1093C000D0D7E7E21FF948626FA8935DEA3A9902A5
:1093D000D50B3DE31ED30031E60C9F441D4C64C702
:1093E00055023FE3D80290BBC3EC30409F6F64F45A
:1093F000166948A4FA449C950C7D675EF47FBA58C0
:109400005A846F5FADA6367EDCF7E167044DAAEEA5
:1094100057763AD34E7E261822239FFF8D45E64B82
:109420003F4F1E1F47655E5922CC725FF1931A278A
:109430001E34C55B63F2A5585C152EC67FE51C4F34
:109440006024F72AEDD8E2917F89499297A72E8D63
:109450006AB339811389B59AB88D429CDD3830DB07
:10946000702C0AA27C5C9DE9D5460B5F830B604B98
:10947000377DB9C95E24F33D797F6C1861F99B3261
:1094800096415838F95A2AB8960EB24CC1782CC772
:1094900008991924B75928E98454E616C9D23AE83C
:1094A00003C56D5DBE35D0AE1D7A9FCA331ED2CBCB
:1094B000AC882755F0B99CE031DD9986A1CAA8B3E4
:1094C000BF29998ED1F205C1CF5D91489F0149DB3B
:1094D00082DF5F3AE10690ADE338A4C4C8CFEF3F26
:1094E000831A88E80B29B5B9E0C9A3AE88461E7770
:1094F000CD7EB310B621D0D4A31608EE289EB1F1CC
:109500006E4CADB3B7E3C258C0FB3443259CDF3586
:109510000741BD19B66E10EC0EECBBD6F1B3BB51D2
:1095200069A21193654F0F8DBD260FE8B9CBEC6B87
:1095300034C33D9DE45D1E10D544E2545B9B830A19
:10954000814FADAC0FFF42416EA9A2A02FA14F1FCA
:109550008982AA3EF3B80F6B8F8CD668995D165F2F
:109560007BBCBBCE61EE4E8AC151CC501F0D4D1B52
:1095700053231DB3DA2A38665284E195FC9529738A
:10958000A1673E02E33054358E0ADD6703D7A19709
:10959000613BF80CF2333C58553423A383F6E8F8CA
:1095A00087F7FC6D90BE7F3F7A2BD713CF32F22D19
:1095B000946D42FDAD9AE35F42BB84EDD498E7FA27
:1095C000A57D8B539135D200D11B9F1B3F69089A13
:1095D00072F0A911B3FE0E14DA7C0ED3EECFB87E72
:1095E000F792968D3D018C0D23F2E305592EE3840D
:1095F000527A3476E5A1B01590E2533CF2D055DFB3
:10960000000AF54A6ABF56812D20EBB511C12852D8
:10961000ABE3D1402434794557A512032A37B9C0AA
:10962000AA59C68B3F58D9ED589965F7887D268C85
:109630004AF9059F9D739AC9E746DC00F085F49EC0
:109640004CDC3989636DC457D8035D22707F2D527D
:109650006FC9DA4F9D64FAB4FEA4C4D7BF6A5D52E5
:1096600035D7BFAE5AA2BE96F4F802C3A42049541F
:10967000EAB382DB2EDBEA02D1751C6296D5DAAD45
:109680009249F09FF973439EAFA7D1F3674107DF7B
:1096900078953EA1223DD1E63CA5E2207D7DEF8676
:1096A000FFE337DDDB868B08277CD7F691544C250A
:1096B0004F9AFE285EFDF06D370369D64069F2408F
:1096C0000BA398CEAFA848020D1C12629BAF098372
:1096D00080AA58A7C612BE709476E3E470C8BA0494
:1096E000B74BD2F7ABC6233AA0093A591D9D4CF9A6
:1096F0005823CCDF02ED7B29870FFA3CF551BF37A9
:109700006840B6CBCE5E316B5733CE2B169E0F7CA6
:109710004AEBE78E9B7F1AFEE242E34F96C298D84F
:109720004539A1F4A033EB2D817D0377F240A4638A
:10973000E5E6BCF847422CE1F2D1176B512563FCFA
:10974000C2CAB9F3849E17A7ADFAE6BCFFFFFFFFBC
:10975000FFFFFFFF00000000FFFFFFFFF551BF37D5
:109760006840B6CBCE5E316B5733CE2B169E0F7C46
:109770004AEBE78E9B7F1AFEE242E34F96C298D8EF
:109780004539A1F4A033EB2D817D0377F240A4632A
:10979000E5E6BCF847422CE1F2D1176B4B60D227CB
:1097A0003E3CCE3BF6B053CCB0061D65BC869876E9
:1097B00055BDEBB3E7933AAAD835C65AFFFFFFFF72
:1097C000FFFFFFFFFFFFFFFF0000000000000000A1
:1097D0000000000001000000FFFFFFFF010000008B
:1097E000040000001E0E0500C30D0400D50D04008A
:1097F000130E04000D0E0400000000000000000025
:10980000050E0400EF0D0400DD0D040089FB0200CD
:1098100003000000240E0500C30D0400C90D040060
:109820000000000000000000000000000000000038
:10983000050E0400EF0D0400DD0D040089FB02009D
:10984000020000002A0E0500C30D0400B70D04003D
:10985000130E04000D0E04000000000000000000C4
:10986000050E0400EF0D0400DD0D040089FB02006D
:1098700000388A408F409440A140A640AC40154833
:10988000CB40AE40A3400038003800380038CE400E
:10989000ED409D4149415641324137413C414141B2
:1098A000B941BE41D7410E42FA418D411B42804130
:1098B00062426A42774274436E4366437F432E4856
:1098C00024460038003800380038AF48D548F348FF
:1098D00063457D4585439D45A845BB45E345ED452D
:1098E000CF45FC4515468C466E4695468E4600385B
:1098F0000038003828420038003800380038003876
:109900000038003800380038003800380038003897
:109910001949194919491949194919491949194937
:109920001949194900380038003800380038003823
:109930000038003800380038003800380038003867
:109940000038003800380038003800380038003857
:109950000038003800380038003800380038003847
:109960000038003800380038003800380038003837
:109970008C090038FFFFFF00000000001027008165
:10998000878A001A7B627AA678797A8D00307B62AA
:109990007AA778797A8D003078207B6279217A22D3
:1099A0000C10865082A2808182A28287828D001A4A
:1099B0000030722095407AAC797B003078247B624D
:1099C0007AA884797A8D00307224A7407B24792587
:1099D0007A26856286A87284868D11A68584116296
:1099E00086A7858684208621862286509A5086A660
:1099F000867286A88685868D8462868D781086A676
:109A00007270001A00307ABB787900300083003021
:109A1000001C001C001C001C001B7C22001D1310DD
:109A2000D040001A001C001C001C001B7C22001DE2
:109A3000001B7C22001D1310DA40001A000C016A82
:109A40003427001A006E1027001A7B6278247925CB
:109A50007A260C1086500E1022590E101A59848F37
:109A6000C50811B885850410295911A284871AA246
:109A700011111120071890A2801A9020001919A224
:109A800072871AA61970001B7C201AA21A80131064
:109A90000B410E101D590410335986A21A72868D7F
:109AA000001A0030870811B8858211A284871AA293
:109AB00011111120031890A2801A9020001915A2EC
:109AC00081871AA215151520031890A2801A9020DC
:109AD000001907418650052408250426F5408650C4
:109AE000042406250526F54086500C2406250B2661
:109AF000F54086500B2408251A26F55000AB0C1AA9
:109B000000300DA702720AAC060D0EA703720BAC53
:109B1000060E02620CA872030C8D00307DBB02039E
:109B2000048F05A6707003628650042072210E22F5
:109B30009A500070108A0E240B250E26F3500272E4
:109B40008650042072210D229A5002721027108A2A
:109B50000D240A250D26F35005A70D0E05200C2116
:109B600005229A50007005BB030505A60E050030BE
:109B700002628650042072210D229A500070108AD1
:109B80000D240A250D26F35000300DA70D0E05A655
:109B90007070027286500C200D2105229A500070C0
:109BA00005BB030505A60E05003002620DA7027273
:109BB00003620EA7037201BB0D0E00BB02030D2052
:109BC0000E21802282AC8081812082213910A9411E
:109BD000006201A80180018D012408250626B150EC
:109BE00000300324062508268650F340032405256B
:109BF0000A268650F350026286500A2072210A22F9
:109C00009A503810003906200A210B229A500BA6D0
:109C10000B0C0BA80B050B8D3810003900300262BD
:109C20000A8E0A8F0B8E0B8F072787500EA8720B98
:109C30000C200E210D229A500A200E210E229A503D
:109C40000062865003240D251A2608210E221A517F
:109C50000262008107271A2072211A229A5000AB53
:109C60000A1A003086500DBB08060DA6040D032409
:109C700006250E26F3500E2007210E229A500EA71D
:109C8000050E0E8D0E240D250B26F34086500A245A
:109C900008250D26F35002200D210E229A500E2485
:109CA0000C250B26F340865007200A210D229A50DE
:109CB00003240C250E26F35005A60D0E058D00304D
:109CC000865001A700720AB9010006240A2504265D
:109CD000F55077A7047238100030011877A70401F7
:109CE000381000300420042104229A5077A704720F
:109CF0003810003C001977A704013910003C0030EF
:109D0000A0A27210685380A2811090A2911002103C
:109D1000965308105B541410FB5439108134001A08
:109D2000000C865033A2041002102D440810D744B2
:109D300014105B4558522620782148522621001CD9
:109D40007A20CC4258522620782148521D20792171
:109D50004A52262026211D22001E7A20CC4258522B
:109D6000782479257D527A20CC42112084214852D2
:109D7000112010107A590E103649012185260068ED
:109D800086AC86012EA67070C1522E2236102C226F
:109D900035A78682006CC80811B83581EA502620A4
:109DA0001121001C2620021012541121262207180E
:109DB000B120021015540810C754141051558021B9
:109DC0000019E35226202621D0501122BC520068EF
:109DD000C152006C2320361026201B220318001EBF
:109DE000802100192621001A001B0B102320001FC0
:109DF000001A2CBA73742CBA2C2C2CA72C742DA7F7
:109E0000018677A72D2C001AA122DC5202108D5357
:109E1000081054541410F65480A2807290A29072CC
:109E2000808D908D001A003082A2821082A28272F0
:109E300082A81082001A2C2013211622071880A253
:109E4000818280219020B22200193222DC5229A284
:109E5000322828A2323131A2292525A2293030A268
:109E6000312222A2312F2FA2301F1FA2302E2EA26C
:109E70002F1C1CA22F2D2DA22E1919A22E2C2CA284
:109E80002D1616A22D132FA6117030A6127031A612
:109E9000137013A62C7011201121081802108D5375
:109EA000081054541410F654A020B121001926A60D
:109EB0002F7027A6307028A63170001A1120842137
:109EC00048521D20822148528A0811B885831420E7
:109ED00011211122001C05188024B1208421001EAC
:109EE000001920201D211D22001C05188024B120EE
:109EF0008421001E0019E352262026211922001E6B
:109F0000DA501122BC5219222620BC5277A22872A4
:109F1000F810821077A7850177108620CC4285A69D
:109F2000850183A6830183A6830113A272101DA657
:109F300019701EA61A701FA613702C435852782150
:109F40000810E044818F918F001A003077A701003C
:109F50003810013A001A0030585204216853021098
:109F600039540810F0543810053A001A003058528D
:109F7000262078214A52001A003058521510755385
:109F80006E53262002214A5200302DA2A1A12EA2FA
:109F9000A12D80A2812D90A2912E001A2FA2051032
:109FA0002EA280802CA280332EA22E802DA29090F3
:109FB0002EA62E2C2EA62F2E2CA72D2E2CA22C72A8
:109FC0002C8D001A30A691912CA681812DA2309162
:109FD0001A10E24331A2A1A11810C5432EA281811B
:109FE00031A231312CA22C2D31A231332FBA2E7453
:109FF0002EA62F3131A62C2CD1432EA681312FA78E
:10A0000081312CA22C2D2EA22E2F31A62C2C2EBA33
:10A010002E742DA22D2D2FA22E2E2DA62D2D80A7F4
:10A020002F3131A72C80A0A230A12FA22E3190A7D2
:10A030002F2D001A2EA281812CA22C2DCD4331A6CA
:10A040007092ED4331A77092ED4330A2A1A12FA2EF
:10A0500031A131A230822FA22F3031A731812FA719
:10A060002F9130A23131A0A231A12CA2813030A297
:10A0700031302EA62C2C31A22F2F2EA6302E80A7C9
:10A08000312E2CA72C802EA2913031A22F2C90A7FC
:10A09000312E001AB0A2A0A0001A2EA670921B4466
:10A0A0002EA770921B442DA2A2B231A2A1A12CA274
:10A0B00081B22FA2A13131A282312DA2912D2FA2E6
:10A0C0002E2F2EA2A1A22C21F543AAC3E7D3EAE3A7
:10A0D0002CA6047477A72C00381477A60470781483
:10A0E000001A2DA205102EA633332FA62D2D2EA239
:10A0F0002E2E2FA62F2D2EA22E332FA22F2F30A69D
:10A100002F2F2EA62E2F2FA62E3077A22F72001AB9
:10A1100090A77090908D001A2DA2A1A180A281A17C
:10A1200090A2912D001A2FA205102EA280802CA2A1
:10A1300080332EA22E802CA22C802DA2909030A2B3
:10A1400080902EA62E2C2DA62D302EA62F2E2CA79D
:10A150002D2E001A2CA281A12DA281812EA62D9137
:10A160002DA22D2DA0A22C2C2CA22C2E2EA22E2ED8
:10A17000181085442FA2A03387442FBAA0042EA61E
:10A180002E2C80A62E2F2CA6A02C2DA22DA02CA2EA
:10A190002C8090A62C2D001A70239844822398447A
:10A1A00031A683922FA282A130A2A1A130A2313088
:10A1B00031A2818132A22F2F29A6313231A63191CD
:10A1C000A0A229A131A22F312EA6812F32A6303292
:10A1D0002FA6913032A281322FA22F2E2CA2812FB6
:10A1E0002DA2299180A632312CA62C2D32A62FA08B
:10A1F00031A22C2929A2328090A63129001A30A23E
:10A20000A1A12DA2A2A22CA281A22FA282A12DA245
:10A21000912D30A292302EA2A1A22C21A04472C472
:10A2200094D496E4006877A772043714006C001A7F
:10A230002DA272872CA22D8177A7812C391081360F
:10A240002CA22D9177A7912C39109136001A00304D
:10A2500077A60570001A90A68090001A80A281A1AE
:10A2600090A291A1001A31A272102CA280802DA27E
:10A2700090902EA62C2D2FA22C2D2FA2332F2FA65F
:10A280002F312EA72E2F2E8D001A2CA6819130A2B1
:10A2900081812DA291912EA2A1A12CA22C2C2EA6BF
:10A2A0002E2E2FA6302D2DA7302D2CA72C2F2EA7EC
:10A2B0002F2E90A22D2F80A22C2EA0A22E2F001A7E
:10A2C0002EA670822E452EA770822E452FA2A19217
:10A2D0002EA2A12E30A2819131A22E2F32A6912E34
:10A2E0002EA7812E2CA6812F2FA6912F32A22C32A1
:10A2F0002CA22E2F2EA630312FA7303130A72C2F95
:10A3000031A7322E80A22E3090A22F31A0A2303160
:10A31000001A2CA2A2812DA2A2912FA2A1922EA25C
:10A32000A1822C2132450DC528D52BE5001A80A726
:10A330007080808D001A5852022407257D522620F5
:10A34000CC52E6508750262072210A229A503810AB
:10A35000003906200A210B229A500BA60C0B0BA8E1
:10A360000B070B8D381000390030E65087500A8EED
:10A370000A8F0B8E0B8F0DA8720B0C200D2135222E
:10A380009A500A202B229A50EA50585208222B2326
:10A390000224352526262653E650008126207221E8
:10A3A0002C229A5000AB0A2C0030E6502BA87206E3
:10A3B0002B8DEA50585202242B257D520820CC4286
:10A3C000000C006435A60A0CE65087503520722137
:10A3D00035229A500BA7073506200B210B229A50E5
:10A3E000381000390030000C006435A60A0CE65025
:10A3F00087500B8F3520722135229A50EA505852DF
:10A4000008220B23022435250D26265300305852EE
:10A4100026200B2148521D2006214A5226202621A3
:10A420001D22001E1D2008214A52262026211D2201
:10A43000001E0D20CC42E65087500B200C210A2232
:10A440009A5082A70882828D0030585208220C232D
:10A4500078240A252626265300682620062100ABEC
:10A46000818000AB91900030585206200210505469
:10A470000810F35414105F5506240B257D521D203F
:10A4800008214A52262026211D22001E1120CC52CE
:10A4900011240A257D520D20CC42E65087500A2017
:10A4A0000D212B229A50EA50CF550BA62B700D246C
:10A4B0000B257D520820CC428650000800B87979DF
:10A4C00017A70173179E179E0BA2781017A21710DB
:10A4D0000C200E2280A60B7090A2721082A69070A3
:10A4E00092A6707068460E227AA882927A8D003009
:10A4F0000E210C2211A6819112A7819113A2111194
:10A5000014A2121215A6829216A7829215A21512F3
:10A5100016A2111611A7131481A2131412A2171157
:10A5200014A6151615A7151682A2141416A2151531
:10A5300013A6131292A2160B91A2111312103B46EE
:10A54000001B0A1040460C210E22424606217A5674
:10A5500008217C5636A2060B36A236870AA6083694
:10A560000A8D0030E650875091A2918736A27687F7
:10A5700036A2913681A2818781A6368181A281721D
:10A58000818D91A67070001A02248F46062408213E
:10A590007A56EA501410C447F34606217A560A8FB9
:10A5A000EA501410C9471C4735A2811034A29110FB
:10A5B00031A2353536A2343433A2041035A23136F7
:10A5C00034A2721033A2333531A7363136A6343374
:10A5D00031A73136318D39108134001A31A29110F2
:10A5E00036A2041031A2313133A2721036A23631B4
:10A5F00031A7313336A6363333A2363633A233365B
:10A6000034A2333335A2343635A2353134A2313356
:10A6100035A23572358D33A7007333A73374339E5B
:10A62000339E339E352433253526F55035A235101B
:10A6300034A2343533A2343433A2333633A6333123
:10A64000338D72203810052081A23480818D7D10D9
:10A6500081A70081001A000C8650D00811B80801AB
:10A6600032A2041032A6323284210C20A5570C21CC
:10A670002D2088571120AE57071880222D21C02089
:10A680005D578021AE5700190C210C2088C75DD77B
:10A6900068E7D050112217570A20B9570030001B25
:10A6A0000C200B102D206847000C86500821B65650
:10A6B0009C5632A2041032A63232920811B80A0611
:10A6C00002210C20A5570C212D2088571120AE57B0
:10A6D000031880222D21C0205D578021AE5700191C
:10A6E00008212120A55721212D2088572120AE5750
:10A6F000031880222D21C0205D578021AE570019FC
:10A700000C2121220C205D5788C75DD768E7DA50FD
:10A7100011221757212217570C20B95777A680709E
:10A720003E10003900AB0B90003031A6918136A766
:10A73000918131A2318236A2369233A670B273472C
:10A7400031A6918136A7918131A2319236A236820B
:10A7500033A770B2734734A2A1A233A2B13335A696
:10A76000313631A7313636A7343333A6343380A29D
:10A77000313690A23533A0A23633B0A23531001A5B
:10A7800031A6918136A7918134A2313133A231367D
:10A7900031A2A1B136A2A1A131A6313136A63636F9
:10A7A00036A7363334A7343180A23136A0A23633EF
:10A7B00090A23334B0A23134001A80A2811090A24A
:10A7C0009110A0A27210B0A28090001A31A69181BF
:10A7D00090A7918180A63170A0A6A1A1B0A2B132AC
:10A7E000001A35A2721035A835A180A2813590A239
:10A7F0009135808D908D001A082558527D520A207F
:10A80000CC4258520821DB5708205F550822062306
:10A8100002240A252626265377A626703E100B39D9
:10A8200000AB0B270030918F2CA291872DA272874D
:10A830002CA22C2C2EA72C2D2CA22C332CA72C2D6B
:10A840002DA22E2E2FA22E2C2DA22D2F2FA22F2F58
:10A850002FA22D2F2FA22F722F8D30A70074309E84
:10A86000309E2F2430252F26F5502FA22F872DA282
:10A870002F2D2FA22D2D2FA22F2C2FA72F2E2F8D36
:10A880003910913481A22D72818D7C1081A70081B5
:10A8900077A7810037109134001A000C7B62865034
:10A8A00078231BA67D721B9E341043481B9E832475
:10A8B0001B257A26F5507A207A211B229A501BA755
:10A8C0001B831B8D3910003D001A00305852782030
:10A8D00078211C229A501CA61C041C209A501CA6ED
:10A8E0001C051C8D1C23195877A67A703D1000306A
:10A8F0007AA7007A00301DA77D721EA61D701E9ECD
:10A9000083241E257A26F550381000301EA77A724F
:10A910003910003D1FA283101DB91D0020A67570BF
:10A9200021A2721022A6212122239E5824A628703B
:10A9300025A67570A85823A72821238D39106B48A8
:10A9400022A622215C481DA71D721D9E1F239E5812
:10A9500026A21F2827A2262828A72721288D3810BD
:10A9600099482AA6727029A2272728A72921288D6D
:10A970003810874829A229292AA62A727D481EA7AD
:10A98000202A28A6247025A61E70A8582BA6287059
:10A9900024A22B2B20A62A7026A22B2627A227240E
:10A9A00074487AA226727A8D001A003023A283722C
:10A9B000238D23241D252326F55028A22310001AB9
:10A9C00025A725723810001A28A22828A8480610A2
:10A9D00000385852022407257D522620CC520068A8
:10A9E0000AA60C800AAC0A01381000392AA67206A1
:10A9F000E6502BA8722A2AAC2B0187500A20062188
:10AA00002B229A502BA7072B2BAC2B012A202B2172
:10AA10000B229A5038100039003006100038E650EA
:10AA200087500A8E0A8F0B8E0B8F2AA60A0B2AAC30
:10AA30002A0138100039EA50585208222A230224E9
:10AA40000B2523262653E6502AA60C232AAC2A01DE
:10AA500000AB0A2A0030061000385852E6508750E2
:10AA60002AAC0D0F2AA62A0F2A2007212A229A5043
:10AA70002AA6062A2AAC2A012BAC0A0F2BA62B0FDA
:10AA80002B202A212B229A502BBB2B0C2ABB2A0CC1
:10AA9000EA50585208222A230A242B250D26265331
:10AAA0000030003885A9010F001A11BA010F85A7DF
:10AAB0008511001A007001A67070007001A77D72E8
:10AAC000001A007009A67070007009BB7D0F7D210F
:10AAD00009620081001A81620081001A0F210F268D
:10AAE0000068868EC15236108636006C02105059AE
:10AAF0000310875211A6267012A6277013A628707D
:10AB0000E65036A8850F368D01213626EA50874259
:10AB1000900811B8868615D418E4112012541D200F
:10AB20001121001C125411211D220318C120001EE6
:10AB300012548021001926A6117027A6127028A68B
:10AB4000137026202621001C001C001C001B7C22E8
:10AB5000001D262113106B491122BC522621E7D378
:10AB6000EAE3001A00680F8E006C2CA20F108759C0
:10AB700002108759A0A2A02C15108959001A80A292
:10AB8000802C90A2902C001AFA1ED65F3000000094
:10AB9000C0000000180000003100000000000000AC
:10ABA00030000000E00000001C0000003900000040
:10ABB0000000000030000000000100002000000044
:10ABC00041000000000000003000000040010000D3
:10ABD00028000000510000000000000030000000CC
:10ABE0008001000030000000610000000000000053
:10ABF0003000000000020000400000008100000062
:10AC00000000000017000000C00000001800000055
:10AC1000310000000000000017000000E10000000B
:10AC20001D0000003B0000000000000017000000B5
:10AC300000010000200000004100000000000000B2
:10AC400012000000C00000001800000031000000E9
:10AC50000100000012000000E00000001C000000E5
:10AC60003900000001000000120000000001000097
:10AC70002000000041000000010000001200000060
:10AC80004001000028000000510000000100000009
:10AC90001200000080010000300000006100000090
:10ACA0000100000012000000090200004200000044
:10ACB000850000000100000041000000FF000000CE
:10ACC0002000000020000000000000004100000003
:10ACD000C001000038000000380000000000000043
:10ACE00042000000FF0000002000000020000000E3
:10ACF0000000000042000000C00100003900000018
:10AD00003900000000000000000100000002000007
:10AD100000140000002800000040000001000000B6
:10AD200002000000010000000500000074AD0400F6
:10AD3000710E05009D2A0400200000001000000094
:10AD400010000000200000000000000001000000D2
:10AD50000600000074AD040000000000A12A0400F9
:10AD60002000000010000000100000002000000083
:10AD70000000000011000000110800001128000070
:10AD80000000000041000000010000000100000080
:10AD90000400000000000000B8AD0400810E0500B2
:10ADA000B12D040040000000200000004000000021
:10ADB0003000000000000000140000001404000037
:10ADC00014280000142C00004400000004000000BF
:10ADD000040000000F000000100000001000000040
:10ADE000200000001000000010000000F0AD040082
:10ADF00011000000112800001108000001000000EF
:10AE000020060000000200000004000040000000D6
:10AE1000800000004000000090000000F1470300A7
:10AE200010060000000200000004000030000000D6
:10AE3000800000004000000090000000F147030087
:10AE400008060000000200000004000020000000CE
:10AE5000400000002000000048000000F14703000F
:10AE60000406000000020000000400001C000000B6
:10AE7000400000002000000048000000F1470300EF
:10AE800002060000000200000004000014000000A0
:10AE9000400000001400000048000000F1470300DB
:10AEA0001300000063000000A30000000300000086
:10AEB0000000200030000000910E0500000010008E
:10AEC00020000000B10F0500CCAE040026000010E9
:10AED00000000000003000000C0000000000000036
:10AEE000E4AE040022000010000C0000003100005D
:10AEF0000C00000000000003F9100500080000002D
:10AF0000030000004B6C040005000000040000007A
:10AF10000000000000000000000000000211050019
:10AF200009000000010000000C11050007000000EE
:10AF300002000000141105000500000003000000DD
:10AF40000000000000000000000000001A110500D1
:10AF500007000000050400002211050008000000A1
:10AF6000080400002B11050008000000090400007F
:10AF700034110500080000000A0400003D1105001E
:10AF8000080000000B0400000000000000000000AA
:10AF90000000000046110500030000000001000051
:10AFA0004A11050003000000040000004E110500D6
:10AFB000030000000008000052110500030000001B
:10AFC00020000000561105000900000000000100EB
:10AFD0006011050003000000080000006411050076
:10AFE00003000000020000006811050003000000DB
:10AFF0000100000000000000000000000000000050
:10B0000000002A2B00002A2B000003280000292B17
:10B010000000292B00000328000002290000052A57
:10B020000000052A00000328000001180000002885
:10B030000000042A0000042A000003280000012A5E
:10B040000000012A000003280000002A0000002A56
:10B05000000003280000001800000028000002295A
:10B060000000032800000229000003280000022934
:10B070000000032800000229000003280000022924
:10B0800000000328000049FC0000002810002DE10A
:10B090005D29410B8D77679C110F1F8A000000000E
:10B0A0007AFF80AF79FF00AF73FF80AEEC13EC1333
:10B0B00000000000E41BE01FD02FC03FE41BE01F96
:10B0C00000000000E41BE01FD02FC03F0000C03F85
:10B0D0007B22736F696C5F6D6F6973747572655FE6
:10B0E0006D76223A25642C22736F696C5F6D6F69EF
:10B0F00073747572655F726177223A25647D0053BF
:10B100006F696C2073656E736F7220726561642065
:10B110006661696C65642028657272202564290067
:10B120007B22736F696C5F73656E736F725F65729C
:10B13000726F72223A25647D002E732F73656E73D1
:10B140006F72005265636569766564204C454420E2
:10B1500073657474696E673A20256400506F756377
:10B16000682053444B2056657273696F6E3A20769F
:10B17000302E312E302D3231362D67646532353226
:10B180003334306238613300506F75636820507219
:10B190006F746F636F6C2056657273696F6E3A20BF
:10B1A000256400506F75636820424C4520547261DD
:10B1B0006E73706F72742050726F746F636F6C2057
:10B1C00056657273696F6E3A202564004661696C3A
:10B1D000656420746F206C6F6164206365727469AC
:10B1E0006669636174652028657272202564290090
:10B1F0004661696C656420746F206C6F61642070B7
:10B20000726976617465206B657900437265646567
:10B210006E7469616C73206C6F6164656400506F5B
:10B2200075636820696E6974206661696C65642065
:10B23000286572722025642900506F756368206943
:10B240006E697469616C697A656400436F756C64DA
:10B25000206E6F7420696E697469616C697A65200B
:10B260004C45440053657420757020627574746F8A
:10B270006E2061742025732070696E202564004360
:10B280006F756C64206E6F7420696E697469616C8F
:10B29000697A6520427574746F6E004572726F72C0
:10B2A0002025643A206661696C656420746F2063B0
:10B2B0006F6E66696775726520696E746572727506
:10B2C0007074206F6E2025732070696E20256400D5
:10B2D000536F696C2073656E736F72204144432015
:10B2E000646576696365206973206E6F742072658A
:10B2F00061647900436F756C64206E6F7420636FB6
:10B300006E66696775726520736F696C2073656E10
:10B31000736F7220414443206368616E6E656C20D8
:10B32000286572722025642900536F696C2073654B
:10B330006E736F7220414443206368616E6E656C6A
:10B3400020636F6E66696775726564004164766537
:10B3500072746973696E67207374617274656400D6
:10B360006D61696E002F6C6673312F637265646561
:10B370006E7469616C73004661696C656420746FFA
:10B38000206372656174652063726564656E7469BB
:10B39000616C73206469723A20256400436F756C98
:10B3A00064206E6F74206F70656E2025732C20658D
:10B3B00072723A20256400436F756C64206E6F745E
:10B3C00020726561642025732C206572723A2025F5
:10B3D00064002F6C6673312F63726564656E7469E7
:10B3E000616C732F6B65792E646572004661696CC0
:10B3F000656420746F207061727365206B65793AA3
:10B40000202D30782578004661696C656420746F62
:10B4100020696D706F727420707269766174652036
:10B420006B65793A202D30782578002F6C66733162
:10B430002F63726564656E7469616C732F637274D7
:10B440002E64657200526573657474696E6720734B
:10B45000797374656D00666174616C5F6572726F9B
:10B4600072004661696C656420746F20696E69744E
:10B4700020666C6173682077726974650046616943
:10B480006C656420746F20777269746520746F2016
:10B49000666C6173683A202564004661696C656476
:10B4A00020746F2072657175657374207570677292
:10B4B000616465005265626F6F74696E6720746FB6
:10B4C000206170706C7920757067726164650031FD
:10B4D0002E302E300066775F757064617465007081
:10B4E00075626C69630072616E646F6D0070756285
:10B4F0006C69632D69640072616E646F6D2D69649F
:10B5000000253032583A253032583A253032583AF0
:10B51000253032583A253032583A253032582028D2
:10B52000257329002530367500506173736B65797A
:10B5300020666F722025733A20257300506169726E
:10B54000696E672063616E63656C6C65643A202583
:10B550007300436F6E6669726D20706173736B6503
:10B560007920666F722025733A20257300436F6E31
:10B570006669726D696E6720706173736B657900BF
:10B580004E6F20425420636F6E6E656374696F6EF8
:10B5900020666F7220706173736B657920636F6EC4
:10B5A0006669726D6174696F6E00426C7565746F67
:10B5B0006F746820696E6974206661696C656420C7
:10B5C000286572722025642900426C7565746F6F5E
:10B5D000746820617574682063622072656769739E
:10B5E000746572206661696C6564202865727220DA
:10B5F000256429004661696C656420746F2073744A
:10B60000617274206164766572746973696E672013
:10B61000286572723A2025642900476F6C696F743F
:10B6200068006578616D706C655F626C655F706500
:10B63000726970686572616C0028756E7369676EF7
:10B640006564292063686172202A2075736564200F
:10B65000666F722025257020617267756D656E7446
:10B660002E2049742773207265636F6D6D656E645B
:10B67000656420746F206361737420697420746F33
:10B6800020766F6964202A20626563617573652086
:10B690006974206D6179206361757365206D6973CC
:10B6A0006265686176696F7220696E206365727485
:10B6B00061696E20636F6E66696775726174696F28
:10B6C0006E732E20537472696E673A22257322209E
:10B6D000617267756D656E743A256400636270729D
:10B6E000696E74665F7061636B616765004661696E
:10B6F0006C656420746F207265626F6F743A20739A
:10B7000070696E6E696E6720656E646C6573736CCC
:10B71000792E2E2E0A007F7F7F7F7F7F7F7F7F7F26
:10B720007F7F7F7F7F7F7F7F7F7F7F7F7F7F7F7F29
:10B730007F7F7F7F7F7F7F7F7F7F7F7F7F7F7F7F19
:10B740007F3E7F7F7F3F3435363738393A3B3C3D4B
:10B750007F7F7F407F7F7F0001020304050607088B
:10B76000090A0B0C0D0E0F101112131415161718D1
:10B77000197F7F7F7F7F7F1A1B1C1D1E1F202122A8
:10B78000232425262728292A2B2C2D2E2F30313211
:10B79000337F7F7F7F7F4142434445464748494A44
:10B7A0004B4C4D4E4F505152535455565758595A71
:10B7B0006162636465666768696A6B6C6D6E6F7001
:10B7C0007172737475767778797A303132333435B3
:10B7D000363738392B2F6C6F6767696E67006C6F6F
:10B7E00067006C6F675F6D676D74004D65737361A3
:10B7F0006765202822257322292064726F70706586
:10B80000642062656361757365206974206578637F
:10B81000656564732073697A65206C696D6974610C
:10B8200074696F6E2028257529004D6573736167F3
:10B83000652064726F707065642062656361757302
:10B840006520697420657863656564732073697A1F
:10B8500065206C696D69746174696F6E2028257547
:10B8600029000D0A001B5B306D005B2530386C75BC
:10B870005D20005B253032753A253032753A25302F
:10B8800032752E253033752C253033755D2000251B
:10B89000732F003C25733E200025733A200025308D
:10B8A00032782000202020007C00206D65737361B9
:10B8B0006765732064726F70706564202D2D2D0D87
:10B8C0000A1B5B306D001B5B313B33316D2D2D2D21
:10B8D00020001B5B313B33316D001B5B313B33334D
:10B8E0006D006572720077726E00696E6600646248
:10B8F00067006163746976650073757370656E6463
:10B900006564006F666600706D5F64657669636587
:10B9100000666C6173685F77726974652065727226
:10B920006F72202564206F66667365743D307825DC
:10B9300030387A7800666C617368207265616420C3
:10B940006661696C65643A202564004275666665C7
:10B95000722073697A65206973206269676765720E
:10B96000207468616E207061676500427566666567
:10B97000722073697A65206973206E6F7420616C20
:10B9800069676E656420746F206D696E696D616CA6
:10B990002077726974652D626C6F636B2D73697AA1
:10B9A0006500496E636F72726563742070617261C5
:10B9B0006D657465720053697A6520697320696EDC
:10B9C000636F7272656374004465766963652073A2
:10B9D00065656D7320746F20686176652030207313
:10B9E000697A65005265717565737465642072616A
:10B9F0006E6765206F766572666C6F77732064651D
:10BA0000766963652073697A650053545245414DE8
:10BA10005F464C41534800666C6173685F696D67AF
:10BA2000006B65726E656C004B65726E656C2063B1
:10BA30006F6D6D616E6473006379636C65733A203A
:10BA40002575206877206379636C65730A006379D4
:10BA5000636C6573004B65726E656C206379636C13
:10BA600065732E00556E61626C6520746F20706185
:10BA700072736520696E7075742028657272202556
:10BA800064290A00736C656570006D7300557074ED
:10BA9000696D653A20256C6C75206D730A002D70F8
:10BAA000002D2D70726574747900556E7375707009
:10BAB0006F72746564206F7074696F6E3A202573BD
:10BAC0000A00757074696D653A20256C6C75206488
:10BAD0006179732C20256C6C7520686F7572732CDE
:10BAE00020256C6C75206D696E757465732C20252E
:10BAF0006C6C75207365636F6E64732C20256C6CA1
:10BB000075206D696C6C697365636F6E64730A0090
:10BB1000757074696D65004B65726E656C2075702B
:10BB200074696D652E2043616E2062652063616CCF
:10BB30006C6564207769746820746865202D7020B6
:10BB40006F72202D2D707265747479206F70746916
:10BB50006F6E7300342E322E3939005A6570687951
:10BB6000722076657273696F6E2025730A004B65CB
:10BB7000726E656C2076657273696F6E2E00546804
:10BB8000697320636F6D6D616E64206973206465F5
:10BB900070726563617465642061732069742069E3
:10BBA000732061206475706C69636174652E205523
:10BBB000736520276C6F6720656E61626C65272056
:10BBC000636F6D6D616E642066726F6D206C6F6760
:10BBD00067696E6720636F6D6D616E647320736556
:10BBE000742E0A00556E61626C6520746F2070615E
:10BBF000727365206C6F67207365766572697479FE
:10BC00002028657272202564290A00496E76616CCD
:10BC10006964206C6F67206C6576656C3A202564DA
:10BC20000A00556E61626C6520746F2066696E64EF
:10BC3000206C6F6720736F757263653A2025730AF5
:10BC4000006C6F675F6C6576656C003C6D6F64754A
:10BC50006C65206E616D653E203C7365766572692A
:10BC600074792028302D34293E007265626F6F741C
:10BC7000005265626F6F742E00636F6C6400436FD7
:10BC80006C64207265626F6F742E007761726D0054
:10BC90005761726D207265626F6F742E00746872E6
:10BCA000656164004B65726E656C207468726561D5
:10BCB00064732E005363686564756C65723A202561
:10BCC000752073696E6365206C6173742063616CA9
:10BCD0006C0A00546872656164733A0A004E410050
:10BCE0002573257020252D3130730A00096F70747B
:10BCF000696F6E733A20307825782C207072696FE6
:10BD0000726974793A2025642074696D656F757461
:10BD10003A20256C6C640A000973746174653A20DA
:10BD200025732C20656E7472793A2025700A0055AF
:10BD30006E61626C6520746F2064657465726D69F4
:10BD40006E6520756E7573656420737461636B2016
:10BD500073697A6520282564290A0A0009737461C9
:10BD6000636B2073697A6520257A752C20756E7552
:10BD700073656420257A752C2075736167652025AD
:10BD80007A75202F20257A752028257520252529CC
:10BD90000A0A004C697374206B65726E656C2074BE
:10BDA0006872656164732E00257020495251202508
:10BDB000303264202573287265616C2073697A655E
:10BDC0002025347A75293A09756E757365642025C6
:10BDD000347A750975736167652025347A75202F6B
:10BDE0002025347A75202825327A75202525290AC0
:10BDF00000257020252D33327320287265616C2058
:10BE000073697A652025347A75293A09756E7573D8
:10BE100065642025347A750975736167652025345A
:10BE20007A75202F2025347A752028253275202513
:10BE300025290A00737461636B73004C6973742065
:10BE40007468726561647320737461636B207573C9
:10BE50006167652E0054687265616420494420253D
:10BE600070206973206E6F742076616C69640A00BB
:10BE70004572726F723A5368656C6C2074687265B3
:10BE800061642063616E6E6F7420626520737573E8
:10BE900070656E6465640A0054687265616420258B
:10BEA000702073757370656E6465640A00737573D2
:10BEB00070656E64006B65726E656C207468726587
:10BEC00061642073757370656E64203C746872657C
:10BED00061645F69643E004572726F723A536865CF
:10BEE0006C6C207468726561642063616E6E6F743F
:10BEF00020626520726573756D65640A005468720E
:10BF000065616420257020726573756D65640A0033
:10BF1000726573756D65006B65726E656C20746813
:10BF20007265616420726573756D65203C7468721A
:10BF30006561645F69643E004572726F723A53686E
:10BF4000656C6C207468726561642063616E6E6FED
:10BF500074206265206B696C6C65640A000A205469
:10BF60006872656164202570206B696C6C65640A79
:10BF7000006B696C6C006B65726E656C2074687226
:10BF8000656164206B696C6C203C746872656164E7
:10BF90005F69643E0044657669636520756E6B6E0B
:10BFA0006F776E20282573290A00446576696365DA
:10BFB00020257320697320616C7265616479206942
:10BFC0006E697469616C697A65640A0044657669B2
:10BFD000636520257320696E697469616C697A6193
:10BFE00074696F6E206661696C6564207769746836
:10BFF000206572723D25640A004465766963652098
:10C00000257320696E697469616C697A656420734F
:10C0100075636365737366756C6C790A005245418C
:10C0200044590044495341424C4544006465766993
:10C030006365733A0A005B25705D002D202573004F
:10C0400020204454206E6F6465206C6162656C73BF
:10C050003A0044657669636520636F6D6D616E6457
:10C0600073004D616E75616C6C7920696E697469DD
:10C07000616C697A65206120646576696365004C4E
:10C0800069737420636F6E66696775726564206496
:10C090006576696365732C207769746820616E200A
:10C0A0006F7074696F6E616C2066696C7465720084
:10C0B0005B3C6465766963652066696C7465723E95
:10C0C0005D0025642D253032752D253032752025F3
:10C0D0003032753A253032753A2530327520555454
:10C0E000430A00496E76616C696420686F75720A54
:10C0F00000496E76616C6964206D696E7574650ABD
:10C1000000496E76616C6964207365636F6E640AC2
:10C1100000496E76616C6964206D6F6E74680A0008
:10C12000496E76616C6964206461790A00466169D0
:10C130006C656420746F2063616C63756C617465F9
:10C14000207365636F6E64732073696E6365204549
:10C15000706F63680A00436F756C64206E6F7420A3
:10C1600073657420646174652025640A00446174F9
:10C170006520636F6D6D616E6473005B592D6D2D6D
:10C18000645D203C483A4D3A533E00676574005B5D
:10C190006E6F6E655D005573696E672064617461D2
:10C1A0002077696474682025640A00496E636F72A1
:10C1B0007265637420646174612077696474680ACD
:10C1C00000526561642076616C7565203078257851
:10C1D0000A0057726974696E672076616C75652014
:10C1E000307825780A00696E76616C696420616434
:10C1F000647220272573270A00696E76616C696472
:10C200002073697A6520272573270A00696E766195
:10C210006C696420776964746820272573270A0095
:10C22000613A733A773A00272D61203C6164647269
:10C230006573733E27206973206D616E6461746F4E
:10C2400072790A00272D73203C73697A653E272096
:10C250006973206D616E6461746F72790A00646540
:10C26000766D656D206C6F616420737570706F7290
:10C2700074732073657474696E672062797061737A
:10C2800073206F6E20612073696E676C6520696E24
:10C290007374616E63652E0A004C6F6164696E672A
:10C2A0002E2E2E0A7072657373206374726C2D7853
:10C2B000206374726C2D7120746F206573636170DC
:10C2C000650A004E756D626572206F662062797432
:10C2D000657320726561643A2025640A002D65004B
:10C2E000556E6B6E6F776E206F7074696F6E202263
:10C2F0002573220A006465766D656D005265616480
:10C300002F777269746520706879736963616C2036
:10C310006D656D6F72790A55736167653A0A52658A
:10C320006164206D656D6F72792061742061646451
:10C33000726573732077697468206F7074696F6EAB
:10C34000616C2077696474683A0A6465766D656D1E
:10C35000203C616464726573733E205B3C77696462
:10C3600074683E5D0A5772697465206D656D6F7201
:10C3700079206174206164647265737320776974D5
:10C3800068206D616E6461746F727920776964747E
:10C390006820616E642076616C75653A0A64657622
:10C3A0006D656D203C616464726573733E203C77FB
:10C3B000696474683E203C76616C75653E00647506
:10C3C0006D700055736167653A0A6465766D656DD9
:10C3D0002064756D70202D61203C6164647265730A
:10C3E000733E202D73203C73697A653E205B2D7768
:10C3F000203C77696474683E5D0A006C6F6164007C
:10C4000055736167653A0A6465766D656D206C6F7A
:10C410006164205B6F7074696F6E735D205B616433
:10C4200064726573735D0A4F7074696F6E733A0A54
:10C430002D65096C6974746C652D656E6469616E37
:10C440002070617273650076302E312E302D3231BE
:10C45000362D676465323532333430623861330AE1
:10C4600000312E302E302B300A00312E302E300A83
:10C4700000617070004170706C69636174696F6E07
:10C480002076657273696F6E20696E666F726D617A
:10C4900074696F6E20636F6D6D616E6473004170BF
:10C4A000706C69636174696F6E2076657273696F11
:10C4B0006E2E202865782E2022312E322E332D75B7
:10C4C0006E737461626C652E352229007665727315
:10C4D000696F6E202D20657874656E646564004117
:10C4E00070706C69636174696F6E207665727369D0
:10C4F0006F6E20657874656E6465642E202865789B
:10C500002E2022312E322E332D756E737461626CA3
:10C51000652E352B342229006275696C64202D202C
:10C5200076657273696F6E004170706C69636174D7
:10C53000696F6E206275696C642076657273696FCD
:10C540006E2E202865782E202276332E332E302D25
:10C5500031382D673263383564393232346663617D
:10C5600022290052582072696E67206275666665DE
:10C57000722066756C6C2E007368656C6C2E736827
:10C58000656C6C5F7561727400756172743A7E24BB
:10C5900020007368656C6C5F756172745F626163C3
:10C5A0006B656E6400537562636F6D6D616E64736D
:10C5B0003A0A006E6F74207465726D696E617465FD
:10C5C000643A2025630A00506C65617365207370BE
:10C5D0006563696679206120737562636F6D6D6153
:10C5E0006E642E0A004572726F723A207265717520
:10C5F0006573746564206D756C7469706C65206614
:10C60000756E6374696F6E20657865637574696FA4
:10C610006E730A003A20636F6D6D616E64206E6FF9
:10C620007420666F756E6400546F6F206D616E7953
:10C6300020617267756D656E747320696E20746811
:10C640006520636F6D6D616E642E0A0025733A205C
:10C6500077726F6E6720706172616D6574657220AC
:10C66000636F756E740A005741524E494E473A2027
:10C6700041207072696E74207265717565737420E3
:10C68000776173206465746563746564206F6E20E0
:10C690006E6F7420616374697665207368656C6C75
:10C6A000206261636B656E642E0A000A2573257330
:10C6B00000506C65617365207072657373207468D7
:10C6C00065203C5461623E20627574746F6E207404
:10C6D0006F2073656520616C6C20617661696C61A7
:10C6E000626C6520636F6D6D616E64732E0A005914
:10C6F0006F752063616E20616C736F2075736520A8
:10C70000746865203C5461623E20627574746F6E7B
:10C7100020746F2070726F6D7074206F722061755D
:10C72000746F2D636F6D706C65746520616C6C2027
:10C73000636F6D6D616E6473206F72206974732016
:10C74000737562636F6D6D616E64732E0A00596F4D
:10C75000752063616E2074727920746F2063616C40
:10C760006C20636F6D6D616E6473207769746820EF
:10C770003C2D683E206F72203C2D2D68656C703E0C
:10C7800020706172616D6574657220666F72206DD4
:10C790006F726520696E666F726D6174696F6E2E5F
:10C7A0000A000A5368656C6C20737570706F727440
:10C7B0007320666F6C6C6F77696E67206D6574614E
:10C7C0002D6B6579733A0A20204374726C202B20FC
:10C7D0002861206B65792066726F6D3A2061626313
:10C7E0006465666B6C6E707577290A2020416C74E5
:10C7F00020202B202861206B65792066726F6D3AAE
:10C80000206266290A506C656173652072656665F1
:10C810007220746F207368656C6C20646F63756D33
:10C82000656E746174696F6E20666F72206D6F72D1
:10C83000652064657461696C732E0A000A41766133
:10C84000696C61626C6520636F6D6D616E64733AD3
:10C850000A00253038583A20007C0A005072696E70
:10C860007473207468652068656C70206D657373DF
:10C870006167652E001B5B25642563001B5B313BF4
:10C880003325646D001B5B34303325646D005573B4
:10C890006167653A20257320002573252D2A7300D2
:10C8A0002D68002D2D68656C7000202D2000202043
:10C8B000004C6F7374206C6F67733A20256C750A97
:10C8C00000416374697665207368656C6C206261F1
:10C8D000636B656E64733A0A0020202532642E2053
:10C8E0003A257320282573290A005B2533645D20CF
:10C8F00025730A0020756E6B6E6F776E2070617203
:10C90000616D657465723A200025733A257325734D
:10C910000A004563686F207374617475733A20254B
:10C92000730A004E6F20726573706F6E73652066B8
:10C93000726F6D20746865207465726D696E616CCC
:10C940002C20617373756D65642038307832342023
:10C9500073637265656E2073697A650A001B5B36C6
:10C960006E0072657476616C005072696E7420722C
:10C97000657475726E2076616C7565206F66206DCA
:10C980006F737420726563656E7420636F6D6D6183
:10C990006E6400726573697A6500436F6E736F6CC5
:10C9A000652067657473207465726D696E616C20B3
:10C9B00073637265656E2073697A65206F7220619A
:10C9C0007373756D65732064656661756C74206939
:10C9D0006E20636173652074686520726561646FA1
:10C9E0007574206661696C732E204974206D7573AF
:10C9F000742062652065786563757465642061667E
:10CA00007465722065616368207465726D696E611A
:10CA10006C207769647468206368616E6765207450
:10CA20006F20656E7375726520636F7272656374D3
:10CA3000207465787420646973706C61792E006865
:10CA40006973746F727900436F6D6D616E642068F5
:10CA50006973746F72792E0055736566756C2C203E
:10CA60006E6F7420556E69782D6C696B65207368E4
:10CA7000656C6C20636F6D6D616E64732E00636C0A
:10CA800065617200436C6561722073637265656EE7
:10CA90002E0072656D0049676E6F7265206C696E5D
:10CAA000657320626567696E6E696E672077697469
:10CAB00068202772656D20270064656661756C7457
:10CAC00000417373756D652038302063686172733F
:10CAD0002073637265656E20776964746820616E87
:10CAE000642073656E642074686973207365747460
:10CAF000696E6720746F20746865207465726D6953
:10CB00006E616C2E006261636B656E6473004C69CC
:10CB1000737420616374697665207368656C6C203A
:10CB20006261636B656E64732E0A006261636B738E
:10CB3000706163655F6D6F646500546F67676C65F6
:10CB4000206261636B7370616365206B6579206D32
:10CB50006F64652E0A536F6D65207465726D696E22
:10CB6000616C7320617265206E6F742073656E64F2
:10CB7000696E6720736570617261746520657363A7
:10CB800061706520636F646520666F722062616307
:10CB90006B737061636520616E642064656C65749D
:10CBA0006520627574746F6E2E20546869732063FB
:10CBB0006F6D6D616E6420666F726365732073685C
:10CBC000656C6C20746F20696E7465727072657428
:10CBD0002064656C657465206B65792061732062E3
:10CBE00061636B73706163652E00636F6C6F72734A
:10CBF00000546F67676C6520636F6C6F72656420AB
:10CC000073796E7461782E00767431303000546F11
:10CC100067676C6520767431303020636F6D6D61AD
:10CC20006E64732E0070726F6D707400546F67675E
:10CC30006C652070726F6D70742E006563686F0094
:10CC4000546F67676C65207368656C6C20656368FA
:10CC50006F2E007374617473005368656C6C20737D
:10CC60007461746973746963732E006261636B73BA
:10CC700070616365005365742064696666657265FA
:10CC80006E742065736361706520636F64652066F0
:10CC90006F72206261636B737061636520616E64A3
:10CCA0002064656C657465206B65792E0064656C25
:10CCB00065746500536574207468652073616D65E3
:10CCC0002065736361706520636F646520666F72B1
:10CCD000206261636B737061636520616E642064C0
:10CCE000656C657465206B65792E0072657365747B
:10CCF000005265736574207368656C6C2073746191
:10CD00007469737469637320666F72207468652038
:10CD10004C6F67676572206D6F64756C652E00736C
:10CD2000686F7700476574207368656C6C20737456
:10CD3000617469737469637320666F7220746865C7
:10CD4000204C6F67676572206D6F64756C652E008F
:10CD500044697361626C65207368656C6C206563FF
:10CD6000686F2E2045646974696E67206B657973FE
:10CD700020616E64206D6574612D6B65797320612F
:10CD80007265206E6F742068616E646C6564004526
:10CD90006E61626C65207368656C6C206563686F9A
:10CDA0002E0044697361626C652070726F6D7074DF
:10CDB0002E00456E61626C652070726F6D70742E0E
:10CDC0000044697361626C65207674313030206391
:10CDD0006F6D6D616E64732E00456E61626C6520CF
:10CDE000767431303020636F6D6D616E64732E0028
:10CDF00044697361626C6520636F6C6F7265642057
:10CE000073796E7461782E00456E61626C65206383
:10CE10006F6C6F7265642073796E7461782E004355
:10CE20006F6D6D616E6420627566666572206973F0
:10CE300020746F6F2073686F727420746F20657830
:10CE400070616E6420616C6C20636F6D6D616E64E7
:10CE500073206D61746368696E672077696C6463C1
:10CE6000617264207061747465726E3A2025730A71
:10CE70000053697A65206F6620434F4E4649475FED
:10CE8000464C4153485F46494C4C5F4255464645E7
:10CE9000525F53495A45004E656761746976652053
:10CEA0006F6666736574206E6F7420616C6C6F774B
:10CEB00065640A00496E636F7272656374207369FA
:10CEC0007A65206F72206F666673657420616C6985
:10CED000676E6D656E742C2065787065637465642B
:10CEE00020257A780A0046696C6C20746F2064658E
:10CEF00076202570206661696C6564206174206FFE
:10CF00006666736574203078257A780A00666C61ED
:10CF10007368002A2A2A20426F6F74696E67205056
:10CF20006F75636820424C45204741545420457832
:10CF3000616D706C652076312E302E302D64653237
:10CF4000353233343062386133202A2A2A0A002AE3
:10CF50002A2A205573696E67206E524620436F6EF1
:10CF60006E6563742053444B2076332E322E332D5E
:10CF7000366638343835643238393064202A2A2A03
:10CF80000A002A2A2A205573696E67205A6570683C
:10CF90007972204F532076342E322E39392D633456
:10CFA00063373566373165373039202A2A2A0A0037
:10CFB00072302F61313A20203078253038782020A7
:10CFC00072312F61323A2020307825303878202095
:10CFD00072322F61333A2020307825303878007251
:10CFE000332F61343A202030782530387820723160
:10CFF000322F69703A20203078253038782072310D
:10D00000342F6C723A202030782530387800207820
:10D010007073723A20203078253038780046617578
:10D020006C74696E6720696E737472756374696F6E
:10D030006E206164647265737320287231352F70BD
:10D0400063293A2030782530387800556E68616E53
:10D05000646C6564204952516E3A202564002A2A86
:10D060002A2A2A204D5055204641554C54202A2A20
:10D070002A2A2A002020537461636B696E67206539
:10D0800072726F722028636F6E746578742061729B
:10D090006561206D69676874206265206E6F742019
:10D0A00076616C696429002020556E737461636B2E
:10D0B000696E67206572726F72002020446174612E
:10D0C000204163636573732056696F6C6174696F87
:10D0D0006E0020204D4D46415220416464726573BC
:10D0E000733A2030782578002020496E7374727569
:10D0F0006374696F6E204163636573732056696F53
:10D100006C6174696F6E002020466C6F6174696E8B
:10D11000672D706F696E74206C617A792073746109
:10D12000746520707265736572766174696F6E20C4
:10D130006572726F72002A2A2A2A2A2055534147A3
:10D1400045204641554C54202A2A2A2A2A002020CC
:10D150004469766973696F6E206279207A65726FAF
:10D16000002020556E616C69676E6564206D656D89
:10D170006F7279206163636573730020205374615B
:10D18000636B206F766572666C6F772028636F6EB5
:10D19000746578742061726561206E6F74207661A9
:10D1A0006C6964290020204E6F20636F70726F637A
:10D1B0006573736F7220696E737472756374696FCF
:10D1C0006E73002020496C6C6567616C206C6F6128
:10D1D00064206F66204558435F52455455524E2097
:10D1E000696E746F205043002020496C6C65676144
:10D1F0006C20757365206F662074686520455053F8
:10D2000052002020417474656D707420746F206525
:10D2100078656375746520756E646566696E6564AE
:10D2200020696E737472756374696F6E002A2A2A9E
:10D230002A2A20425553204641554C54202A2A2A56
:10D240002A2A002020537461636B696E672065721F
:10D25000726F72002020507265636973652064618B
:10D26000746120627573206572726F7200202042B3
:10D2700046415220416464726573733A20307825C8
:10D2800078002020496D7072656369736520646160
:10D29000746120627573206572726F72002020497C
:10D2A0006E737472756374696F6E20627573206536
:10D2B00072726F720052657365727665642045788C
:10D2C00063657074696F6E20280053707572696FA2
:10D2D000757320696E746572727570742028495276
:10D2E000512000535053454C20696E20746872657C
:10D2F0006164206D6F646520646F6573206E6F7468
:10D3000020696E64696361746520505350002A2A55
:10D310002A2A2A2048415244204641554C54202A6A
:10D320002A2A2A2A002020427573206661756C74AF
:10D33000206F6E20766563746F72207461626C6515
:10D3400020726561640020204465627567206576FF
:10D35000656E740020204661756C7420657363618E
:10D360006C6174696F6E20287365652062656C6FEF
:10D37000772900415243485F455843455054207730
:10D3800069746820726561736F6E2025780A002ABF
:10D390002A2A2A2A204465627567206D6F6E697497
:10D3A0006F7220657863657074696F6E202A2A2A0F
:10D3B0002A2A002A2A2A2A2A20257320256429209D
:10D3C0002A2A2A2A2A006D7075004661696C6564F4
:10D3D00020746F20616C6C6F63617465206E65777B
:10D3E000204D505520726567696F6E2025750A00C3
:10D3F000506172746974696F6E2025753A2073618B
:10D400006E69747920636865636B206661696C6519
:10D41000642E00496E76616C696420756E64657275
:10D420006C79696E6720726567696F6E20696E64DA
:10D43000657820257500464C4153485F30005352B3
:10D44000414D5F3000657869740061626F727428C5
:10D45000290A006765746F7074006E65745F627589
:10D4600066006E65745F6275665F73696D706C658A
:10D4700000736F6300696E76616C69642066696C25
:10D4800065206E616D652121006D6F756E74207071
:10D490006F696E74206E6F7420666F756E642121E3
:10D4A0000066696C652073686F756C642062652026
:10D4B0006F70656E656420666F722077726974653F
:10D4C00020746F207472756E63617465212100662B
:10D4D000696C65207472756E636174696F6E206E1D
:10D4E0006F7420737570706F7274656421210066AB
:10D4F000696C65206F70656E206572726F7220288E
:10D500002564290066696C65207472756E636174A8
:10D51000696F6E206661696C656420282564290046
:10D5200066696C6520636C6F7365206572726F72DB
:10D5300020282564290066696C6520726561642075
:10D540006572726F7220282564290066696C6520F7
:10D550007772697465206572726F7220282564295C
:10D560000066696C65207365656B206572726F7209
:10D5700020282564290066696C652074656C6C2020
:10D580006572726F7220282564290066696C6520B7
:10D590007472756E63617465206572726F72202893
:10D5A00025642900696E76616C696420646972651E
:10D5B00063746F7279206E616D65212100646972F8
:10D5C0006563746F7279206F70656E206572726F1B
:10D5D000722028256429006469726563746F72790A
:10D5E0002072656164206572726F7220282564293B
:10D5F000006469726563746F727920636C6F736520
:10D60000206572726F722028256429006661696C3A
:10D61000656420746F20637265617465206469724B
:10D620006563746F72792028256429006661696CCE
:10D63000656420746F20756E6C696E6B2070617408
:10D6400068202825642900696E76616C696420660B
:10D65000696C65206F7220646972206E616D65214E
:10D6600021006661696C6564206765742066696C79
:10D6700065206F722064697220737461742028259C
:10D680006429006D6F756E7420706F696E74206E02
:10D690006F7420696E697469616C697A65642121AF
:10D6A0000066696C652073797374656D20616C72B6
:10D6B00065616479206D6F756E7465642121006900
:10D6C0006E76616C6964206D6F756E7420706F6921
:10D6D0006E742121006D6F756E7420706F696E74A9
:10D6E00020616C7265616479206578697374732157
:10D6F00021007265717565737465642066696C6577
:10D700002073797374656D2074797065206E6F7401
:10D7100020726567697374657265642121006673A0
:10D72000207479706520256420646F6573206E6FA6
:10D730007420737570706F7274206D6F756E74697C
:10D740006E67006D6F756E7420706174682025734C
:10D75000206973206E6F7420756E6D6F756E7461C5
:10D76000626C65006673206D6F756E7420657272F1
:10D770006F72202825642900257320756E6D6F75E2
:10D780006E746564006C6974746C65667320706196
:10D7900072746974696F6E2061742025730041751D
:10D7A000746F6D6F756E7420257320737563636578
:10D7B00065646564004175746F6D6F756E742025C6
:10D7C00073206661696C65643A202564004C697455
:10D7D000746C6546532076657273696F6E2025758B
:10D7E0002E25752C206469736B2076657273696FC2
:10D7F0006E2025752E25750043616E277420696E95
:10D800006974206C6974746C656673206261636B03
:10D81000656E642C2072657669657720636F6E662D
:10D8200069677320616E6420666C6167732030786D
:10D83000253038780063616E2774206F70656E2024
:10D84000666C61736820617265612025642C2065B7
:10D8500072722025640063616E27742067657420EE
:10D86000666C617368206465766963653A20257328
:10D870000046532061742025733A3078257820695A
:10D880007320257520307825782D627974652062A3
:10D890006C6F636B732077697468202575206379DA
:10D8A000636C6500706172746974696F6E2073696E
:10D8B0007A65733A207264202575203B20707220AF
:10D8C0002575203B206361202575203B206C61205D
:10D8D00025750063616E2774206D6F756E74202846
:10D8E0004C4653202564293B20666F726D61747429
:10D8F000696E670063616E206E6F7420666F726D73
:10D90000617420726561642D6F6E6C792073797318
:10D9100074656D0072656D6F756E742061667465F7
:10D920007220666F726D6174206661696C65642037
:10D93000284C465320256429002573206D6F756E91
:10D9400074656400D9FBFBFBFBFBFBFBFBFBFBFBF8
:10D95000FBFBFBFBFBFBFBFBFBFBFBFBFBFBFBFB17
:10D96000FBFBFBFBFBFBFBFBFBFBFBFBFBFBFBFB07
:10D97000FBFBFBFBFBFBFBFBFBFBFBFBFBFBFBFBF7
:10D98000FBFBE4E5FBFBFBFBEAEBECFBFBEFFBFB50
:10D99000ACFBF4FBFBF7FBFBFBFBFBFBFEF2FBFB37
:10D9A000FBFBFBFBFBFBFBFBFBFBFBFBFBFBFBFBC7
:10D9B000FBFBFBFBFBFBFBFBFBFBFBFBFBFBFBFBB7
:10D9C000FBFBFBFBFBFBFBFBFBFBA6FBFBFBFBFBFC
:10D9D000FBFBFBFBFBE4E5FBFBFBFBEAEBECFBFBF4
:10D9E000EFFBFBFBFBF4FBFBF7FBFBFBFBFBFBFE9B
:10D9F0002F6C667331006C6974746C6566730025F6
:10DA00007320646F65736E27742065786973740A78
:10DA1000002573206973206E6F7420612064697221
:10DA20006563746F72790A00556E61626C6520746B
:10DA30006F206F70656E2025732028657272202517
:10DA400064290A00556E61626C6520746F207265EE
:10DA50006164206469726563746F72790A002538A5
:10DA60007A7520257325730A004572726F722063E0
:10DA700072656174696E67206469725B25645D0A12
:10DA8000004661696C656420746F206F627461691F
:10DA90006E2066696C6520257320286572723A20B5
:10DAA0002564290A004E6F7420612066696C652028
:10DAB00025730A0046696C652073697A653A2025EA
:10DAC0007A640A004661696C656420746F206F7027
:10DAD000656E20257320282564290A004661696C3B
:10DAE000656420746F207365656B2025732028257D
:10DAF00064290A002530385820200025303258206B
:10DB000000252A63004661696C656420746F207289
:10DB10006561642066726F6D2066696C652025738F
:10DB200020286572723A20257A64290A00466169C4
:10DB30006C656420746F2072656D6F766520257347
:10DB400020282564290A004661696C656420746F89
:10DB5000207265616420257320282564290A004607
:10DB600061696C656420746F207772697465202523
:10DB70007320282564290A004661696C6564207455
:10DB80006F2077726974652025730A004661696C9D
:10DB9000656420746F20636C6F73652025730A00C1
:10DBA0004661696C656420746F2073746174766675
:10DBB0007320257320282564290A006273697A6519
:10DBC00020256C752C20667273697A6520256C752A
:10DBD0002C20626C6F636B7320256C752C20626641
:10DBE00072656520256C750A004661696C65642064
:10DBF000746F207472756E636174652025732028BC
:10DC00002564290A002D6F004D697373696E6720C2
:10DC1000617267756D656E740A0046696C65207384
:10DC2000797374656D20636F6D6D616E64730063ED
:10DC300064004368616E676520776F726B696E6719
:10DC4000206469726563746F7279004C6973742023
:10DC500066696C657320696E2063757272656E7497
:10DC6000206469726563746F7279006D6B646972A8
:10DC700000437265617465206469726563746F72D4
:10DC80007900707764005072696E742063757272E7
:10DC9000656E7420776F726B696E67206469726558
:10DCA00063746F727900526561642066726F6D20D3
:10DCB00066696C650063617400436F6E63617465CF
:10DCC0006E6174652066696C657320616E64207096
:10DCD00072696E74206F6E20746865207374616E53
:10DCE00064617264206F75747075740052656D6F35
:10DCF00076652066696C6500637000436F707920FB
:10DD000066696C6500737461747666730053686F3E
:10DD1000772066696C652073797374656D20737400
:10DD2000617465007472756E63005472756E636120
:10DD300074652066696C6500577269746520666950
:10DD40006C650072630067726F7570006E616D655F
:10DD5000006D63756D67725F66735F6772700062F6
:10DD600075665F73697A65006275665F636F756E6D
:10DD70007400666F726365006D63756D67725F6FC7
:10DD8000735F6772700042542064697361626C65EE
:10DD9000206661696C6564206265666F72652072D9
:10DDA00065626F6F743A202564006F735F6D676DF5
:10DDB000745F7265626F6F745F6274006D63756D1E
:10DDC000677220736D70006D63756D67725F736D40
:10DDD00070004661696C656420746F20616C6C6FC3
:10DDE0006320534D502062756600736D705F7368D9
:10DDF000656C6C0000FFFFFFFFFFFF0000000000EC
:10DE00000000FFFFFFFFFFFF0000000000003031B7
:10DE1000323334353637383961626364656600629F
:10DE2000745F727061004254204C572057510002B9
:10DE3000FB349B5F800000800010000000000000A9
:10DE400001040002000000020000000000000005C4
:10DE500000000000000000000000000000000005BD
:10DE600062745F6275660062745F6461746100442D
:10DE700061746120627566666572206F7665726690
:10DE80006C6F7720286C696E6B2074797065203018
:10DE900078253032782900556E61626C6520746F88
:10DEA000206C6F6F6B20757020636F6E6E207769CA
:10DEB00074682068616E646C6520257500556E611C
:10DEC000626C6520746F206C6F6F6B757020636F70
:10DED0006E6E20666F722068616E646C65202575B9
:10DEE000004861726477617265206572726F722C8E
:10DEF00020686172647761726520636F64653A209F
:10DF0000256400436F756C64206E6F7420737562B6
:10DF10006D69742072785F776F726B3A20256400A8
:10DF2000556E61626C6520746F20616C6C6F63610B
:10DF300074652062756666657200556E65787065F9
:10DF40006374656420737461747573203078253050
:10DF5000327820257300556E68616E646C656420AC
:10DF60006576656E7420307825303278206C656E69
:10DF70002025753A202573004E6F2070656E646908
:10DF80006E67207065726970686572616C20636F7E
:10DF90006E6E656374696F6E004E6F20636F6D6D9A
:10DFA000616E642073656E7420666F7220636D64A9
:10DFB00020636F6D706C657465203078253034781F
:10DFC000004F70436F6465203078253034782063CB
:10DFD0006F6D706C6574656420696E7374656164DF
:10DFE000206F6620657870656374656420307825DD
:10DFF00030347800546F6F20736D616C6C2028256D
:10E000007520627974657329206576656E74203099
:10E01000782530327800496E76616C696420484317
:10E0200049206576656E742073697A6520282575A8
:10E030002900496E76616C6964204C45206D6574D9
:10E0400061206576656E742073697A652028257570
:10E050002900574553545F544F504449522F7A6515
:10E06000706879722F7375627379732F626C75653E
:10E07000746F6F74682F686F73742F6863695F6360
:10E080006F72652E63006576745F666C61677320DE
:10E0900026202831554C203C3C202830292900419D
:10E0A0005353455254494F4E204641494C205B251D
:10E0B000735D20402025733A25640A00496E76611D
:10E0C0006C6964206275662074797065202575001E
:10E0D000496E76616C6964204843492041434C2075
:10E0E0007061636B65742073697A652028257529D2
:10E0F0000041434C2064617461206C656E677468F4
:10E10000206D69736D617463682028257520213D39
:10E110002025752900556E61626C6520746F20663C
:10E12000696E6420636F6E6E20666F722068616E28
:10E13000646C652025750062745F6863695F65764D
:10E14000745F6765745F666C616773286864722DBD
:10E150003E657674292026202831554C203C3C20F1
:10E160002831292900556E6B6E6F776E20627566B7
:10E17000207479706520257500556E68616E646C39
:10E1800065642076656E646F722D73706563696671
:10E190006963206576656E7420307825303278208A
:10E1A0006C656E2025753A20257300657674206EA7
:10E1B000756D5F68616E646C657320283D257529F7
:10E1C00020746F6F206C617267652028257A752036
:10E1D0003E20257529004E6F20636F6E6E65637457
:10E1E000696F6E20666F722068616E646C652025B1
:10E1F00075007061636B65747320636F756E742056
:10E200006D69736D6174636800696E7465727661BF
:10E210006C20657863656564732074686520766139
:10E220006C69642072616E676520257520757300C6
:10E230006C6174656E6379206578636565647320CD
:10E240007468652076616C69642072616E67652010
:10E2500030782530347800737570765F74696D6539
:10E260006F757420657863656564732074686520D4
:10E2700076616C69642072616E6765203078253044
:10E280003478004661696C656420746F207365742E
:10E290002072657175697265642073656375726952
:10E2A0007479206C6576656C004E6F206368616ED2
:10E2B000676520746F20656E6372797074696F6E24
:10E2C0002073746174652028656E637279707420A0
:10E2D0003078253032782900756E6B6E6F776E005E
:10E2E0005B305D00484349207472616E73706F72D9
:10E2F000743A20257300534443004964656E746981
:10E30000747925733A202573004964656E746974C5
:10E31000795B25645D3A202573004843493A2076AD
:10E32000657273696F6E202573202830782530322E
:10E330007829207265766973696F6E203078253090
:10E3400034782C206D616E756661637475726572C8
:10E3500020307825303478004C4D503A2076657264
:10E3600073696F6E20257320283078253032782924
:10E3700020737562766572203078253034780055C8
:10E380006E61626C6520746F2073656E6420746FBB
:10E39000206472697665722028657272202564296E
:10E3A000004F7574206F6620636F6D6D616E642021
:10E3B0006275666665727300556E636C6561726541
:10E3C000642070656E64696E672073656E745F6348
:10E3D0006D6400737563636573730009636F6D6DBE
:10E3E000616E64206F70636F64652030782530340F
:10E3F000782074696D656F75740A00657272203DCE
:10E400003D20300009436F6E74726F6C6C65722032
:10E41000756E726573706F6E736976652C20636FAD
:10E420006D6D616E64206F70636F64652030782558
:10E430003034782074696D656F75742077697468FD
:10E44000206572722025640A006F70636F64652016
:10E450003078253034782073746174757320307887
:10E4600025303278202573004661696C656420741C
:10E470006F207265616420444C45206D6178206492
:10E48000617461206C656E0074785F6F637465748D
:10E4900073206578636565647320746865207661B0
:10E4A0006C69642072616E67652025750074785F01
:10E4B00074696D652065786365656473207468654B
:10E4C0002076616C69642072616E67652025750035
:10E4D0004E6F6E2D4C452063617061626C652063E8
:10E4E0006F6E74726F6C6C657220646574656374B2
:10E4F000656421004E756D206F6620436F6E7472E7
:10E500006F6C6C657227732041434C207061636BA4
:10E5100065747320213D2041434C2062745F636F1A
:10E520006E6E5F747820636F6E74657874732028E4
:10E53000257520213D202575290041434C2042525C
:10E540002F4544522062756666657273206E6F7443
:10E5500020696E697469616C697A65640056656EDC
:10E56000646F722048434920657874656E73696FE3
:10E570006E73206E6F7420617661696C61626C6588
:10E5800000485720506C6174666F726D3A20257395
:10E590002028307825303478290048572056617279
:10E5A00069616E743A2025732028307825303478DC
:10E5B00029004669726D776172653A2025732028BB
:10E5C000307825303278292056657273696F6E2055
:10E5D00025752E2575204275696C642025750046C9
:10E5E00061696C656420746F207265616420737565
:10E5F00070706F727465642076656E646F722063EC
:10E600006F6D6D616E6473004661696C6564207442
:10E610006F207265616420737570706F72746564C9
:10E620002076656E646F72206665617475726573BD
:10E630000048434920647269766572206973206ED0
:10E640006F742072656164790042542052582057DB
:10E65000510048434920647269766572206F706585
:10E660006E206661696C65642028256429004E6F00
:10E670002070656E64696E6720636F6E6E20666FD2
:10E68000722070656572202573004661696C65644F
:10E6900020746F20726573657420424C4520636F4F
:10E6A0006E74726F6C6C65720048434920647269C5
:10E6B00076657220636C6F7365206661696C656452
:10E6C000202825642900556E65787065637465643B
:10E6D00020484F53545F4E554D5F434F4D504C456E
:10E6E0005445445F5041434B4554532C207374614F
:10E6F0007475732030782530327820257300000936
:10E700000909090102090909090909090909090988
:10E71000070909090909060909090909090909096E
:10E720000909090909090905312E306200312E3124
:10E7300000312E3200322E3000322E3100332E3096
:10E7400000342E3000342E3100342E3200352E307D
:10E7500000352E3100352E3200352E3300352E3463
:10E7600000362E3000362E3100362E3200537461C2
:10E770006E6461726420426C7565746F6F7468209A
:10E78000636F6E74726F6C6C65720056656E646F49
:10E790007220737065636966696320636F6E74725B
:10E7A0006F6C6C6572004669726D77617265206C82
:10E7B0006F616465720052657363756520696D6190
:10E7C0006765007265736572766564006E524635E2
:10E7D0003178006E5246353278006E5246353378C5
:10E7E000006E524635344878006E524635344C78C7
:10E7F00000496E74656C20436F72706F726174694A
:10E800006F6E004E6F726469632053656D69636F4C
:10E810006E647563746F72004E58502053656D6955
:10E82000636F6E647563746F72730062745F6863A4
:10E83000695F636F726500636D6420646973616C06
:10E840006C6F776564004661696C656420746F2045
:10E8500064697361626C65206164647265737320BE
:10E860007265736F6C7574696F6E005265736F6C4F
:10E8700076696E67206C6973742073697A652065A8
:10E88000786365656465642E20537769746368698D
:10E890006E6720746F20686F73742E004661696C18
:10E8A000656420746F20636C656172207265736F9C
:10E8B0006C7574696F6E206C697374004661696C65
:10E8C000656420746F206164642049524B20746F2A
:10E8D00020636F6E74726F6C6C6572005365742088
:10E8E00070726976616379206D6F646520636F6D06
:10E8F0006D616E64206973206E6F74207375707023
:10E900006F72746564004661696C656420746F2081
:10E910007365742070726976616379206D6F6465C8
:10E920000044697361626C696E672061646472653A
:10E930007373207265736F6C7574696F6E20666196
:10E94000696C65642028657272202564290046611F
:10E95000696C656420746F2072656D6F76652049FF
:10E96000524B2066726F6D20636F6E74726F6C6CA9
:10E970006572004F6E6C792072616E646F6D2073EA
:10E980007461746963206964656E74697479206167
:10E9900064647265737320737570706F72746564EC
:10E9A00000496E76616C696420696E7075742070C0
:10E9B0006172616D6574657273004661696C65644E
:10E9C00020746F2072656164207075626C696320C9
:10E9D000616464726573730052656164205374618D
:10E9E0007469632041646472657373657320636F37
:10E9F0006D6D616E64206E6F7420617661696C610B
:10EA0000626C65004661696C656420746F20726594
:10EA100061642073746174696320616464726573F6
:10EA2000736573004E6F2073746174696320616451
:10EA3000647265737365732073746F7265642069A3
:10EA40006E20636F6E74726F6C6C65720043616EE2
:10EA500027742073657420626F7468204944454EA2
:10EA6000544954592026204E52504100556E61623F
:10EA70006C6520746F20736574206964656E7469B9
:10EA80007479206164647265737300556E61626CA1
:10EA90006520746F207365742072616E646F6D20E1
:10EAA000616464726573730062745F696400546FBB
:10EAB0006F20626967206164766572746973696E3C
:10EAC000672064617461004661696C656420746FDD
:10EAD0002073746172742061647665727469736501
:10EAE00072004661696C656420746F2073746F7086
:10EAF000206164766572746973696E673A20256473
:10EB00000062745F616476004661696C65642074BC
:10EB10006F2067656E657261746520454343206BA5
:10EB20006579202564004661696C656420746F20F6
:10EB30006578706F727420454343207075626C690C
:10EB400063206B6579202564004661696C656420EB
:10EB5000746F206578706F72742045434320707223
:10EB60006976617465206B6579202564004661696A
:10EB70006C656420746F2064657374726F792045CE
:10EB80004343206B65792049442025640046616930
:10EB90006C656420746F20696D706F727420746886
:10EBA000652070726976617465206B657920666F87
:10EBB00072206B65792061677265656D656E742082
:10EBC000256400526177206B657920616772656505
:10EBD0006D656E74206661696C656420256400460D
:10EBE00061696C656420746F2064657374726F79F9
:10EBF00020746865206B6579202564007073615FFF
:10EC0000696D706F72745F6B657928292072657405
:10EC100075726E6564207374617475732025640069
:10EC20004275737920706572666F726D696E6720C8
:10EC3000616E6F746865722045434448206F70654B
:10EC4000726174696F6E00E69D350E480103CCDB7E
:10EC5000FDF4AC1191F4EFB9A5F9E9A7832C5E2C72
:10EC6000BE97F2D203B0208BD28915D08E1C7424AB
:10EC700030ED8FC24563765C15525ABF9A32636D90
:10EC8000EB2A65499C80DC62745F656363004661C2
:10EC9000696C656420726561642072656D6F74656E
:10ECA00020666561747572657320282564290046A5
:10ECB00061696C6564204C45205365742050485947
:10ECC0002028256429004661696C656420746F20E2
:10ECD0007365742064617461206C656E20282564FE
:10ECE0002900556E65787065637465642066697285
:10ECF0007374204C32434150206672616D6500553B
:10ED00006E6578706563746564204C3243415020B1
:10ED1000636F6E74696E756174696F6E004E6F74A7
:10ED200020656E6F75676820627566666572207310
:10ED30007061636520666F72204C324341502064DD
:10ED400061746100556E6578706563746564204117
:10ED5000434C20666C616773202830782530327808
:10ED6000290041434C206C656E206D69736D6174A0
:10ED7000636820282575203E202575290028756E9A
:10ED80006B6E6F776E29006E6F207472616E73699F
:10ED900074696F6E20257300496E76616C6964201A
:10EDA00028257529206F6C64207374617465006375
:10EDB0006F6E6E202570206661696C656420746FCB
:10EDC0002065737461626C6973682E205246206EF0
:10EDD0006F6973653F006E6F2076616C69642028EF
:10EDE00025752920737461746520776173207365BC
:10EDF0007400696E636F6D70617469626C65206820
:10EE0000616E646C652025750054696D656F75745D
:10EE1000206469736361726465642E204E6F2062A2
:10EE20006C6F636B696E6720696E2073797377719D
:10EE30002E00466174616C206572726F7220282505
:10EE400064292E20446973636F6E6E656374696E06
:10EE50006720257000466F756E642076616C69646A
:10EE600020636F6E6E656374696F6E20282570294C
:10EE700020776974682061646472657373202573F8
:10EE800020696E20257320737461746520005365BA
:10EE90006E64204C4520706172616D2075706461F4
:10EEA0007465206661696C6564202865727220252E
:10EEB00064290053656E64206175746F204C452091
:10EEC000706172616D20757064617465206661693E
:10EED0006C6564202865727220256429006469735A
:10EEE000636F6E6E656374656400646973636F6EEF
:10EEF0006E6563742D636F6D706C6574650073630C
:10EF0000616E2D6265666F72652D696E69746961E7
:10EF100074696E6700696E6974696174696E672DE2
:10EF200066696C7465722D6C697374006164762D0A
:10EF3000636F6E6E65637461626C65006164762DEB
:10EF40006469722D636F6E6E65637461626C6500D7
:10EF5000646973636F6E6E656374696E6700627473
:10EF60005F636F6E6E00556E61626C6520746F201A
:10EF7000616C6C6F63617465206275666665722092
:10EF8000666F72206F7020307825303278004E6FB7
:10EF900020617661696C61626C65204C324341503E
:10EFA00020636F6E7465787420666F7220636F6E75
:10EFB0006E20257000457870656374696E672075F2
:10EFC0007020746F20256420726566732C20676F33
:10EFD0007420256400616C726561647920686176D3
:10EFE000652076696577206F6E202570004C32436E
:10EFF0004150206C656E677468206D69736D617433
:10F0000063682028257520213D2025752900496E3B
:10F0100076616C6964206964656E742076616C75D4
:10F020006520696E204C32434150205044550049C0
:10F030006E76616C6964204C4520636F6E6E207043
:10F040006172616D207273702073697A6520282562
:10F050007520213D20257A75290052656A65637403
:10F06000696E6720756E6B6E6F776E204C32434110
:10F07000502050445520636F64652030782530322D
:10F080007800546F6F20736D616C6C204C3243417B
:10F0900050207369676E616C696E6720504455003B
:10F0A000546F6F20736D616C6C204C324341502063
:10F0B0005044552072656365697665640049676EE2
:10F0C0006F72696E67206461746120666F7220756B
:10F0D0006E6B6E6F776E206368616E6E656C204933
:10F0E000442030782530347800636F6E666967009D
:10F0F00062745F6C326361700041545420636861D4
:10F100006E6E656C206E6F7420636F6E6E656374D7
:10F110006564004572726F72207369676E696E670D
:10F1200020646174610052616E206F7574206F6697
:10F130002054582062756666657273206F72206372
:10F140006F6E74657874732E00556E61626C652005
:10F15000746F2063726561746520657272207273CA
:10F16000702050445500415454204D54552065782A
:10F170006365656465642C206D61782025752C209D
:10F1800077616E74656420257A7500556E61626CD6
:10F190006520746F206372656174652072737020DE
:10F1A00050445500546F6F20736D616C6C20415456
:10F1B0005420504455207265636569766564005536
:10F1C0006E68616E646C65642041545420636F64A2
:10F1D000652030782530327800496E76616C69643C
:10F1E000206C656E20257520666F7220636F6465E4
:10F1F0002030782530327800556E61626C6520745D
:10F200006F2063726561746520555549443A2073D7
:10F21000697A6520257500556E61626C6520746F92
:10F220002063726561746520555549443A207369BD
:10F230007A65202564004E6F20617661696C616299
:10F240006C652041545420636F6E74657874206639
:10F250006F7220636F6E6E202570004E6F20617696
:10F2600061696C61626C6520415454206368616E11
:10F270006E656C20666F7220636F6E6E2025700065
:10F280004E6F7420636F6E6E656374656400556EB7
:10F2900061626C6520746F2066696E64204154540D
:10F2A000206368616E6E656C00476F7420657272D2
:10F2B0002025642C206E6F742063616C6C696E670E
:10F2C00020415454206362004E6F20415454206307
:10F2D00068616E6E656C20666F72204D54552025F6
:10F2E0007A75004E6F2070656E64696E67204154B8
:10F2F00054207265717565737400556E61626C653A
:10F3000020746F2063726561746520726574727910
:10F3100020504455202825752900446973636F6E79
:10F320006E656374696E67206661696C6564202828
:10F3300065727220256429004154542054696D651A
:10F340006F757420666F7220646576696365202529
:10F35000732E20446973636F6E6E656374696E67A4
:10F360002E2E2E0062745F61747400434D41432061
:10F37000757064617465206661696C6564202564DC
:10F3800000756E61626C6520746F20736176652014
:10F3900053433A206E6F20636667206C6566740085
:10F3A0004E6F20737061636520746F2073746F7289
:10F3B000652043434320636667004E6F207370618E
:10F3C000636520746F2073746F726520436C696588
:10F3D0006E7420537570706F727465642046656139
:10F3E000747572657300556E61626C6520746F2070
:10F3F000696D706F727420746865206B6579206622
:10F400006F722041455320434D4143202564004302
:10F410004D4143206F7065726174696F6E20696E33
:10F420006974206661696C656420256400434D4100
:10F43000432066696E697368206661696C65642043
:10F4400025640052656164206D6574686F64206E88
:10F450006F7420736574004661696C656420746F15
:10F4600020726561642061747472696275746520CC
:10F470002570202865727220257A642900496E76ED
:10F48000616C69642072656164206C656E67746884
:10F490003A20257A6400434343202570206E6F7420
:10F4A000207772697461626C6500534320726573E2
:10F4B000746F726520696E6469636174696F6E2030
:10F4C0006661696C6564004661696C656420746F8F
:10F4D0002073657420736563757269747920666F33
:10F4E0007220626F6E6465642070656572202825E5
:10F4F00064290062745F6761747400556E61626CA8
:10F500006520746F2066696E6420534D50206368D7
:10F51000616E6E656C005075626C6963206B657915
:10F52000206E6F7420617661696C61626C65004663
:10F5300061696C656420746F2067656E65726174C3
:10F54000652044484B65790043616C63756C617458
:10F550006520636F6E6669726D206661696C6564B3
:10F5600000556E6B6E6F776E2070616972696E67A1
:10F57000206D6574686F6420282575290043616CCF
:10F5800063756C617465204C544B206661696C65D1
:10F59000640043616C63756C617465206C6F6361BA
:10F5A0006C2044484B657920636865636B20666115
:10F5B000696C65640043616C63756C61746520728D
:10F5C000656D6F74652044484B6579206368656399
:10F5D0006B206661696C65640052656D6F746520AF
:10F5E0007075626C6963206B65792072656A65630A
:10F5F0007465640052656D6F74652069732075735E
:10F60000696E67204465627567205075626C696336
:10F61000206B657900526563656976656420696E63
:10F6200076616C6964207075626C6963206B6579C2
:10F63000004E6F20617661696C61626C6520534D8C
:10F640005020636F6E7465787420666F7220636FEC
:10F650006E6E20257000556E61626C6520746F209F
:10F66000676574206B65797320666F72202573005F
:10F6700054686520696E2D70726F677265737320B0
:10F6800070616972696E6720686173206265656E7A
:10F690002064656C657465642100534D5020646F6F
:10F6A0006573206E6F7420616C6C6F7720612070C1
:10F6B000616972696E67206661696C757265206147
:10F6C00074207468697320706F696E742E204B6E9D
:10F6D0006F776E2069737375652E20446973636F4D
:10F6E0006E6E656374696E6720696E7374656164BC
:10F6F0002E00546F6F20736D616C6C20534D502041
:10F7000050445520726563656976656400534D50B9
:10F7100020636F6D6D616E642028636F64652030B7
:10F7200078253032782920726563656976656420B2
:10F7300061667465722074696D656F7574005265D9
:10F7400063656976656420726573657276656420A9
:10F75000534D5020636F6465203078253032780037
:10F76000556E68616E646C656420534D5020636F04
:10F7700064652030782530327800556E6578706584
:10F780006374656420534D5020636F646520307846
:10F790002530327800496E76616C69642069646551
:10F7A0006E74697479202573005265667573696E8D
:10F7B00067206E65772070616972696E672E2054CC
:10F7C0006865206F6C6420626F6E64206D75737461
:10F7D00020626520756E7061697265642066697269
:10F7E00073742E0070616972696E67206661696C5E
:10F7F000656420287065657220726561736F6E2084
:10F800003078257829004E6F206B657973207370EE
:10F8100061636520666F7220257300534D5020543C
:10F82000696D656F75742028666C6167733A30780E
:10F830002530387820616C6C6F7765645F636D6428
:10F84000733A30782530387829000005061F1F29C3
:10F8500018120308020305080A0008010304010541
:10F860000405090607010106060800000100010061
:10F870000301000302020100020000000000020375
:10F8800001000362745F736D700062745F6B657971
:10F8900073006C888391AAF5A53860370BDB5A603A
:10F8A00083BE62745F63727970746F004661696CC5
:10F8B000656420746F20696D706F727420414553C8
:10F8C000206B6579202564004661696C656420744D
:10F8D0006F20636F6D70757465204D414320256402
:10F8E000006D6375626F6F745F6466750006010575
:10F8F00001040107020301050202010302050401DC
:10F900000101020103010401060108010C011001BB
:10F91000180120014001804661696C656420746FA4
:10F9200020696E697469616C697A652064657669BD
:10F9300063653A2025730043616E6E6F74207374A3
:10F940006172742073616D706C696E673A20256412
:10F95000004661696C656420746F20736574206271
:10F9600075666665723A20256400496E76616C6939
:10F9700064206368616E6E656C2049443A2025649A
:10F980000053656C6563746564204144432067617E
:10F99000696E206973206E6F742076616C696400F3
:10F9A00053656C65637465642041444320726566E9
:10F9B0006572656E6365206973206E6F7420766171
:10F9C0006C69640053656C656374656420414443ED
:10F9D000206163717569736974696F6E2074696DF4
:10F9E00065206973206E6F742076616C69640043D2
:10F9F000616E6E6F7420636F6E66696775726520E5
:10FA00006368616E6E656C2025643A202564004948
:10FA10006E76616C69642073656C656374696F6E82
:10FA2000206F66206368616E6E656C730043686169
:10FA30006E6E656C202575206E6F7420636F6E6628
:10FA4000696775726564004E6F206368616E6E65EC
:10FA50006C20636F6E66696775726564004144432C
:10FA6000207265736F6C7574696F6E2076616C754A
:10FA700065202564206973206E6F742076616C693F
:10FA800064004F76657273616D706C696E67206992
:10FA90007320737570706F7274656420666F722066
:10FAA00073696E676C65206368616E6E656C206F4C
:10FAB0006E6C79004F76657273616D706C696E67FC
:10FAC0002076616C7565202564206973206E6F74E3
:10FAD0002076616C69640050726F76696465642099
:10FAE00062756666657220697320746F6F20736D2E
:10FAF000616C6C202825752F257529006164634091
:10FB00006435303030007869616F5F616463006133
:10FB100064635F6E7266785F7361616463006361E2
:10FB20006368655F6E72667800636C6F636B40310B
:10FB3000306530303000636C6F636B006866636CF7
:10FB40006B006C66636C6B00636C6F636B5F636F01
:10FB50006E74726F6C007073612D726E67007073DB
:10FB6000615F726E67007272616D2D636F6E747289
:10FB70006F6C6C65724035303034623030300072FA
:10FB800072616D5F636F6E74726F6C6C657200662C
:10FB90006C6173685F6E72665F7272616D00677030
:10FBA000696F40313061303030006770696F30000C
:10FBB0006770696F406438323030006770696F3148
:10FBC000006770696F403530343030006770696F9E
:10FBD00032004750494F20706F7274202573206E99
:10FBE0006F74207265616479006661696C65642078
:10FBF000746F20636F6E6669677572652047504940
:10FC00004F20686F6720666F7220706F72742025B6
:10FC1000732070696E202575202865727220256416
:10FC200029006770696F5F686F67730000010405E2
:10FC3000020608090F4750494F20706F72743A202E
:10FC40002573206E6F74207265616479007662613D
:10FC5000742D70777200766261745F7077720072D3
:10FC60006673772D70777200726673775F70777244
:10FC700000726673772D63746C00726673775F63CE
:10FC8000746C0070646D2D696D752D7077720070E5
:10FC9000646D5F696D755F70777200726567756C12
:10FCA00061746F725F666978656400726567756C10
:10FCB00061746F7240313230303030007265677578
:10FCC0006C61746F727300756172744063373030A9
:10FCD0003000756172743231007869616F5F7365ED
:10FCE0007269616C00756172744063363030300047
:10FCF00075617274323000756172745F6E7266780D
:10FD00005F75617274650030820220308201A6A0A6
:10FD100003020102021400EE8FA620F7C94862799F
:10FD20007617A8943FF43BE7287D300A06082A8618
:10FD300048CE3D040303303F310B30090603550420
:10FD4000061302555331163014060355040A130DD9
:10FD5000476F6C696F74682C20496E632E311830C0
:10FD6000160603550403130F476F6C696F74682000
:10FD7000526F6F74205831301E170D3234313131CB
:10FD8000393135353233345A170D34343131313459
:10FD90003135353233335A303F310B300906035594
:10FDA00004061302555331163014060355040A1382
:10FDB0000D476F6C696F74682C20496E632E311883
:10FDC00030160603550403130F476F6C696F746890
:10FDD00020526F6F742058313076301006072A8613
:10FDE00048CE3D020106052B810400220362000477
:10FDF0004AEF468E85E66BB7A0ED0D8E8B737429A6
:10FE0000A67FC1CEEBC1CE17480D84A5532B47E08A
:10FE1000FAFCCAE1586CE72CCF2BB68A58A3B0374E
:10FE20002DB20F15162814F7C881EFFB1AF94134CB
:10FE3000BA613D64B8CA68FCFCA99CDD0C99B98123
:10FE4000255F7A78DEF58F2E58F8463B58C9F8348E
:10FE5000A3633061300E0603551D0F0101FF04043A
:10FE600003020106300F0603551D130101FF0405AF
:10FE700030030101FF301D0603551D0E0416041446
:10FE8000CE8EBC0952D898C123E0083D44000645F7
:10FE9000715D56F1301F0603551D2304183016807E
:10FEA00014CE8EBC0952D898C123E0083D44000608
:10FEB00045715D56F1300A06082A8648CE3D040396
:10FEC00003036800306502307D2DC2F71F5B0A53C3
:10FED000A851AE0A9954E8512A0AA9477F24566CC2
:10FEE0006042E26C935377E6F54D75FFB783836705
:10FEF0009C4B95224DD5A402023100A499FD4E9A47
:10FF0000D3320803D075353E3302E9CC80581BFD4F
:10FF1000D2C99533B0C1C01EF44F286A4063ED1EAC
:10FF20008DF29A2D5257426B310783706F7563685B
:10FF30005F776F726B0075706C696E6B5F776F7255
:10FF40006B7100656E747279004661696C6564203E
:10FF5000746F20616C6C6F6361746520646563729B
:10FF600079707420626C6F636B004661696C6564C4
:10FF700020746F206465637279707420626C6F63A3
:10FF80006B3A202564004661696C656420746F20BB
:10FF9000616C6C6F6361746520706F75636820625B
:10FFA0007566004E6F20706F7563685F62756620BE
:10FFB000616C6C6F6361746564004E6F206D6F726D
:10FFC0006520737061636520666F7220706F756362
:10FFD000682068656164657200496E76616C696469
:10FFE000206865616465723A20256400426C6F6325
:10FFF0006B2073697A6520257520697320626967B3
:020000025000AC
:10000000676572207468616E20737570706F7274AA
:100010006564202575004661696C656420746F20F5
:10002000656E717565756520626C6F636B3A20252E
:1000300064004661696C656420746F20706172733E
:10004000652063657274696669636174653A20301E
:10005000782578004661696C6564206C6F6164691D
:100060006E672073657276657220636572740046F0
:1000700061696C6564206C6F6164696E672073658B
:1000800072766572204341206365727400706F75EB
:1000900063682E676F6C696F74682E696F004661C4
:1000A000696C656420766572696679696E6720732C
:1000B000657276657220636572743A2030782578AF
:1000C0002C20257800556E65787065637465642012
:1000D00073657276657220636572746966696361BF
:1000E00074652073657269616C206E756D626572EE
:1000F0002073697A653A20257500457874726163CA
:100100007420504B3A20496E76616C6964206B65AF
:100110007920747970650045787472616374205039
:100120004B3A207772697465206572726F72203065
:10013000782578004661696C656420746F20676576
:100140006E65726174652073657373696F6E2049A3
:10015000443A202564004661696C656420746F2010
:1001600067656E65726174652073657373696F6E20
:10017000204944207461673A202564004D697373F7
:10018000696E6720736572766572206B65790043CE
:100190006F756C646E277420736574207570206BA6
:1001A00065792064657269766174696F6E3A20259D
:1001B00064004661696C6564206B657920616772D3
:1001C00065656D656E743A2025640045303A256397
:1001D0003A25733A43256325633A25303258004661
:1001E00061696C65642073657373696F6E206B65FC
:1001F00079206275696C643A202564004661696CF7
:10020000656420696E666F20696E7075743A20258A
:1002100064004661696C6564206B65792064657271
:1002200069766174696F6E3A20256400436F756C5E
:10023000646E277420616C6C6F6361746520656EF9
:100240006372797074656420626C6F636B00496ED1
:1002500076616C696420706C61696E746578742075
:100260006C656E6774683A20257500436F756C6421
:100270006E277420656E63727970743A202564006D
:10028000556E6578706563746564206C656E67741F
:100290006800496E76616C69642063697068657294
:1002A00074657874206C656E6774683A20257500F3
:1002B0004661696C65642064656372797074696F06
:1002C0006E3A2025640073616561645F73657373C2
:1002D000696F6E0053657373696F6E2049442067C0
:1002E000656E65726174696F6E206661696C6564C4
:1002F00020286572723A202564290053657373695A
:100300006F6E206B65792067656E65726174696FC9
:100310006E206661696C6564004E6F7420696E20A2
:10032000612073657373696F6E0073616561645FEB
:1003300075706C696E6B00416C676F726974686D83
:1003400020646F65736E2774206D61746368004F5D
:100350006C64207365716E756D3A20256C6C752028
:100360002877617320256C6C752900496E76616C65
:10037000696420646F776E6C696E6B00536573738C
:10038000696F6E207265757365206661696C65645E
:100390003A204944206E6F742073657175656E74E0
:1003A00069616C0053657373696F6E207265757354
:1003B00065206661696C65643A204E6F206D6174DA
:1003C0006368004B65792067656E65726174696F5B
:1003D0006E206661696C6564005265706C61796954
:1003E0006E6720706F7563682025752028686967BF
:1003F000686573743A202575290073616561645FCF
:10040000646F776E6C696E6B0046696E69736865C0
:100410006420656E74727920666F722025730052B5
:100420006563656976696E6720446F776E6C696E87
:100430006B20656E747279206F6E20706174682015
:10044000257300676C74685F6469737061746368B6
:1004500000446964206E6F74207374617274204369
:10046000424F52206C69737420636F7272656374BB
:100470006C79004661696C656420746F20676574EF
:10048000206C6162656C004661696C656420746F04
:1004900020736B697020756E737570706F72746500
:1004A00064207479706500446964206E6F742065FF
:1004B0006E642043424F52206C69737420636F72E4
:1004C000726563746C7900436F756C64206E6F7431
:1004D00020666F726D2073657474696E6773207522
:1004E000706C696E6B002E632F737461747573008A
:1004F00073657474696E6773002F2E6300556E6B9D
:100500006E6F776E2073657474696E67732074798B
:1005100070650073657474696E67735F63616C6C9A
:100520006261636B7300706B6700436F756C64206E
:100530006E6F74207265706F7274204F5441207317
:100540007461746520666F722025732028256429E4
:10055000004E6F7420656E6F7567682073706163FD
:100560006520746F2073746F7265004661696C65F5
:100570006420746F20646573657269616C697A6563
:10058000206D616E6966657374004661696C6564AF
:1005900020746F20646573657269616C697A652087
:1005A00068617368002F2E752F632F2A002F2E7518
:1005B0002F64657369726564006F74610044726FC3
:1005C0007070696E67204F544120646174612066C9
:1005D0006F722025732C20646F776E6C6F616420BE
:1005E0006E6F7420726571756573746564006F74E5
:1005F000615F757070657200496E76616C69642028
:1006000061636B20282564290052656365697665FE
:1006100064204E41434B00496E76616C69642077DB
:10062000696E646F77004572726F722066726F6DCB
:1006300020656E64706F696E742C2061626F7274D5
:10064000696E6700456E636F6465206661696C65FD
:10065000642028256429005458206661696C65640B
:10066000202825642900706F7563685F73656E6468
:100670006572004465636F6465206661696C6564DA
:10068000202825642900496E76616C6964207374A2
:100690006174652028257529004F6F4F2052583A04
:1006A00020257820286C6173743A2025782900521F
:1006B000582063616C6C6261636B206661696C6574
:1006C000643A20256400706F7563685F72656365C6
:1006D0006976657200666C61677300736572766532
:1006E000725F636572745F736E7200676174745FCA
:1006F000726563656976657200676174745F7365BE
:100700006E64657200446964206E6F742073746156
:1007100072742043424F52206D617020636F727279
:100720006563746C79004661696C656420746F2040
:100730006465636F6465202573206D6170206B654F
:100740007900747374720075333200446964206EEA
:100750006F7420656E642043424F52206D6170209B
:10076000636F72726563746C79007A63626F725F33
:100770007574696C000277D2276E9A5CD3B1F64E1D
:10078000B789AE16A3890277D2276E9A5CD3B1F6E9
:100790004EB789AE16A3890276D2276E9A5CD3B182
:1007A000F64EB789AE16A3890276D2276E9A5CD32D
:1007B000B1F64EB789AE16A3890275D2276E9A5C40
:1007C000D3B1F64EB789AE16A3890275D2276E9AB9
:1007D0005CD3B1F64EB789AE16A3890273D2276EE9
:1007E0009A5CD3B1F64EB789AE16A3890273D227AD
:1007F0006E9A5CD3B1F64EB789AE16A3890274D255
:10080000276E9A5CD3B1F64EB789AE16A3890274EF
:10081000D2276E9A5CD3B1F64EB789AE16A3897013
:100820006F7563685F6761747400536F66744465C5
:100830007669636520436F6E74726F6C6C657220AD
:100840004153534552543A2025732C2025640053BC
:100850006F667444657669636520436F6E74726F6A
:100860006C6C6572206275696C6420726576697360
:10087000696F6E3A2000456E74726F707920736FE5
:100880007572636520646576696365206E6F742098
:100890007265616479004661696C656420746F20DB
:1008A00072656769737465722072616E6420736F1C
:1008B00075726365202825642900416C6C6F636143
:1008C000746564206D656D6F727920746F6F206C34
:1008D0006F773A20257A75203C202575004576658E
:1008E0006E742062756666657220746F6F20736D1A
:1008F000616C6C2E20257A75203E20257500556E82
:100900006578706563746564206D73675F74797072
:10091000653A2025752E20546869732069662D6517
:100920006C7365206E656564732061206E65772049
:100930006272616E636800556E6B6E6F776E2065D4
:1009400072726F72207768656E2070726F63657364
:1009500073696E6720686369206D6573736167658D
:100960002025640062745F6863695F73646300627A
:10097000745F7364635F6863695F647269766572EC
:100980000062745F7364635F63727970746F004DAB
:1009900050534C204153534552543A2025732C2038
:1009A0002564004D50534C20576F726B006D70736F
:1009B0006C5F696E697400556E737570706F7274D8
:1009C0006564204846434C4B206576656E743A203A
:1009D0002564006E7266785F636C6F636B5F6D7029
:1009E000736C006D70736C5F74696D65736C6F749C
:1009F0005F73657373696F6E5F6F70656E2066619C
:100A0000696C65643A20256400666C6173685F7385
:100A1000796E635F6D70736C006D6375626F6F7478
:100A20005F7574696C000007182323232323232395
:100A300023232323232300010225733A25643A202C
:100A4000436F72727570746564206469722070619E
:100A50006972206174207B307825782C20307825CD
:100A6000787D00574553545F544F504449522F6D81
:100A70006F64756C65732F66732F6C6974746C6525
:100A800066732F6C66732E630025733A25643A20D3
:100A90004379636C6520646574656374656420697B
:100AA0006E207461696C206C6973740025733A253B
:100AB000643A204E6F206D6F726520667265652006
:100AC000737061636520307825780025733A25645A
:100AD0003A205375706572626C6F636B20307825B5
:100AE0007820686173206265636F6D6520756E772D
:100AF00072697461626C650025733A25643A205509
:100B00006E61626C6520746F2073706C6974207BF9
:100B1000307825782C20307825787D0025733A258B
:100B2000643A20556E61626C6520746F2065787040
:100B3000616E64207375706572626C6F636B002503
:100B4000733A25643A20496E76616C696420766553
:100B50007273696F6E20762568752E256875202161
:100B60003D20762568752E2568750025733A256425
:100B70003A20556E737570706F72746564206E6183
:100B80006D655F6D617820282575203E20257529CB
:100B90000025733A25643A20556E737570706F7234
:100BA0007465642066696C655F6D617820282575C1
:100BB000203E202575290025733A25643A20556E7C
:100BC000737570706F7274656420617474725F6D98
:100BD000617820282575203E202575290025733A47
:100BE00025643A20496E76616C696420626C6F639B
:100BF0006B20636F756E742028257520213D20259C
:100C000075290025733A25643A20496E76616C692E
:100C10006420626C6F636B2073697A652028257588
:100C200020213D20257529000102020303030355FD
:100C30006E6B6E6F776E206572726F72003E3E3E15
:100C4000205A455048595220464154414C20455263
:100C5000524F522025643A202573206F6E20435056
:100C600055202564004661756C7420647572696E48
:100C70006720696E746572727570742068616E6445
:100C80006C696E670A0043757272656E74207468D1
:100C9000726561643A20257020282573290043502D
:100CA0005520657863657074696F6E00556E686174
:100CB0006E646C656420696E746572727570740020
:100CC000537461636B206F766572666C6F77004B4F
:100CD00065726E656C206F6F7073004B65726E6528
:100CE0006C2070616E69630069646C65006F7300ED
:100CF000737973776F726B710064756D6D790073C2
:100D00006C656570696E6700646561640073757316
:100D100070656E64696E6700717565756564005510
:100D20000403002D2D2D2D2D424547494E204345CE
:100D30005254494649434154452D2D2D2D2D002D0A
:100D40002D2D2D2D454E44204345525449464943AF
:100D50004154452D2D2D2D2D002B0601050507088D
:100D6000040050726F632D547970653A20342C451D
:100D70004E43525950544544002A8648CE3D010105
:100D8000002D2D2D2D2D454E4420454320505249F8
:100D900056415445204B45592D2D2D2D2D002D2DDF
:100DA0002D2D2D424547494E20454320505249564E
:100DB000415445204B45592D2D2D2D2D002D2D2DE8
:100DC0002D2D454E442050524956415445204B4507
:100DD000592D2D2D2D2D002D2D2D2D2D42454749E1
:100DE0004E2050524956415445204B45592D2D2DEA
:100DF0002D2D000B40800A3080092040081C400542
:100E000014407365637033383472310073656370F6
:100E100032353672310065636B65792E510045437A
:100E20004453410045435F444800454300141400C7
:100E3000001C2030401C2000001C2030400040637B
:100E4000726163656E00141400001C2030401C2089
:100E500000001C20304000404B4D5500010302149F
:100E60001400001C2030401C2000001C20304000DA
:100E70004000000000000000000000000000000032
:100E80000000000000000000000000000000000062
:100E900000FFFFFFFFFFFFFFFFFFFFFFFFFFFFFF61
:100EA000FFFFFFFFFFFFFFFFFFFFFFFFFFFFFFFF52
:100EB000FEFFFFFFFF0000000000000000FFFFFF3B
:100EC000FFFFFFFFFFFFFFFFFFFFFFFFFFFFFFFF32
:100ED000FFFFFFFFFFFFFFFFFFC7634D81F4372DCB
:100EE000DF581A0DB248B0A77AECEC196ACCC529C4
:100EF00073AA87CA22BE8B05378EB1C71EF320ADF9
:100F0000746E1D3B628BA79B9859F741E082542A6F
:100F1000385502F25DBF55296C3A545E3872760A34
:100F2000B73617DE4A96262C6F5D9E98BF9292DCEC
:100F300029F8F41DBD289A147CE9DA3113B5F0B80C
:100F4000C00A60B1CE1D7E819D7A431D7C90EA0E61
:100F50005FFFFFFFFFFFFFFFFFFFFFFFFFFFFFFF41
:100F6000FFFFFFFFFFFFFFFFFFFFFFFFFFFFFFFF91
:100F7000FEFFFFFFFF0000000000000000FFFFFF7A
:100F8000FCB3312FA7E23EE7E4988E056BE3F82D22
:100F900019181D9C6EFE8141120314088F5013878F
:100FA0005AC656398D8A2ED19D2A85C8EDD3EC2A92
:100FB000EFFFFFFFFF000000010000000000000045
:100FC0000000000000FFFFFFFFFFFFFFFFFFFFFF2C
:100FD000FFFFFFFFFF00000000FFFFFFFFFFFFFF1D
:100FE000FFBCE6FAADA7179E84F3B9CAC2FC63251D
:100FF000516B17D1F2E12C4247F8BCE6E563A440FF
:10100000F277037D812DEB33A0F4A13945D898C246
:10101000964FE342E2FE1A7F9B8EE7EB4A7C0F9EDF
:10102000162BCE33576B315ECECBB6406837BF51EF
:10103000F5FFFFFFFF0000000100000000000000BE
:101040000000000000FFFFFFFFFFFFFFFFFFFFFFAB
:10105000FC5AC635D8AA3A93E7B3EBBD55769886C5
:10106000BC651D06B0CC53B0F63BCE3C3E27D260EB
:101070004B2A864886F70D0207002A864886F70D18
:101080000208002A864886F70D0209002A8648864B
:10109000F70D020A002A864886F70D020B002B0E78
:1010A00003021A006086480165030402040060869A
:1010B00048016503040201006086480165030402DB
:1010C0000200608648016503040203002B0E030240
:1010D00007002A864886F70D0307006086480165E9
:1010E00003040102006086480165030401160060E4
:1010F000864801650304012A002A8648CE3D030183
:1011000007002A864886F70D010101002A8648CE8D
:101110003D0201002B8104010C002A8648CE3D04CB
:1011200001002A8648CE3D040301002A8648CE3DB0
:10113000040302002A8648CE3D040303002A8648A1
:10114000CE3D04030400551D1300551D0F00551D11
:101150002500551D11006086480186F842010100F6
:10116000551D2000551D0E00551D2300434E0055F2
:10117000040600550407004C0055040800535400B1
:1011800055040A004F0055040B004F55002A8648AD
:1011900086F70D01090100656D61696C4164647237
:1011A000657373005504050073657269616C4E7553
:1011B0006D6265720055041000706F7374616C414C
:1011C0006464726573730055041100706F73746109
:1011D0006C436F64650055040400534E0055042AA7
:1011E00000474E0055042B00696E697469616C7389
:1011F0000055042C0067656E65726174696F6E51ED
:1012000075616C69666965720055040C00746974D7
:101210006C650055042E00646E5175616C696669D9
:101220006572005504410070736575646F6E796D69
:10123000000992268993F22C64010100756964000B
:101240000992268993F22C6401190055042D00752A
:101250006E697175654964656E7469666965720069
:101260009B6B70253779E5F2F6CB16A58BB99A13EF
:10127000A80575DC00FFFFFFFF1F00647261676F48
:101280006F6E2F6C6962732F73636865642F73725E
:10129000632F73636865645F68616C5F74696D6513
:1012A000725F677274632E6300286E756C6C290020
:0812B0002A666C6F61742A00CC
:1012B800FFFFFFFFFF1F00001F00000000000000ED
:1012C8001D40000000000000FFFFFFFF1FFF00009F
:1012D800BAABBABA101010100100000000000000EC
:1012E8000050085000000000000000000C00000042
:1012F80000FF7F0000000000000000000000000068
:10130800000000003D230000000000007DC8000030
:101318000000000055230000000000009DC80000E8
:10132800000000005BC80000000000000000000092
:1013380000000000000000000000000000000000A5
:101348000000000000000000000000000000000095
:101358000000000000000000000000000000000085
:101368000000000000000000000000000000000075
:101378000000000000000000000000000000000065
:101388000000000000000000000000000000000055
:101398000000000000000000000000000000000045
:1013A8000000000000000000000000000000000035
:1013B8000000000000000000000000000000000025
:1013C8000000000000000000000000000000000015
:1013D8000000000000000000000000000000000005
:1013E80000000000000000000000000000000000F5
:1013F80000000000000000000000000000000000E5
:1014080000000000000000000000000000000000D4
:1014180000000000000000000000000000000000C4
:1014280000000000000000000000000000000000B4
:1014380000000000000000000000000000000000A4
:101448000000000000000000000000000000000094
:101458000000000000000000000000000000000084
:101468000000000000000000000000000000000074
:101478000000000000000000000000000000000064
:101488000000000000000000000000000000000054
:101498000000000000000000000000000000000044
:1014A8000000000000000000000000000000000034
:1014B8000000000000000000000000000000000024
:1014C8000000000000000000000000000000000014
:1014D8000000000000000000000000000000000004
:1014E80000000000000000000000000000000000F4
:1014F80000000000000000000000000000000000E4
:1015080000000000000000000000000000000000D3
:1015180000000000000000000000000000000000C3
:1015280000000000000000000000000000000000B3
:1015380000000000000000000000000000000000A3
:101548000000000000000000000000000000000093
:101558000000000000000000000000000000000083
:101568000000000000000000000000000000000073
:1015780000000000000000000C03002097E40000B9
:101588009DE400009FE40000C5E40000A3E400001F
:10159800CFE40000A9E40000D9E40000AFE40000B3
:1015A800E5E40000BBE40000BFE40000B1E4000093
:1015B800B7E40000D5E40000DFE400005403002095
:1015C80001FF000061E900006DE9000071E9000019
:1015D80079E900007DE90000000000007F5D03005C
:1015E80000000000000100000000000000000000F2
:1015F80000000000000000000000000000000000E3
:101608000000000000000000000000005B910300E3
:1016180000000000000100000000000000000000C1
:1016280000000000000000000000000000000000B2
:10163800000000000000000000000000B17A010076
:101648000000000000010000000000000000000091
:101658000000000000000000000000000000000082
:101668000000000000000000000000000000000072
:101678000000000000000000000000000000000062
:101688000000000000000000000000000000000052
:101698000000000000000000000000000000000042
:1016A8000000000000000000000000000000000032
:1016B8000000000000000000000000000000000022
:1016C8000000000000000000000000000000000012
:1016D8000000000000000000000000000000000002
:1016E80000000000000000000000000000000000F2
:1016F80000000000000000000000000000000000E2
:1017080000000000000000000000000000000000D1
:1017180000000000000000000000000000000000C1
:1017280000000000000000000000000000000000B1
:10173800E994010000000000000000000000000023
:101748000000000000000000000000000000000091
:101758000000000000000000000000000000000081
:101768000000000000000000000000000000000071
:101778000000000000000000000000000000000061
:101788000000000000000000000000000000000051
:101798000000000000000000000000000000000041
:1017A8000000000000000000000000000000000031
:1017B8000000000000000000000000000000000021
:1017C8000000000000000000000000000000000011
:1017D8000000000034590400000000006C050020DF
:1017E8006C05002000000000010000007C050020BE
:1017F8007C050020840500208405002000000000EE
:10180800010000009405002094050020000000005D
:1018180000000000000000000000000000000000C0
:1018280000000000000000000000000000000000B0
:1018380000000000000000000000000000000000A0
:101848000000000000000000000000000000000090
:101858000000000000000000000000000000000080
:101868000000000000000000000000000000000070
:101878000000000000000000000000000000000060
:101888000000000000000000FFFFFFFFFFFFFFFF58
:10189800E07D0400000000000000000000000000DF
:1018A8000000000000000000000000000000000030
:1018B8000000000000000000000000000000000020
:1018C8000000000000000000000000000000000010
:1018D800C07D0400000000000000000000000000BF
:1018E80000000000000000000000000000000000F0
:1018F80000000000000000000000000000000000E0
:1019080000000000000000000000000000000000CF
:101918000000000039F30000000000000001000092
:1019280000000000000000000000000000000000AF
:10193800000000000000000000000000000000009F
:101948000000000067000000000000000000000028
:10195800000000000000000000000000000000007F
:10196800000000000000000000000000000000006F
:10197800000000000000000000000000000000005F
:10198800000000000000000000000000000000004F
:10199800000000000000000000000000000000003F
:1019A800000000000000000000000000000000002F
:1019B800000000000000000000000000000000001F
:1019C800000000000000000000000000000000000F
:1019D800312E302E30000000000000000000000012
:1019E80000000000000000000000000000000000EF
:1019F80000000000000000000000000000000000DF
:101A080000000000000000000000000000000000CE
:101A1800000000000000000001FC000000000000C1
:101A2800C1FC0000000000006DFC00000000000088
:101A38000000000025FE000000000000000000007B
:101A480001010000F40E002016040000F50E00202D
:101A5800090700001AB60400436203004F6B030035
:101A68007C6F040000000000010000000C0800204A
:101A7800000000000000000000000000F8E3002063
:101A8800000000000000000000000000000200004C
:101A9800D4710400402B0020000000000D880300D2
:101AA800000000000000000038080020380800206E
:101AB80000000000000000000E000000010000000F
:101AC800010000000000000000000000000000000D
:101AD8000B110500010000000100000000C01050BB
:101AE80000000000000000000000000000000000EE
:101AF80000000000000000000000000000000000DE
:101B080000000000000000000000000000000000CD
:101B180000000000000000000000000000000000BD
:101B280000000000000000000000000000000000AD
:101B3800000000000000000000000000000000009D
:101B4800000000000000000000000000000000008D
:101B58000001000000A00D5000000000000000007F
:101B6800000000000000000000000000000000006D
:101B7800000000000000000000000000000000005D
:101B8800000000000000000000000000000000004D
:101B9800000000000000000000000000000000003D
:101BA800000000000000000000000000000000002D
:101BB800000000000000000000000000000000001D
:101BC8000000000000000000000000005C09002088
:101BD8005C090020680900200000000000000000E7
:101BE80001000000F0D904008C090020000000006A
:101BF80000000000000000000400000000000000D9
:101C080000000000000000000000000000000000CC
:101C1800100000001000000000000000000000009C
:101C2800000200004000000020000000000000004A
:101C3800644B0020244B0020044B002000000000CF
:101C4800000000000000000000000000000000008C
:101C5800000000000000000000000000000000007C
:101C6800000000000000000000000000000000006C
:101C7800000000000000000000000000000000005C
:101C8800000000000000000000000000000000004C
:101C9800000000000000000000000000000000003C
:101CA800000000000000000000000000000000002C
:101CB800000000000000000000000000000000001C
:101CC800000000000000000000000000000000000C
:101CD80000000000000000000000000000000000FC
:101CE80000000000000000000000000000000000EC
:101CF80000000000000000000000000000000000DC
:101D080000000000000000000000000000000000CB
:101D1800000000008C76040005000800E99003002C
:101D280000000000B4760400070000003B910300A7
:101D380000000000857A0100010002000000000098
:101D480045970300000000000000000000000000AC
:101D580049870100000000000000000000000000AA
:101D680041A8010000000000000000000000000081
:101D7800F1A60100000000000000000000000000C3
:101D8800C9B10100000000000000000000000000D0
:101D9800D1AC010000000000000000002C0B002066
:101DA8002C0B00200000000000000000D5C001003E
:101DB800DDD0010045D00100000000000000000057
:101DC80081C40100F9A40300B7A50300ADC0010058
:101DD8000000000004B004000000020010B004007D
:101DE80000000A0020B004000000200000000000ED
:101DF80000000000000000000000000000000000DB
:101E0800000000000000000083AA0300000000009A
:101E180034B004000000020040B0040000000200DA
:101E28004CB0040000000200B80B0020B80B0020E2
:101E380000000000000000000E000000CC0B002095
:101E4800CC0B0020A5F1010000000000800000007C
:101E58000000000089B2030000000000000000003C
:101E68000000000023B5030000000000000000008F
:101E78000000000023B5030000000000000000007F
:101E88000000000023B5030000000000000000006F
:101E98000000000007BA030000000000380C002012
:101EA800000000000000000000000000000000002A
:101EB800AD5B0020200000000000000000000000D2
:101EC800000000000000000007BA03000000000046
:101ED8006C0C002000000000000000000000000062
:101EE80000000000CF5B0020200000000000000080
:101EF80000000000890E020000000000FF00000042
:101F0800940C002007FD040024020000FFFFFFFFDF
:101F1800FFFFFFFFFFFFFFFFFFFFFFFF00000000C5
:101F280000000000000000000000000000000000A9
:101F38000000000000000000000000000000000099
:101F48000000000000000000000000000000000089
:101F58000000000000000000000000000000000079
:101F68000000000000000000000000000000000069
:101F78000000000000000000000000000BC5030086
:101F880063C4030000000000860705000000180075
:101F98000000000000000000000000000000000039
:101FA80000000000000000000BC5030063C403002C
:101FB80000000000A807050000001800000000004D
:101FC8000000000000000000000000000000000009
:101FD800000000000BC5030063C4030000000000FC
:101FE800CA070500000018000000000000000000FB
:101FF80000000000000000000000000000000000D9
:102008000BC5030063C4030000000000EC070500D3
:1020180000001800000000000000000000000000A0
:102028000000000000000000000000000BC50300D5
:1020380063C40300000000000E080500000018003B
:10204800B5C40300ADC40300000000000400000094
:10205800000000000000000001000000F00D00205A
:10206800D07D040000000000000000000000000017
:10207800B5C40300ADC40300000000000400000064
:102088000000000000000000000000002006002002
:10209800B5C40300ADC40300000000000400000044
:1020A800000000000000000001000000400E0020B9
:1020B800A07D0400000000000000000000000000F7
:1020C800B5C40300ADC40300000000000400000014
:1020D800000000000000000001000000700E002059
:1020E800B07D0400000000000000000000000000B7
:1020F800B5C40300ADC403000000000004000000E4
:102108000000000000000000000000006006002041
:102118000090D003FF0000000F00000071020000D3
:10212800B00E0020B00E0020B50D0400B10D040063
:10213800D354040067742000C0110020101200203E
:10214800E8110020D8120020CC120020D411002061
:10215800FC110020375404003B540400355404009B
:10216800475404000649FC11002F0000000000003D
:102178000000000000000000000000000000000057
:102188000000000000000000000000000000000047
:102198000000000000000000000000000000000037
:1021A8000000000000000000000000000000000027
:1021B8000000000000000000000000000000000017
:1021C8000000000000000000000000000000000007
:1021D80000000000000000000000000000000000F7
:0A21E80000000000000000000001EC
:1021F20000000000000000000000000000000000DD
:1022020000000000000000000000000000000000CC
:022212000000CA
:1022140000000000000000000000000000000000BA
:1022240000000000000000000000000000000000AA
:10223400000000000000000000000000000000009A
:10224400000000000000000000000000000000008A
:042254000000000086
:102258000000000000000000000000000000000076
:102268000000000000000000000000000000000066
:102278000000000000000000000000000000000056
:102288000000000000000000000000000000000046
:102298000000000000000000000000000000000036
:1022A8000000000000000000000000000000000026
:1022B8000000000000000000000000000000000016
:1022C8000000000000000000000000000000000006
:1022D80000000000000000000000000000000000F6
:1022E80000000000000000000000000000000000E6
:1022F80000000000000000000000000000000000D6
:1023080000000000000000000000000000000000C5
:1023180000000000000000000000000000000000B5
:1023280000000000000000000000000000000000A5
:102338000000000000000000000000000000000095
:102348000000000000000000000000000000000085
:102358000000000000000000000000000000000075
:102368000000000000000000000000000000000065
:042378000000000061
:10237C000411002004110020780701200000000047
:10238C00010000002C0000000000000020110020C3
:10239C0020110020F80701200000000002000000BE
:1023AC000C020000000000003C1100203C11002039
:1023BC0008AE00200000000001000000B00000008A
:1023CC00000000005811002058110020F8E70020F0
:1023DC000000000004000000640000000000000089
:1023EC00741100207411002028E700200000000068
:1023FC0004000000340000000000000090110020D8
:10240C0090110020A4070120000000000300000030
:08241C001C000000000000009C
:1024240000000000508C002080010000000000002B
:0424340000000000A4
:10243800C0110020C01100200000000000000000B2
:102448000E000000D4110020D4110020000000006C
:10245800000000000E000000E8110020E811002034
:1024680000000000000000000E000000FC11002029
:10247800FC11002000000000000000000E00000019
:1024880010120020101200200000000000000000C0
:102498000E0000002412002024120020000000007A
:1024A800000000000E000000381200203812002042
:1024B80000000000000000000E0000004C12002088
:1024C8004C12002000000000000000000E00000078
:1024D80060120020601200200000000000000000D0
:1024E8000E0000007412002074120020000000008A
:1024F800000000000E000000881200208812002052
:0C25080000000000000000000E000000B9
:102514009C1200209C12002000000000010000001A
:10252400AC120020AC120020B4120020B41200201F
:1025340000000000FFFFFFFFC4120020C4120020AF
:10254400CC120020CC12002000000000D812002081
:08255400D81200200000000075
:10255C000000000000000000EC120020EC12002033
:08256C00F4120020F41200201B
:1025740000000000000000000413002004130020E9
:102584000C1300200C1300200300030010000000B3
:10259400000000007C78040080030120000000009B
:1025A40000000000301300203013002038130020F6
:1025B400381300200300030010000000C1CD010007
:1025C400187904000007012000000000000000004A
:1025D4005C1300205C1300206413002064130020AB
:1025E4000300030000000000000000002077040046
:1025F400D4FD00200000000000000000881300202B
:102604008813002090130020901300200100010083
:1026140010000000B5AB01006878040058000120E8
:102624000000000000000000B4130020B4130020D8
:10263400BC130020BC1300200300030000000000B2
:1026440000000000307804001000012000000000A9
:1026540000000000E0130020E0130020E813002035
:10266400E81300200C000C0004000000518001005D
:102674000C770400F8FB00200000000000000000BC
:102684000C1400200C140020141400201414002036
:10269400040004000400000000000000EC760400C4
:1026A40088EF002000000000000000003814002023
:1026B40038140020401400204014002002000200BE
:1026C4000000000000000000EC710400F8E60020A7
:1026D40000000000000000006414002064140020C6
:1026E4006C1400206C1400200100010000000000A4
:0C26F400000000003477040020FF0020EC
:10270000A50505000529020051290200A00C0020A2
:10271000AD05050000000000552B0200A40C0020B0
:10272000F9040500000000004D2602009C0C00206A
:1027300060B30400CFB40400A9FA000060070020D1
:042740005B5D0300DA
:0C27440060B204000200000099F50000E3
:0827500095250200FD240200A2
:082758002D1202000000000038
:0C276000D9F40000D927020081290200F2
:04276C0015E015E07F
:04000003100049DDC3
:00000001FF
